[2026-05-06 06:48:01] local.ERROR: Uncaught ErrorException: include(C:\xampp\htdocs\Cioas\vendor\composer/../../app/Models/HotelRestaurant.php): Failed to open stream: No such file or directory in C:\xampp\htdocs\Cioas\vendor\composer\ClassLoader.php:576
Stack trace:
#0 C:\xampp\htdocs\Cioas\vendor\composer\ClassLoader.php(576): Illuminate\Foundation\Bootstrap\HandleExceptions->handleError(2, 'include(C:\\xamp...', 'C:\\xampp\\htdocs...', 576)
#1 C:\xampp\htdocs\Cioas\vendor\composer\ClassLoader.php(576): include()
#2 C:\xampp\htdocs\Cioas\vendor\composer\ClassLoader.php(427): Composer\Autoload\{closure}('C:\\xampp\\htdocs...')
#3 [internal function]: Composer\Autoload\ClassLoader->loadClass('App\\Models\\Hote...')
#4 Command line code(1): class_exists('App\\Models\\Hote...')
#5 [internal function]: {closure}('App\\Models\\Hote...')
#6 Command line code(1): array_filter(Array, Object(Closure))
#7 {main}
  thrown {"exception":"[object] (Symfony\\Component\\ErrorHandler\\Error\\FatalError(code: 0): Uncaught ErrorException: include(C:\\xampp\\htdocs\\Cioas\\vendor\\composer/../../app/Models/HotelRestaurant.php): Failed to open stream: No such file or directory in C:\\xampp\\htdocs\\Cioas\\vendor\\composer\\ClassLoader.php:576
Stack trace:
#0 C:\\xampp\\htdocs\\Cioas\\vendor\\composer\\ClassLoader.php(576): Illuminate\\Foundation\\Bootstrap\\HandleExceptions->handleError(2, 'include(C:\\\\xamp...', 'C:\\\\xampp\\\\htdocs...', 576)
#1 C:\\xampp\\htdocs\\Cioas\\vendor\\composer\\ClassLoader.php(576): include()
#2 C:\\xampp\\htdocs\\Cioas\\vendor\\composer\\ClassLoader.php(427): Composer\\Autoload\\{closure}('C:\\\\xampp\\\\htdocs...')
#3 [internal function]: Composer\\Autoload\\ClassLoader->loadClass('App\\\\Models\\\\Hote...')
#4 Command line code(1): class_exists('App\\\\Models\\\\Hote...')
#5 [internal function]: {closure}('App\\\\Models\\\\Hote...')
#6 Command line code(1): array_filter(Array, Object(Closure))
#7 {main}
  thrown at C:\\xampp\\htdocs\\Cioas\\vendor\\composer\\ClassLoader.php:576)
[stacktrace]
#0 {main}
"} 
[2026-05-06 06:49:01] local.ERROR: Uncaught ErrorException: include(C:\xampp\htdocs\Cioas\vendor\composer/../../app/Models/HotelRestaurant.php): Failed to open stream: No such file or directory in C:\xampp\htdocs\Cioas\vendor\composer\ClassLoader.php:576
Stack trace:
#0 C:\xampp\htdocs\Cioas\vendor\composer\ClassLoader.php(576): Illuminate\Foundation\Bootstrap\HandleExceptions->handleError(2, 'include(C:\\xamp...', 'C:\\xampp\\htdocs...', 576)
#1 C:\xampp\htdocs\Cioas\vendor\composer\ClassLoader.php(576): include()
#2 C:\xampp\htdocs\Cioas\vendor\composer\ClassLoader.php(427): Composer\Autoload\{closure}('C:\\xampp\\htdocs...')
#3 [internal function]: Composer\Autoload\ClassLoader->loadClass('App\\Models\\Hote...')
#4 Command line code(1): class_exists('App\\Models\\Hote...')
#5 [internal function]: {closure}('App\\Models\\Hote...')
#6 Command line code(1): array_filter(Array, Object(Closure))
#7 {main}
  thrown {"exception":"[object] (Symfony\\Component\\ErrorHandler\\Error\\FatalError(code: 0): Uncaught ErrorException: include(C:\\xampp\\htdocs\\Cioas\\vendor\\composer/../../app/Models/HotelRestaurant.php): Failed to open stream: No such file or directory in C:\\xampp\\htdocs\\Cioas\\vendor\\composer\\ClassLoader.php:576
Stack trace:
#0 C:\\xampp\\htdocs\\Cioas\\vendor\\composer\\ClassLoader.php(576): Illuminate\\Foundation\\Bootstrap\\HandleExceptions->handleError(2, 'include(C:\\\\xamp...', 'C:\\\\xampp\\\\htdocs...', 576)
#1 C:\\xampp\\htdocs\\Cioas\\vendor\\composer\\ClassLoader.php(576): include()
#2 C:\\xampp\\htdocs\\Cioas\\vendor\\composer\\ClassLoader.php(427): Composer\\Autoload\\{closure}('C:\\\\xampp\\\\htdocs...')
#3 [internal function]: Composer\\Autoload\\ClassLoader->loadClass('App\\\\Models\\\\Hote...')
#4 Command line code(1): class_exists('App\\\\Models\\\\Hote...')
#5 [internal function]: {closure}('App\\\\Models\\\\Hote...')
#6 Command line code(1): array_filter(Array, Object(Closure))
#7 {main}
  thrown at C:\\xampp\\htdocs\\Cioas\\vendor\\composer\\ClassLoader.php:576)
[stacktrace]
#0 {main}
"} 
[2026-05-06 06:50:01] local.ERROR: Uncaught ErrorException: include(C:\xampp\htdocs\Cioas\vendor\composer/../../app/Models/HotelRestaurant.php): Failed to open stream: No such file or directory in C:\xampp\htdocs\Cioas\vendor\composer\ClassLoader.php:576
Stack trace:
#0 C:\xampp\htdocs\Cioas\vendor\composer\ClassLoader.php(576): Illuminate\Foundation\Bootstrap\HandleExceptions->handleError(2, 'include(C:\\xamp...', 'C:\\xampp\\htdocs...', 576)
#1 C:\xampp\htdocs\Cioas\vendor\composer\ClassLoader.php(576): include()
#2 C:\xampp\htdocs\Cioas\vendor\composer\ClassLoader.php(427): Composer\Autoload\{closure}('C:\\xampp\\htdocs...')
#3 [internal function]: Composer\Autoload\ClassLoader->loadClass('App\\Models\\Hote...')
#4 Command line code(1): class_exists('App\\Models\\Hote...')
#5 [internal function]: {closure}('App\\Models\\Hote...')
#6 Command line code(1): array_filter(Array, Object(Closure))
#7 {main}
  thrown {"exception":"[object] (Symfony\\Component\\ErrorHandler\\Error\\FatalError(code: 0): Uncaught ErrorException: include(C:\\xampp\\htdocs\\Cioas\\vendor\\composer/../../app/Models/HotelRestaurant.php): Failed to open stream: No such file or directory in C:\\xampp\\htdocs\\Cioas\\vendor\\composer\\ClassLoader.php:576
Stack trace:
#0 C:\\xampp\\htdocs\\Cioas\\vendor\\composer\\ClassLoader.php(576): Illuminate\\Foundation\\Bootstrap\\HandleExceptions->handleError(2, 'include(C:\\\\xamp...', 'C:\\\\xampp\\\\htdocs...', 576)
#1 C:\\xampp\\htdocs\\Cioas\\vendor\\composer\\ClassLoader.php(576): include()
#2 C:\\xampp\\htdocs\\Cioas\\vendor\\composer\\ClassLoader.php(427): Composer\\Autoload\\{closure}('C:\\\\xampp\\\\htdocs...')
#3 [internal function]: Composer\\Autoload\\ClassLoader->loadClass('App\\\\Models\\\\Hote...')
#4 Command line code(1): class_exists('App\\\\Models\\\\Hote...')
#5 [internal function]: {closure}('App\\\\Models\\\\Hote...')
#6 Command line code(1): array_filter(Array, Object(Closure))
#7 {main}
  thrown at C:\\xampp\\htdocs\\Cioas\\vendor\\composer\\ClassLoader.php:576)
[stacktrace]
#0 {main}
"} 
[2026-05-06 06:51:01] local.ERROR: Uncaught ErrorException: include(C:\xampp\htdocs\Cioas\vendor\composer/../../app/Models/HotelRestaurant.php): Failed to open stream: No such file or directory in C:\xampp\htdocs\Cioas\vendor\composer\ClassLoader.php:576
Stack trace:
#0 C:\xampp\htdocs\Cioas\vendor\composer\ClassLoader.php(576): Illuminate\Foundation\Bootstrap\HandleExceptions->handleError(2, 'include(C:\\xamp...', 'C:\\xampp\\htdocs...', 576)
#1 C:\xampp\htdocs\Cioas\vendor\composer\ClassLoader.php(576): include()
#2 C:\xampp\htdocs\Cioas\vendor\composer\ClassLoader.php(427): Composer\Autoload\{closure}('C:\\xampp\\htdocs...')
#3 [internal function]: Composer\Autoload\ClassLoader->loadClass('App\\Models\\Hote...')
#4 Command line code(1): class_exists('App\\Models\\Hote...')
#5 [internal function]: {closure}('App\\Models\\Hote...')
#6 Command line code(1): array_filter(Array, Object(Closure))
#7 {main}
  thrown {"exception":"[object] (Symfony\\Component\\ErrorHandler\\Error\\FatalError(code: 0): Uncaught ErrorException: include(C:\\xampp\\htdocs\\Cioas\\vendor\\composer/../../app/Models/HotelRestaurant.php): Failed to open stream: No such file or directory in C:\\xampp\\htdocs\\Cioas\\vendor\\composer\\ClassLoader.php:576
Stack trace:
#0 C:\\xampp\\htdocs\\Cioas\\vendor\\composer\\ClassLoader.php(576): Illuminate\\Foundation\\Bootstrap\\HandleExceptions->handleError(2, 'include(C:\\\\xamp...', 'C:\\\\xampp\\\\htdocs...', 576)
#1 C:\\xampp\\htdocs\\Cioas\\vendor\\composer\\ClassLoader.php(576): include()
#2 C:\\xampp\\htdocs\\Cioas\\vendor\\composer\\ClassLoader.php(427): Composer\\Autoload\\{closure}('C:\\\\xampp\\\\htdocs...')
#3 [internal function]: Composer\\Autoload\\ClassLoader->loadClass('App\\\\Models\\\\Hote...')
#4 Command line code(1): class_exists('App\\\\Models\\\\Hote...')
#5 [internal function]: {closure}('App\\\\Models\\\\Hote...')
#6 Command line code(1): array_filter(Array, Object(Closure))
#7 {main}
  thrown at C:\\xampp\\htdocs\\Cioas\\vendor\\composer\\ClassLoader.php:576)
[stacktrace]
#0 {main}
"} 
[2026-05-06 06:52:01] local.ERROR: Uncaught ErrorException: include(C:\xampp\htdocs\Cioas\vendor\composer/../../app/Models/HotelRestaurant.php): Failed to open stream: No such file or directory in C:\xampp\htdocs\Cioas\vendor\composer\ClassLoader.php:576
Stack trace:
#0 C:\xampp\htdocs\Cioas\vendor\composer\ClassLoader.php(576): Illuminate\Foundation\Bootstrap\HandleExceptions->handleError(2, 'include(C:\\xamp...', 'C:\\xampp\\htdocs...', 576)
#1 C:\xampp\htdocs\Cioas\vendor\composer\ClassLoader.php(576): include()
#2 C:\xampp\htdocs\Cioas\vendor\composer\ClassLoader.php(427): Composer\Autoload\{closure}('C:\\xampp\\htdocs...')
#3 [internal function]: Composer\Autoload\ClassLoader->loadClass('App\\Models\\Hote...')
#4 Command line code(1): class_exists('App\\Models\\Hote...')
#5 [internal function]: {closure}('App\\Models\\Hote...')
#6 Command line code(1): array_filter(Array, Object(Closure))
#7 {main}
  thrown {"exception":"[object] (Symfony\\Component\\ErrorHandler\\Error\\FatalError(code: 0): Uncaught ErrorException: include(C:\\xampp\\htdocs\\Cioas\\vendor\\composer/../../app/Models/HotelRestaurant.php): Failed to open stream: No such file or directory in C:\\xampp\\htdocs\\Cioas\\vendor\\composer\\ClassLoader.php:576
Stack trace:
#0 C:\\xampp\\htdocs\\Cioas\\vendor\\composer\\ClassLoader.php(576): Illuminate\\Foundation\\Bootstrap\\HandleExceptions->handleError(2, 'include(C:\\\\xamp...', 'C:\\\\xampp\\\\htdocs...', 576)
#1 C:\\xampp\\htdocs\\Cioas\\vendor\\composer\\ClassLoader.php(576): include()
#2 C:\\xampp\\htdocs\\Cioas\\vendor\\composer\\ClassLoader.php(427): Composer\\Autoload\\{closure}('C:\\\\xampp\\\\htdocs...')
#3 [internal function]: Composer\\Autoload\\ClassLoader->loadClass('App\\\\Models\\\\Hote...')
#4 Command line code(1): class_exists('App\\\\Models\\\\Hote...')
#5 [internal function]: {closure}('App\\\\Models\\\\Hote...')
#6 Command line code(1): array_filter(Array, Object(Closure))
#7 {main}
  thrown at C:\\xampp\\htdocs\\Cioas\\vendor\\composer\\ClassLoader.php:576)
[stacktrace]
#0 {main}
"} 
[2026-05-06 06:53:01] local.ERROR: Uncaught ErrorException: include(C:\xampp\htdocs\Cioas\vendor\composer/../../app/Models/HotelRestaurant.php): Failed to open stream: No such file or directory in C:\xampp\htdocs\Cioas\vendor\composer\ClassLoader.php:576
Stack trace:
#0 C:\xampp\htdocs\Cioas\vendor\composer\ClassLoader.php(576): Illuminate\Foundation\Bootstrap\HandleExceptions->handleError(2, 'include(C:\\xamp...', 'C:\\xampp\\htdocs...', 576)
#1 C:\xampp\htdocs\Cioas\vendor\composer\ClassLoader.php(576): include()
#2 C:\xampp\htdocs\Cioas\vendor\composer\ClassLoader.php(427): Composer\Autoload\{closure}('C:\\xampp\\htdocs...')
#3 [internal function]: Composer\Autoload\ClassLoader->loadClass('App\\Models\\Hote...')
#4 Command line code(1): class_exists('App\\Models\\Hote...')
#5 [internal function]: {closure}('App\\Models\\Hote...')
#6 Command line code(1): array_filter(Array, Object(Closure))
#7 {main}
  thrown {"exception":"[object] (Symfony\\Component\\ErrorHandler\\Error\\FatalError(code: 0): Uncaught ErrorException: include(C:\\xampp\\htdocs\\Cioas\\vendor\\composer/../../app/Models/HotelRestaurant.php): Failed to open stream: No such file or directory in C:\\xampp\\htdocs\\Cioas\\vendor\\composer\\ClassLoader.php:576
Stack trace:
#0 C:\\xampp\\htdocs\\Cioas\\vendor\\composer\\ClassLoader.php(576): Illuminate\\Foundation\\Bootstrap\\HandleExceptions->handleError(2, 'include(C:\\\\xamp...', 'C:\\\\xampp\\\\htdocs...', 576)
#1 C:\\xampp\\htdocs\\Cioas\\vendor\\composer\\ClassLoader.php(576): include()
#2 C:\\xampp\\htdocs\\Cioas\\vendor\\composer\\ClassLoader.php(427): Composer\\Autoload\\{closure}('C:\\\\xampp\\\\htdocs...')
#3 [internal function]: Composer\\Autoload\\ClassLoader->loadClass('App\\\\Models\\\\Hote...')
#4 Command line code(1): class_exists('App\\\\Models\\\\Hote...')
#5 [internal function]: {closure}('App\\\\Models\\\\Hote...')
#6 Command line code(1): array_filter(Array, Object(Closure))
#7 {main}
  thrown at C:\\xampp\\htdocs\\Cioas\\vendor\\composer\\ClassLoader.php:576)
[stacktrace]
#0 {main}
"} 
[2026-05-06 06:54:01] local.ERROR: Uncaught ErrorException: include(C:\xampp\htdocs\Cioas\vendor\composer/../../app/Models/HotelRestaurant.php): Failed to open stream: No such file or directory in C:\xampp\htdocs\Cioas\vendor\composer\ClassLoader.php:576
Stack trace:
#0 C:\xampp\htdocs\Cioas\vendor\composer\ClassLoader.php(576): Illuminate\Foundation\Bootstrap\HandleExceptions->handleError(2, 'include(C:\\xamp...', 'C:\\xampp\\htdocs...', 576)
#1 C:\xampp\htdocs\Cioas\vendor\composer\ClassLoader.php(576): include()
#2 C:\xampp\htdocs\Cioas\vendor\composer\ClassLoader.php(427): Composer\Autoload\{closure}('C:\\xampp\\htdocs...')
#3 [internal function]: Composer\Autoload\ClassLoader->loadClass('App\\Models\\Hote...')
#4 Command line code(1): class_exists('App\\Models\\Hote...')
#5 [internal function]: {closure}('App\\Models\\Hote...')
#6 Command line code(1): array_filter(Array, Object(Closure))
#7 {main}
  thrown {"exception":"[object] (Symfony\\Component\\ErrorHandler\\Error\\FatalError(code: 0): Uncaught ErrorException: include(C:\\xampp\\htdocs\\Cioas\\vendor\\composer/../../app/Models/HotelRestaurant.php): Failed to open stream: No such file or directory in C:\\xampp\\htdocs\\Cioas\\vendor\\composer\\ClassLoader.php:576
Stack trace:
#0 C:\\xampp\\htdocs\\Cioas\\vendor\\composer\\ClassLoader.php(576): Illuminate\\Foundation\\Bootstrap\\HandleExceptions->handleError(2, 'include(C:\\\\xamp...', 'C:\\\\xampp\\\\htdocs...', 576)
#1 C:\\xampp\\htdocs\\Cioas\\vendor\\composer\\ClassLoader.php(576): include()
#2 C:\\xampp\\htdocs\\Cioas\\vendor\\composer\\ClassLoader.php(427): Composer\\Autoload\\{closure}('C:\\\\xampp\\\\htdocs...')
#3 [internal function]: Composer\\Autoload\\ClassLoader->loadClass('App\\\\Models\\\\Hote...')
#4 Command line code(1): class_exists('App\\\\Models\\\\Hote...')
#5 [internal function]: {closure}('App\\\\Models\\\\Hote...')
#6 Command line code(1): array_filter(Array, Object(Closure))
#7 {main}
  thrown at C:\\xampp\\htdocs\\Cioas\\vendor\\composer\\ClassLoader.php:576)
[stacktrace]
#0 {main}
"} 
[2026-05-06 06:55:01] local.ERROR: Uncaught ErrorException: include(C:\xampp\htdocs\Cioas\vendor\composer/../../app/Models/HotelRestaurant.php): Failed to open stream: No such file or directory in C:\xampp\htdocs\Cioas\vendor\composer\ClassLoader.php:576
Stack trace:
#0 C:\xampp\htdocs\Cioas\vendor\composer\ClassLoader.php(576): Illuminate\Foundation\Bootstrap\HandleExceptions->handleError(2, 'include(C:\\xamp...', 'C:\\xampp\\htdocs...', 576)
#1 C:\xampp\htdocs\Cioas\vendor\composer\ClassLoader.php(576): include()
#2 C:\xampp\htdocs\Cioas\vendor\composer\ClassLoader.php(427): Composer\Autoload\{closure}('C:\\xampp\\htdocs...')
#3 [internal function]: Composer\Autoload\ClassLoader->loadClass('App\\Models\\Hote...')
#4 Command line code(1): class_exists('App\\Models\\Hote...')
#5 [internal function]: {closure}('App\\Models\\Hote...')
#6 Command line code(1): array_filter(Array, Object(Closure))
#7 {main}
  thrown {"exception":"[object] (Symfony\\Component\\ErrorHandler\\Error\\FatalError(code: 0): Uncaught ErrorException: include(C:\\xampp\\htdocs\\Cioas\\vendor\\composer/../../app/Models/HotelRestaurant.php): Failed to open stream: No such file or directory in C:\\xampp\\htdocs\\Cioas\\vendor\\composer\\ClassLoader.php:576
Stack trace:
#0 C:\\xampp\\htdocs\\Cioas\\vendor\\composer\\ClassLoader.php(576): Illuminate\\Foundation\\Bootstrap\\HandleExceptions->handleError(2, 'include(C:\\\\xamp...', 'C:\\\\xampp\\\\htdocs...', 576)
#1 C:\\xampp\\htdocs\\Cioas\\vendor\\composer\\ClassLoader.php(576): include()
#2 C:\\xampp\\htdocs\\Cioas\\vendor\\composer\\ClassLoader.php(427): Composer\\Autoload\\{closure}('C:\\\\xampp\\\\htdocs...')
#3 [internal function]: Composer\\Autoload\\ClassLoader->loadClass('App\\\\Models\\\\Hote...')
#4 Command line code(1): class_exists('App\\\\Models\\\\Hote...')
#5 [internal function]: {closure}('App\\\\Models\\\\Hote...')
#6 Command line code(1): array_filter(Array, Object(Closure))
#7 {main}
  thrown at C:\\xampp\\htdocs\\Cioas\\vendor\\composer\\ClassLoader.php:576)
[stacktrace]
#0 {main}
"} 
[2026-05-06 06:55:59] local.ERROR: View [backend.pages.HotelRestaurant.index] not found. {"userId":1,"exception":"[object] (InvalidArgumentException(code: 0): View [backend.pages.HotelRestaurant.index] not found. at C:\\xampp\\htdocs\\Cioas\\vendor\\laravel\\framework\\src\\Illuminate\\View\\FileViewFinder.php:137)
[stacktrace]
#0 C:\\xampp\\htdocs\\Cioas\\vendor\\laravel\\framework\\src\\Illuminate\\View\\FileViewFinder.php(79): Illuminate\\View\\FileViewFinder->findInPaths('backend.pages.H...', Array)
#1 C:\\xampp\\htdocs\\Cioas\\vendor\\laravel\\framework\\src\\Illuminate\\View\\Factory.php(137): Illuminate\\View\\FileViewFinder->find('backend.pages.H...')
#2 C:\\xampp\\htdocs\\Cioas\\vendor\\laravel\\framework\\src\\Illuminate\\Foundation\\helpers.php(932): Illuminate\\View\\Factory->make('backend.pages.H...', Array, Array)
#3 C:\\xampp\\htdocs\\Cioas\\app\\Http\\Controllers\\HotelRestaurant\\HotelRestaurantController.php(43): view('backend.pages.H...', Array)
#4 C:\\xampp\\htdocs\\Cioas\\vendor\\laravel\\framework\\src\\Illuminate\\Routing\\Controller.php(54): App\\Http\\Controllers\\HotelRestaurant\\HotelRestaurantController->index()
#5 C:\\xampp\\htdocs\\Cioas\\vendor\\laravel\\framework\\src\\Illuminate\\Routing\\ControllerDispatcher.php(45): Illuminate\\Routing\\Controller->callAction('index', Array)
#6 C:\\xampp\\htdocs\\Cioas\\vendor\\laravel\\framework\\src\\Illuminate\\Routing\\Route.php(261): Illuminate\\Routing\\ControllerDispatcher->dispatch(Object(Illuminate\\Routing\\Route), Object(App\\Http\\Controllers\\HotelRestaurant\\HotelRestaurantController), 'index')
#7 C:\\xampp\\htdocs\\Cioas\\vendor\\laravel\\framework\\src\\Illuminate\\Routing\\Route.php(205): Illuminate\\Routing\\Route->runController()
#8 C:\\xampp\\htdocs\\Cioas\\vendor\\laravel\\framework\\src\\Illuminate\\Routing\\Router.php(721): Illuminate\\Routing\\Route->run()
#9 C:\\xampp\\htdocs\\Cioas\\vendor\\laravel\\framework\\src\\Illuminate\\Pipeline\\Pipeline.php(128): Illuminate\\Routing\\Router->Illuminate\\Routing\\{closure}(Object(Illuminate\\Http\\Request))
#10 C:\\xampp\\htdocs\\Cioas\\vendor\\laravel\\framework\\src\\Illuminate\\Routing\\Middleware\\SubstituteBindings.php(50): Illuminate\\Pipeline\\Pipeline->Illuminate\\Pipeline\\{closure}(Object(Illuminate\\Http\\Request))
#11 C:\\xampp\\htdocs\\Cioas\\vendor\\laravel\\framework\\src\\Illuminate\\Pipeline\\Pipeline.php(167): Illuminate\\Routing\\Middleware\\SubstituteBindings->handle(Object(Illuminate\\Http\\Request), Object(Closure))
#12 C:\\xampp\\htdocs\\Cioas\\vendor\\laravel\\framework\\src\\Illuminate\\Auth\\Middleware\\Authenticate.php(44): Illuminate\\Pipeline\\Pipeline->Illuminate\\Pipeline\\{closure}(Object(Illuminate\\Http\\Request))
#13 C:\\xampp\\htdocs\\Cioas\\vendor\\laravel\\framework\\src\\Illuminate\\Pipeline\\Pipeline.php(167): Illuminate\\Auth\\Middleware\\Authenticate->handle(Object(Illuminate\\Http\\Request), Object(Closure))
#14 C:\\xampp\\htdocs\\Cioas\\vendor\\laravel\\framework\\src\\Illuminate\\Foundation\\Http\\Middleware\\VerifyCsrfToken.php(78): Illuminate\\Pipeline\\Pipeline->Illuminate\\Pipeline\\{closure}(Object(Illuminate\\Http\\Request))
#15 C:\\xampp\\htdocs\\Cioas\\vendor\\laravel\\framework\\src\\Illuminate\\Pipeline\\Pipeline.php(167): Illuminate\\Foundation\\Http\\Middleware\\VerifyCsrfToken->handle(Object(Illuminate\\Http\\Request), Object(Closure))
#16 C:\\xampp\\htdocs\\Cioas\\vendor\\laravel\\framework\\src\\Illuminate\\View\\Middleware\\ShareErrorsFromSession.php(49): Illuminate\\Pipeline\\Pipeline->Illuminate\\Pipeline\\{closure}(Object(Illuminate\\Http\\Request))
#17 C:\\xampp\\htdocs\\Cioas\\vendor\\laravel\\framework\\src\\Illuminate\\Pipeline\\Pipeline.php(167): Illuminate\\View\\Middleware\\ShareErrorsFromSession->handle(Object(Illuminate\\Http\\Request), Object(Closure))
#18 C:\\xampp\\htdocs\\Cioas\\vendor\\laravel\\framework\\src\\Illuminate\\Session\\Middleware\\StartSession.php(121): Illuminate\\Pipeline\\Pipeline->Illuminate\\Pipeline\\{closure}(Object(Illuminate\\Http\\Request))
#19 C:\\xampp\\htdocs\\Cioas\\vendor\\laravel\\framework\\src\\Illuminate\\Session\\Middleware\\StartSession.php(64): Illuminate\\Session\\Middleware\\StartSession->handleStatefulRequest(Object(Illuminate\\Http\\Request), Object(Illuminate\\Session\\Store), Object(Closure))
#20 C:\\xampp\\htdocs\\Cioas\\vendor\\laravel\\framework\\src\\Illuminate\\Pipeline\\Pipeline.php(167): Illuminate\\Session\\Middleware\\StartSession->handle(Object(Illuminate\\Http\\Request), Object(Closure))
#21 C:\\xampp\\htdocs\\Cioas\\vendor\\laravel\\framework\\src\\Illuminate\\Cookie\\Middleware\\AddQueuedCookiesToResponse.php(37): Illuminate\\Pipeline\\Pipeline->Illuminate\\Pipeline\\{closure}(Object(Illuminate\\Http\\Request))
#22 C:\\xampp\\htdocs\\Cioas\\vendor\\laravel\\framework\\src\\Illuminate\\Pipeline\\Pipeline.php(167): Illuminate\\Cookie\\Middleware\\AddQueuedCookiesToResponse->handle(Object(Illuminate\\Http\\Request), Object(Closure))
#23 C:\\xampp\\htdocs\\Cioas\\vendor\\laravel\\framework\\src\\Illuminate\\Cookie\\Middleware\\EncryptCookies.php(67): Illuminate\\Pipeline\\Pipeline->Illuminate\\Pipeline\\{closure}(Object(Illuminate\\Http\\Request))
#24 C:\\xampp\\htdocs\\Cioas\\vendor\\laravel\\framework\\src\\Illuminate\\Pipeline\\Pipeline.php(167): Illuminate\\Cookie\\Middleware\\EncryptCookies->handle(Object(Illuminate\\Http\\Request), Object(Closure))
#25 C:\\xampp\\htdocs\\Cioas\\vendor\\laravel\\framework\\src\\Illuminate\\Pipeline\\Pipeline.php(103): Illuminate\\Pipeline\\Pipeline->Illuminate\\Pipeline\\{closure}(Object(Illuminate\\Http\\Request))
#26 C:\\xampp\\htdocs\\Cioas\\vendor\\laravel\\framework\\src\\Illuminate\\Routing\\Router.php(719): Illuminate\\Pipeline\\Pipeline->then(Object(Closure))
#27 C:\\xampp\\htdocs\\Cioas\\vendor\\laravel\\framework\\src\\Illuminate\\Routing\\Router.php(698): Illuminate\\Routing\\Router->runRouteWithinStack(Object(Illuminate\\Routing\\Route), Object(Illuminate\\Http\\Request))
#28 C:\\xampp\\htdocs\\Cioas\\vendor\\laravel\\framework\\src\\Illuminate\\Routing\\Router.php(662): Illuminate\\Routing\\Router->runRoute(Object(Illuminate\\Http\\Request), Object(Illuminate\\Routing\\Route))
#29 C:\\xampp\\htdocs\\Cioas\\vendor\\laravel\\framework\\src\\Illuminate\\Routing\\Router.php(651): Illuminate\\Routing\\Router->dispatchToRoute(Object(Illuminate\\Http\\Request))
#30 C:\\xampp\\htdocs\\Cioas\\vendor\\laravel\\framework\\src\\Illuminate\\Foundation\\Http\\Kernel.php(167): Illuminate\\Routing\\Router->dispatch(Object(Illuminate\\Http\\Request))
#31 C:\\xampp\\htdocs\\Cioas\\vendor\\laravel\\framework\\src\\Illuminate\\Pipeline\\Pipeline.php(128): Illuminate\\Foundation\\Http\\Kernel->Illuminate\\Foundation\\Http\\{closure}(Object(Illuminate\\Http\\Request))
#32 C:\\xampp\\htdocs\\Cioas\\vendor\\laravel\\framework\\src\\Illuminate\\Foundation\\Http\\Middleware\\TransformsRequest.php(21): Illuminate\\Pipeline\\Pipeline->Illuminate\\Pipeline\\{closure}(Object(Illuminate\\Http\\Request))
#33 C:\\xampp\\htdocs\\Cioas\\vendor\\laravel\\framework\\src\\Illuminate\\Foundation\\Http\\Middleware\\ConvertEmptyStringsToNull.php(31): Illuminate\\Foundation\\Http\\Middleware\\TransformsRequest->handle(Object(Illuminate\\Http\\Request), Object(Closure))
#34 C:\\xampp\\htdocs\\Cioas\\vendor\\laravel\\framework\\src\\Illuminate\\Pipeline\\Pipeline.php(167): Illuminate\\Foundation\\Http\\Middleware\\ConvertEmptyStringsToNull->handle(Object(Illuminate\\Http\\Request), Object(Closure))
#35 C:\\xampp\\htdocs\\Cioas\\vendor\\laravel\\framework\\src\\Illuminate\\Foundation\\Http\\Middleware\\TransformsRequest.php(21): Illuminate\\Pipeline\\Pipeline->Illuminate\\Pipeline\\{closure}(Object(Illuminate\\Http\\Request))
#36 C:\\xampp\\htdocs\\Cioas\\vendor\\laravel\\framework\\src\\Illuminate\\Foundation\\Http\\Middleware\\TrimStrings.php(40): Illuminate\\Foundation\\Http\\Middleware\\TransformsRequest->handle(Object(Illuminate\\Http\\Request), Object(Closure))
#37 C:\\xampp\\htdocs\\Cioas\\vendor\\laravel\\framework\\src\\Illuminate\\Pipeline\\Pipeline.php(167): Illuminate\\Foundation\\Http\\Middleware\\TrimStrings->handle(Object(Illuminate\\Http\\Request), Object(Closure))
#38 C:\\xampp\\htdocs\\Cioas\\vendor\\laravel\\framework\\src\\Illuminate\\Foundation\\Http\\Middleware\\ValidatePostSize.php(27): Illuminate\\Pipeline\\Pipeline->Illuminate\\Pipeline\\{closure}(Object(Illuminate\\Http\\Request))
#39 C:\\xampp\\htdocs\\Cioas\\vendor\\laravel\\framework\\src\\Illuminate\\Pipeline\\Pipeline.php(167): Illuminate\\Foundation\\Http\\Middleware\\ValidatePostSize->handle(Object(Illuminate\\Http\\Request), Object(Closure))
#40 C:\\xampp\\htdocs\\Cioas\\vendor\\laravel\\framework\\src\\Illuminate\\Foundation\\Http\\Middleware\\PreventRequestsDuringMaintenance.php(86): Illuminate\\Pipeline\\Pipeline->Illuminate\\Pipeline\\{closure}(Object(Illuminate\\Http\\Request))
#41 C:\\xampp\\htdocs\\Cioas\\vendor\\laravel\\framework\\src\\Illuminate\\Pipeline\\Pipeline.php(167): Illuminate\\Foundation\\Http\\Middleware\\PreventRequestsDuringMaintenance->handle(Object(Illuminate\\Http\\Request), Object(Closure))
#42 C:\\xampp\\htdocs\\Cioas\\vendor\\fruitcake\\laravel-cors\\src\\HandleCors.php(38): Illuminate\\Pipeline\\Pipeline->Illuminate\\Pipeline\\{closure}(Object(Illuminate\\Http\\Request))
#43 C:\\xampp\\htdocs\\Cioas\\vendor\\laravel\\framework\\src\\Illuminate\\Pipeline\\Pipeline.php(167): Fruitcake\\Cors\\HandleCors->handle(Object(Illuminate\\Http\\Request), Object(Closure))
#44 C:\\xampp\\htdocs\\Cioas\\vendor\\laravel\\framework\\src\\Illuminate\\Http\\Middleware\\TrustProxies.php(39): Illuminate\\Pipeline\\Pipeline->Illuminate\\Pipeline\\{closure}(Object(Illuminate\\Http\\Request))
#45 C:\\xampp\\htdocs\\Cioas\\vendor\\laravel\\framework\\src\\Illuminate\\Pipeline\\Pipeline.php(167): Illuminate\\Http\\Middleware\\TrustProxies->handle(Object(Illuminate\\Http\\Request), Object(Closure))
#46 C:\\xampp\\htdocs\\Cioas\\vendor\\laravel\\framework\\src\\Illuminate\\Pipeline\\Pipeline.php(103): Illuminate\\Pipeline\\Pipeline->Illuminate\\Pipeline\\{closure}(Object(Illuminate\\Http\\Request))
#47 C:\\xampp\\htdocs\\Cioas\\vendor\\laravel\\framework\\src\\Illuminate\\Foundation\\Http\\Kernel.php(142): Illuminate\\Pipeline\\Pipeline->then(Object(Closure))
#48 C:\\xampp\\htdocs\\Cioas\\vendor\\laravel\\framework\\src\\Illuminate\\Foundation\\Http\\Kernel.php(111): Illuminate\\Foundation\\Http\\Kernel->sendRequestThroughRouter(Object(Illuminate\\Http\\Request))
#49 C:\\xampp\\htdocs\\Cioas\\public\\index.php(51): Illuminate\\Foundation\\Http\\Kernel->handle(Object(Illuminate\\Http\\Request))
#50 C:\\xampp\\htdocs\\Cioas\\server.php(21): require_once('C:\\\\xampp\\\\htdocs...')
#51 {main}
"} 
[2026-05-06 06:56:01] local.ERROR: Uncaught ErrorException: include(C:\xampp\htdocs\Cioas\vendor\composer/../../app/Models/HotelRestaurant.php): Failed to open stream: No such file or directory in C:\xampp\htdocs\Cioas\vendor\composer\ClassLoader.php:576
Stack trace:
#0 C:\xampp\htdocs\Cioas\vendor\composer\ClassLoader.php(576): Illuminate\Foundation\Bootstrap\HandleExceptions->handleError(2, 'include(C:\\xamp...', 'C:\\xampp\\htdocs...', 576)
#1 C:\xampp\htdocs\Cioas\vendor\composer\ClassLoader.php(576): include()
#2 C:\xampp\htdocs\Cioas\vendor\composer\ClassLoader.php(427): Composer\Autoload\{closure}('C:\\xampp\\htdocs...')
#3 [internal function]: Composer\Autoload\ClassLoader->loadClass('App\\Models\\Hote...')
#4 Command line code(1): class_exists('App\\Models\\Hote...')
#5 [internal function]: {closure}('App\\Models\\Hote...')
#6 Command line code(1): array_filter(Array, Object(Closure))
#7 {main}
  thrown {"exception":"[object] (Symfony\\Component\\ErrorHandler\\Error\\FatalError(code: 0): Uncaught ErrorException: include(C:\\xampp\\htdocs\\Cioas\\vendor\\composer/../../app/Models/HotelRestaurant.php): Failed to open stream: No such file or directory in C:\\xampp\\htdocs\\Cioas\\vendor\\composer\\ClassLoader.php:576
Stack trace:
#0 C:\\xampp\\htdocs\\Cioas\\vendor\\composer\\ClassLoader.php(576): Illuminate\\Foundation\\Bootstrap\\HandleExceptions->handleError(2, 'include(C:\\\\xamp...', 'C:\\\\xampp\\\\htdocs...', 576)
#1 C:\\xampp\\htdocs\\Cioas\\vendor\\composer\\ClassLoader.php(576): include()
#2 C:\\xampp\\htdocs\\Cioas\\vendor\\composer\\ClassLoader.php(427): Composer\\Autoload\\{closure}('C:\\\\xampp\\\\htdocs...')
#3 [internal function]: Composer\\Autoload\\ClassLoader->loadClass('App\\\\Models\\\\Hote...')
#4 Command line code(1): class_exists('App\\\\Models\\\\Hote...')
#5 [internal function]: {closure}('App\\\\Models\\\\Hote...')
#6 Command line code(1): array_filter(Array, Object(Closure))
#7 {main}
  thrown at C:\\xampp\\htdocs\\Cioas\\vendor\\composer\\ClassLoader.php:576)
[stacktrace]
#0 {main}
"} 
[2026-05-06 06:57:01] local.ERROR: Uncaught ErrorException: include(C:\xampp\htdocs\Cioas\vendor\composer/../../app/Models/HotelRestaurant.php): Failed to open stream: No such file or directory in C:\xampp\htdocs\Cioas\vendor\composer\ClassLoader.php:576
Stack trace:
#0 C:\xampp\htdocs\Cioas\vendor\composer\ClassLoader.php(576): Illuminate\Foundation\Bootstrap\HandleExceptions->handleError(2, 'include(C:\\xamp...', 'C:\\xampp\\htdocs...', 576)
#1 C:\xampp\htdocs\Cioas\vendor\composer\ClassLoader.php(576): include()
#2 C:\xampp\htdocs\Cioas\vendor\composer\ClassLoader.php(427): Composer\Autoload\{closure}('C:\\xampp\\htdocs...')
#3 [internal function]: Composer\Autoload\ClassLoader->loadClass('App\\Models\\Hote...')
#4 Command line code(1): class_exists('App\\Models\\Hote...')
#5 [internal function]: {closure}('App\\Models\\Hote...')
#6 Command line code(1): array_filter(Array, Object(Closure))
#7 {main}
  thrown {"exception":"[object] (Symfony\\Component\\ErrorHandler\\Error\\FatalError(code: 0): Uncaught ErrorException: include(C:\\xampp\\htdocs\\Cioas\\vendor\\composer/../../app/Models/HotelRestaurant.php): Failed to open stream: No such file or directory in C:\\xampp\\htdocs\\Cioas\\vendor\\composer\\ClassLoader.php:576
Stack trace:
#0 C:\\xampp\\htdocs\\Cioas\\vendor\\composer\\ClassLoader.php(576): Illuminate\\Foundation\\Bootstrap\\HandleExceptions->handleError(2, 'include(C:\\\\xamp...', 'C:\\\\xampp\\\\htdocs...', 576)
#1 C:\\xampp\\htdocs\\Cioas\\vendor\\composer\\ClassLoader.php(576): include()
#2 C:\\xampp\\htdocs\\Cioas\\vendor\\composer\\ClassLoader.php(427): Composer\\Autoload\\{closure}('C:\\\\xampp\\\\htdocs...')
#3 [internal function]: Composer\\Autoload\\ClassLoader->loadClass('App\\\\Models\\\\Hote...')
#4 Command line code(1): class_exists('App\\\\Models\\\\Hote...')
#5 [internal function]: {closure}('App\\\\Models\\\\Hote...')
#6 Command line code(1): array_filter(Array, Object(Closure))
#7 {main}
  thrown at C:\\xampp\\htdocs\\Cioas\\vendor\\composer\\ClassLoader.php:576)
[stacktrace]
#0 {main}
"} 
[2026-05-06 06:58:01] local.ERROR: Uncaught ErrorException: include(C:\xampp\htdocs\Cioas\vendor\composer/../../app/Models/HotelRestaurant.php): Failed to open stream: No such file or directory in C:\xampp\htdocs\Cioas\vendor\composer\ClassLoader.php:576
Stack trace:
#0 C:\xampp\htdocs\Cioas\vendor\composer\ClassLoader.php(576): Illuminate\Foundation\Bootstrap\HandleExceptions->handleError(2, 'include(C:\\xamp...', 'C:\\xampp\\htdocs...', 576)
#1 C:\xampp\htdocs\Cioas\vendor\composer\ClassLoader.php(576): include()
#2 C:\xampp\htdocs\Cioas\vendor\composer\ClassLoader.php(427): Composer\Autoload\{closure}('C:\\xampp\\htdocs...')
#3 [internal function]: Composer\Autoload\ClassLoader->loadClass('App\\Models\\Hote...')
#4 Command line code(1): class_exists('App\\Models\\Hote...')
#5 [internal function]: {closure}('App\\Models\\Hote...')
#6 Command line code(1): array_filter(Array, Object(Closure))
#7 {main}
  thrown {"exception":"[object] (Symfony\\Component\\ErrorHandler\\Error\\FatalError(code: 0): Uncaught ErrorException: include(C:\\xampp\\htdocs\\Cioas\\vendor\\composer/../../app/Models/HotelRestaurant.php): Failed to open stream: No such file or directory in C:\\xampp\\htdocs\\Cioas\\vendor\\composer\\ClassLoader.php:576
Stack trace:
#0 C:\\xampp\\htdocs\\Cioas\\vendor\\composer\\ClassLoader.php(576): Illuminate\\Foundation\\Bootstrap\\HandleExceptions->handleError(2, 'include(C:\\\\xamp...', 'C:\\\\xampp\\\\htdocs...', 576)
#1 C:\\xampp\\htdocs\\Cioas\\vendor\\composer\\ClassLoader.php(576): include()
#2 C:\\xampp\\htdocs\\Cioas\\vendor\\composer\\ClassLoader.php(427): Composer\\Autoload\\{closure}('C:\\\\xampp\\\\htdocs...')
#3 [internal function]: Composer\\Autoload\\ClassLoader->loadClass('App\\\\Models\\\\Hote...')
#4 Command line code(1): class_exists('App\\\\Models\\\\Hote...')
#5 [internal function]: {closure}('App\\\\Models\\\\Hote...')
#6 Command line code(1): array_filter(Array, Object(Closure))
#7 {main}
  thrown at C:\\xampp\\htdocs\\Cioas\\vendor\\composer\\ClassLoader.php:576)
[stacktrace]
#0 {main}
"} 
[2026-05-06 06:59:01] local.ERROR: Uncaught ErrorException: include(C:\xampp\htdocs\Cioas\vendor\composer/../../app/Models/HotelRestaurant.php): Failed to open stream: No such file or directory in C:\xampp\htdocs\Cioas\vendor\composer\ClassLoader.php:576
Stack trace:
#0 C:\xampp\htdocs\Cioas\vendor\composer\ClassLoader.php(576): Illuminate\Foundation\Bootstrap\HandleExceptions->handleError(2, 'include(C:\\xamp...', 'C:\\xampp\\htdocs...', 576)
#1 C:\xampp\htdocs\Cioas\vendor\composer\ClassLoader.php(576): include()
#2 C:\xampp\htdocs\Cioas\vendor\composer\ClassLoader.php(427): Composer\Autoload\{closure}('C:\\xampp\\htdocs...')
#3 [internal function]: Composer\Autoload\ClassLoader->loadClass('App\\Models\\Hote...')
#4 Command line code(1): class_exists('App\\Models\\Hote...')
#5 [internal function]: {closure}('App\\Models\\Hote...')
#6 Command line code(1): array_filter(Array, Object(Closure))
#7 {main}
  thrown {"exception":"[object] (Symfony\\Component\\ErrorHandler\\Error\\FatalError(code: 0): Uncaught ErrorException: include(C:\\xampp\\htdocs\\Cioas\\vendor\\composer/../../app/Models/HotelRestaurant.php): Failed to open stream: No such file or directory in C:\\xampp\\htdocs\\Cioas\\vendor\\composer\\ClassLoader.php:576
Stack trace:
#0 C:\\xampp\\htdocs\\Cioas\\vendor\\composer\\ClassLoader.php(576): Illuminate\\Foundation\\Bootstrap\\HandleExceptions->handleError(2, 'include(C:\\\\xamp...', 'C:\\\\xampp\\\\htdocs...', 576)
#1 C:\\xampp\\htdocs\\Cioas\\vendor\\composer\\ClassLoader.php(576): include()
#2 C:\\xampp\\htdocs\\Cioas\\vendor\\composer\\ClassLoader.php(427): Composer\\Autoload\\{closure}('C:\\\\xampp\\\\htdocs...')
#3 [internal function]: Composer\\Autoload\\ClassLoader->loadClass('App\\\\Models\\\\Hote...')
#4 Command line code(1): class_exists('App\\\\Models\\\\Hote...')
#5 [internal function]: {closure}('App\\\\Models\\\\Hote...')
#6 Command line code(1): array_filter(Array, Object(Closure))
#7 {main}
  thrown at C:\\xampp\\htdocs\\Cioas\\vendor\\composer\\ClassLoader.php:576)
[stacktrace]
#0 {main}
"} 
[2026-05-06 07:00:01] local.ERROR: Uncaught ErrorException: include(C:\xampp\htdocs\Cioas\vendor\composer/../../app/Models/HotelRestaurant.php): Failed to open stream: No such file or directory in C:\xampp\htdocs\Cioas\vendor\composer\ClassLoader.php:576
Stack trace:
#0 C:\xampp\htdocs\Cioas\vendor\composer\ClassLoader.php(576): Illuminate\Foundation\Bootstrap\HandleExceptions->handleError(2, 'include(C:\\xamp...', 'C:\\xampp\\htdocs...', 576)
#1 C:\xampp\htdocs\Cioas\vendor\composer\ClassLoader.php(576): include()
#2 C:\xampp\htdocs\Cioas\vendor\composer\ClassLoader.php(427): Composer\Autoload\{closure}('C:\\xampp\\htdocs...')
#3 [internal function]: Composer\Autoload\ClassLoader->loadClass('App\\Models\\Hote...')
#4 Command line code(1): class_exists('App\\Models\\Hote...')
#5 [internal function]: {closure}('App\\Models\\Hote...')
#6 Command line code(1): array_filter(Array, Object(Closure))
#7 {main}
  thrown {"exception":"[object] (Symfony\\Component\\ErrorHandler\\Error\\FatalError(code: 0): Uncaught ErrorException: include(C:\\xampp\\htdocs\\Cioas\\vendor\\composer/../../app/Models/HotelRestaurant.php): Failed to open stream: No such file or directory in C:\\xampp\\htdocs\\Cioas\\vendor\\composer\\ClassLoader.php:576
Stack trace:
#0 C:\\xampp\\htdocs\\Cioas\\vendor\\composer\\ClassLoader.php(576): Illuminate\\Foundation\\Bootstrap\\HandleExceptions->handleError(2, 'include(C:\\\\xamp...', 'C:\\\\xampp\\\\htdocs...', 576)
#1 C:\\xampp\\htdocs\\Cioas\\vendor\\composer\\ClassLoader.php(576): include()
#2 C:\\xampp\\htdocs\\Cioas\\vendor\\composer\\ClassLoader.php(427): Composer\\Autoload\\{closure}('C:\\\\xampp\\\\htdocs...')
#3 [internal function]: Composer\\Autoload\\ClassLoader->loadClass('App\\\\Models\\\\Hote...')
#4 Command line code(1): class_exists('App\\\\Models\\\\Hote...')
#5 [internal function]: {closure}('App\\\\Models\\\\Hote...')
#6 Command line code(1): array_filter(Array, Object(Closure))
#7 {main}
  thrown at C:\\xampp\\htdocs\\Cioas\\vendor\\composer\\ClassLoader.php:576)
[stacktrace]
#0 {main}
"} 
[2026-05-06 07:01:01] local.ERROR: Uncaught ErrorException: include(C:\xampp\htdocs\Cioas\vendor\composer/../../app/Models/HotelRestaurant.php): Failed to open stream: No such file or directory in C:\xampp\htdocs\Cioas\vendor\composer\ClassLoader.php:576
Stack trace:
#0 C:\xampp\htdocs\Cioas\vendor\composer\ClassLoader.php(576): Illuminate\Foundation\Bootstrap\HandleExceptions->handleError(2, 'include(C:\\xamp...', 'C:\\xampp\\htdocs...', 576)
#1 C:\xampp\htdocs\Cioas\vendor\composer\ClassLoader.php(576): include()
#2 C:\xampp\htdocs\Cioas\vendor\composer\ClassLoader.php(427): Composer\Autoload\{closure}('C:\\xampp\\htdocs...')
#3 [internal function]: Composer\Autoload\ClassLoader->loadClass('App\\Models\\Hote...')
#4 Command line code(1): class_exists('App\\Models\\Hote...')
#5 [internal function]: {closure}('App\\Models\\Hote...')
#6 Command line code(1): array_filter(Array, Object(Closure))
#7 {main}
  thrown {"exception":"[object] (Symfony\\Component\\ErrorHandler\\Error\\FatalError(code: 0): Uncaught ErrorException: include(C:\\xampp\\htdocs\\Cioas\\vendor\\composer/../../app/Models/HotelRestaurant.php): Failed to open stream: No such file or directory in C:\\xampp\\htdocs\\Cioas\\vendor\\composer\\ClassLoader.php:576
Stack trace:
#0 C:\\xampp\\htdocs\\Cioas\\vendor\\composer\\ClassLoader.php(576): Illuminate\\Foundation\\Bootstrap\\HandleExceptions->handleError(2, 'include(C:\\\\xamp...', 'C:\\\\xampp\\\\htdocs...', 576)
#1 C:\\xampp\\htdocs\\Cioas\\vendor\\composer\\ClassLoader.php(576): include()
#2 C:\\xampp\\htdocs\\Cioas\\vendor\\composer\\ClassLoader.php(427): Composer\\Autoload\\{closure}('C:\\\\xampp\\\\htdocs...')
#3 [internal function]: Composer\\Autoload\\ClassLoader->loadClass('App\\\\Models\\\\Hote...')
#4 Command line code(1): class_exists('App\\\\Models\\\\Hote...')
#5 [internal function]: {closure}('App\\\\Models\\\\Hote...')
#6 Command line code(1): array_filter(Array, Object(Closure))
#7 {main}
  thrown at C:\\xampp\\htdocs\\Cioas\\vendor\\composer\\ClassLoader.php:576)
[stacktrace]
#0 {main}
"} 
[2026-05-06 07:02:01] local.ERROR: Uncaught ErrorException: include(C:\xampp\htdocs\Cioas\vendor\composer/../../app/Models/HotelRestaurant.php): Failed to open stream: No such file or directory in C:\xampp\htdocs\Cioas\vendor\composer\ClassLoader.php:576
Stack trace:
#0 C:\xampp\htdocs\Cioas\vendor\composer\ClassLoader.php(576): Illuminate\Foundation\Bootstrap\HandleExceptions->handleError(2, 'include(C:\\xamp...', 'C:\\xampp\\htdocs...', 576)
#1 C:\xampp\htdocs\Cioas\vendor\composer\ClassLoader.php(576): include()
#2 C:\xampp\htdocs\Cioas\vendor\composer\ClassLoader.php(427): Composer\Autoload\{closure}('C:\\xampp\\htdocs...')
#3 [internal function]: Composer\Autoload\ClassLoader->loadClass('App\\Models\\Hote...')
#4 Command line code(1): class_exists('App\\Models\\Hote...')
#5 [internal function]: {closure}('App\\Models\\Hote...')
#6 Command line code(1): array_filter(Array, Object(Closure))
#7 {main}
  thrown {"exception":"[object] (Symfony\\Component\\ErrorHandler\\Error\\FatalError(code: 0): Uncaught ErrorException: include(C:\\xampp\\htdocs\\Cioas\\vendor\\composer/../../app/Models/HotelRestaurant.php): Failed to open stream: No such file or directory in C:\\xampp\\htdocs\\Cioas\\vendor\\composer\\ClassLoader.php:576
Stack trace:
#0 C:\\xampp\\htdocs\\Cioas\\vendor\\composer\\ClassLoader.php(576): Illuminate\\Foundation\\Bootstrap\\HandleExceptions->handleError(2, 'include(C:\\\\xamp...', 'C:\\\\xampp\\\\htdocs...', 576)
#1 C:\\xampp\\htdocs\\Cioas\\vendor\\composer\\ClassLoader.php(576): include()
#2 C:\\xampp\\htdocs\\Cioas\\vendor\\composer\\ClassLoader.php(427): Composer\\Autoload\\{closure}('C:\\\\xampp\\\\htdocs...')
#3 [internal function]: Composer\\Autoload\\ClassLoader->loadClass('App\\\\Models\\\\Hote...')
#4 Command line code(1): class_exists('App\\\\Models\\\\Hote...')
#5 [internal function]: {closure}('App\\\\Models\\\\Hote...')
#6 Command line code(1): array_filter(Array, Object(Closure))
#7 {main}
  thrown at C:\\xampp\\htdocs\\Cioas\\vendor\\composer\\ClassLoader.php:576)
[stacktrace]
#0 {main}
"} 
[2026-05-06 07:03:01] local.ERROR: Uncaught ErrorException: include(C:\xampp\htdocs\Cioas\vendor\composer/../../app/Models/HotelRestaurant.php): Failed to open stream: No such file or directory in C:\xampp\htdocs\Cioas\vendor\composer\ClassLoader.php:576
Stack trace:
#0 C:\xampp\htdocs\Cioas\vendor\composer\ClassLoader.php(576): Illuminate\Foundation\Bootstrap\HandleExceptions->handleError(2, 'include(C:\\xamp...', 'C:\\xampp\\htdocs...', 576)
#1 C:\xampp\htdocs\Cioas\vendor\composer\ClassLoader.php(576): include()
#2 C:\xampp\htdocs\Cioas\vendor\composer\ClassLoader.php(427): Composer\Autoload\{closure}('C:\\xampp\\htdocs...')
#3 [internal function]: Composer\Autoload\ClassLoader->loadClass('App\\Models\\Hote...')
#4 Command line code(1): class_exists('App\\Models\\Hote...')
#5 [internal function]: {closure}('App\\Models\\Hote...')
#6 Command line code(1): array_filter(Array, Object(Closure))
#7 {main}
  thrown {"exception":"[object] (Symfony\\Component\\ErrorHandler\\Error\\FatalError(code: 0): Uncaught ErrorException: include(C:\\xampp\\htdocs\\Cioas\\vendor\\composer/../../app/Models/HotelRestaurant.php): Failed to open stream: No such file or directory in C:\\xampp\\htdocs\\Cioas\\vendor\\composer\\ClassLoader.php:576
Stack trace:
#0 C:\\xampp\\htdocs\\Cioas\\vendor\\composer\\ClassLoader.php(576): Illuminate\\Foundation\\Bootstrap\\HandleExceptions->handleError(2, 'include(C:\\\\xamp...', 'C:\\\\xampp\\\\htdocs...', 576)
#1 C:\\xampp\\htdocs\\Cioas\\vendor\\composer\\ClassLoader.php(576): include()
#2 C:\\xampp\\htdocs\\Cioas\\vendor\\composer\\ClassLoader.php(427): Composer\\Autoload\\{closure}('C:\\\\xampp\\\\htdocs...')
#3 [internal function]: Composer\\Autoload\\ClassLoader->loadClass('App\\\\Models\\\\Hote...')
#4 Command line code(1): class_exists('App\\\\Models\\\\Hote...')
#5 [internal function]: {closure}('App\\\\Models\\\\Hote...')
#6 Command line code(1): array_filter(Array, Object(Closure))
#7 {main}
  thrown at C:\\xampp\\htdocs\\Cioas\\vendor\\composer\\ClassLoader.php:576)
[stacktrace]
#0 {main}
"} 
[2026-05-06 07:04:01] local.ERROR: Uncaught ErrorException: include(C:\xampp\htdocs\Cioas\vendor\composer/../../app/Models/HotelRestaurant.php): Failed to open stream: No such file or directory in C:\xampp\htdocs\Cioas\vendor\composer\ClassLoader.php:576
Stack trace:
#0 C:\xampp\htdocs\Cioas\vendor\composer\ClassLoader.php(576): Illuminate\Foundation\Bootstrap\HandleExceptions->handleError(2, 'include(C:\\xamp...', 'C:\\xampp\\htdocs...', 576)
#1 C:\xampp\htdocs\Cioas\vendor\composer\ClassLoader.php(576): include()
#2 C:\xampp\htdocs\Cioas\vendor\composer\ClassLoader.php(427): Composer\Autoload\{closure}('C:\\xampp\\htdocs...')
#3 [internal function]: Composer\Autoload\ClassLoader->loadClass('App\\Models\\Hote...')
#4 Command line code(1): class_exists('App\\Models\\Hote...')
#5 [internal function]: {closure}('App\\Models\\Hote...')
#6 Command line code(1): array_filter(Array, Object(Closure))
#7 {main}
  thrown {"exception":"[object] (Symfony\\Component\\ErrorHandler\\Error\\FatalError(code: 0): Uncaught ErrorException: include(C:\\xampp\\htdocs\\Cioas\\vendor\\composer/../../app/Models/HotelRestaurant.php): Failed to open stream: No such file or directory in C:\\xampp\\htdocs\\Cioas\\vendor\\composer\\ClassLoader.php:576
Stack trace:
#0 C:\\xampp\\htdocs\\Cioas\\vendor\\composer\\ClassLoader.php(576): Illuminate\\Foundation\\Bootstrap\\HandleExceptions->handleError(2, 'include(C:\\\\xamp...', 'C:\\\\xampp\\\\htdocs...', 576)
#1 C:\\xampp\\htdocs\\Cioas\\vendor\\composer\\ClassLoader.php(576): include()
#2 C:\\xampp\\htdocs\\Cioas\\vendor\\composer\\ClassLoader.php(427): Composer\\Autoload\\{closure}('C:\\\\xampp\\\\htdocs...')
#3 [internal function]: Composer\\Autoload\\ClassLoader->loadClass('App\\\\Models\\\\Hote...')
#4 Command line code(1): class_exists('App\\\\Models\\\\Hote...')
#5 [internal function]: {closure}('App\\\\Models\\\\Hote...')
#6 Command line code(1): array_filter(Array, Object(Closure))
#7 {main}
  thrown at C:\\xampp\\htdocs\\Cioas\\vendor\\composer\\ClassLoader.php:576)
[stacktrace]
#0 {main}
"} 
[2026-05-06 07:05:01] local.ERROR: Uncaught ErrorException: include(C:\xampp\htdocs\Cioas\vendor\composer/../../app/Models/HotelRestaurant.php): Failed to open stream: No such file or directory in C:\xampp\htdocs\Cioas\vendor\composer\ClassLoader.php:576
Stack trace:
#0 C:\xampp\htdocs\Cioas\vendor\composer\ClassLoader.php(576): Illuminate\Foundation\Bootstrap\HandleExceptions->handleError(2, 'include(C:\\xamp...', 'C:\\xampp\\htdocs...', 576)
#1 C:\xampp\htdocs\Cioas\vendor\composer\ClassLoader.php(576): include()
#2 C:\xampp\htdocs\Cioas\vendor\composer\ClassLoader.php(427): Composer\Autoload\{closure}('C:\\xampp\\htdocs...')
#3 [internal function]: Composer\Autoload\ClassLoader->loadClass('App\\Models\\Hote...')
#4 Command line code(1): class_exists('App\\Models\\Hote...')
#5 [internal function]: {closure}('App\\Models\\Hote...')
#6 Command line code(1): array_filter(Array, Object(Closure))
#7 {main}
  thrown {"exception":"[object] (Symfony\\Component\\ErrorHandler\\Error\\FatalError(code: 0): Uncaught ErrorException: include(C:\\xampp\\htdocs\\Cioas\\vendor\\composer/../../app/Models/HotelRestaurant.php): Failed to open stream: No such file or directory in C:\\xampp\\htdocs\\Cioas\\vendor\\composer\\ClassLoader.php:576
Stack trace:
#0 C:\\xampp\\htdocs\\Cioas\\vendor\\composer\\ClassLoader.php(576): Illuminate\\Foundation\\Bootstrap\\HandleExceptions->handleError(2, 'include(C:\\\\xamp...', 'C:\\\\xampp\\\\htdocs...', 576)
#1 C:\\xampp\\htdocs\\Cioas\\vendor\\composer\\ClassLoader.php(576): include()
#2 C:\\xampp\\htdocs\\Cioas\\vendor\\composer\\ClassLoader.php(427): Composer\\Autoload\\{closure}('C:\\\\xampp\\\\htdocs...')
#3 [internal function]: Composer\\Autoload\\ClassLoader->loadClass('App\\\\Models\\\\Hote...')
#4 Command line code(1): class_exists('App\\\\Models\\\\Hote...')
#5 [internal function]: {closure}('App\\\\Models\\\\Hote...')
#6 Command line code(1): array_filter(Array, Object(Closure))
#7 {main}
  thrown at C:\\xampp\\htdocs\\Cioas\\vendor\\composer\\ClassLoader.php:576)
[stacktrace]
#0 {main}
"} 
[2026-05-06 07:06:01] local.ERROR: Uncaught ErrorException: include(C:\xampp\htdocs\Cioas\vendor\composer/../../app/Models/HotelRestaurant.php): Failed to open stream: No such file or directory in C:\xampp\htdocs\Cioas\vendor\composer\ClassLoader.php:576
Stack trace:
#0 C:\xampp\htdocs\Cioas\vendor\composer\ClassLoader.php(576): Illuminate\Foundation\Bootstrap\HandleExceptions->handleError(2, 'include(C:\\xamp...', 'C:\\xampp\\htdocs...', 576)
#1 C:\xampp\htdocs\Cioas\vendor\composer\ClassLoader.php(576): include()
#2 C:\xampp\htdocs\Cioas\vendor\composer\ClassLoader.php(427): Composer\Autoload\{closure}('C:\\xampp\\htdocs...')
#3 [internal function]: Composer\Autoload\ClassLoader->loadClass('App\\Models\\Hote...')
#4 Command line code(1): class_exists('App\\Models\\Hote...')
#5 [internal function]: {closure}('App\\Models\\Hote...')
#6 Command line code(1): array_filter(Array, Object(Closure))
#7 {main}
  thrown {"exception":"[object] (Symfony\\Component\\ErrorHandler\\Error\\FatalError(code: 0): Uncaught ErrorException: include(C:\\xampp\\htdocs\\Cioas\\vendor\\composer/../../app/Models/HotelRestaurant.php): Failed to open stream: No such file or directory in C:\\xampp\\htdocs\\Cioas\\vendor\\composer\\ClassLoader.php:576
Stack trace:
#0 C:\\xampp\\htdocs\\Cioas\\vendor\\composer\\ClassLoader.php(576): Illuminate\\Foundation\\Bootstrap\\HandleExceptions->handleError(2, 'include(C:\\\\xamp...', 'C:\\\\xampp\\\\htdocs...', 576)
#1 C:\\xampp\\htdocs\\Cioas\\vendor\\composer\\ClassLoader.php(576): include()
#2 C:\\xampp\\htdocs\\Cioas\\vendor\\composer\\ClassLoader.php(427): Composer\\Autoload\\{closure}('C:\\\\xampp\\\\htdocs...')
#3 [internal function]: Composer\\Autoload\\ClassLoader->loadClass('App\\\\Models\\\\Hote...')
#4 Command line code(1): class_exists('App\\\\Models\\\\Hote...')
#5 [internal function]: {closure}('App\\\\Models\\\\Hote...')
#6 Command line code(1): array_filter(Array, Object(Closure))
#7 {main}
  thrown at C:\\xampp\\htdocs\\Cioas\\vendor\\composer\\ClassLoader.php:576)
[stacktrace]
#0 {main}
"} 
[2026-05-06 07:07:02] local.ERROR: Uncaught ErrorException: include(C:\xampp\htdocs\Cioas\vendor\composer/../../app/Models/HotelRestaurant.php): Failed to open stream: No such file or directory in C:\xampp\htdocs\Cioas\vendor\composer\ClassLoader.php:576
Stack trace:
#0 C:\xampp\htdocs\Cioas\vendor\composer\ClassLoader.php(576): Illuminate\Foundation\Bootstrap\HandleExceptions->handleError(2, 'include(C:\\xamp...', 'C:\\xampp\\htdocs...', 576)
#1 C:\xampp\htdocs\Cioas\vendor\composer\ClassLoader.php(576): include()
#2 C:\xampp\htdocs\Cioas\vendor\composer\ClassLoader.php(427): Composer\Autoload\{closure}('C:\\xampp\\htdocs...')
#3 [internal function]: Composer\Autoload\ClassLoader->loadClass('App\\Models\\Hote...')
#4 Command line code(1): class_exists('App\\Models\\Hote...')
#5 [internal function]: {closure}('App\\Models\\Hote...')
#6 Command line code(1): array_filter(Array, Object(Closure))
#7 {main}
  thrown {"exception":"[object] (Symfony\\Component\\ErrorHandler\\Error\\FatalError(code: 0): Uncaught ErrorException: include(C:\\xampp\\htdocs\\Cioas\\vendor\\composer/../../app/Models/HotelRestaurant.php): Failed to open stream: No such file or directory in C:\\xampp\\htdocs\\Cioas\\vendor\\composer\\ClassLoader.php:576
Stack trace:
#0 C:\\xampp\\htdocs\\Cioas\\vendor\\composer\\ClassLoader.php(576): Illuminate\\Foundation\\Bootstrap\\HandleExceptions->handleError(2, 'include(C:\\\\xamp...', 'C:\\\\xampp\\\\htdocs...', 576)
#1 C:\\xampp\\htdocs\\Cioas\\vendor\\composer\\ClassLoader.php(576): include()
#2 C:\\xampp\\htdocs\\Cioas\\vendor\\composer\\ClassLoader.php(427): Composer\\Autoload\\{closure}('C:\\\\xampp\\\\htdocs...')
#3 [internal function]: Composer\\Autoload\\ClassLoader->loadClass('App\\\\Models\\\\Hote...')
#4 Command line code(1): class_exists('App\\\\Models\\\\Hote...')
#5 [internal function]: {closure}('App\\\\Models\\\\Hote...')
#6 Command line code(1): array_filter(Array, Object(Closure))
#7 {main}
  thrown at C:\\xampp\\htdocs\\Cioas\\vendor\\composer\\ClassLoader.php:576)
[stacktrace]
#0 {main}
"} 
[2026-05-06 07:08:01] local.ERROR: Uncaught ErrorException: include(C:\xampp\htdocs\Cioas\vendor\composer/../../app/Models/HotelRestaurant.php): Failed to open stream: No such file or directory in C:\xampp\htdocs\Cioas\vendor\composer\ClassLoader.php:576
Stack trace:
#0 C:\xampp\htdocs\Cioas\vendor\composer\ClassLoader.php(576): Illuminate\Foundation\Bootstrap\HandleExceptions->handleError(2, 'include(C:\\xamp...', 'C:\\xampp\\htdocs...', 576)
#1 C:\xampp\htdocs\Cioas\vendor\composer\ClassLoader.php(576): include()
#2 C:\xampp\htdocs\Cioas\vendor\composer\ClassLoader.php(427): Composer\Autoload\{closure}('C:\\xampp\\htdocs...')
#3 [internal function]: Composer\Autoload\ClassLoader->loadClass('App\\Models\\Hote...')
#4 Command line code(1): class_exists('App\\Models\\Hote...')
#5 [internal function]: {closure}('App\\Models\\Hote...')
#6 Command line code(1): array_filter(Array, Object(Closure))
#7 {main}
  thrown {"exception":"[object] (Symfony\\Component\\ErrorHandler\\Error\\FatalError(code: 0): Uncaught ErrorException: include(C:\\xampp\\htdocs\\Cioas\\vendor\\composer/../../app/Models/HotelRestaurant.php): Failed to open stream: No such file or directory in C:\\xampp\\htdocs\\Cioas\\vendor\\composer\\ClassLoader.php:576
Stack trace:
#0 C:\\xampp\\htdocs\\Cioas\\vendor\\composer\\ClassLoader.php(576): Illuminate\\Foundation\\Bootstrap\\HandleExceptions->handleError(2, 'include(C:\\\\xamp...', 'C:\\\\xampp\\\\htdocs...', 576)
#1 C:\\xampp\\htdocs\\Cioas\\vendor\\composer\\ClassLoader.php(576): include()
#2 C:\\xampp\\htdocs\\Cioas\\vendor\\composer\\ClassLoader.php(427): Composer\\Autoload\\{closure}('C:\\\\xampp\\\\htdocs...')
#3 [internal function]: Composer\\Autoload\\ClassLoader->loadClass('App\\\\Models\\\\Hote...')
#4 Command line code(1): class_exists('App\\\\Models\\\\Hote...')
#5 [internal function]: {closure}('App\\\\Models\\\\Hote...')
#6 Command line code(1): array_filter(Array, Object(Closure))
#7 {main}
  thrown at C:\\xampp\\htdocs\\Cioas\\vendor\\composer\\ClassLoader.php:576)
[stacktrace]
#0 {main}
"} 
[2026-05-06 07:09:01] local.ERROR: Uncaught ErrorException: include(C:\xampp\htdocs\Cioas\vendor\composer/../../app/Models/HotelRestaurant.php): Failed to open stream: No such file or directory in C:\xampp\htdocs\Cioas\vendor\composer\ClassLoader.php:576
Stack trace:
#0 C:\xampp\htdocs\Cioas\vendor\composer\ClassLoader.php(576): Illuminate\Foundation\Bootstrap\HandleExceptions->handleError(2, 'include(C:\\xamp...', 'C:\\xampp\\htdocs...', 576)
#1 C:\xampp\htdocs\Cioas\vendor\composer\ClassLoader.php(576): include()
#2 C:\xampp\htdocs\Cioas\vendor\composer\ClassLoader.php(427): Composer\Autoload\{closure}('C:\\xampp\\htdocs...')
#3 [internal function]: Composer\Autoload\ClassLoader->loadClass('App\\Models\\Hote...')
#4 Command line code(1): class_exists('App\\Models\\Hote...')
#5 [internal function]: {closure}('App\\Models\\Hote...')
#6 Command line code(1): array_filter(Array, Object(Closure))
#7 {main}
  thrown {"exception":"[object] (Symfony\\Component\\ErrorHandler\\Error\\FatalError(code: 0): Uncaught ErrorException: include(C:\\xampp\\htdocs\\Cioas\\vendor\\composer/../../app/Models/HotelRestaurant.php): Failed to open stream: No such file or directory in C:\\xampp\\htdocs\\Cioas\\vendor\\composer\\ClassLoader.php:576
Stack trace:
#0 C:\\xampp\\htdocs\\Cioas\\vendor\\composer\\ClassLoader.php(576): Illuminate\\Foundation\\Bootstrap\\HandleExceptions->handleError(2, 'include(C:\\\\xamp...', 'C:\\\\xampp\\\\htdocs...', 576)
#1 C:\\xampp\\htdocs\\Cioas\\vendor\\composer\\ClassLoader.php(576): include()
#2 C:\\xampp\\htdocs\\Cioas\\vendor\\composer\\ClassLoader.php(427): Composer\\Autoload\\{closure}('C:\\\\xampp\\\\htdocs...')
#3 [internal function]: Composer\\Autoload\\ClassLoader->loadClass('App\\\\Models\\\\Hote...')
#4 Command line code(1): class_exists('App\\\\Models\\\\Hote...')
#5 [internal function]: {closure}('App\\\\Models\\\\Hote...')
#6 Command line code(1): array_filter(Array, Object(Closure))
#7 {main}
  thrown at C:\\xampp\\htdocs\\Cioas\\vendor\\composer\\ClassLoader.php:576)
[stacktrace]
#0 {main}
"} 
[2026-05-06 07:10:01] local.ERROR: Uncaught ErrorException: include(C:\xampp\htdocs\Cioas\vendor\composer/../../app/Models/HotelRestaurant.php): Failed to open stream: No such file or directory in C:\xampp\htdocs\Cioas\vendor\composer\ClassLoader.php:576
Stack trace:
#0 C:\xampp\htdocs\Cioas\vendor\composer\ClassLoader.php(576): Illuminate\Foundation\Bootstrap\HandleExceptions->handleError(2, 'include(C:\\xamp...', 'C:\\xampp\\htdocs...', 576)
#1 C:\xampp\htdocs\Cioas\vendor\composer\ClassLoader.php(576): include()
#2 C:\xampp\htdocs\Cioas\vendor\composer\ClassLoader.php(427): Composer\Autoload\{closure}('C:\\xampp\\htdocs...')
#3 [internal function]: Composer\Autoload\ClassLoader->loadClass('App\\Models\\Hote...')
#4 Command line code(1): class_exists('App\\Models\\Hote...')
#5 [internal function]: {closure}('App\\Models\\Hote...')
#6 Command line code(1): array_filter(Array, Object(Closure))
#7 {main}
  thrown {"exception":"[object] (Symfony\\Component\\ErrorHandler\\Error\\FatalError(code: 0): Uncaught ErrorException: include(C:\\xampp\\htdocs\\Cioas\\vendor\\composer/../../app/Models/HotelRestaurant.php): Failed to open stream: No such file or directory in C:\\xampp\\htdocs\\Cioas\\vendor\\composer\\ClassLoader.php:576
Stack trace:
#0 C:\\xampp\\htdocs\\Cioas\\vendor\\composer\\ClassLoader.php(576): Illuminate\\Foundation\\Bootstrap\\HandleExceptions->handleError(2, 'include(C:\\\\xamp...', 'C:\\\\xampp\\\\htdocs...', 576)
#1 C:\\xampp\\htdocs\\Cioas\\vendor\\composer\\ClassLoader.php(576): include()
#2 C:\\xampp\\htdocs\\Cioas\\vendor\\composer\\ClassLoader.php(427): Composer\\Autoload\\{closure}('C:\\\\xampp\\\\htdocs...')
#3 [internal function]: Composer\\Autoload\\ClassLoader->loadClass('App\\\\Models\\\\Hote...')
#4 Command line code(1): class_exists('App\\\\Models\\\\Hote...')
#5 [internal function]: {closure}('App\\\\Models\\\\Hote...')
#6 Command line code(1): array_filter(Array, Object(Closure))
#7 {main}
  thrown at C:\\xampp\\htdocs\\Cioas\\vendor\\composer\\ClassLoader.php:576)
[stacktrace]
#0 {main}
"} 
[2026-05-06 07:11:01] local.ERROR: Uncaught ErrorException: include(C:\xampp\htdocs\Cioas\vendor\composer/../../app/Models/HotelRestaurant.php): Failed to open stream: No such file or directory in C:\xampp\htdocs\Cioas\vendor\composer\ClassLoader.php:576
Stack trace:
#0 C:\xampp\htdocs\Cioas\vendor\composer\ClassLoader.php(576): Illuminate\Foundation\Bootstrap\HandleExceptions->handleError(2, 'include(C:\\xamp...', 'C:\\xampp\\htdocs...', 576)
#1 C:\xampp\htdocs\Cioas\vendor\composer\ClassLoader.php(576): include()
#2 C:\xampp\htdocs\Cioas\vendor\composer\ClassLoader.php(427): Composer\Autoload\{closure}('C:\\xampp\\htdocs...')
#3 [internal function]: Composer\Autoload\ClassLoader->loadClass('App\\Models\\Hote...')
#4 Command line code(1): class_exists('App\\Models\\Hote...')
#5 [internal function]: {closure}('App\\Models\\Hote...')
#6 Command line code(1): array_filter(Array, Object(Closure))
#7 {main}
  thrown {"exception":"[object] (Symfony\\Component\\ErrorHandler\\Error\\FatalError(code: 0): Uncaught ErrorException: include(C:\\xampp\\htdocs\\Cioas\\vendor\\composer/../../app/Models/HotelRestaurant.php): Failed to open stream: No such file or directory in C:\\xampp\\htdocs\\Cioas\\vendor\\composer\\ClassLoader.php:576
Stack trace:
#0 C:\\xampp\\htdocs\\Cioas\\vendor\\composer\\ClassLoader.php(576): Illuminate\\Foundation\\Bootstrap\\HandleExceptions->handleError(2, 'include(C:\\\\xamp...', 'C:\\\\xampp\\\\htdocs...', 576)
#1 C:\\xampp\\htdocs\\Cioas\\vendor\\composer\\ClassLoader.php(576): include()
#2 C:\\xampp\\htdocs\\Cioas\\vendor\\composer\\ClassLoader.php(427): Composer\\Autoload\\{closure}('C:\\\\xampp\\\\htdocs...')
#3 [internal function]: Composer\\Autoload\\ClassLoader->loadClass('App\\\\Models\\\\Hote...')
#4 Command line code(1): class_exists('App\\\\Models\\\\Hote...')
#5 [internal function]: {closure}('App\\\\Models\\\\Hote...')
#6 Command line code(1): array_filter(Array, Object(Closure))
#7 {main}
  thrown at C:\\xampp\\htdocs\\Cioas\\vendor\\composer\\ClassLoader.php:576)
[stacktrace]
#0 {main}
"} 
[2026-05-06 07:12:01] local.ERROR: Uncaught ErrorException: include(C:\xampp\htdocs\Cioas\vendor\composer/../../app/Models/HotelRestaurant.php): Failed to open stream: No such file or directory in C:\xampp\htdocs\Cioas\vendor\composer\ClassLoader.php:576
Stack trace:
#0 C:\xampp\htdocs\Cioas\vendor\composer\ClassLoader.php(576): Illuminate\Foundation\Bootstrap\HandleExceptions->handleError(2, 'include(C:\\xamp...', 'C:\\xampp\\htdocs...', 576)
#1 C:\xampp\htdocs\Cioas\vendor\composer\ClassLoader.php(576): include()
#2 C:\xampp\htdocs\Cioas\vendor\composer\ClassLoader.php(427): Composer\Autoload\{closure}('C:\\xampp\\htdocs...')
#3 [internal function]: Composer\Autoload\ClassLoader->loadClass('App\\Models\\Hote...')
#4 Command line code(1): class_exists('App\\Models\\Hote...')
#5 [internal function]: {closure}('App\\Models\\Hote...')
#6 Command line code(1): array_filter(Array, Object(Closure))
#7 {main}
  thrown {"exception":"[object] (Symfony\\Component\\ErrorHandler\\Error\\FatalError(code: 0): Uncaught ErrorException: include(C:\\xampp\\htdocs\\Cioas\\vendor\\composer/../../app/Models/HotelRestaurant.php): Failed to open stream: No such file or directory in C:\\xampp\\htdocs\\Cioas\\vendor\\composer\\ClassLoader.php:576
Stack trace:
#0 C:\\xampp\\htdocs\\Cioas\\vendor\\composer\\ClassLoader.php(576): Illuminate\\Foundation\\Bootstrap\\HandleExceptions->handleError(2, 'include(C:\\\\xamp...', 'C:\\\\xampp\\\\htdocs...', 576)
#1 C:\\xampp\\htdocs\\Cioas\\vendor\\composer\\ClassLoader.php(576): include()
#2 C:\\xampp\\htdocs\\Cioas\\vendor\\composer\\ClassLoader.php(427): Composer\\Autoload\\{closure}('C:\\\\xampp\\\\htdocs...')
#3 [internal function]: Composer\\Autoload\\ClassLoader->loadClass('App\\\\Models\\\\Hote...')
#4 Command line code(1): class_exists('App\\\\Models\\\\Hote...')
#5 [internal function]: {closure}('App\\\\Models\\\\Hote...')
#6 Command line code(1): array_filter(Array, Object(Closure))
#7 {main}
  thrown at C:\\xampp\\htdocs\\Cioas\\vendor\\composer\\ClassLoader.php:576)
[stacktrace]
#0 {main}
"} 
[2026-05-06 07:13:03] local.ERROR: Uncaught ErrorException: include(C:\xampp\htdocs\Cioas\vendor\composer/../../app/Models/HotelRestaurant.php): Failed to open stream: No such file or directory in C:\xampp\htdocs\Cioas\vendor\composer\ClassLoader.php:576
Stack trace:
#0 C:\xampp\htdocs\Cioas\vendor\composer\ClassLoader.php(576): Illuminate\Foundation\Bootstrap\HandleExceptions->handleError(2, 'include(C:\\xamp...', 'C:\\xampp\\htdocs...', 576)
#1 C:\xampp\htdocs\Cioas\vendor\composer\ClassLoader.php(576): include()
#2 C:\xampp\htdocs\Cioas\vendor\composer\ClassLoader.php(427): Composer\Autoload\{closure}('C:\\xampp\\htdocs...')
#3 [internal function]: Composer\Autoload\ClassLoader->loadClass('App\\Models\\Hote...')
#4 Command line code(1): class_exists('App\\Models\\Hote...')
#5 [internal function]: {closure}('App\\Models\\Hote...')
#6 Command line code(1): array_filter(Array, Object(Closure))
#7 {main}
  thrown {"exception":"[object] (Symfony\\Component\\ErrorHandler\\Error\\FatalError(code: 0): Uncaught ErrorException: include(C:\\xampp\\htdocs\\Cioas\\vendor\\composer/../../app/Models/HotelRestaurant.php): Failed to open stream: No such file or directory in C:\\xampp\\htdocs\\Cioas\\vendor\\composer\\ClassLoader.php:576
Stack trace:
#0 C:\\xampp\\htdocs\\Cioas\\vendor\\composer\\ClassLoader.php(576): Illuminate\\Foundation\\Bootstrap\\HandleExceptions->handleError(2, 'include(C:\\\\xamp...', 'C:\\\\xampp\\\\htdocs...', 576)
#1 C:\\xampp\\htdocs\\Cioas\\vendor\\composer\\ClassLoader.php(576): include()
#2 C:\\xampp\\htdocs\\Cioas\\vendor\\composer\\ClassLoader.php(427): Composer\\Autoload\\{closure}('C:\\\\xampp\\\\htdocs...')
#3 [internal function]: Composer\\Autoload\\ClassLoader->loadClass('App\\\\Models\\\\Hote...')
#4 Command line code(1): class_exists('App\\\\Models\\\\Hote...')
#5 [internal function]: {closure}('App\\\\Models\\\\Hote...')
#6 Command line code(1): array_filter(Array, Object(Closure))
#7 {main}
  thrown at C:\\xampp\\htdocs\\Cioas\\vendor\\composer\\ClassLoader.php:576)
[stacktrace]
#0 {main}
"} 
[2026-05-06 07:14:01] local.ERROR: Uncaught ErrorException: include(C:\xampp\htdocs\Cioas\vendor\composer/../../app/Models/HotelRestaurant.php): Failed to open stream: No such file or directory in C:\xampp\htdocs\Cioas\vendor\composer\ClassLoader.php:576
Stack trace:
#0 C:\xampp\htdocs\Cioas\vendor\composer\ClassLoader.php(576): Illuminate\Foundation\Bootstrap\HandleExceptions->handleError(2, 'include(C:\\xamp...', 'C:\\xampp\\htdocs...', 576)
#1 C:\xampp\htdocs\Cioas\vendor\composer\ClassLoader.php(576): include()
#2 C:\xampp\htdocs\Cioas\vendor\composer\ClassLoader.php(427): Composer\Autoload\{closure}('C:\\xampp\\htdocs...')
#3 [internal function]: Composer\Autoload\ClassLoader->loadClass('App\\Models\\Hote...')
#4 Command line code(1): class_exists('App\\Models\\Hote...')
#5 [internal function]: {closure}('App\\Models\\Hote...')
#6 Command line code(1): array_filter(Array, Object(Closure))
#7 {main}
  thrown {"exception":"[object] (Symfony\\Component\\ErrorHandler\\Error\\FatalError(code: 0): Uncaught ErrorException: include(C:\\xampp\\htdocs\\Cioas\\vendor\\composer/../../app/Models/HotelRestaurant.php): Failed to open stream: No such file or directory in C:\\xampp\\htdocs\\Cioas\\vendor\\composer\\ClassLoader.php:576
Stack trace:
#0 C:\\xampp\\htdocs\\Cioas\\vendor\\composer\\ClassLoader.php(576): Illuminate\\Foundation\\Bootstrap\\HandleExceptions->handleError(2, 'include(C:\\\\xamp...', 'C:\\\\xampp\\\\htdocs...', 576)
#1 C:\\xampp\\htdocs\\Cioas\\vendor\\composer\\ClassLoader.php(576): include()
#2 C:\\xampp\\htdocs\\Cioas\\vendor\\composer\\ClassLoader.php(427): Composer\\Autoload\\{closure}('C:\\\\xampp\\\\htdocs...')
#3 [internal function]: Composer\\Autoload\\ClassLoader->loadClass('App\\\\Models\\\\Hote...')
#4 Command line code(1): class_exists('App\\\\Models\\\\Hote...')
#5 [internal function]: {closure}('App\\\\Models\\\\Hote...')
#6 Command line code(1): array_filter(Array, Object(Closure))
#7 {main}
  thrown at C:\\xampp\\htdocs\\Cioas\\vendor\\composer\\ClassLoader.php:576)
[stacktrace]
#0 {main}
"} 
[2026-05-06 07:15:01] local.ERROR: Uncaught ErrorException: include(C:\xampp\htdocs\Cioas\vendor\composer/../../app/Models/HotelRestaurant.php): Failed to open stream: No such file or directory in C:\xampp\htdocs\Cioas\vendor\composer\ClassLoader.php:576
Stack trace:
#0 C:\xampp\htdocs\Cioas\vendor\composer\ClassLoader.php(576): Illuminate\Foundation\Bootstrap\HandleExceptions->handleError(2, 'include(C:\\xamp...', 'C:\\xampp\\htdocs...', 576)
#1 C:\xampp\htdocs\Cioas\vendor\composer\ClassLoader.php(576): include()
#2 C:\xampp\htdocs\Cioas\vendor\composer\ClassLoader.php(427): Composer\Autoload\{closure}('C:\\xampp\\htdocs...')
#3 [internal function]: Composer\Autoload\ClassLoader->loadClass('App\\Models\\Hote...')
#4 Command line code(1): class_exists('App\\Models\\Hote...')
#5 [internal function]: {closure}('App\\Models\\Hote...')
#6 Command line code(1): array_filter(Array, Object(Closure))
#7 {main}
  thrown {"exception":"[object] (Symfony\\Component\\ErrorHandler\\Error\\FatalError(code: 0): Uncaught ErrorException: include(C:\\xampp\\htdocs\\Cioas\\vendor\\composer/../../app/Models/HotelRestaurant.php): Failed to open stream: No such file or directory in C:\\xampp\\htdocs\\Cioas\\vendor\\composer\\ClassLoader.php:576
Stack trace:
#0 C:\\xampp\\htdocs\\Cioas\\vendor\\composer\\ClassLoader.php(576): Illuminate\\Foundation\\Bootstrap\\HandleExceptions->handleError(2, 'include(C:\\\\xamp...', 'C:\\\\xampp\\\\htdocs...', 576)
#1 C:\\xampp\\htdocs\\Cioas\\vendor\\composer\\ClassLoader.php(576): include()
#2 C:\\xampp\\htdocs\\Cioas\\vendor\\composer\\ClassLoader.php(427): Composer\\Autoload\\{closure}('C:\\\\xampp\\\\htdocs...')
#3 [internal function]: Composer\\Autoload\\ClassLoader->loadClass('App\\\\Models\\\\Hote...')
#4 Command line code(1): class_exists('App\\\\Models\\\\Hote...')
#5 [internal function]: {closure}('App\\\\Models\\\\Hote...')
#6 Command line code(1): array_filter(Array, Object(Closure))
#7 {main}
  thrown at C:\\xampp\\htdocs\\Cioas\\vendor\\composer\\ClassLoader.php:576)
[stacktrace]
#0 {main}
"} 
[2026-05-06 07:16:01] local.ERROR: Uncaught ErrorException: include(C:\xampp\htdocs\Cioas\vendor\composer/../../app/Models/HotelRestaurant.php): Failed to open stream: No such file or directory in C:\xampp\htdocs\Cioas\vendor\composer\ClassLoader.php:576
Stack trace:
#0 C:\xampp\htdocs\Cioas\vendor\composer\ClassLoader.php(576): Illuminate\Foundation\Bootstrap\HandleExceptions->handleError(2, 'include(C:\\xamp...', 'C:\\xampp\\htdocs...', 576)
#1 C:\xampp\htdocs\Cioas\vendor\composer\ClassLoader.php(576): include()
#2 C:\xampp\htdocs\Cioas\vendor\composer\ClassLoader.php(427): Composer\Autoload\{closure}('C:\\xampp\\htdocs...')
#3 [internal function]: Composer\Autoload\ClassLoader->loadClass('App\\Models\\Hote...')
#4 Command line code(1): class_exists('App\\Models\\Hote...')
#5 [internal function]: {closure}('App\\Models\\Hote...')
#6 Command line code(1): array_filter(Array, Object(Closure))
#7 {main}
  thrown {"exception":"[object] (Symfony\\Component\\ErrorHandler\\Error\\FatalError(code: 0): Uncaught ErrorException: include(C:\\xampp\\htdocs\\Cioas\\vendor\\composer/../../app/Models/HotelRestaurant.php): Failed to open stream: No such file or directory in C:\\xampp\\htdocs\\Cioas\\vendor\\composer\\ClassLoader.php:576
Stack trace:
#0 C:\\xampp\\htdocs\\Cioas\\vendor\\composer\\ClassLoader.php(576): Illuminate\\Foundation\\Bootstrap\\HandleExceptions->handleError(2, 'include(C:\\\\xamp...', 'C:\\\\xampp\\\\htdocs...', 576)
#1 C:\\xampp\\htdocs\\Cioas\\vendor\\composer\\ClassLoader.php(576): include()
#2 C:\\xampp\\htdocs\\Cioas\\vendor\\composer\\ClassLoader.php(427): Composer\\Autoload\\{closure}('C:\\\\xampp\\\\htdocs...')
#3 [internal function]: Composer\\Autoload\\ClassLoader->loadClass('App\\\\Models\\\\Hote...')
#4 Command line code(1): class_exists('App\\\\Models\\\\Hote...')
#5 [internal function]: {closure}('App\\\\Models\\\\Hote...')
#6 Command line code(1): array_filter(Array, Object(Closure))
#7 {main}
  thrown at C:\\xampp\\htdocs\\Cioas\\vendor\\composer\\ClassLoader.php:576)
[stacktrace]
#0 {main}
"} 
[2026-05-06 07:17:01] local.ERROR: Uncaught ErrorException: include(C:\xampp\htdocs\Cioas\vendor\composer/../../app/Models/HotelRestaurant.php): Failed to open stream: No such file or directory in C:\xampp\htdocs\Cioas\vendor\composer\ClassLoader.php:576
Stack trace:
#0 C:\xampp\htdocs\Cioas\vendor\composer\ClassLoader.php(576): Illuminate\Foundation\Bootstrap\HandleExceptions->handleError(2, 'include(C:\\xamp...', 'C:\\xampp\\htdocs...', 576)
#1 C:\xampp\htdocs\Cioas\vendor\composer\ClassLoader.php(576): include()
#2 C:\xampp\htdocs\Cioas\vendor\composer\ClassLoader.php(427): Composer\Autoload\{closure}('C:\\xampp\\htdocs...')
#3 [internal function]: Composer\Autoload\ClassLoader->loadClass('App\\Models\\Hote...')
#4 Command line code(1): class_exists('App\\Models\\Hote...')
#5 [internal function]: {closure}('App\\Models\\Hote...')
#6 Command line code(1): array_filter(Array, Object(Closure))
#7 {main}
  thrown {"exception":"[object] (Symfony\\Component\\ErrorHandler\\Error\\FatalError(code: 0): Uncaught ErrorException: include(C:\\xampp\\htdocs\\Cioas\\vendor\\composer/../../app/Models/HotelRestaurant.php): Failed to open stream: No such file or directory in C:\\xampp\\htdocs\\Cioas\\vendor\\composer\\ClassLoader.php:576
Stack trace:
#0 C:\\xampp\\htdocs\\Cioas\\vendor\\composer\\ClassLoader.php(576): Illuminate\\Foundation\\Bootstrap\\HandleExceptions->handleError(2, 'include(C:\\\\xamp...', 'C:\\\\xampp\\\\htdocs...', 576)
#1 C:\\xampp\\htdocs\\Cioas\\vendor\\composer\\ClassLoader.php(576): include()
#2 C:\\xampp\\htdocs\\Cioas\\vendor\\composer\\ClassLoader.php(427): Composer\\Autoload\\{closure}('C:\\\\xampp\\\\htdocs...')
#3 [internal function]: Composer\\Autoload\\ClassLoader->loadClass('App\\\\Models\\\\Hote...')
#4 Command line code(1): class_exists('App\\\\Models\\\\Hote...')
#5 [internal function]: {closure}('App\\\\Models\\\\Hote...')
#6 Command line code(1): array_filter(Array, Object(Closure))
#7 {main}
  thrown at C:\\xampp\\htdocs\\Cioas\\vendor\\composer\\ClassLoader.php:576)
[stacktrace]
#0 {main}
"} 
[2026-05-06 07:18:01] local.ERROR: Uncaught ErrorException: include(C:\xampp\htdocs\Cioas\vendor\composer/../../app/Models/HotelRestaurant.php): Failed to open stream: No such file or directory in C:\xampp\htdocs\Cioas\vendor\composer\ClassLoader.php:576
Stack trace:
#0 C:\xampp\htdocs\Cioas\vendor\composer\ClassLoader.php(576): Illuminate\Foundation\Bootstrap\HandleExceptions->handleError(2, 'include(C:\\xamp...', 'C:\\xampp\\htdocs...', 576)
#1 C:\xampp\htdocs\Cioas\vendor\composer\ClassLoader.php(576): include()
#2 C:\xampp\htdocs\Cioas\vendor\composer\ClassLoader.php(427): Composer\Autoload\{closure}('C:\\xampp\\htdocs...')
#3 [internal function]: Composer\Autoload\ClassLoader->loadClass('App\\Models\\Hote...')
#4 Command line code(1): class_exists('App\\Models\\Hote...')
#5 [internal function]: {closure}('App\\Models\\Hote...')
#6 Command line code(1): array_filter(Array, Object(Closure))
#7 {main}
  thrown {"exception":"[object] (Symfony\\Component\\ErrorHandler\\Error\\FatalError(code: 0): Uncaught ErrorException: include(C:\\xampp\\htdocs\\Cioas\\vendor\\composer/../../app/Models/HotelRestaurant.php): Failed to open stream: No such file or directory in C:\\xampp\\htdocs\\Cioas\\vendor\\composer\\ClassLoader.php:576
Stack trace:
#0 C:\\xampp\\htdocs\\Cioas\\vendor\\composer\\ClassLoader.php(576): Illuminate\\Foundation\\Bootstrap\\HandleExceptions->handleError(2, 'include(C:\\\\xamp...', 'C:\\\\xampp\\\\htdocs...', 576)
#1 C:\\xampp\\htdocs\\Cioas\\vendor\\composer\\ClassLoader.php(576): include()
#2 C:\\xampp\\htdocs\\Cioas\\vendor\\composer\\ClassLoader.php(427): Composer\\Autoload\\{closure}('C:\\\\xampp\\\\htdocs...')
#3 [internal function]: Composer\\Autoload\\ClassLoader->loadClass('App\\\\Models\\\\Hote...')
#4 Command line code(1): class_exists('App\\\\Models\\\\Hote...')
#5 [internal function]: {closure}('App\\\\Models\\\\Hote...')
#6 Command line code(1): array_filter(Array, Object(Closure))
#7 {main}
  thrown at C:\\xampp\\htdocs\\Cioas\\vendor\\composer\\ClassLoader.php:576)
[stacktrace]
#0 {main}
"} 
[2026-05-06 07:19:01] local.ERROR: Uncaught ErrorException: include(C:\xampp\htdocs\Cioas\vendor\composer/../../app/Models/HotelRestaurant.php): Failed to open stream: No such file or directory in C:\xampp\htdocs\Cioas\vendor\composer\ClassLoader.php:576
Stack trace:
#0 C:\xampp\htdocs\Cioas\vendor\composer\ClassLoader.php(576): Illuminate\Foundation\Bootstrap\HandleExceptions->handleError(2, 'include(C:\\xamp...', 'C:\\xampp\\htdocs...', 576)
#1 C:\xampp\htdocs\Cioas\vendor\composer\ClassLoader.php(576): include()
#2 C:\xampp\htdocs\Cioas\vendor\composer\ClassLoader.php(427): Composer\Autoload\{closure}('C:\\xampp\\htdocs...')
#3 [internal function]: Composer\Autoload\ClassLoader->loadClass('App\\Models\\Hote...')
#4 Command line code(1): class_exists('App\\Models\\Hote...')
#5 [internal function]: {closure}('App\\Models\\Hote...')
#6 Command line code(1): array_filter(Array, Object(Closure))
#7 {main}
  thrown {"exception":"[object] (Symfony\\Component\\ErrorHandler\\Error\\FatalError(code: 0): Uncaught ErrorException: include(C:\\xampp\\htdocs\\Cioas\\vendor\\composer/../../app/Models/HotelRestaurant.php): Failed to open stream: No such file or directory in C:\\xampp\\htdocs\\Cioas\\vendor\\composer\\ClassLoader.php:576
Stack trace:
#0 C:\\xampp\\htdocs\\Cioas\\vendor\\composer\\ClassLoader.php(576): Illuminate\\Foundation\\Bootstrap\\HandleExceptions->handleError(2, 'include(C:\\\\xamp...', 'C:\\\\xampp\\\\htdocs...', 576)
#1 C:\\xampp\\htdocs\\Cioas\\vendor\\composer\\ClassLoader.php(576): include()
#2 C:\\xampp\\htdocs\\Cioas\\vendor\\composer\\ClassLoader.php(427): Composer\\Autoload\\{closure}('C:\\\\xampp\\\\htdocs...')
#3 [internal function]: Composer\\Autoload\\ClassLoader->loadClass('App\\\\Models\\\\Hote...')
#4 Command line code(1): class_exists('App\\\\Models\\\\Hote...')
#5 [internal function]: {closure}('App\\\\Models\\\\Hote...')
#6 Command line code(1): array_filter(Array, Object(Closure))
#7 {main}
  thrown at C:\\xampp\\htdocs\\Cioas\\vendor\\composer\\ClassLoader.php:576)
[stacktrace]
#0 {main}
"} 
[2026-05-06 07:19:30] local.ERROR: Call to undefined relationship [category] on model [App\Models\HotelRestaurant\HotelRestaurant]. {"userId":1,"exception":"[object] (Illuminate\\Database\\Eloquent\\RelationNotFoundException(code: 0): Call to undefined relationship [category] on model [App\\Models\\HotelRestaurant\\HotelRestaurant]. at C:\\xampp\\htdocs\\Cioas\\vendor\\laravel\\framework\\src\\Illuminate\\Database\\Eloquent\\RelationNotFoundException.php:35)
[stacktrace]
#0 C:\\xampp\\htdocs\\Cioas\\vendor\\laravel\\framework\\src\\Illuminate\\Database\\Eloquent\\Builder.php(692): Illuminate\\Database\\Eloquent\\RelationNotFoundException::make(Object(App\\Models\\HotelRestaurant\\HotelRestaurant), 'category')
#1 C:\\xampp\\htdocs\\Cioas\\vendor\\laravel\\framework\\src\\Illuminate\\Database\\Eloquent\\Relations\\Relation.php(106): Illuminate\\Database\\Eloquent\\Builder->Illuminate\\Database\\Eloquent\\{closure}()
#2 C:\\xampp\\htdocs\\Cioas\\vendor\\laravel\\framework\\src\\Illuminate\\Database\\Eloquent\\Builder.php(688): Illuminate\\Database\\Eloquent\\Relations\\Relation::noConstraints(Object(Closure))
#3 C:\\xampp\\htdocs\\Cioas\\vendor\\laravel\\framework\\src\\Illuminate\\Database\\Eloquent\\Builder.php(662): Illuminate\\Database\\Eloquent\\Builder->getRelation('category')
#4 C:\\xampp\\htdocs\\Cioas\\vendor\\laravel\\framework\\src\\Illuminate\\Database\\Eloquent\\Builder.php(642): Illuminate\\Database\\Eloquent\\Builder->eagerLoadRelation(Array, 'category', Object(Closure))
#5 C:\\xampp\\htdocs\\Cioas\\vendor\\laravel\\framework\\src\\Illuminate\\Database\\Eloquent\\Builder.php(610): Illuminate\\Database\\Eloquent\\Builder->eagerLoadRelations(Array)
#6 C:\\xampp\\htdocs\\Cioas\\app\\Http\\Controllers\\HotelRestaurant\\HotelRestaurantController.php(39): Illuminate\\Database\\Eloquent\\Builder->get()
#7 C:\\xampp\\htdocs\\Cioas\\vendor\\laravel\\framework\\src\\Illuminate\\Routing\\Controller.php(54): App\\Http\\Controllers\\HotelRestaurant\\HotelRestaurantController->index()
#8 C:\\xampp\\htdocs\\Cioas\\vendor\\laravel\\framework\\src\\Illuminate\\Routing\\ControllerDispatcher.php(45): Illuminate\\Routing\\Controller->callAction('index', Array)
#9 C:\\xampp\\htdocs\\Cioas\\vendor\\laravel\\framework\\src\\Illuminate\\Routing\\Route.php(261): Illuminate\\Routing\\ControllerDispatcher->dispatch(Object(Illuminate\\Routing\\Route), Object(App\\Http\\Controllers\\HotelRestaurant\\HotelRestaurantController), 'index')
#10 C:\\xampp\\htdocs\\Cioas\\vendor\\laravel\\framework\\src\\Illuminate\\Routing\\Route.php(205): Illuminate\\Routing\\Route->runController()
#11 C:\\xampp\\htdocs\\Cioas\\vendor\\laravel\\framework\\src\\Illuminate\\Routing\\Router.php(721): Illuminate\\Routing\\Route->run()
#12 C:\\xampp\\htdocs\\Cioas\\vendor\\laravel\\framework\\src\\Illuminate\\Pipeline\\Pipeline.php(128): Illuminate\\Routing\\Router->Illuminate\\Routing\\{closure}(Object(Illuminate\\Http\\Request))
#13 C:\\xampp\\htdocs\\Cioas\\vendor\\laravel\\framework\\src\\Illuminate\\Routing\\Middleware\\SubstituteBindings.php(50): Illuminate\\Pipeline\\Pipeline->Illuminate\\Pipeline\\{closure}(Object(Illuminate\\Http\\Request))
#14 C:\\xampp\\htdocs\\Cioas\\vendor\\laravel\\framework\\src\\Illuminate\\Pipeline\\Pipeline.php(167): Illuminate\\Routing\\Middleware\\SubstituteBindings->handle(Object(Illuminate\\Http\\Request), Object(Closure))
#15 C:\\xampp\\htdocs\\Cioas\\vendor\\laravel\\framework\\src\\Illuminate\\Auth\\Middleware\\Authenticate.php(44): Illuminate\\Pipeline\\Pipeline->Illuminate\\Pipeline\\{closure}(Object(Illuminate\\Http\\Request))
#16 C:\\xampp\\htdocs\\Cioas\\vendor\\laravel\\framework\\src\\Illuminate\\Pipeline\\Pipeline.php(167): Illuminate\\Auth\\Middleware\\Authenticate->handle(Object(Illuminate\\Http\\Request), Object(Closure))
#17 C:\\xampp\\htdocs\\Cioas\\vendor\\laravel\\framework\\src\\Illuminate\\Foundation\\Http\\Middleware\\VerifyCsrfToken.php(78): Illuminate\\Pipeline\\Pipeline->Illuminate\\Pipeline\\{closure}(Object(Illuminate\\Http\\Request))
#18 C:\\xampp\\htdocs\\Cioas\\vendor\\laravel\\framework\\src\\Illuminate\\Pipeline\\Pipeline.php(167): Illuminate\\Foundation\\Http\\Middleware\\VerifyCsrfToken->handle(Object(Illuminate\\Http\\Request), Object(Closure))
#19 C:\\xampp\\htdocs\\Cioas\\vendor\\laravel\\framework\\src\\Illuminate\\View\\Middleware\\ShareErrorsFromSession.php(49): Illuminate\\Pipeline\\Pipeline->Illuminate\\Pipeline\\{closure}(Object(Illuminate\\Http\\Request))
#20 C:\\xampp\\htdocs\\Cioas\\vendor\\laravel\\framework\\src\\Illuminate\\Pipeline\\Pipeline.php(167): Illuminate\\View\\Middleware\\ShareErrorsFromSession->handle(Object(Illuminate\\Http\\Request), Object(Closure))
#21 C:\\xampp\\htdocs\\Cioas\\vendor\\laravel\\framework\\src\\Illuminate\\Session\\Middleware\\StartSession.php(121): Illuminate\\Pipeline\\Pipeline->Illuminate\\Pipeline\\{closure}(Object(Illuminate\\Http\\Request))
#22 C:\\xampp\\htdocs\\Cioas\\vendor\\laravel\\framework\\src\\Illuminate\\Session\\Middleware\\StartSession.php(64): Illuminate\\Session\\Middleware\\StartSession->handleStatefulRequest(Object(Illuminate\\Http\\Request), Object(Illuminate\\Session\\Store), Object(Closure))
#23 C:\\xampp\\htdocs\\Cioas\\vendor\\laravel\\framework\\src\\Illuminate\\Pipeline\\Pipeline.php(167): Illuminate\\Session\\Middleware\\StartSession->handle(Object(Illuminate\\Http\\Request), Object(Closure))
#24 C:\\xampp\\htdocs\\Cioas\\vendor\\laravel\\framework\\src\\Illuminate\\Cookie\\Middleware\\AddQueuedCookiesToResponse.php(37): Illuminate\\Pipeline\\Pipeline->Illuminate\\Pipeline\\{closure}(Object(Illuminate\\Http\\Request))
#25 C:\\xampp\\htdocs\\Cioas\\vendor\\laravel\\framework\\src\\Illuminate\\Pipeline\\Pipeline.php(167): Illuminate\\Cookie\\Middleware\\AddQueuedCookiesToResponse->handle(Object(Illuminate\\Http\\Request), Object(Closure))
#26 C:\\xampp\\htdocs\\Cioas\\vendor\\laravel\\framework\\src\\Illuminate\\Cookie\\Middleware\\EncryptCookies.php(67): Illuminate\\Pipeline\\Pipeline->Illuminate\\Pipeline\\{closure}(Object(Illuminate\\Http\\Request))
#27 C:\\xampp\\htdocs\\Cioas\\vendor\\laravel\\framework\\src\\Illuminate\\Pipeline\\Pipeline.php(167): Illuminate\\Cookie\\Middleware\\EncryptCookies->handle(Object(Illuminate\\Http\\Request), Object(Closure))
#28 C:\\xampp\\htdocs\\Cioas\\vendor\\laravel\\framework\\src\\Illuminate\\Pipeline\\Pipeline.php(103): Illuminate\\Pipeline\\Pipeline->Illuminate\\Pipeline\\{closure}(Object(Illuminate\\Http\\Request))
#29 C:\\xampp\\htdocs\\Cioas\\vendor\\laravel\\framework\\src\\Illuminate\\Routing\\Router.php(719): Illuminate\\Pipeline\\Pipeline->then(Object(Closure))
#30 C:\\xampp\\htdocs\\Cioas\\vendor\\laravel\\framework\\src\\Illuminate\\Routing\\Router.php(698): Illuminate\\Routing\\Router->runRouteWithinStack(Object(Illuminate\\Routing\\Route), Object(Illuminate\\Http\\Request))
#31 C:\\xampp\\htdocs\\Cioas\\vendor\\laravel\\framework\\src\\Illuminate\\Routing\\Router.php(662): Illuminate\\Routing\\Router->runRoute(Object(Illuminate\\Http\\Request), Object(Illuminate\\Routing\\Route))
#32 C:\\xampp\\htdocs\\Cioas\\vendor\\laravel\\framework\\src\\Illuminate\\Routing\\Router.php(651): Illuminate\\Routing\\Router->dispatchToRoute(Object(Illuminate\\Http\\Request))
#33 C:\\xampp\\htdocs\\Cioas\\vendor\\laravel\\framework\\src\\Illuminate\\Foundation\\Http\\Kernel.php(167): Illuminate\\Routing\\Router->dispatch(Object(Illuminate\\Http\\Request))
#34 C:\\xampp\\htdocs\\Cioas\\vendor\\laravel\\framework\\src\\Illuminate\\Pipeline\\Pipeline.php(128): Illuminate\\Foundation\\Http\\Kernel->Illuminate\\Foundation\\Http\\{closure}(Object(Illuminate\\Http\\Request))
#35 C:\\xampp\\htdocs\\Cioas\\vendor\\laravel\\framework\\src\\Illuminate\\Foundation\\Http\\Middleware\\TransformsRequest.php(21): Illuminate\\Pipeline\\Pipeline->Illuminate\\Pipeline\\{closure}(Object(Illuminate\\Http\\Request))
#36 C:\\xampp\\htdocs\\Cioas\\vendor\\laravel\\framework\\src\\Illuminate\\Foundation\\Http\\Middleware\\ConvertEmptyStringsToNull.php(31): Illuminate\\Foundation\\Http\\Middleware\\TransformsRequest->handle(Object(Illuminate\\Http\\Request), Object(Closure))
#37 C:\\xampp\\htdocs\\Cioas\\vendor\\laravel\\framework\\src\\Illuminate\\Pipeline\\Pipeline.php(167): Illuminate\\Foundation\\Http\\Middleware\\ConvertEmptyStringsToNull->handle(Object(Illuminate\\Http\\Request), Object(Closure))
#38 C:\\xampp\\htdocs\\Cioas\\vendor\\laravel\\framework\\src\\Illuminate\\Foundation\\Http\\Middleware\\TransformsRequest.php(21): Illuminate\\Pipeline\\Pipeline->Illuminate\\Pipeline\\{closure}(Object(Illuminate\\Http\\Request))
#39 C:\\xampp\\htdocs\\Cioas\\vendor\\laravel\\framework\\src\\Illuminate\\Foundation\\Http\\Middleware\\TrimStrings.php(40): Illuminate\\Foundation\\Http\\Middleware\\TransformsRequest->handle(Object(Illuminate\\Http\\Request), Object(Closure))
#40 C:\\xampp\\htdocs\\Cioas\\vendor\\laravel\\framework\\src\\Illuminate\\Pipeline\\Pipeline.php(167): Illuminate\\Foundation\\Http\\Middleware\\TrimStrings->handle(Object(Illuminate\\Http\\Request), Object(Closure))
#41 C:\\xampp\\htdocs\\Cioas\\vendor\\laravel\\framework\\src\\Illuminate\\Foundation\\Http\\Middleware\\ValidatePostSize.php(27): Illuminate\\Pipeline\\Pipeline->Illuminate\\Pipeline\\{closure}(Object(Illuminate\\Http\\Request))
#42 C:\\xampp\\htdocs\\Cioas\\vendor\\laravel\\framework\\src\\Illuminate\\Pipeline\\Pipeline.php(167): Illuminate\\Foundation\\Http\\Middleware\\ValidatePostSize->handle(Object(Illuminate\\Http\\Request), Object(Closure))
#43 C:\\xampp\\htdocs\\Cioas\\vendor\\laravel\\framework\\src\\Illuminate\\Foundation\\Http\\Middleware\\PreventRequestsDuringMaintenance.php(86): Illuminate\\Pipeline\\Pipeline->Illuminate\\Pipeline\\{closure}(Object(Illuminate\\Http\\Request))
#44 C:\\xampp\\htdocs\\Cioas\\vendor\\laravel\\framework\\src\\Illuminate\\Pipeline\\Pipeline.php(167): Illuminate\\Foundation\\Http\\Middleware\\PreventRequestsDuringMaintenance->handle(Object(Illuminate\\Http\\Request), Object(Closure))
#45 C:\\xampp\\htdocs\\Cioas\\vendor\\fruitcake\\laravel-cors\\src\\HandleCors.php(38): Illuminate\\Pipeline\\Pipeline->Illuminate\\Pipeline\\{closure}(Object(Illuminate\\Http\\Request))
#46 C:\\xampp\\htdocs\\Cioas\\vendor\\laravel\\framework\\src\\Illuminate\\Pipeline\\Pipeline.php(167): Fruitcake\\Cors\\HandleCors->handle(Object(Illuminate\\Http\\Request), Object(Closure))
#47 C:\\xampp\\htdocs\\Cioas\\vendor\\laravel\\framework\\src\\Illuminate\\Http\\Middleware\\TrustProxies.php(39): Illuminate\\Pipeline\\Pipeline->Illuminate\\Pipeline\\{closure}(Object(Illuminate\\Http\\Request))
#48 C:\\xampp\\htdocs\\Cioas\\vendor\\laravel\\framework\\src\\Illuminate\\Pipeline\\Pipeline.php(167): Illuminate\\Http\\Middleware\\TrustProxies->handle(Object(Illuminate\\Http\\Request), Object(Closure))
#49 C:\\xampp\\htdocs\\Cioas\\vendor\\laravel\\framework\\src\\Illuminate\\Pipeline\\Pipeline.php(103): Illuminate\\Pipeline\\Pipeline->Illuminate\\Pipeline\\{closure}(Object(Illuminate\\Http\\Request))
#50 C:\\xampp\\htdocs\\Cioas\\vendor\\laravel\\framework\\src\\Illuminate\\Foundation\\Http\\Kernel.php(142): Illuminate\\Pipeline\\Pipeline->then(Object(Closure))
#51 C:\\xampp\\htdocs\\Cioas\\vendor\\laravel\\framework\\src\\Illuminate\\Foundation\\Http\\Kernel.php(111): Illuminate\\Foundation\\Http\\Kernel->sendRequestThroughRouter(Object(Illuminate\\Http\\Request))
#52 C:\\xampp\\htdocs\\Cioas\\public\\index.php(51): Illuminate\\Foundation\\Http\\Kernel->handle(Object(Illuminate\\Http\\Request))
#53 C:\\xampp\\htdocs\\Cioas\\server.php(21): require_once('C:\\\\xampp\\\\htdocs...')
#54 {main}
"} 
[2026-05-06 07:19:33] local.ERROR: Call to undefined relationship [category] on model [App\Models\HotelRestaurant\HotelRestaurant]. {"userId":1,"exception":"[object] (Illuminate\\Database\\Eloquent\\RelationNotFoundException(code: 0): Call to undefined relationship [category] on model [App\\Models\\HotelRestaurant\\HotelRestaurant]. at C:\\xampp\\htdocs\\Cioas\\vendor\\laravel\\framework\\src\\Illuminate\\Database\\Eloquent\\RelationNotFoundException.php:35)
[stacktrace]
#0 C:\\xampp\\htdocs\\Cioas\\vendor\\laravel\\framework\\src\\Illuminate\\Database\\Eloquent\\Builder.php(692): Illuminate\\Database\\Eloquent\\RelationNotFoundException::make(Object(App\\Models\\HotelRestaurant\\HotelRestaurant), 'category')
#1 C:\\xampp\\htdocs\\Cioas\\vendor\\laravel\\framework\\src\\Illuminate\\Database\\Eloquent\\Relations\\Relation.php(106): Illuminate\\Database\\Eloquent\\Builder->Illuminate\\Database\\Eloquent\\{closure}()
#2 C:\\xampp\\htdocs\\Cioas\\vendor\\laravel\\framework\\src\\Illuminate\\Database\\Eloquent\\Builder.php(688): Illuminate\\Database\\Eloquent\\Relations\\Relation::noConstraints(Object(Closure))
#3 C:\\xampp\\htdocs\\Cioas\\vendor\\laravel\\framework\\src\\Illuminate\\Database\\Eloquent\\Builder.php(662): Illuminate\\Database\\Eloquent\\Builder->getRelation('category')
#4 C:\\xampp\\htdocs\\Cioas\\vendor\\laravel\\framework\\src\\Illuminate\\Database\\Eloquent\\Builder.php(642): Illuminate\\Database\\Eloquent\\Builder->eagerLoadRelation(Array, 'category', Object(Closure))
#5 C:\\xampp\\htdocs\\Cioas\\vendor\\laravel\\framework\\src\\Illuminate\\Database\\Eloquent\\Builder.php(610): Illuminate\\Database\\Eloquent\\Builder->eagerLoadRelations(Array)
#6 C:\\xampp\\htdocs\\Cioas\\app\\Http\\Controllers\\HotelRestaurant\\HotelRestaurantController.php(39): Illuminate\\Database\\Eloquent\\Builder->get()
#7 C:\\xampp\\htdocs\\Cioas\\vendor\\laravel\\framework\\src\\Illuminate\\Routing\\Controller.php(54): App\\Http\\Controllers\\HotelRestaurant\\HotelRestaurantController->index()
#8 C:\\xampp\\htdocs\\Cioas\\vendor\\laravel\\framework\\src\\Illuminate\\Routing\\ControllerDispatcher.php(45): Illuminate\\Routing\\Controller->callAction('index', Array)
#9 C:\\xampp\\htdocs\\Cioas\\vendor\\laravel\\framework\\src\\Illuminate\\Routing\\Route.php(261): Illuminate\\Routing\\ControllerDispatcher->dispatch(Object(Illuminate\\Routing\\Route), Object(App\\Http\\Controllers\\HotelRestaurant\\HotelRestaurantController), 'index')
#10 C:\\xampp\\htdocs\\Cioas\\vendor\\laravel\\framework\\src\\Illuminate\\Routing\\Route.php(205): Illuminate\\Routing\\Route->runController()
#11 C:\\xampp\\htdocs\\Cioas\\vendor\\laravel\\framework\\src\\Illuminate\\Routing\\Router.php(721): Illuminate\\Routing\\Route->run()
#12 C:\\xampp\\htdocs\\Cioas\\vendor\\laravel\\framework\\src\\Illuminate\\Pipeline\\Pipeline.php(128): Illuminate\\Routing\\Router->Illuminate\\Routing\\{closure}(Object(Illuminate\\Http\\Request))
#13 C:\\xampp\\htdocs\\Cioas\\vendor\\laravel\\framework\\src\\Illuminate\\Routing\\Middleware\\SubstituteBindings.php(50): Illuminate\\Pipeline\\Pipeline->Illuminate\\Pipeline\\{closure}(Object(Illuminate\\Http\\Request))
#14 C:\\xampp\\htdocs\\Cioas\\vendor\\laravel\\framework\\src\\Illuminate\\Pipeline\\Pipeline.php(167): Illuminate\\Routing\\Middleware\\SubstituteBindings->handle(Object(Illuminate\\Http\\Request), Object(Closure))
#15 C:\\xampp\\htdocs\\Cioas\\vendor\\laravel\\framework\\src\\Illuminate\\Auth\\Middleware\\Authenticate.php(44): Illuminate\\Pipeline\\Pipeline->Illuminate\\Pipeline\\{closure}(Object(Illuminate\\Http\\Request))
#16 C:\\xampp\\htdocs\\Cioas\\vendor\\laravel\\framework\\src\\Illuminate\\Pipeline\\Pipeline.php(167): Illuminate\\Auth\\Middleware\\Authenticate->handle(Object(Illuminate\\Http\\Request), Object(Closure))
#17 C:\\xampp\\htdocs\\Cioas\\vendor\\laravel\\framework\\src\\Illuminate\\Foundation\\Http\\Middleware\\VerifyCsrfToken.php(78): Illuminate\\Pipeline\\Pipeline->Illuminate\\Pipeline\\{closure}(Object(Illuminate\\Http\\Request))
#18 C:\\xampp\\htdocs\\Cioas\\vendor\\laravel\\framework\\src\\Illuminate\\Pipeline\\Pipeline.php(167): Illuminate\\Foundation\\Http\\Middleware\\VerifyCsrfToken->handle(Object(Illuminate\\Http\\Request), Object(Closure))
#19 C:\\xampp\\htdocs\\Cioas\\vendor\\laravel\\framework\\src\\Illuminate\\View\\Middleware\\ShareErrorsFromSession.php(49): Illuminate\\Pipeline\\Pipeline->Illuminate\\Pipeline\\{closure}(Object(Illuminate\\Http\\Request))
#20 C:\\xampp\\htdocs\\Cioas\\vendor\\laravel\\framework\\src\\Illuminate\\Pipeline\\Pipeline.php(167): Illuminate\\View\\Middleware\\ShareErrorsFromSession->handle(Object(Illuminate\\Http\\Request), Object(Closure))
#21 C:\\xampp\\htdocs\\Cioas\\vendor\\laravel\\framework\\src\\Illuminate\\Session\\Middleware\\StartSession.php(121): Illuminate\\Pipeline\\Pipeline->Illuminate\\Pipeline\\{closure}(Object(Illuminate\\Http\\Request))
#22 C:\\xampp\\htdocs\\Cioas\\vendor\\laravel\\framework\\src\\Illuminate\\Session\\Middleware\\StartSession.php(64): Illuminate\\Session\\Middleware\\StartSession->handleStatefulRequest(Object(Illuminate\\Http\\Request), Object(Illuminate\\Session\\Store), Object(Closure))
#23 C:\\xampp\\htdocs\\Cioas\\vendor\\laravel\\framework\\src\\Illuminate\\Pipeline\\Pipeline.php(167): Illuminate\\Session\\Middleware\\StartSession->handle(Object(Illuminate\\Http\\Request), Object(Closure))
#24 C:\\xampp\\htdocs\\Cioas\\vendor\\laravel\\framework\\src\\Illuminate\\Cookie\\Middleware\\AddQueuedCookiesToResponse.php(37): Illuminate\\Pipeline\\Pipeline->Illuminate\\Pipeline\\{closure}(Object(Illuminate\\Http\\Request))
#25 C:\\xampp\\htdocs\\Cioas\\vendor\\laravel\\framework\\src\\Illuminate\\Pipeline\\Pipeline.php(167): Illuminate\\Cookie\\Middleware\\AddQueuedCookiesToResponse->handle(Object(Illuminate\\Http\\Request), Object(Closure))
#26 C:\\xampp\\htdocs\\Cioas\\vendor\\laravel\\framework\\src\\Illuminate\\Cookie\\Middleware\\EncryptCookies.php(67): Illuminate\\Pipeline\\Pipeline->Illuminate\\Pipeline\\{closure}(Object(Illuminate\\Http\\Request))
#27 C:\\xampp\\htdocs\\Cioas\\vendor\\laravel\\framework\\src\\Illuminate\\Pipeline\\Pipeline.php(167): Illuminate\\Cookie\\Middleware\\EncryptCookies->handle(Object(Illuminate\\Http\\Request), Object(Closure))
#28 C:\\xampp\\htdocs\\Cioas\\vendor\\laravel\\framework\\src\\Illuminate\\Pipeline\\Pipeline.php(103): Illuminate\\Pipeline\\Pipeline->Illuminate\\Pipeline\\{closure}(Object(Illuminate\\Http\\Request))
#29 C:\\xampp\\htdocs\\Cioas\\vendor\\laravel\\framework\\src\\Illuminate\\Routing\\Router.php(719): Illuminate\\Pipeline\\Pipeline->then(Object(Closure))
#30 C:\\xampp\\htdocs\\Cioas\\vendor\\laravel\\framework\\src\\Illuminate\\Routing\\Router.php(698): Illuminate\\Routing\\Router->runRouteWithinStack(Object(Illuminate\\Routing\\Route), Object(Illuminate\\Http\\Request))
#31 C:\\xampp\\htdocs\\Cioas\\vendor\\laravel\\framework\\src\\Illuminate\\Routing\\Router.php(662): Illuminate\\Routing\\Router->runRoute(Object(Illuminate\\Http\\Request), Object(Illuminate\\Routing\\Route))
#32 C:\\xampp\\htdocs\\Cioas\\vendor\\laravel\\framework\\src\\Illuminate\\Routing\\Router.php(651): Illuminate\\Routing\\Router->dispatchToRoute(Object(Illuminate\\Http\\Request))
#33 C:\\xampp\\htdocs\\Cioas\\vendor\\laravel\\framework\\src\\Illuminate\\Foundation\\Http\\Kernel.php(167): Illuminate\\Routing\\Router->dispatch(Object(Illuminate\\Http\\Request))
#34 C:\\xampp\\htdocs\\Cioas\\vendor\\laravel\\framework\\src\\Illuminate\\Pipeline\\Pipeline.php(128): Illuminate\\Foundation\\Http\\Kernel->Illuminate\\Foundation\\Http\\{closure}(Object(Illuminate\\Http\\Request))
#35 C:\\xampp\\htdocs\\Cioas\\vendor\\laravel\\framework\\src\\Illuminate\\Foundation\\Http\\Middleware\\TransformsRequest.php(21): Illuminate\\Pipeline\\Pipeline->Illuminate\\Pipeline\\{closure}(Object(Illuminate\\Http\\Request))
#36 C:\\xampp\\htdocs\\Cioas\\vendor\\laravel\\framework\\src\\Illuminate\\Foundation\\Http\\Middleware\\ConvertEmptyStringsToNull.php(31): Illuminate\\Foundation\\Http\\Middleware\\TransformsRequest->handle(Object(Illuminate\\Http\\Request), Object(Closure))
#37 C:\\xampp\\htdocs\\Cioas\\vendor\\laravel\\framework\\src\\Illuminate\\Pipeline\\Pipeline.php(167): Illuminate\\Foundation\\Http\\Middleware\\ConvertEmptyStringsToNull->handle(Object(Illuminate\\Http\\Request), Object(Closure))
#38 C:\\xampp\\htdocs\\Cioas\\vendor\\laravel\\framework\\src\\Illuminate\\Foundation\\Http\\Middleware\\TransformsRequest.php(21): Illuminate\\Pipeline\\Pipeline->Illuminate\\Pipeline\\{closure}(Object(Illuminate\\Http\\Request))
#39 C:\\xampp\\htdocs\\Cioas\\vendor\\laravel\\framework\\src\\Illuminate\\Foundation\\Http\\Middleware\\TrimStrings.php(40): Illuminate\\Foundation\\Http\\Middleware\\TransformsRequest->handle(Object(Illuminate\\Http\\Request), Object(Closure))
#40 C:\\xampp\\htdocs\\Cioas\\vendor\\laravel\\framework\\src\\Illuminate\\Pipeline\\Pipeline.php(167): Illuminate\\Foundation\\Http\\Middleware\\TrimStrings->handle(Object(Illuminate\\Http\\Request), Object(Closure))
#41 C:\\xampp\\htdocs\\Cioas\\vendor\\laravel\\framework\\src\\Illuminate\\Foundation\\Http\\Middleware\\ValidatePostSize.php(27): Illuminate\\Pipeline\\Pipeline->Illuminate\\Pipeline\\{closure}(Object(Illuminate\\Http\\Request))
#42 C:\\xampp\\htdocs\\Cioas\\vendor\\laravel\\framework\\src\\Illuminate\\Pipeline\\Pipeline.php(167): Illuminate\\Foundation\\Http\\Middleware\\ValidatePostSize->handle(Object(Illuminate\\Http\\Request), Object(Closure))
#43 C:\\xampp\\htdocs\\Cioas\\vendor\\laravel\\framework\\src\\Illuminate\\Foundation\\Http\\Middleware\\PreventRequestsDuringMaintenance.php(86): Illuminate\\Pipeline\\Pipeline->Illuminate\\Pipeline\\{closure}(Object(Illuminate\\Http\\Request))
#44 C:\\xampp\\htdocs\\Cioas\\vendor\\laravel\\framework\\src\\Illuminate\\Pipeline\\Pipeline.php(167): Illuminate\\Foundation\\Http\\Middleware\\PreventRequestsDuringMaintenance->handle(Object(Illuminate\\Http\\Request), Object(Closure))
#45 C:\\xampp\\htdocs\\Cioas\\vendor\\fruitcake\\laravel-cors\\src\\HandleCors.php(38): Illuminate\\Pipeline\\Pipeline->Illuminate\\Pipeline\\{closure}(Object(Illuminate\\Http\\Request))
#46 C:\\xampp\\htdocs\\Cioas\\vendor\\laravel\\framework\\src\\Illuminate\\Pipeline\\Pipeline.php(167): Fruitcake\\Cors\\HandleCors->handle(Object(Illuminate\\Http\\Request), Object(Closure))
#47 C:\\xampp\\htdocs\\Cioas\\vendor\\laravel\\framework\\src\\Illuminate\\Http\\Middleware\\TrustProxies.php(39): Illuminate\\Pipeline\\Pipeline->Illuminate\\Pipeline\\{closure}(Object(Illuminate\\Http\\Request))
#48 C:\\xampp\\htdocs\\Cioas\\vendor\\laravel\\framework\\src\\Illuminate\\Pipeline\\Pipeline.php(167): Illuminate\\Http\\Middleware\\TrustProxies->handle(Object(Illuminate\\Http\\Request), Object(Closure))
#49 C:\\xampp\\htdocs\\Cioas\\vendor\\laravel\\framework\\src\\Illuminate\\Pipeline\\Pipeline.php(103): Illuminate\\Pipeline\\Pipeline->Illuminate\\Pipeline\\{closure}(Object(Illuminate\\Http\\Request))
#50 C:\\xampp\\htdocs\\Cioas\\vendor\\laravel\\framework\\src\\Illuminate\\Foundation\\Http\\Kernel.php(142): Illuminate\\Pipeline\\Pipeline->then(Object(Closure))
#51 C:\\xampp\\htdocs\\Cioas\\vendor\\laravel\\framework\\src\\Illuminate\\Foundation\\Http\\Kernel.php(111): Illuminate\\Foundation\\Http\\Kernel->sendRequestThroughRouter(Object(Illuminate\\Http\\Request))
#52 C:\\xampp\\htdocs\\Cioas\\public\\index.php(51): Illuminate\\Foundation\\Http\\Kernel->handle(Object(Illuminate\\Http\\Request))
#53 C:\\xampp\\htdocs\\Cioas\\server.php(21): require_once('C:\\\\xampp\\\\htdocs...')
#54 {main}
"} 
[2026-05-06 07:20:01] local.ERROR: Uncaught ErrorException: include(C:\xampp\htdocs\Cioas\vendor\composer/../../app/Models/HotelRestaurant.php): Failed to open stream: No such file or directory in C:\xampp\htdocs\Cioas\vendor\composer\ClassLoader.php:576
Stack trace:
#0 C:\xampp\htdocs\Cioas\vendor\composer\ClassLoader.php(576): Illuminate\Foundation\Bootstrap\HandleExceptions->handleError(2, 'include(C:\\xamp...', 'C:\\xampp\\htdocs...', 576)
#1 C:\xampp\htdocs\Cioas\vendor\composer\ClassLoader.php(576): include()
#2 C:\xampp\htdocs\Cioas\vendor\composer\ClassLoader.php(427): Composer\Autoload\{closure}('C:\\xampp\\htdocs...')
#3 [internal function]: Composer\Autoload\ClassLoader->loadClass('App\\Models\\Hote...')
#4 Command line code(1): class_exists('App\\Models\\Hote...')
#5 [internal function]: {closure}('App\\Models\\Hote...')
#6 Command line code(1): array_filter(Array, Object(Closure))
#7 {main}
  thrown {"exception":"[object] (Symfony\\Component\\ErrorHandler\\Error\\FatalError(code: 0): Uncaught ErrorException: include(C:\\xampp\\htdocs\\Cioas\\vendor\\composer/../../app/Models/HotelRestaurant.php): Failed to open stream: No such file or directory in C:\\xampp\\htdocs\\Cioas\\vendor\\composer\\ClassLoader.php:576
Stack trace:
#0 C:\\xampp\\htdocs\\Cioas\\vendor\\composer\\ClassLoader.php(576): Illuminate\\Foundation\\Bootstrap\\HandleExceptions->handleError(2, 'include(C:\\\\xamp...', 'C:\\\\xampp\\\\htdocs...', 576)
#1 C:\\xampp\\htdocs\\Cioas\\vendor\\composer\\ClassLoader.php(576): include()
#2 C:\\xampp\\htdocs\\Cioas\\vendor\\composer\\ClassLoader.php(427): Composer\\Autoload\\{closure}('C:\\\\xampp\\\\htdocs...')
#3 [internal function]: Composer\\Autoload\\ClassLoader->loadClass('App\\\\Models\\\\Hote...')
#4 Command line code(1): class_exists('App\\\\Models\\\\Hote...')
#5 [internal function]: {closure}('App\\\\Models\\\\Hote...')
#6 Command line code(1): array_filter(Array, Object(Closure))
#7 {main}
  thrown at C:\\xampp\\htdocs\\Cioas\\vendor\\composer\\ClassLoader.php:576)
[stacktrace]
#0 {main}
"} 
[2026-05-06 07:20:12] local.ERROR: Call to undefined relationship [category] on model [App\Models\HotelRestaurant\HotelRestaurant]. {"userId":1,"exception":"[object] (Illuminate\\Database\\Eloquent\\RelationNotFoundException(code: 0): Call to undefined relationship [category] on model [App\\Models\\HotelRestaurant\\HotelRestaurant]. at C:\\xampp\\htdocs\\Cioas\\vendor\\laravel\\framework\\src\\Illuminate\\Database\\Eloquent\\RelationNotFoundException.php:35)
[stacktrace]
#0 C:\\xampp\\htdocs\\Cioas\\vendor\\laravel\\framework\\src\\Illuminate\\Database\\Eloquent\\Builder.php(692): Illuminate\\Database\\Eloquent\\RelationNotFoundException::make(Object(App\\Models\\HotelRestaurant\\HotelRestaurant), 'category')
#1 C:\\xampp\\htdocs\\Cioas\\vendor\\laravel\\framework\\src\\Illuminate\\Database\\Eloquent\\Relations\\Relation.php(106): Illuminate\\Database\\Eloquent\\Builder->Illuminate\\Database\\Eloquent\\{closure}()
#2 C:\\xampp\\htdocs\\Cioas\\vendor\\laravel\\framework\\src\\Illuminate\\Database\\Eloquent\\Builder.php(688): Illuminate\\Database\\Eloquent\\Relations\\Relation::noConstraints(Object(Closure))
#3 C:\\xampp\\htdocs\\Cioas\\vendor\\laravel\\framework\\src\\Illuminate\\Database\\Eloquent\\Builder.php(662): Illuminate\\Database\\Eloquent\\Builder->getRelation('category')
#4 C:\\xampp\\htdocs\\Cioas\\vendor\\laravel\\framework\\src\\Illuminate\\Database\\Eloquent\\Builder.php(642): Illuminate\\Database\\Eloquent\\Builder->eagerLoadRelation(Array, 'category', Object(Closure))
#5 C:\\xampp\\htdocs\\Cioas\\vendor\\laravel\\framework\\src\\Illuminate\\Database\\Eloquent\\Builder.php(610): Illuminate\\Database\\Eloquent\\Builder->eagerLoadRelations(Array)
#6 C:\\xampp\\htdocs\\Cioas\\app\\Http\\Controllers\\HotelRestaurant\\HotelRestaurantController.php(39): Illuminate\\Database\\Eloquent\\Builder->get()
#7 C:\\xampp\\htdocs\\Cioas\\vendor\\laravel\\framework\\src\\Illuminate\\Routing\\Controller.php(54): App\\Http\\Controllers\\HotelRestaurant\\HotelRestaurantController->index()
#8 C:\\xampp\\htdocs\\Cioas\\vendor\\laravel\\framework\\src\\Illuminate\\Routing\\ControllerDispatcher.php(45): Illuminate\\Routing\\Controller->callAction('index', Array)
#9 C:\\xampp\\htdocs\\Cioas\\vendor\\laravel\\framework\\src\\Illuminate\\Routing\\Route.php(261): Illuminate\\Routing\\ControllerDispatcher->dispatch(Object(Illuminate\\Routing\\Route), Object(App\\Http\\Controllers\\HotelRestaurant\\HotelRestaurantController), 'index')
#10 C:\\xampp\\htdocs\\Cioas\\vendor\\laravel\\framework\\src\\Illuminate\\Routing\\Route.php(205): Illuminate\\Routing\\Route->runController()
#11 C:\\xampp\\htdocs\\Cioas\\vendor\\laravel\\framework\\src\\Illuminate\\Routing\\Router.php(721): Illuminate\\Routing\\Route->run()
#12 C:\\xampp\\htdocs\\Cioas\\vendor\\laravel\\framework\\src\\Illuminate\\Pipeline\\Pipeline.php(128): Illuminate\\Routing\\Router->Illuminate\\Routing\\{closure}(Object(Illuminate\\Http\\Request))
#13 C:\\xampp\\htdocs\\Cioas\\vendor\\laravel\\framework\\src\\Illuminate\\Routing\\Middleware\\SubstituteBindings.php(50): Illuminate\\Pipeline\\Pipeline->Illuminate\\Pipeline\\{closure}(Object(Illuminate\\Http\\Request))
#14 C:\\xampp\\htdocs\\Cioas\\vendor\\laravel\\framework\\src\\Illuminate\\Pipeline\\Pipeline.php(167): Illuminate\\Routing\\Middleware\\SubstituteBindings->handle(Object(Illuminate\\Http\\Request), Object(Closure))
#15 C:\\xampp\\htdocs\\Cioas\\vendor\\laravel\\framework\\src\\Illuminate\\Auth\\Middleware\\Authenticate.php(44): Illuminate\\Pipeline\\Pipeline->Illuminate\\Pipeline\\{closure}(Object(Illuminate\\Http\\Request))
#16 C:\\xampp\\htdocs\\Cioas\\vendor\\laravel\\framework\\src\\Illuminate\\Pipeline\\Pipeline.php(167): Illuminate\\Auth\\Middleware\\Authenticate->handle(Object(Illuminate\\Http\\Request), Object(Closure))
#17 C:\\xampp\\htdocs\\Cioas\\vendor\\laravel\\framework\\src\\Illuminate\\Foundation\\Http\\Middleware\\VerifyCsrfToken.php(78): Illuminate\\Pipeline\\Pipeline->Illuminate\\Pipeline\\{closure}(Object(Illuminate\\Http\\Request))
#18 C:\\xampp\\htdocs\\Cioas\\vendor\\laravel\\framework\\src\\Illuminate\\Pipeline\\Pipeline.php(167): Illuminate\\Foundation\\Http\\Middleware\\VerifyCsrfToken->handle(Object(Illuminate\\Http\\Request), Object(Closure))
#19 C:\\xampp\\htdocs\\Cioas\\vendor\\laravel\\framework\\src\\Illuminate\\View\\Middleware\\ShareErrorsFromSession.php(49): Illuminate\\Pipeline\\Pipeline->Illuminate\\Pipeline\\{closure}(Object(Illuminate\\Http\\Request))
#20 C:\\xampp\\htdocs\\Cioas\\vendor\\laravel\\framework\\src\\Illuminate\\Pipeline\\Pipeline.php(167): Illuminate\\View\\Middleware\\ShareErrorsFromSession->handle(Object(Illuminate\\Http\\Request), Object(Closure))
#21 C:\\xampp\\htdocs\\Cioas\\vendor\\laravel\\framework\\src\\Illuminate\\Session\\Middleware\\StartSession.php(121): Illuminate\\Pipeline\\Pipeline->Illuminate\\Pipeline\\{closure}(Object(Illuminate\\Http\\Request))
#22 C:\\xampp\\htdocs\\Cioas\\vendor\\laravel\\framework\\src\\Illuminate\\Session\\Middleware\\StartSession.php(64): Illuminate\\Session\\Middleware\\StartSession->handleStatefulRequest(Object(Illuminate\\Http\\Request), Object(Illuminate\\Session\\Store), Object(Closure))
#23 C:\\xampp\\htdocs\\Cioas\\vendor\\laravel\\framework\\src\\Illuminate\\Pipeline\\Pipeline.php(167): Illuminate\\Session\\Middleware\\StartSession->handle(Object(Illuminate\\Http\\Request), Object(Closure))
#24 C:\\xampp\\htdocs\\Cioas\\vendor\\laravel\\framework\\src\\Illuminate\\Cookie\\Middleware\\AddQueuedCookiesToResponse.php(37): Illuminate\\Pipeline\\Pipeline->Illuminate\\Pipeline\\{closure}(Object(Illuminate\\Http\\Request))
#25 C:\\xampp\\htdocs\\Cioas\\vendor\\laravel\\framework\\src\\Illuminate\\Pipeline\\Pipeline.php(167): Illuminate\\Cookie\\Middleware\\AddQueuedCookiesToResponse->handle(Object(Illuminate\\Http\\Request), Object(Closure))
#26 C:\\xampp\\htdocs\\Cioas\\vendor\\laravel\\framework\\src\\Illuminate\\Cookie\\Middleware\\EncryptCookies.php(67): Illuminate\\Pipeline\\Pipeline->Illuminate\\Pipeline\\{closure}(Object(Illuminate\\Http\\Request))
#27 C:\\xampp\\htdocs\\Cioas\\vendor\\laravel\\framework\\src\\Illuminate\\Pipeline\\Pipeline.php(167): Illuminate\\Cookie\\Middleware\\EncryptCookies->handle(Object(Illuminate\\Http\\Request), Object(Closure))
#28 C:\\xampp\\htdocs\\Cioas\\vendor\\laravel\\framework\\src\\Illuminate\\Pipeline\\Pipeline.php(103): Illuminate\\Pipeline\\Pipeline->Illuminate\\Pipeline\\{closure}(Object(Illuminate\\Http\\Request))
#29 C:\\xampp\\htdocs\\Cioas\\vendor\\laravel\\framework\\src\\Illuminate\\Routing\\Router.php(719): Illuminate\\Pipeline\\Pipeline->then(Object(Closure))
#30 C:\\xampp\\htdocs\\Cioas\\vendor\\laravel\\framework\\src\\Illuminate\\Routing\\Router.php(698): Illuminate\\Routing\\Router->runRouteWithinStack(Object(Illuminate\\Routing\\Route), Object(Illuminate\\Http\\Request))
#31 C:\\xampp\\htdocs\\Cioas\\vendor\\laravel\\framework\\src\\Illuminate\\Routing\\Router.php(662): Illuminate\\Routing\\Router->runRoute(Object(Illuminate\\Http\\Request), Object(Illuminate\\Routing\\Route))
#32 C:\\xampp\\htdocs\\Cioas\\vendor\\laravel\\framework\\src\\Illuminate\\Routing\\Router.php(651): Illuminate\\Routing\\Router->dispatchToRoute(Object(Illuminate\\Http\\Request))
#33 C:\\xampp\\htdocs\\Cioas\\vendor\\laravel\\framework\\src\\Illuminate\\Foundation\\Http\\Kernel.php(167): Illuminate\\Routing\\Router->dispatch(Object(Illuminate\\Http\\Request))
#34 C:\\xampp\\htdocs\\Cioas\\vendor\\laravel\\framework\\src\\Illuminate\\Pipeline\\Pipeline.php(128): Illuminate\\Foundation\\Http\\Kernel->Illuminate\\Foundation\\Http\\{closure}(Object(Illuminate\\Http\\Request))
#35 C:\\xampp\\htdocs\\Cioas\\vendor\\laravel\\framework\\src\\Illuminate\\Foundation\\Http\\Middleware\\TransformsRequest.php(21): Illuminate\\Pipeline\\Pipeline->Illuminate\\Pipeline\\{closure}(Object(Illuminate\\Http\\Request))
#36 C:\\xampp\\htdocs\\Cioas\\vendor\\laravel\\framework\\src\\Illuminate\\Foundation\\Http\\Middleware\\ConvertEmptyStringsToNull.php(31): Illuminate\\Foundation\\Http\\Middleware\\TransformsRequest->handle(Object(Illuminate\\Http\\Request), Object(Closure))
#37 C:\\xampp\\htdocs\\Cioas\\vendor\\laravel\\framework\\src\\Illuminate\\Pipeline\\Pipeline.php(167): Illuminate\\Foundation\\Http\\Middleware\\ConvertEmptyStringsToNull->handle(Object(Illuminate\\Http\\Request), Object(Closure))
#38 C:\\xampp\\htdocs\\Cioas\\vendor\\laravel\\framework\\src\\Illuminate\\Foundation\\Http\\Middleware\\TransformsRequest.php(21): Illuminate\\Pipeline\\Pipeline->Illuminate\\Pipeline\\{closure}(Object(Illuminate\\Http\\Request))
#39 C:\\xampp\\htdocs\\Cioas\\vendor\\laravel\\framework\\src\\Illuminate\\Foundation\\Http\\Middleware\\TrimStrings.php(40): Illuminate\\Foundation\\Http\\Middleware\\TransformsRequest->handle(Object(Illuminate\\Http\\Request), Object(Closure))
#40 C:\\xampp\\htdocs\\Cioas\\vendor\\laravel\\framework\\src\\Illuminate\\Pipeline\\Pipeline.php(167): Illuminate\\Foundation\\Http\\Middleware\\TrimStrings->handle(Object(Illuminate\\Http\\Request), Object(Closure))
#41 C:\\xampp\\htdocs\\Cioas\\vendor\\laravel\\framework\\src\\Illuminate\\Foundation\\Http\\Middleware\\ValidatePostSize.php(27): Illuminate\\Pipeline\\Pipeline->Illuminate\\Pipeline\\{closure}(Object(Illuminate\\Http\\Request))
#42 C:\\xampp\\htdocs\\Cioas\\vendor\\laravel\\framework\\src\\Illuminate\\Pipeline\\Pipeline.php(167): Illuminate\\Foundation\\Http\\Middleware\\ValidatePostSize->handle(Object(Illuminate\\Http\\Request), Object(Closure))
#43 C:\\xampp\\htdocs\\Cioas\\vendor\\laravel\\framework\\src\\Illuminate\\Foundation\\Http\\Middleware\\PreventRequestsDuringMaintenance.php(86): Illuminate\\Pipeline\\Pipeline->Illuminate\\Pipeline\\{closure}(Object(Illuminate\\Http\\Request))
#44 C:\\xampp\\htdocs\\Cioas\\vendor\\laravel\\framework\\src\\Illuminate\\Pipeline\\Pipeline.php(167): Illuminate\\Foundation\\Http\\Middleware\\PreventRequestsDuringMaintenance->handle(Object(Illuminate\\Http\\Request), Object(Closure))
#45 C:\\xampp\\htdocs\\Cioas\\vendor\\fruitcake\\laravel-cors\\src\\HandleCors.php(38): Illuminate\\Pipeline\\Pipeline->Illuminate\\Pipeline\\{closure}(Object(Illuminate\\Http\\Request))
#46 C:\\xampp\\htdocs\\Cioas\\vendor\\laravel\\framework\\src\\Illuminate\\Pipeline\\Pipeline.php(167): Fruitcake\\Cors\\HandleCors->handle(Object(Illuminate\\Http\\Request), Object(Closure))
#47 C:\\xampp\\htdocs\\Cioas\\vendor\\laravel\\framework\\src\\Illuminate\\Http\\Middleware\\TrustProxies.php(39): Illuminate\\Pipeline\\Pipeline->Illuminate\\Pipeline\\{closure}(Object(Illuminate\\Http\\Request))
#48 C:\\xampp\\htdocs\\Cioas\\vendor\\laravel\\framework\\src\\Illuminate\\Pipeline\\Pipeline.php(167): Illuminate\\Http\\Middleware\\TrustProxies->handle(Object(Illuminate\\Http\\Request), Object(Closure))
#49 C:\\xampp\\htdocs\\Cioas\\vendor\\laravel\\framework\\src\\Illuminate\\Pipeline\\Pipeline.php(103): Illuminate\\Pipeline\\Pipeline->Illuminate\\Pipeline\\{closure}(Object(Illuminate\\Http\\Request))
#50 C:\\xampp\\htdocs\\Cioas\\vendor\\laravel\\framework\\src\\Illuminate\\Foundation\\Http\\Kernel.php(142): Illuminate\\Pipeline\\Pipeline->then(Object(Closure))
#51 C:\\xampp\\htdocs\\Cioas\\vendor\\laravel\\framework\\src\\Illuminate\\Foundation\\Http\\Kernel.php(111): Illuminate\\Foundation\\Http\\Kernel->sendRequestThroughRouter(Object(Illuminate\\Http\\Request))
#52 C:\\xampp\\htdocs\\Cioas\\public\\index.php(51): Illuminate\\Foundation\\Http\\Kernel->handle(Object(Illuminate\\Http\\Request))
#53 C:\\xampp\\htdocs\\Cioas\\server.php(21): require_once('C:\\\\xampp\\\\htdocs...')
#54 {main}
"} 
[2026-05-06 07:20:23] local.ERROR: Call to undefined relationship [category] on model [App\Models\HotelRestaurant\HotelRestaurant]. {"userId":1,"exception":"[object] (Illuminate\\Database\\Eloquent\\RelationNotFoundException(code: 0): Call to undefined relationship [category] on model [App\\Models\\HotelRestaurant\\HotelRestaurant]. at C:\\xampp\\htdocs\\Cioas\\vendor\\laravel\\framework\\src\\Illuminate\\Database\\Eloquent\\RelationNotFoundException.php:35)
[stacktrace]
#0 C:\\xampp\\htdocs\\Cioas\\vendor\\laravel\\framework\\src\\Illuminate\\Database\\Eloquent\\Builder.php(692): Illuminate\\Database\\Eloquent\\RelationNotFoundException::make(Object(App\\Models\\HotelRestaurant\\HotelRestaurant), 'category')
#1 C:\\xampp\\htdocs\\Cioas\\vendor\\laravel\\framework\\src\\Illuminate\\Database\\Eloquent\\Relations\\Relation.php(106): Illuminate\\Database\\Eloquent\\Builder->Illuminate\\Database\\Eloquent\\{closure}()
#2 C:\\xampp\\htdocs\\Cioas\\vendor\\laravel\\framework\\src\\Illuminate\\Database\\Eloquent\\Builder.php(688): Illuminate\\Database\\Eloquent\\Relations\\Relation::noConstraints(Object(Closure))
#3 C:\\xampp\\htdocs\\Cioas\\vendor\\laravel\\framework\\src\\Illuminate\\Database\\Eloquent\\Builder.php(662): Illuminate\\Database\\Eloquent\\Builder->getRelation('category')
#4 C:\\xampp\\htdocs\\Cioas\\vendor\\laravel\\framework\\src\\Illuminate\\Database\\Eloquent\\Builder.php(642): Illuminate\\Database\\Eloquent\\Builder->eagerLoadRelation(Array, 'category', Object(Closure))
#5 C:\\xampp\\htdocs\\Cioas\\vendor\\laravel\\framework\\src\\Illuminate\\Database\\Eloquent\\Builder.php(610): Illuminate\\Database\\Eloquent\\Builder->eagerLoadRelations(Array)
#6 C:\\xampp\\htdocs\\Cioas\\app\\Http\\Controllers\\HotelRestaurant\\HotelRestaurantController.php(39): Illuminate\\Database\\Eloquent\\Builder->get()
#7 C:\\xampp\\htdocs\\Cioas\\vendor\\laravel\\framework\\src\\Illuminate\\Routing\\Controller.php(54): App\\Http\\Controllers\\HotelRestaurant\\HotelRestaurantController->index()
#8 C:\\xampp\\htdocs\\Cioas\\vendor\\laravel\\framework\\src\\Illuminate\\Routing\\ControllerDispatcher.php(45): Illuminate\\Routing\\Controller->callAction('index', Array)
#9 C:\\xampp\\htdocs\\Cioas\\vendor\\laravel\\framework\\src\\Illuminate\\Routing\\Route.php(261): Illuminate\\Routing\\ControllerDispatcher->dispatch(Object(Illuminate\\Routing\\Route), Object(App\\Http\\Controllers\\HotelRestaurant\\HotelRestaurantController), 'index')
#10 C:\\xampp\\htdocs\\Cioas\\vendor\\laravel\\framework\\src\\Illuminate\\Routing\\Route.php(205): Illuminate\\Routing\\Route->runController()
#11 C:\\xampp\\htdocs\\Cioas\\vendor\\laravel\\framework\\src\\Illuminate\\Routing\\Router.php(721): Illuminate\\Routing\\Route->run()
#12 C:\\xampp\\htdocs\\Cioas\\vendor\\laravel\\framework\\src\\Illuminate\\Pipeline\\Pipeline.php(128): Illuminate\\Routing\\Router->Illuminate\\Routing\\{closure}(Object(Illuminate\\Http\\Request))
#13 C:\\xampp\\htdocs\\Cioas\\vendor\\laravel\\framework\\src\\Illuminate\\Routing\\Middleware\\SubstituteBindings.php(50): Illuminate\\Pipeline\\Pipeline->Illuminate\\Pipeline\\{closure}(Object(Illuminate\\Http\\Request))
#14 C:\\xampp\\htdocs\\Cioas\\vendor\\laravel\\framework\\src\\Illuminate\\Pipeline\\Pipeline.php(167): Illuminate\\Routing\\Middleware\\SubstituteBindings->handle(Object(Illuminate\\Http\\Request), Object(Closure))
#15 C:\\xampp\\htdocs\\Cioas\\vendor\\laravel\\framework\\src\\Illuminate\\Auth\\Middleware\\Authenticate.php(44): Illuminate\\Pipeline\\Pipeline->Illuminate\\Pipeline\\{closure}(Object(Illuminate\\Http\\Request))
#16 C:\\xampp\\htdocs\\Cioas\\vendor\\laravel\\framework\\src\\Illuminate\\Pipeline\\Pipeline.php(167): Illuminate\\Auth\\Middleware\\Authenticate->handle(Object(Illuminate\\Http\\Request), Object(Closure))
#17 C:\\xampp\\htdocs\\Cioas\\vendor\\laravel\\framework\\src\\Illuminate\\Foundation\\Http\\Middleware\\VerifyCsrfToken.php(78): Illuminate\\Pipeline\\Pipeline->Illuminate\\Pipeline\\{closure}(Object(Illuminate\\Http\\Request))
#18 C:\\xampp\\htdocs\\Cioas\\vendor\\laravel\\framework\\src\\Illuminate\\Pipeline\\Pipeline.php(167): Illuminate\\Foundation\\Http\\Middleware\\VerifyCsrfToken->handle(Object(Illuminate\\Http\\Request), Object(Closure))
#19 C:\\xampp\\htdocs\\Cioas\\vendor\\laravel\\framework\\src\\Illuminate\\View\\Middleware\\ShareErrorsFromSession.php(49): Illuminate\\Pipeline\\Pipeline->Illuminate\\Pipeline\\{closure}(Object(Illuminate\\Http\\Request))
#20 C:\\xampp\\htdocs\\Cioas\\vendor\\laravel\\framework\\src\\Illuminate\\Pipeline\\Pipeline.php(167): Illuminate\\View\\Middleware\\ShareErrorsFromSession->handle(Object(Illuminate\\Http\\Request), Object(Closure))
#21 C:\\xampp\\htdocs\\Cioas\\vendor\\laravel\\framework\\src\\Illuminate\\Session\\Middleware\\StartSession.php(121): Illuminate\\Pipeline\\Pipeline->Illuminate\\Pipeline\\{closure}(Object(Illuminate\\Http\\Request))
#22 C:\\xampp\\htdocs\\Cioas\\vendor\\laravel\\framework\\src\\Illuminate\\Session\\Middleware\\StartSession.php(64): Illuminate\\Session\\Middleware\\StartSession->handleStatefulRequest(Object(Illuminate\\Http\\Request), Object(Illuminate\\Session\\Store), Object(Closure))
#23 C:\\xampp\\htdocs\\Cioas\\vendor\\laravel\\framework\\src\\Illuminate\\Pipeline\\Pipeline.php(167): Illuminate\\Session\\Middleware\\StartSession->handle(Object(Illuminate\\Http\\Request), Object(Closure))
#24 C:\\xampp\\htdocs\\Cioas\\vendor\\laravel\\framework\\src\\Illuminate\\Cookie\\Middleware\\AddQueuedCookiesToResponse.php(37): Illuminate\\Pipeline\\Pipeline->Illuminate\\Pipeline\\{closure}(Object(Illuminate\\Http\\Request))
#25 C:\\xampp\\htdocs\\Cioas\\vendor\\laravel\\framework\\src\\Illuminate\\Pipeline\\Pipeline.php(167): Illuminate\\Cookie\\Middleware\\AddQueuedCookiesToResponse->handle(Object(Illuminate\\Http\\Request), Object(Closure))
#26 C:\\xampp\\htdocs\\Cioas\\vendor\\laravel\\framework\\src\\Illuminate\\Cookie\\Middleware\\EncryptCookies.php(67): Illuminate\\Pipeline\\Pipeline->Illuminate\\Pipeline\\{closure}(Object(Illuminate\\Http\\Request))
#27 C:\\xampp\\htdocs\\Cioas\\vendor\\laravel\\framework\\src\\Illuminate\\Pipeline\\Pipeline.php(167): Illuminate\\Cookie\\Middleware\\EncryptCookies->handle(Object(Illuminate\\Http\\Request), Object(Closure))
#28 C:\\xampp\\htdocs\\Cioas\\vendor\\laravel\\framework\\src\\Illuminate\\Pipeline\\Pipeline.php(103): Illuminate\\Pipeline\\Pipeline->Illuminate\\Pipeline\\{closure}(Object(Illuminate\\Http\\Request))
#29 C:\\xampp\\htdocs\\Cioas\\vendor\\laravel\\framework\\src\\Illuminate\\Routing\\Router.php(719): Illuminate\\Pipeline\\Pipeline->then(Object(Closure))
#30 C:\\xampp\\htdocs\\Cioas\\vendor\\laravel\\framework\\src\\Illuminate\\Routing\\Router.php(698): Illuminate\\Routing\\Router->runRouteWithinStack(Object(Illuminate\\Routing\\Route), Object(Illuminate\\Http\\Request))
#31 C:\\xampp\\htdocs\\Cioas\\vendor\\laravel\\framework\\src\\Illuminate\\Routing\\Router.php(662): Illuminate\\Routing\\Router->runRoute(Object(Illuminate\\Http\\Request), Object(Illuminate\\Routing\\Route))
#32 C:\\xampp\\htdocs\\Cioas\\vendor\\laravel\\framework\\src\\Illuminate\\Routing\\Router.php(651): Illuminate\\Routing\\Router->dispatchToRoute(Object(Illuminate\\Http\\Request))
#33 C:\\xampp\\htdocs\\Cioas\\vendor\\laravel\\framework\\src\\Illuminate\\Foundation\\Http\\Kernel.php(167): Illuminate\\Routing\\Router->dispatch(Object(Illuminate\\Http\\Request))
#34 C:\\xampp\\htdocs\\Cioas\\vendor\\laravel\\framework\\src\\Illuminate\\Pipeline\\Pipeline.php(128): Illuminate\\Foundation\\Http\\Kernel->Illuminate\\Foundation\\Http\\{closure}(Object(Illuminate\\Http\\Request))
#35 C:\\xampp\\htdocs\\Cioas\\vendor\\laravel\\framework\\src\\Illuminate\\Foundation\\Http\\Middleware\\TransformsRequest.php(21): Illuminate\\Pipeline\\Pipeline->Illuminate\\Pipeline\\{closure}(Object(Illuminate\\Http\\Request))
#36 C:\\xampp\\htdocs\\Cioas\\vendor\\laravel\\framework\\src\\Illuminate\\Foundation\\Http\\Middleware\\ConvertEmptyStringsToNull.php(31): Illuminate\\Foundation\\Http\\Middleware\\TransformsRequest->handle(Object(Illuminate\\Http\\Request), Object(Closure))
#37 C:\\xampp\\htdocs\\Cioas\\vendor\\laravel\\framework\\src\\Illuminate\\Pipeline\\Pipeline.php(167): Illuminate\\Foundation\\Http\\Middleware\\ConvertEmptyStringsToNull->handle(Object(Illuminate\\Http\\Request), Object(Closure))
#38 C:\\xampp\\htdocs\\Cioas\\vendor\\laravel\\framework\\src\\Illuminate\\Foundation\\Http\\Middleware\\TransformsRequest.php(21): Illuminate\\Pipeline\\Pipeline->Illuminate\\Pipeline\\{closure}(Object(Illuminate\\Http\\Request))
#39 C:\\xampp\\htdocs\\Cioas\\vendor\\laravel\\framework\\src\\Illuminate\\Foundation\\Http\\Middleware\\TrimStrings.php(40): Illuminate\\Foundation\\Http\\Middleware\\TransformsRequest->handle(Object(Illuminate\\Http\\Request), Object(Closure))
#40 C:\\xampp\\htdocs\\Cioas\\vendor\\laravel\\framework\\src\\Illuminate\\Pipeline\\Pipeline.php(167): Illuminate\\Foundation\\Http\\Middleware\\TrimStrings->handle(Object(Illuminate\\Http\\Request), Object(Closure))
#41 C:\\xampp\\htdocs\\Cioas\\vendor\\laravel\\framework\\src\\Illuminate\\Foundation\\Http\\Middleware\\ValidatePostSize.php(27): Illuminate\\Pipeline\\Pipeline->Illuminate\\Pipeline\\{closure}(Object(Illuminate\\Http\\Request))
#42 C:\\xampp\\htdocs\\Cioas\\vendor\\laravel\\framework\\src\\Illuminate\\Pipeline\\Pipeline.php(167): Illuminate\\Foundation\\Http\\Middleware\\ValidatePostSize->handle(Object(Illuminate\\Http\\Request), Object(Closure))
#43 C:\\xampp\\htdocs\\Cioas\\vendor\\laravel\\framework\\src\\Illuminate\\Foundation\\Http\\Middleware\\PreventRequestsDuringMaintenance.php(86): Illuminate\\Pipeline\\Pipeline->Illuminate\\Pipeline\\{closure}(Object(Illuminate\\Http\\Request))
#44 C:\\xampp\\htdocs\\Cioas\\vendor\\laravel\\framework\\src\\Illuminate\\Pipeline\\Pipeline.php(167): Illuminate\\Foundation\\Http\\Middleware\\PreventRequestsDuringMaintenance->handle(Object(Illuminate\\Http\\Request), Object(Closure))
#45 C:\\xampp\\htdocs\\Cioas\\vendor\\fruitcake\\laravel-cors\\src\\HandleCors.php(38): Illuminate\\Pipeline\\Pipeline->Illuminate\\Pipeline\\{closure}(Object(Illuminate\\Http\\Request))
#46 C:\\xampp\\htdocs\\Cioas\\vendor\\laravel\\framework\\src\\Illuminate\\Pipeline\\Pipeline.php(167): Fruitcake\\Cors\\HandleCors->handle(Object(Illuminate\\Http\\Request), Object(Closure))
#47 C:\\xampp\\htdocs\\Cioas\\vendor\\laravel\\framework\\src\\Illuminate\\Http\\Middleware\\TrustProxies.php(39): Illuminate\\Pipeline\\Pipeline->Illuminate\\Pipeline\\{closure}(Object(Illuminate\\Http\\Request))
#48 C:\\xampp\\htdocs\\Cioas\\vendor\\laravel\\framework\\src\\Illuminate\\Pipeline\\Pipeline.php(167): Illuminate\\Http\\Middleware\\TrustProxies->handle(Object(Illuminate\\Http\\Request), Object(Closure))
#49 C:\\xampp\\htdocs\\Cioas\\vendor\\laravel\\framework\\src\\Illuminate\\Pipeline\\Pipeline.php(103): Illuminate\\Pipeline\\Pipeline->Illuminate\\Pipeline\\{closure}(Object(Illuminate\\Http\\Request))
#50 C:\\xampp\\htdocs\\Cioas\\vendor\\laravel\\framework\\src\\Illuminate\\Foundation\\Http\\Kernel.php(142): Illuminate\\Pipeline\\Pipeline->then(Object(Closure))
#51 C:\\xampp\\htdocs\\Cioas\\vendor\\laravel\\framework\\src\\Illuminate\\Foundation\\Http\\Kernel.php(111): Illuminate\\Foundation\\Http\\Kernel->sendRequestThroughRouter(Object(Illuminate\\Http\\Request))
#52 C:\\xampp\\htdocs\\Cioas\\public\\index.php(51): Illuminate\\Foundation\\Http\\Kernel->handle(Object(Illuminate\\Http\\Request))
#53 C:\\xampp\\htdocs\\Cioas\\server.php(21): require_once('C:\\\\xampp\\\\htdocs...')
#54 {main}
"} 
[2026-05-06 07:20:59] local.ERROR: Call to undefined relationship [category] on model [App\Models\HotelRestaurant\HotelRestaurant]. {"userId":1,"exception":"[object] (Illuminate\\Database\\Eloquent\\RelationNotFoundException(code: 0): Call to undefined relationship [category] on model [App\\Models\\HotelRestaurant\\HotelRestaurant]. at C:\\xampp\\htdocs\\Cioas\\vendor\\laravel\\framework\\src\\Illuminate\\Database\\Eloquent\\RelationNotFoundException.php:35)
[stacktrace]
#0 C:\\xampp\\htdocs\\Cioas\\vendor\\laravel\\framework\\src\\Illuminate\\Database\\Eloquent\\Builder.php(692): Illuminate\\Database\\Eloquent\\RelationNotFoundException::make(Object(App\\Models\\HotelRestaurant\\HotelRestaurant), 'category')
#1 C:\\xampp\\htdocs\\Cioas\\vendor\\laravel\\framework\\src\\Illuminate\\Database\\Eloquent\\Relations\\Relation.php(106): Illuminate\\Database\\Eloquent\\Builder->Illuminate\\Database\\Eloquent\\{closure}()
#2 C:\\xampp\\htdocs\\Cioas\\vendor\\laravel\\framework\\src\\Illuminate\\Database\\Eloquent\\Builder.php(688): Illuminate\\Database\\Eloquent\\Relations\\Relation::noConstraints(Object(Closure))
#3 C:\\xampp\\htdocs\\Cioas\\vendor\\laravel\\framework\\src\\Illuminate\\Database\\Eloquent\\Builder.php(662): Illuminate\\Database\\Eloquent\\Builder->getRelation('category')
#4 C:\\xampp\\htdocs\\Cioas\\vendor\\laravel\\framework\\src\\Illuminate\\Database\\Eloquent\\Builder.php(642): Illuminate\\Database\\Eloquent\\Builder->eagerLoadRelation(Array, 'category', Object(Closure))
#5 C:\\xampp\\htdocs\\Cioas\\vendor\\laravel\\framework\\src\\Illuminate\\Database\\Eloquent\\Builder.php(610): Illuminate\\Database\\Eloquent\\Builder->eagerLoadRelations(Array)
#6 C:\\xampp\\htdocs\\Cioas\\app\\Http\\Controllers\\HotelRestaurant\\HotelRestaurantController.php(39): Illuminate\\Database\\Eloquent\\Builder->get()
#7 C:\\xampp\\htdocs\\Cioas\\vendor\\laravel\\framework\\src\\Illuminate\\Routing\\Controller.php(54): App\\Http\\Controllers\\HotelRestaurant\\HotelRestaurantController->index()
#8 C:\\xampp\\htdocs\\Cioas\\vendor\\laravel\\framework\\src\\Illuminate\\Routing\\ControllerDispatcher.php(45): Illuminate\\Routing\\Controller->callAction('index', Array)
#9 C:\\xampp\\htdocs\\Cioas\\vendor\\laravel\\framework\\src\\Illuminate\\Routing\\Route.php(261): Illuminate\\Routing\\ControllerDispatcher->dispatch(Object(Illuminate\\Routing\\Route), Object(App\\Http\\Controllers\\HotelRestaurant\\HotelRestaurantController), 'index')
#10 C:\\xampp\\htdocs\\Cioas\\vendor\\laravel\\framework\\src\\Illuminate\\Routing\\Route.php(205): Illuminate\\Routing\\Route->runController()
#11 C:\\xampp\\htdocs\\Cioas\\vendor\\laravel\\framework\\src\\Illuminate\\Routing\\Router.php(721): Illuminate\\Routing\\Route->run()
#12 C:\\xampp\\htdocs\\Cioas\\vendor\\laravel\\framework\\src\\Illuminate\\Pipeline\\Pipeline.php(128): Illuminate\\Routing\\Router->Illuminate\\Routing\\{closure}(Object(Illuminate\\Http\\Request))
#13 C:\\xampp\\htdocs\\Cioas\\vendor\\laravel\\framework\\src\\Illuminate\\Routing\\Middleware\\SubstituteBindings.php(50): Illuminate\\Pipeline\\Pipeline->Illuminate\\Pipeline\\{closure}(Object(Illuminate\\Http\\Request))
#14 C:\\xampp\\htdocs\\Cioas\\vendor\\laravel\\framework\\src\\Illuminate\\Pipeline\\Pipeline.php(167): Illuminate\\Routing\\Middleware\\SubstituteBindings->handle(Object(Illuminate\\Http\\Request), Object(Closure))
#15 C:\\xampp\\htdocs\\Cioas\\vendor\\laravel\\framework\\src\\Illuminate\\Auth\\Middleware\\Authenticate.php(44): Illuminate\\Pipeline\\Pipeline->Illuminate\\Pipeline\\{closure}(Object(Illuminate\\Http\\Request))
#16 C:\\xampp\\htdocs\\Cioas\\vendor\\laravel\\framework\\src\\Illuminate\\Pipeline\\Pipeline.php(167): Illuminate\\Auth\\Middleware\\Authenticate->handle(Object(Illuminate\\Http\\Request), Object(Closure))
#17 C:\\xampp\\htdocs\\Cioas\\vendor\\laravel\\framework\\src\\Illuminate\\Foundation\\Http\\Middleware\\VerifyCsrfToken.php(78): Illuminate\\Pipeline\\Pipeline->Illuminate\\Pipeline\\{closure}(Object(Illuminate\\Http\\Request))
#18 C:\\xampp\\htdocs\\Cioas\\vendor\\laravel\\framework\\src\\Illuminate\\Pipeline\\Pipeline.php(167): Illuminate\\Foundation\\Http\\Middleware\\VerifyCsrfToken->handle(Object(Illuminate\\Http\\Request), Object(Closure))
#19 C:\\xampp\\htdocs\\Cioas\\vendor\\laravel\\framework\\src\\Illuminate\\View\\Middleware\\ShareErrorsFromSession.php(49): Illuminate\\Pipeline\\Pipeline->Illuminate\\Pipeline\\{closure}(Object(Illuminate\\Http\\Request))
#20 C:\\xampp\\htdocs\\Cioas\\vendor\\laravel\\framework\\src\\Illuminate\\Pipeline\\Pipeline.php(167): Illuminate\\View\\Middleware\\ShareErrorsFromSession->handle(Object(Illuminate\\Http\\Request), Object(Closure))
#21 C:\\xampp\\htdocs\\Cioas\\vendor\\laravel\\framework\\src\\Illuminate\\Session\\Middleware\\StartSession.php(121): Illuminate\\Pipeline\\Pipeline->Illuminate\\Pipeline\\{closure}(Object(Illuminate\\Http\\Request))
#22 C:\\xampp\\htdocs\\Cioas\\vendor\\laravel\\framework\\src\\Illuminate\\Session\\Middleware\\StartSession.php(64): Illuminate\\Session\\Middleware\\StartSession->handleStatefulRequest(Object(Illuminate\\Http\\Request), Object(Illuminate\\Session\\Store), Object(Closure))
#23 C:\\xampp\\htdocs\\Cioas\\vendor\\laravel\\framework\\src\\Illuminate\\Pipeline\\Pipeline.php(167): Illuminate\\Session\\Middleware\\StartSession->handle(Object(Illuminate\\Http\\Request), Object(Closure))
#24 C:\\xampp\\htdocs\\Cioas\\vendor\\laravel\\framework\\src\\Illuminate\\Cookie\\Middleware\\AddQueuedCookiesToResponse.php(37): Illuminate\\Pipeline\\Pipeline->Illuminate\\Pipeline\\{closure}(Object(Illuminate\\Http\\Request))
#25 C:\\xampp\\htdocs\\Cioas\\vendor\\laravel\\framework\\src\\Illuminate\\Pipeline\\Pipeline.php(167): Illuminate\\Cookie\\Middleware\\AddQueuedCookiesToResponse->handle(Object(Illuminate\\Http\\Request), Object(Closure))
#26 C:\\xampp\\htdocs\\Cioas\\vendor\\laravel\\framework\\src\\Illuminate\\Cookie\\Middleware\\EncryptCookies.php(67): Illuminate\\Pipeline\\Pipeline->Illuminate\\Pipeline\\{closure}(Object(Illuminate\\Http\\Request))
#27 C:\\xampp\\htdocs\\Cioas\\vendor\\laravel\\framework\\src\\Illuminate\\Pipeline\\Pipeline.php(167): Illuminate\\Cookie\\Middleware\\EncryptCookies->handle(Object(Illuminate\\Http\\Request), Object(Closure))
#28 C:\\xampp\\htdocs\\Cioas\\vendor\\laravel\\framework\\src\\Illuminate\\Pipeline\\Pipeline.php(103): Illuminate\\Pipeline\\Pipeline->Illuminate\\Pipeline\\{closure}(Object(Illuminate\\Http\\Request))
#29 C:\\xampp\\htdocs\\Cioas\\vendor\\laravel\\framework\\src\\Illuminate\\Routing\\Router.php(719): Illuminate\\Pipeline\\Pipeline->then(Object(Closure))
#30 C:\\xampp\\htdocs\\Cioas\\vendor\\laravel\\framework\\src\\Illuminate\\Routing\\Router.php(698): Illuminate\\Routing\\Router->runRouteWithinStack(Object(Illuminate\\Routing\\Route), Object(Illuminate\\Http\\Request))
#31 C:\\xampp\\htdocs\\Cioas\\vendor\\laravel\\framework\\src\\Illuminate\\Routing\\Router.php(662): Illuminate\\Routing\\Router->runRoute(Object(Illuminate\\Http\\Request), Object(Illuminate\\Routing\\Route))
#32 C:\\xampp\\htdocs\\Cioas\\vendor\\laravel\\framework\\src\\Illuminate\\Routing\\Router.php(651): Illuminate\\Routing\\Router->dispatchToRoute(Object(Illuminate\\Http\\Request))
#33 C:\\xampp\\htdocs\\Cioas\\vendor\\laravel\\framework\\src\\Illuminate\\Foundation\\Http\\Kernel.php(167): Illuminate\\Routing\\Router->dispatch(Object(Illuminate\\Http\\Request))
#34 C:\\xampp\\htdocs\\Cioas\\vendor\\laravel\\framework\\src\\Illuminate\\Pipeline\\Pipeline.php(128): Illuminate\\Foundation\\Http\\Kernel->Illuminate\\Foundation\\Http\\{closure}(Object(Illuminate\\Http\\Request))
#35 C:\\xampp\\htdocs\\Cioas\\vendor\\laravel\\framework\\src\\Illuminate\\Foundation\\Http\\Middleware\\TransformsRequest.php(21): Illuminate\\Pipeline\\Pipeline->Illuminate\\Pipeline\\{closure}(Object(Illuminate\\Http\\Request))
#36 C:\\xampp\\htdocs\\Cioas\\vendor\\laravel\\framework\\src\\Illuminate\\Foundation\\Http\\Middleware\\ConvertEmptyStringsToNull.php(31): Illuminate\\Foundation\\Http\\Middleware\\TransformsRequest->handle(Object(Illuminate\\Http\\Request), Object(Closure))
#37 C:\\xampp\\htdocs\\Cioas\\vendor\\laravel\\framework\\src\\Illuminate\\Pipeline\\Pipeline.php(167): Illuminate\\Foundation\\Http\\Middleware\\ConvertEmptyStringsToNull->handle(Object(Illuminate\\Http\\Request), Object(Closure))
#38 C:\\xampp\\htdocs\\Cioas\\vendor\\laravel\\framework\\src\\Illuminate\\Foundation\\Http\\Middleware\\TransformsRequest.php(21): Illuminate\\Pipeline\\Pipeline->Illuminate\\Pipeline\\{closure}(Object(Illuminate\\Http\\Request))
#39 C:\\xampp\\htdocs\\Cioas\\vendor\\laravel\\framework\\src\\Illuminate\\Foundation\\Http\\Middleware\\TrimStrings.php(40): Illuminate\\Foundation\\Http\\Middleware\\TransformsRequest->handle(Object(Illuminate\\Http\\Request), Object(Closure))
#40 C:\\xampp\\htdocs\\Cioas\\vendor\\laravel\\framework\\src\\Illuminate\\Pipeline\\Pipeline.php(167): Illuminate\\Foundation\\Http\\Middleware\\TrimStrings->handle(Object(Illuminate\\Http\\Request), Object(Closure))
#41 C:\\xampp\\htdocs\\Cioas\\vendor\\laravel\\framework\\src\\Illuminate\\Foundation\\Http\\Middleware\\ValidatePostSize.php(27): Illuminate\\Pipeline\\Pipeline->Illuminate\\Pipeline\\{closure}(Object(Illuminate\\Http\\Request))
#42 C:\\xampp\\htdocs\\Cioas\\vendor\\laravel\\framework\\src\\Illuminate\\Pipeline\\Pipeline.php(167): Illuminate\\Foundation\\Http\\Middleware\\ValidatePostSize->handle(Object(Illuminate\\Http\\Request), Object(Closure))
#43 C:\\xampp\\htdocs\\Cioas\\vendor\\laravel\\framework\\src\\Illuminate\\Foundation\\Http\\Middleware\\PreventRequestsDuringMaintenance.php(86): Illuminate\\Pipeline\\Pipeline->Illuminate\\Pipeline\\{closure}(Object(Illuminate\\Http\\Request))
#44 C:\\xampp\\htdocs\\Cioas\\vendor\\laravel\\framework\\src\\Illuminate\\Pipeline\\Pipeline.php(167): Illuminate\\Foundation\\Http\\Middleware\\PreventRequestsDuringMaintenance->handle(Object(Illuminate\\Http\\Request), Object(Closure))
#45 C:\\xampp\\htdocs\\Cioas\\vendor\\fruitcake\\laravel-cors\\src\\HandleCors.php(38): Illuminate\\Pipeline\\Pipeline->Illuminate\\Pipeline\\{closure}(Object(Illuminate\\Http\\Request))
#46 C:\\xampp\\htdocs\\Cioas\\vendor\\laravel\\framework\\src\\Illuminate\\Pipeline\\Pipeline.php(167): Fruitcake\\Cors\\HandleCors->handle(Object(Illuminate\\Http\\Request), Object(Closure))
#47 C:\\xampp\\htdocs\\Cioas\\vendor\\laravel\\framework\\src\\Illuminate\\Http\\Middleware\\TrustProxies.php(39): Illuminate\\Pipeline\\Pipeline->Illuminate\\Pipeline\\{closure}(Object(Illuminate\\Http\\Request))
#48 C:\\xampp\\htdocs\\Cioas\\vendor\\laravel\\framework\\src\\Illuminate\\Pipeline\\Pipeline.php(167): Illuminate\\Http\\Middleware\\TrustProxies->handle(Object(Illuminate\\Http\\Request), Object(Closure))
#49 C:\\xampp\\htdocs\\Cioas\\vendor\\laravel\\framework\\src\\Illuminate\\Pipeline\\Pipeline.php(103): Illuminate\\Pipeline\\Pipeline->Illuminate\\Pipeline\\{closure}(Object(Illuminate\\Http\\Request))
#50 C:\\xampp\\htdocs\\Cioas\\vendor\\laravel\\framework\\src\\Illuminate\\Foundation\\Http\\Kernel.php(142): Illuminate\\Pipeline\\Pipeline->then(Object(Closure))
#51 C:\\xampp\\htdocs\\Cioas\\vendor\\laravel\\framework\\src\\Illuminate\\Foundation\\Http\\Kernel.php(111): Illuminate\\Foundation\\Http\\Kernel->sendRequestThroughRouter(Object(Illuminate\\Http\\Request))
#52 C:\\xampp\\htdocs\\Cioas\\public\\index.php(51): Illuminate\\Foundation\\Http\\Kernel->handle(Object(Illuminate\\Http\\Request))
#53 C:\\xampp\\htdocs\\Cioas\\server.php(21): require_once('C:\\\\xampp\\\\htdocs...')
#54 {main}
"} 
[2026-05-06 07:21:02] local.ERROR: Uncaught ErrorException: include(C:\xampp\htdocs\Cioas\vendor\composer/../../app/Models/HotelRestaurant.php): Failed to open stream: No such file or directory in C:\xampp\htdocs\Cioas\vendor\composer\ClassLoader.php:576
Stack trace:
#0 C:\xampp\htdocs\Cioas\vendor\composer\ClassLoader.php(576): Illuminate\Foundation\Bootstrap\HandleExceptions->handleError(2, 'include(C:\\xamp...', 'C:\\xampp\\htdocs...', 576)
#1 C:\xampp\htdocs\Cioas\vendor\composer\ClassLoader.php(576): include()
#2 C:\xampp\htdocs\Cioas\vendor\composer\ClassLoader.php(427): Composer\Autoload\{closure}('C:\\xampp\\htdocs...')
#3 [internal function]: Composer\Autoload\ClassLoader->loadClass('App\\Models\\Hote...')
#4 Command line code(1): class_exists('App\\Models\\Hote...')
#5 [internal function]: {closure}('App\\Models\\Hote...')
#6 Command line code(1): array_filter(Array, Object(Closure))
#7 {main}
  thrown {"exception":"[object] (Symfony\\Component\\ErrorHandler\\Error\\FatalError(code: 0): Uncaught ErrorException: include(C:\\xampp\\htdocs\\Cioas\\vendor\\composer/../../app/Models/HotelRestaurant.php): Failed to open stream: No such file or directory in C:\\xampp\\htdocs\\Cioas\\vendor\\composer\\ClassLoader.php:576
Stack trace:
#0 C:\\xampp\\htdocs\\Cioas\\vendor\\composer\\ClassLoader.php(576): Illuminate\\Foundation\\Bootstrap\\HandleExceptions->handleError(2, 'include(C:\\\\xamp...', 'C:\\\\xampp\\\\htdocs...', 576)
#1 C:\\xampp\\htdocs\\Cioas\\vendor\\composer\\ClassLoader.php(576): include()
#2 C:\\xampp\\htdocs\\Cioas\\vendor\\composer\\ClassLoader.php(427): Composer\\Autoload\\{closure}('C:\\\\xampp\\\\htdocs...')
#3 [internal function]: Composer\\Autoload\\ClassLoader->loadClass('App\\\\Models\\\\Hote...')
#4 Command line code(1): class_exists('App\\\\Models\\\\Hote...')
#5 [internal function]: {closure}('App\\\\Models\\\\Hote...')
#6 Command line code(1): array_filter(Array, Object(Closure))
#7 {main}
  thrown at C:\\xampp\\htdocs\\Cioas\\vendor\\composer\\ClassLoader.php:576)
[stacktrace]
#0 {main}
"} 
[2026-05-06 07:22:01] local.ERROR: Uncaught ErrorException: include(C:\xampp\htdocs\Cioas\vendor\composer/../../app/Models/HotelRestaurant.php): Failed to open stream: No such file or directory in C:\xampp\htdocs\Cioas\vendor\composer\ClassLoader.php:576
Stack trace:
#0 C:\xampp\htdocs\Cioas\vendor\composer\ClassLoader.php(576): Illuminate\Foundation\Bootstrap\HandleExceptions->handleError(2, 'include(C:\\xamp...', 'C:\\xampp\\htdocs...', 576)
#1 C:\xampp\htdocs\Cioas\vendor\composer\ClassLoader.php(576): include()
#2 C:\xampp\htdocs\Cioas\vendor\composer\ClassLoader.php(427): Composer\Autoload\{closure}('C:\\xampp\\htdocs...')
#3 [internal function]: Composer\Autoload\ClassLoader->loadClass('App\\Models\\Hote...')
#4 Command line code(1): class_exists('App\\Models\\Hote...')
#5 [internal function]: {closure}('App\\Models\\Hote...')
#6 Command line code(1): array_filter(Array, Object(Closure))
#7 {main}
  thrown {"exception":"[object] (Symfony\\Component\\ErrorHandler\\Error\\FatalError(code: 0): Uncaught ErrorException: include(C:\\xampp\\htdocs\\Cioas\\vendor\\composer/../../app/Models/HotelRestaurant.php): Failed to open stream: No such file or directory in C:\\xampp\\htdocs\\Cioas\\vendor\\composer\\ClassLoader.php:576
Stack trace:
#0 C:\\xampp\\htdocs\\Cioas\\vendor\\composer\\ClassLoader.php(576): Illuminate\\Foundation\\Bootstrap\\HandleExceptions->handleError(2, 'include(C:\\\\xamp...', 'C:\\\\xampp\\\\htdocs...', 576)
#1 C:\\xampp\\htdocs\\Cioas\\vendor\\composer\\ClassLoader.php(576): include()
#2 C:\\xampp\\htdocs\\Cioas\\vendor\\composer\\ClassLoader.php(427): Composer\\Autoload\\{closure}('C:\\\\xampp\\\\htdocs...')
#3 [internal function]: Composer\\Autoload\\ClassLoader->loadClass('App\\\\Models\\\\Hote...')
#4 Command line code(1): class_exists('App\\\\Models\\\\Hote...')
#5 [internal function]: {closure}('App\\\\Models\\\\Hote...')
#6 Command line code(1): array_filter(Array, Object(Closure))
#7 {main}
  thrown at C:\\xampp\\htdocs\\Cioas\\vendor\\composer\\ClassLoader.php:576)
[stacktrace]
#0 {main}
"} 
[2026-05-06 07:23:02] local.ERROR: Uncaught ErrorException: include(C:\xampp\htdocs\Cioas\vendor\composer/../../app/Models/HotelRestaurant.php): Failed to open stream: No such file or directory in C:\xampp\htdocs\Cioas\vendor\composer\ClassLoader.php:576
Stack trace:
#0 C:\xampp\htdocs\Cioas\vendor\composer\ClassLoader.php(576): Illuminate\Foundation\Bootstrap\HandleExceptions->handleError(2, 'include(C:\\xamp...', 'C:\\xampp\\htdocs...', 576)
#1 C:\xampp\htdocs\Cioas\vendor\composer\ClassLoader.php(576): include()
#2 C:\xampp\htdocs\Cioas\vendor\composer\ClassLoader.php(427): Composer\Autoload\{closure}('C:\\xampp\\htdocs...')
#3 [internal function]: Composer\Autoload\ClassLoader->loadClass('App\\Models\\Hote...')
#4 Command line code(1): class_exists('App\\Models\\Hote...')
#5 [internal function]: {closure}('App\\Models\\Hote...')
#6 Command line code(1): array_filter(Array, Object(Closure))
#7 {main}
  thrown {"exception":"[object] (Symfony\\Component\\ErrorHandler\\Error\\FatalError(code: 0): Uncaught ErrorException: include(C:\\xampp\\htdocs\\Cioas\\vendor\\composer/../../app/Models/HotelRestaurant.php): Failed to open stream: No such file or directory in C:\\xampp\\htdocs\\Cioas\\vendor\\composer\\ClassLoader.php:576
Stack trace:
#0 C:\\xampp\\htdocs\\Cioas\\vendor\\composer\\ClassLoader.php(576): Illuminate\\Foundation\\Bootstrap\\HandleExceptions->handleError(2, 'include(C:\\\\xamp...', 'C:\\\\xampp\\\\htdocs...', 576)
#1 C:\\xampp\\htdocs\\Cioas\\vendor\\composer\\ClassLoader.php(576): include()
#2 C:\\xampp\\htdocs\\Cioas\\vendor\\composer\\ClassLoader.php(427): Composer\\Autoload\\{closure}('C:\\\\xampp\\\\htdocs...')
#3 [internal function]: Composer\\Autoload\\ClassLoader->loadClass('App\\\\Models\\\\Hote...')
#4 Command line code(1): class_exists('App\\\\Models\\\\Hote...')
#5 [internal function]: {closure}('App\\\\Models\\\\Hote...')
#6 Command line code(1): array_filter(Array, Object(Closure))
#7 {main}
  thrown at C:\\xampp\\htdocs\\Cioas\\vendor\\composer\\ClassLoader.php:576)
[stacktrace]
#0 {main}
"} 
[2026-05-06 07:24:01] local.ERROR: Uncaught ErrorException: include(C:\xampp\htdocs\Cioas\vendor\composer/../../app/Models/HotelRestaurant.php): Failed to open stream: No such file or directory in C:\xampp\htdocs\Cioas\vendor\composer\ClassLoader.php:576
Stack trace:
#0 C:\xampp\htdocs\Cioas\vendor\composer\ClassLoader.php(576): Illuminate\Foundation\Bootstrap\HandleExceptions->handleError(2, 'include(C:\\xamp...', 'C:\\xampp\\htdocs...', 576)
#1 C:\xampp\htdocs\Cioas\vendor\composer\ClassLoader.php(576): include()
#2 C:\xampp\htdocs\Cioas\vendor\composer\ClassLoader.php(427): Composer\Autoload\{closure}('C:\\xampp\\htdocs...')
#3 [internal function]: Composer\Autoload\ClassLoader->loadClass('App\\Models\\Hote...')
#4 Command line code(1): class_exists('App\\Models\\Hote...')
#5 [internal function]: {closure}('App\\Models\\Hote...')
#6 Command line code(1): array_filter(Array, Object(Closure))
#7 {main}
  thrown {"exception":"[object] (Symfony\\Component\\ErrorHandler\\Error\\FatalError(code: 0): Uncaught ErrorException: include(C:\\xampp\\htdocs\\Cioas\\vendor\\composer/../../app/Models/HotelRestaurant.php): Failed to open stream: No such file or directory in C:\\xampp\\htdocs\\Cioas\\vendor\\composer\\ClassLoader.php:576
Stack trace:
#0 C:\\xampp\\htdocs\\Cioas\\vendor\\composer\\ClassLoader.php(576): Illuminate\\Foundation\\Bootstrap\\HandleExceptions->handleError(2, 'include(C:\\\\xamp...', 'C:\\\\xampp\\\\htdocs...', 576)
#1 C:\\xampp\\htdocs\\Cioas\\vendor\\composer\\ClassLoader.php(576): include()
#2 C:\\xampp\\htdocs\\Cioas\\vendor\\composer\\ClassLoader.php(427): Composer\\Autoload\\{closure}('C:\\\\xampp\\\\htdocs...')
#3 [internal function]: Composer\\Autoload\\ClassLoader->loadClass('App\\\\Models\\\\Hote...')
#4 Command line code(1): class_exists('App\\\\Models\\\\Hote...')
#5 [internal function]: {closure}('App\\\\Models\\\\Hote...')
#6 Command line code(1): array_filter(Array, Object(Closure))
#7 {main}
  thrown at C:\\xampp\\htdocs\\Cioas\\vendor\\composer\\ClassLoader.php:576)
[stacktrace]
#0 {main}
"} 
[2026-05-06 07:25:01] local.ERROR: Uncaught ErrorException: include(C:\xampp\htdocs\Cioas\vendor\composer/../../app/Models/HotelRestaurant.php): Failed to open stream: No such file or directory in C:\xampp\htdocs\Cioas\vendor\composer\ClassLoader.php:576
Stack trace:
#0 C:\xampp\htdocs\Cioas\vendor\composer\ClassLoader.php(576): Illuminate\Foundation\Bootstrap\HandleExceptions->handleError(2, 'include(C:\\xamp...', 'C:\\xampp\\htdocs...', 576)
#1 C:\xampp\htdocs\Cioas\vendor\composer\ClassLoader.php(576): include()
#2 C:\xampp\htdocs\Cioas\vendor\composer\ClassLoader.php(427): Composer\Autoload\{closure}('C:\\xampp\\htdocs...')
#3 [internal function]: Composer\Autoload\ClassLoader->loadClass('App\\Models\\Hote...')
#4 Command line code(1): class_exists('App\\Models\\Hote...')
#5 [internal function]: {closure}('App\\Models\\Hote...')
#6 Command line code(1): array_filter(Array, Object(Closure))
#7 {main}
  thrown {"exception":"[object] (Symfony\\Component\\ErrorHandler\\Error\\FatalError(code: 0): Uncaught ErrorException: include(C:\\xampp\\htdocs\\Cioas\\vendor\\composer/../../app/Models/HotelRestaurant.php): Failed to open stream: No such file or directory in C:\\xampp\\htdocs\\Cioas\\vendor\\composer\\ClassLoader.php:576
Stack trace:
#0 C:\\xampp\\htdocs\\Cioas\\vendor\\composer\\ClassLoader.php(576): Illuminate\\Foundation\\Bootstrap\\HandleExceptions->handleError(2, 'include(C:\\\\xamp...', 'C:\\\\xampp\\\\htdocs...', 576)
#1 C:\\xampp\\htdocs\\Cioas\\vendor\\composer\\ClassLoader.php(576): include()
#2 C:\\xampp\\htdocs\\Cioas\\vendor\\composer\\ClassLoader.php(427): Composer\\Autoload\\{closure}('C:\\\\xampp\\\\htdocs...')
#3 [internal function]: Composer\\Autoload\\ClassLoader->loadClass('App\\\\Models\\\\Hote...')
#4 Command line code(1): class_exists('App\\\\Models\\\\Hote...')
#5 [internal function]: {closure}('App\\\\Models\\\\Hote...')
#6 Command line code(1): array_filter(Array, Object(Closure))
#7 {main}
  thrown at C:\\xampp\\htdocs\\Cioas\\vendor\\composer\\ClassLoader.php:576)
[stacktrace]
#0 {main}
"} 
[2026-05-06 07:26:01] local.ERROR: Uncaught ErrorException: include(C:\xampp\htdocs\Cioas\vendor\composer/../../app/Models/HotelRestaurant.php): Failed to open stream: No such file or directory in C:\xampp\htdocs\Cioas\vendor\composer\ClassLoader.php:576
Stack trace:
#0 C:\xampp\htdocs\Cioas\vendor\composer\ClassLoader.php(576): Illuminate\Foundation\Bootstrap\HandleExceptions->handleError(2, 'include(C:\\xamp...', 'C:\\xampp\\htdocs...', 576)
#1 C:\xampp\htdocs\Cioas\vendor\composer\ClassLoader.php(576): include()
#2 C:\xampp\htdocs\Cioas\vendor\composer\ClassLoader.php(427): Composer\Autoload\{closure}('C:\\xampp\\htdocs...')
#3 [internal function]: Composer\Autoload\ClassLoader->loadClass('App\\Models\\Hote...')
#4 Command line code(1): class_exists('App\\Models\\Hote...')
#5 [internal function]: {closure}('App\\Models\\Hote...')
#6 Command line code(1): array_filter(Array, Object(Closure))
#7 {main}
  thrown {"exception":"[object] (Symfony\\Component\\ErrorHandler\\Error\\FatalError(code: 0): Uncaught ErrorException: include(C:\\xampp\\htdocs\\Cioas\\vendor\\composer/../../app/Models/HotelRestaurant.php): Failed to open stream: No such file or directory in C:\\xampp\\htdocs\\Cioas\\vendor\\composer\\ClassLoader.php:576
Stack trace:
#0 C:\\xampp\\htdocs\\Cioas\\vendor\\composer\\ClassLoader.php(576): Illuminate\\Foundation\\Bootstrap\\HandleExceptions->handleError(2, 'include(C:\\\\xamp...', 'C:\\\\xampp\\\\htdocs...', 576)
#1 C:\\xampp\\htdocs\\Cioas\\vendor\\composer\\ClassLoader.php(576): include()
#2 C:\\xampp\\htdocs\\Cioas\\vendor\\composer\\ClassLoader.php(427): Composer\\Autoload\\{closure}('C:\\\\xampp\\\\htdocs...')
#3 [internal function]: Composer\\Autoload\\ClassLoader->loadClass('App\\\\Models\\\\Hote...')
#4 Command line code(1): class_exists('App\\\\Models\\\\Hote...')
#5 [internal function]: {closure}('App\\\\Models\\\\Hote...')
#6 Command line code(1): array_filter(Array, Object(Closure))
#7 {main}
  thrown at C:\\xampp\\htdocs\\Cioas\\vendor\\composer\\ClassLoader.php:576)
[stacktrace]
#0 {main}
"} 
[2026-05-06 07:27:01] local.ERROR: Uncaught ErrorException: include(C:\xampp\htdocs\Cioas\vendor\composer/../../app/Models/HotelRestaurant.php): Failed to open stream: No such file or directory in C:\xampp\htdocs\Cioas\vendor\composer\ClassLoader.php:576
Stack trace:
#0 C:\xampp\htdocs\Cioas\vendor\composer\ClassLoader.php(576): Illuminate\Foundation\Bootstrap\HandleExceptions->handleError(2, 'include(C:\\xamp...', 'C:\\xampp\\htdocs...', 576)
#1 C:\xampp\htdocs\Cioas\vendor\composer\ClassLoader.php(576): include()
#2 C:\xampp\htdocs\Cioas\vendor\composer\ClassLoader.php(427): Composer\Autoload\{closure}('C:\\xampp\\htdocs...')
#3 [internal function]: Composer\Autoload\ClassLoader->loadClass('App\\Models\\Hote...')
#4 Command line code(1): class_exists('App\\Models\\Hote...')
#5 [internal function]: {closure}('App\\Models\\Hote...')
#6 Command line code(1): array_filter(Array, Object(Closure))
#7 {main}
  thrown {"exception":"[object] (Symfony\\Component\\ErrorHandler\\Error\\FatalError(code: 0): Uncaught ErrorException: include(C:\\xampp\\htdocs\\Cioas\\vendor\\composer/../../app/Models/HotelRestaurant.php): Failed to open stream: No such file or directory in C:\\xampp\\htdocs\\Cioas\\vendor\\composer\\ClassLoader.php:576
Stack trace:
#0 C:\\xampp\\htdocs\\Cioas\\vendor\\composer\\ClassLoader.php(576): Illuminate\\Foundation\\Bootstrap\\HandleExceptions->handleError(2, 'include(C:\\\\xamp...', 'C:\\\\xampp\\\\htdocs...', 576)
#1 C:\\xampp\\htdocs\\Cioas\\vendor\\composer\\ClassLoader.php(576): include()
#2 C:\\xampp\\htdocs\\Cioas\\vendor\\composer\\ClassLoader.php(427): Composer\\Autoload\\{closure}('C:\\\\xampp\\\\htdocs...')
#3 [internal function]: Composer\\Autoload\\ClassLoader->loadClass('App\\\\Models\\\\Hote...')
#4 Command line code(1): class_exists('App\\\\Models\\\\Hote...')
#5 [internal function]: {closure}('App\\\\Models\\\\Hote...')
#6 Command line code(1): array_filter(Array, Object(Closure))
#7 {main}
  thrown at C:\\xampp\\htdocs\\Cioas\\vendor\\composer\\ClassLoader.php:576)
[stacktrace]
#0 {main}
"} 
[2026-05-06 07:27:45] local.ERROR: Attempt to read property "en_name" on null (View: C:\xampp\htdocs\Cioas\resources\views\backend\pages\hotel-restaurant\index.blade.php) {"view":{"view":"C:\\xampp\\htdocs\\Cioas\\resources\\views/backend/pages/hotel-restaurant/index.blade.php","data":{"errors":"<pre class=sf-dump id=sf-dump-1854921669 data-indent-pad=\"  \"><span class=sf-dump-note>Illuminate\\Support\\ViewErrorBag</span> {<a class=sf-dump-ref>#2123</a><samp data-depth=1 class=sf-dump-expanded>
  #<span class=sf-dump-protected title=\"Protected property\">bags</span>: []
</samp>}
</pre><script>Sfdump(\"sf-dump-1854921669\", {\"maxDepth\":3,\"maxStringLength\":160})</script>
","organizations":"<pre class=sf-dump id=sf-dump-1311286765 data-indent-pad=\"  \"><span class=sf-dump-note>Illuminate\\Database\\Eloquent\\Collection</span> {<a class=sf-dump-ref>#2164</a><samp data-depth=1 class=sf-dump-expanded>
  #<span class=sf-dump-protected title=\"Protected property\">items</span>: <span class=sf-dump-note>array:14</span> [<samp data-depth=2 class=sf-dump-compact>
    <span class=sf-dump-index>0</span> => <span class=sf-dump-note title=\"App\\Models\\HotelRestaurant\\HotelRestaurant
\"><span class=\"sf-dump-ellipsis sf-dump-ellipsis-note\">App\\Models\\HotelRestaurant</span><span class=\"sf-dump-ellipsis sf-dump-ellipsis-note\">\\</span>HotelRestaurant</span> {<a class=sf-dump-ref>#2171</a><samp data-depth=3 class=sf-dump-compact>
      #<span class=sf-dump-protected title=\"Protected property\">connection</span>: \"<span class=sf-dump-str title=\"5 characters\">mysql</span>\"
      #<span class=sf-dump-protected title=\"Protected property\">table</span>: \"<span class=sf-dump-str title=\"17 characters\">hotel_restaurants</span>\"
      #<span class=sf-dump-protected title=\"Protected property\">primaryKey</span>: \"<span class=sf-dump-str title=\"2 characters\">id</span>\"
      #<span class=sf-dump-protected title=\"Protected property\">keyType</span>: \"<span class=sf-dump-str title=\"3 characters\">int</span>\"
      +<span class=sf-dump-public title=\"Public property\">incrementing</span>: <span class=sf-dump-const>true</span>
      #<span class=sf-dump-protected title=\"Protected property\">with</span>: []
      #<span class=sf-dump-protected title=\"Protected property\">withCount</span>: []
      +<span class=sf-dump-public title=\"Public property\">preventsLazyLoading</span>: <span class=sf-dump-const>false</span>
      #<span class=sf-dump-protected title=\"Protected property\">perPage</span>: <span class=sf-dump-num>15</span>
      +<span class=sf-dump-public title=\"Public property\">exists</span>: <span class=sf-dump-const>true</span>
      +<span class=sf-dump-public title=\"Public property\">wasRecentlyCreated</span>: <span class=sf-dump-const>false</span>
      #<span class=sf-dump-protected title=\"Protected property\">escapeWhenCastingToString</span>: <span class=sf-dump-const>false</span>
      #<span class=sf-dump-protected title=\"Protected property\">attributes</span>: <span class=sf-dump-note>array:46</span> [ &#8230;46]
      #<span class=sf-dump-protected title=\"Protected property\">original</span>: <span class=sf-dump-note>array:46</span> [ &#8230;46]
      #<span class=sf-dump-protected title=\"Protected property\">changes</span>: []
      #<span class=sf-dump-protected title=\"Protected property\">casts</span>: []
      #<span class=sf-dump-protected title=\"Protected property\">classCastCache</span>: []
      #<span class=sf-dump-protected title=\"Protected property\">attributeCastCache</span>: []
      #<span class=sf-dump-protected title=\"Protected property\">dates</span>: []
      #<span class=sf-dump-protected title=\"Protected property\">dateFormat</span>: <span class=sf-dump-const>null</span>
      #<span class=sf-dump-protected title=\"Protected property\">appends</span>: []
      #<span class=sf-dump-protected title=\"Protected property\">dispatchesEvents</span>: []
      #<span class=sf-dump-protected title=\"Protected property\">observables</span>: []
      #<span class=sf-dump-protected title=\"Protected property\">relations</span>: <span class=sf-dump-note>array:3</span> [ &#8230;3]
      #<span class=sf-dump-protected title=\"Protected property\">touches</span>: []
      +<span class=sf-dump-public title=\"Public property\">timestamps</span>: <span class=sf-dump-const>true</span>
      #<span class=sf-dump-protected title=\"Protected property\">hidden</span>: []
      #<span class=sf-dump-protected title=\"Protected property\">visible</span>: []
      #<span class=sf-dump-protected title=\"Protected property\">fillable</span>: <span class=sf-dump-note>array:37</span> [ &#8230;37]
      #<span class=sf-dump-protected title=\"Protected property\">guarded</span>: <span class=sf-dump-note>array:1</span> [ &#8230;1]
    </samp>}
    <span class=sf-dump-index>1</span> => <span class=sf-dump-note title=\"App\\Models\\HotelRestaurant\\HotelRestaurant
\"><span class=\"sf-dump-ellipsis sf-dump-ellipsis-note\">App\\Models\\HotelRestaurant</span><span class=\"sf-dump-ellipsis sf-dump-ellipsis-note\">\\</span>HotelRestaurant</span> {<a class=sf-dump-ref>#2172</a><samp data-depth=3 class=sf-dump-compact>
      #<span class=sf-dump-protected title=\"Protected property\">connection</span>: \"<span class=sf-dump-str title=\"5 characters\">mysql</span>\"
      #<span class=sf-dump-protected title=\"Protected property\">table</span>: \"<span class=sf-dump-str title=\"17 characters\">hotel_restaurants</span>\"
      #<span class=sf-dump-protected title=\"Protected property\">primaryKey</span>: \"<span class=sf-dump-str title=\"2 characters\">id</span>\"
      #<span class=sf-dump-protected title=\"Protected property\">keyType</span>: \"<span class=sf-dump-str title=\"3 characters\">int</span>\"
      +<span class=sf-dump-public title=\"Public property\">incrementing</span>: <span class=sf-dump-const>true</span>
      #<span class=sf-dump-protected title=\"Protected property\">with</span>: []
      #<span class=sf-dump-protected title=\"Protected property\">withCount</span>: []
      +<span class=sf-dump-public title=\"Public property\">preventsLazyLoading</span>: <span class=sf-dump-const>false</span>
      #<span class=sf-dump-protected title=\"Protected property\">perPage</span>: <span class=sf-dump-num>15</span>
      +<span class=sf-dump-public title=\"Public property\">exists</span>: <span class=sf-dump-const>true</span>
      +<span class=sf-dump-public title=\"Public property\">wasRecentlyCreated</span>: <span class=sf-dump-const>false</span>
      #<span class=sf-dump-protected title=\"Protected property\">escapeWhenCastingToString</span>: <span class=sf-dump-const>false</span>
      #<span class=sf-dump-protected title=\"Protected property\">attributes</span>: <span class=sf-dump-note>array:46</span> [ &#8230;46]
      #<span class=sf-dump-protected title=\"Protected property\">original</span>: <span class=sf-dump-note>array:46</span> [ &#8230;46]
      #<span class=sf-dump-protected title=\"Protected property\">changes</span>: []
      #<span class=sf-dump-protected title=\"Protected property\">casts</span>: []
      #<span class=sf-dump-protected title=\"Protected property\">classCastCache</span>: []
      #<span class=sf-dump-protected title=\"Protected property\">attributeCastCache</span>: []
      #<span class=sf-dump-protected title=\"Protected property\">dates</span>: []
      #<span class=sf-dump-protected title=\"Protected property\">dateFormat</span>: <span class=sf-dump-const>null</span>
      #<span class=sf-dump-protected title=\"Protected property\">appends</span>: []
      #<span class=sf-dump-protected title=\"Protected property\">dispatchesEvents</span>: []
      #<span class=sf-dump-protected title=\"Protected property\">observables</span>: []
      #<span class=sf-dump-protected title=\"Protected property\">relations</span>: <span class=sf-dump-note>array:3</span> [ &#8230;3]
      #<span class=sf-dump-protected title=\"Protected property\">touches</span>: []
      +<span class=sf-dump-public title=\"Public property\">timestamps</span>: <span class=sf-dump-const>true</span>
      #<span class=sf-dump-protected title=\"Protected property\">hidden</span>: []
      #<span class=sf-dump-protected title=\"Protected property\">visible</span>: []
      #<span class=sf-dump-protected title=\"Protected property\">fillable</span>: <span class=sf-dump-note>array:37</span> [ &#8230;37]
      #<span class=sf-dump-protected title=\"Protected property\">guarded</span>: <span class=sf-dump-note>array:1</span> [ &#8230;1]
    </samp>}
    <span class=sf-dump-index>2</span> => <span class=sf-dump-note title=\"App\\Models\\HotelRestaurant\\HotelRestaurant
\"><span class=\"sf-dump-ellipsis sf-dump-ellipsis-note\">App\\Models\\HotelRestaurant</span><span class=\"sf-dump-ellipsis sf-dump-ellipsis-note\">\\</span>HotelRestaurant</span> {<a class=sf-dump-ref>#2173</a><samp data-depth=3 class=sf-dump-compact>
      #<span class=sf-dump-protected title=\"Protected property\">connection</span>: \"<span class=sf-dump-str title=\"5 characters\">mysql</span>\"
      #<span class=sf-dump-protected title=\"Protected property\">table</span>: \"<span class=sf-dump-str title=\"17 characters\">hotel_restaurants</span>\"
      #<span class=sf-dump-protected title=\"Protected property\">primaryKey</span>: \"<span class=sf-dump-str title=\"2 characters\">id</span>\"
      #<span class=sf-dump-protected title=\"Protected property\">keyType</span>: \"<span class=sf-dump-str title=\"3 characters\">int</span>\"
      +<span class=sf-dump-public title=\"Public property\">incrementing</span>: <span class=sf-dump-const>true</span>
      #<span class=sf-dump-protected title=\"Protected property\">with</span>: []
      #<span class=sf-dump-protected title=\"Protected property\">withCount</span>: []
      +<span class=sf-dump-public title=\"Public property\">preventsLazyLoading</span>: <span class=sf-dump-const>false</span>
      #<span class=sf-dump-protected title=\"Protected property\">perPage</span>: <span class=sf-dump-num>15</span>
      +<span class=sf-dump-public title=\"Public property\">exists</span>: <span class=sf-dump-const>true</span>
      +<span class=sf-dump-public title=\"Public property\">wasRecentlyCreated</span>: <span class=sf-dump-const>false</span>
      #<span class=sf-dump-protected title=\"Protected property\">escapeWhenCastingToString</span>: <span class=sf-dump-const>false</span>
      #<span class=sf-dump-protected title=\"Protected property\">attributes</span>: <span class=sf-dump-note>array:46</span> [ &#8230;46]
      #<span class=sf-dump-protected title=\"Protected property\">original</span>: <span class=sf-dump-note>array:46</span> [ &#8230;46]
      #<span class=sf-dump-protected title=\"Protected property\">changes</span>: []
      #<span class=sf-dump-protected title=\"Protected property\">casts</span>: []
      #<span class=sf-dump-protected title=\"Protected property\">classCastCache</span>: []
      #<span class=sf-dump-protected title=\"Protected property\">attributeCastCache</span>: []
      #<span class=sf-dump-protected title=\"Protected property\">dates</span>: []
      #<span class=sf-dump-protected title=\"Protected property\">dateFormat</span>: <span class=sf-dump-const>null</span>
      #<span class=sf-dump-protected title=\"Protected property\">appends</span>: []
      #<span class=sf-dump-protected title=\"Protected property\">dispatchesEvents</span>: []
      #<span class=sf-dump-protected title=\"Protected property\">observables</span>: []
      #<span class=sf-dump-protected title=\"Protected property\">relations</span>: <span class=sf-dump-note>array:3</span> [ &#8230;3]
      #<span class=sf-dump-protected title=\"Protected property\">touches</span>: []
      +<span class=sf-dump-public title=\"Public property\">timestamps</span>: <span class=sf-dump-const>true</span>
      #<span class=sf-dump-protected title=\"Protected property\">hidden</span>: []
      #<span class=sf-dump-protected title=\"Protected property\">visible</span>: []
      #<span class=sf-dump-protected title=\"Protected property\">fillable</span>: <span class=sf-dump-note>array:37</span> [ &#8230;37]
      #<span class=sf-dump-protected title=\"Protected property\">guarded</span>: <span class=sf-dump-note>array:1</span> [ &#8230;1]
    </samp>}
    <span class=sf-dump-index>3</span> => <span class=sf-dump-note title=\"App\\Models\\HotelRestaurant\\HotelRestaurant
\"><span class=\"sf-dump-ellipsis sf-dump-ellipsis-note\">App\\Models\\HotelRestaurant</span><span class=\"sf-dump-ellipsis sf-dump-ellipsis-note\">\\</span>HotelRestaurant</span> {<a class=sf-dump-ref>#2174</a><samp data-depth=3 class=sf-dump-compact>
      #<span class=sf-dump-protected title=\"Protected property\">connection</span>: \"<span class=sf-dump-str title=\"5 characters\">mysql</span>\"
      #<span class=sf-dump-protected title=\"Protected property\">table</span>: \"<span class=sf-dump-str title=\"17 characters\">hotel_restaurants</span>\"
      #<span class=sf-dump-protected title=\"Protected property\">primaryKey</span>: \"<span class=sf-dump-str title=\"2 characters\">id</span>\"
      #<span class=sf-dump-protected title=\"Protected property\">keyType</span>: \"<span class=sf-dump-str title=\"3 characters\">int</span>\"
      +<span class=sf-dump-public title=\"Public property\">incrementing</span>: <span class=sf-dump-const>true</span>
      #<span class=sf-dump-protected title=\"Protected property\">with</span>: []
      #<span class=sf-dump-protected title=\"Protected property\">withCount</span>: []
      +<span class=sf-dump-public title=\"Public property\">preventsLazyLoading</span>: <span class=sf-dump-const>false</span>
      #<span class=sf-dump-protected title=\"Protected property\">perPage</span>: <span class=sf-dump-num>15</span>
      +<span class=sf-dump-public title=\"Public property\">exists</span>: <span class=sf-dump-const>true</span>
      +<span class=sf-dump-public title=\"Public property\">wasRecentlyCreated</span>: <span class=sf-dump-const>false</span>
      #<span class=sf-dump-protected title=\"Protected property\">escapeWhenCastingToString</span>: <span class=sf-dump-const>false</span>
      #<span class=sf-dump-protected title=\"Protected property\">attributes</span>: <span class=sf-dump-note>array:46</span> [ &#8230;46]
      #<span class=sf-dump-protected title=\"Protected property\">original</span>: <span class=sf-dump-note>array:46</span> [ &#8230;46]
      #<span class=sf-dump-protected title=\"Protected property\">changes</span>: []
      #<span class=sf-dump-protected title=\"Protected property\">casts</span>: []
      #<span class=sf-dump-protected title=\"Protected property\">classCastCache</span>: []
      #<span class=sf-dump-protected title=\"Protected property\">attributeCastCache</span>: []
      #<span class=sf-dump-protected title=\"Protected property\">dates</span>: []
      #<span class=sf-dump-protected title=\"Protected property\">dateFormat</span>: <span class=sf-dump-const>null</span>
      #<span class=sf-dump-protected title=\"Protected property\">appends</span>: []
      #<span class=sf-dump-protected title=\"Protected property\">dispatchesEvents</span>: []
      #<span class=sf-dump-protected title=\"Protected property\">observables</span>: []
      #<span class=sf-dump-protected title=\"Protected property\">relations</span>: <span class=sf-dump-note>array:3</span> [ &#8230;3]
      #<span class=sf-dump-protected title=\"Protected property\">touches</span>: []
      +<span class=sf-dump-public title=\"Public property\">timestamps</span>: <span class=sf-dump-const>true</span>
      #<span class=sf-dump-protected title=\"Protected property\">hidden</span>: []
      #<span class=sf-dump-protected title=\"Protected property\">visible</span>: []
      #<span class=sf-dump-protected title=\"Protected property\">fillable</span>: <span class=sf-dump-note>array:37</span> [ &#8230;37]
      #<span class=sf-dump-protected title=\"Protected property\">guarded</span>: <span class=sf-dump-note>array:1</span> [ &#8230;1]
    </samp>}
    <span class=sf-dump-index>4</span> => <span class=sf-dump-note title=\"App\\Models\\HotelRestaurant\\HotelRestaurant
\"><span class=\"sf-dump-ellipsis sf-dump-ellipsis-note\">App\\Models\\HotelRestaurant</span><span class=\"sf-dump-ellipsis sf-dump-ellipsis-note\">\\</span>HotelRestaurant</span> {<a class=sf-dump-ref>#2175</a><samp data-depth=3 class=sf-dump-compact>
      #<span class=sf-dump-protected title=\"Protected property\">connection</span>: \"<span class=sf-dump-str title=\"5 characters\">mysql</span>\"
      #<span class=sf-dump-protected title=\"Protected property\">table</span>: \"<span class=sf-dump-str title=\"17 characters\">hotel_restaurants</span>\"
      #<span class=sf-dump-protected title=\"Protected property\">primaryKey</span>: \"<span class=sf-dump-str title=\"2 characters\">id</span>\"
      #<span class=sf-dump-protected title=\"Protected property\">keyType</span>: \"<span class=sf-dump-str title=\"3 characters\">int</span>\"
      +<span class=sf-dump-public title=\"Public property\">incrementing</span>: <span class=sf-dump-const>true</span>
      #<span class=sf-dump-protected title=\"Protected property\">with</span>: []
      #<span class=sf-dump-protected title=\"Protected property\">withCount</span>: []
      +<span class=sf-dump-public title=\"Public property\">preventsLazyLoading</span>: <span class=sf-dump-const>false</span>
      #<span class=sf-dump-protected title=\"Protected property\">perPage</span>: <span class=sf-dump-num>15</span>
      +<span class=sf-dump-public title=\"Public property\">exists</span>: <span class=sf-dump-const>true</span>
      +<span class=sf-dump-public title=\"Public property\">wasRecentlyCreated</span>: <span class=sf-dump-const>false</span>
      #<span class=sf-dump-protected title=\"Protected property\">escapeWhenCastingToString</span>: <span class=sf-dump-const>false</span>
      #<span class=sf-dump-protected title=\"Protected property\">attributes</span>: <span class=sf-dump-note>array:46</span> [ &#8230;46]
      #<span class=sf-dump-protected title=\"Protected property\">original</span>: <span class=sf-dump-note>array:46</span> [ &#8230;46]
      #<span class=sf-dump-protected title=\"Protected property\">changes</span>: []
      #<span class=sf-dump-protected title=\"Protected property\">casts</span>: []
      #<span class=sf-dump-protected title=\"Protected property\">classCastCache</span>: []
      #<span class=sf-dump-protected title=\"Protected property\">attributeCastCache</span>: []
      #<span class=sf-dump-protected title=\"Protected property\">dates</span>: []
      #<span class=sf-dump-protected title=\"Protected property\">dateFormat</span>: <span class=sf-dump-const>null</span>
      #<span class=sf-dump-protected title=\"Protected property\">appends</span>: []
      #<span class=sf-dump-protected title=\"Protected property\">dispatchesEvents</span>: []
      #<span class=sf-dump-protected title=\"Protected property\">observables</span>: []
      #<span class=sf-dump-protected title=\"Protected property\">relations</span>: <span class=sf-dump-note>array:3</span> [ &#8230;3]
      #<span class=sf-dump-protected title=\"Protected property\">touches</span>: []
      +<span class=sf-dump-public title=\"Public property\">timestamps</span>: <span class=sf-dump-const>true</span>
      #<span class=sf-dump-protected title=\"Protected property\">hidden</span>: []
      #<span class=sf-dump-protected title=\"Protected property\">visible</span>: []
      #<span class=sf-dump-protected title=\"Protected property\">fillable</span>: <span class=sf-dump-note>array:37</span> [ &#8230;37]
      #<span class=sf-dump-protected title=\"Protected property\">guarded</span>: <span class=sf-dump-note>array:1</span> [ &#8230;1]
    </samp>}
    <span class=sf-dump-index>5</span> => <span class=sf-dump-note title=\"App\\Models\\HotelRestaurant\\HotelRestaurant
\"><span class=\"sf-dump-ellipsis sf-dump-ellipsis-note\">App\\Models\\HotelRestaurant</span><span class=\"sf-dump-ellipsis sf-dump-ellipsis-note\">\\</span>HotelRestaurant</span> {<a class=sf-dump-ref>#2176</a><samp data-depth=3 class=sf-dump-compact>
      #<span class=sf-dump-protected title=\"Protected property\">connection</span>: \"<span class=sf-dump-str title=\"5 characters\">mysql</span>\"
      #<span class=sf-dump-protected title=\"Protected property\">table</span>: \"<span class=sf-dump-str title=\"17 characters\">hotel_restaurants</span>\"
      #<span class=sf-dump-protected title=\"Protected property\">primaryKey</span>: \"<span class=sf-dump-str title=\"2 characters\">id</span>\"
      #<span class=sf-dump-protected title=\"Protected property\">keyType</span>: \"<span class=sf-dump-str title=\"3 characters\">int</span>\"
      +<span class=sf-dump-public title=\"Public property\">incrementing</span>: <span class=sf-dump-const>true</span>
      #<span class=sf-dump-protected title=\"Protected property\">with</span>: []
      #<span class=sf-dump-protected title=\"Protected property\">withCount</span>: []
      +<span class=sf-dump-public title=\"Public property\">preventsLazyLoading</span>: <span class=sf-dump-const>false</span>
      #<span class=sf-dump-protected title=\"Protected property\">perPage</span>: <span class=sf-dump-num>15</span>
      +<span class=sf-dump-public title=\"Public property\">exists</span>: <span class=sf-dump-const>true</span>
      +<span class=sf-dump-public title=\"Public property\">wasRecentlyCreated</span>: <span class=sf-dump-const>false</span>
      #<span class=sf-dump-protected title=\"Protected property\">escapeWhenCastingToString</span>: <span class=sf-dump-const>false</span>
      #<span class=sf-dump-protected title=\"Protected property\">attributes</span>: <span class=sf-dump-note>array:46</span> [ &#8230;46]
      #<span class=sf-dump-protected title=\"Protected property\">original</span>: <span class=sf-dump-note>array:46</span> [ &#8230;46]
      #<span class=sf-dump-protected title=\"Protected property\">changes</span>: []
      #<span class=sf-dump-protected title=\"Protected property\">casts</span>: []
      #<span class=sf-dump-protected title=\"Protected property\">classCastCache</span>: []
      #<span class=sf-dump-protected title=\"Protected property\">attributeCastCache</span>: []
      #<span class=sf-dump-protected title=\"Protected property\">dates</span>: []
      #<span class=sf-dump-protected title=\"Protected property\">dateFormat</span>: <span class=sf-dump-const>null</span>
      #<span class=sf-dump-protected title=\"Protected property\">appends</span>: []
      #<span class=sf-dump-protected title=\"Protected property\">dispatchesEvents</span>: []
      #<span class=sf-dump-protected title=\"Protected property\">observables</span>: []
      #<span class=sf-dump-protected title=\"Protected property\">relations</span>: <span class=sf-dump-note>array:3</span> [ &#8230;3]
      #<span class=sf-dump-protected title=\"Protected property\">touches</span>: []
      +<span class=sf-dump-public title=\"Public property\">timestamps</span>: <span class=sf-dump-const>true</span>
      #<span class=sf-dump-protected title=\"Protected property\">hidden</span>: []
      #<span class=sf-dump-protected title=\"Protected property\">visible</span>: []
      #<span class=sf-dump-protected title=\"Protected property\">fillable</span>: <span class=sf-dump-note>array:37</span> [ &#8230;37]
      #<span class=sf-dump-protected title=\"Protected property\">guarded</span>: <span class=sf-dump-note>array:1</span> [ &#8230;1]
    </samp>}
    <span class=sf-dump-index>6</span> => <span class=sf-dump-note title=\"App\\Models\\HotelRestaurant\\HotelRestaurant
\"><span class=\"sf-dump-ellipsis sf-dump-ellipsis-note\">App\\Models\\HotelRestaurant</span><span class=\"sf-dump-ellipsis sf-dump-ellipsis-note\">\\</span>HotelRestaurant</span> {<a class=sf-dump-ref>#2177</a><samp data-depth=3 class=sf-dump-compact>
      #<span class=sf-dump-protected title=\"Protected property\">connection</span>: \"<span class=sf-dump-str title=\"5 characters\">mysql</span>\"
      #<span class=sf-dump-protected title=\"Protected property\">table</span>: \"<span class=sf-dump-str title=\"17 characters\">hotel_restaurants</span>\"
      #<span class=sf-dump-protected title=\"Protected property\">primaryKey</span>: \"<span class=sf-dump-str title=\"2 characters\">id</span>\"
      #<span class=sf-dump-protected title=\"Protected property\">keyType</span>: \"<span class=sf-dump-str title=\"3 characters\">int</span>\"
      +<span class=sf-dump-public title=\"Public property\">incrementing</span>: <span class=sf-dump-const>true</span>
      #<span class=sf-dump-protected title=\"Protected property\">with</span>: []
      #<span class=sf-dump-protected title=\"Protected property\">withCount</span>: []
      +<span class=sf-dump-public title=\"Public property\">preventsLazyLoading</span>: <span class=sf-dump-const>false</span>
      #<span class=sf-dump-protected title=\"Protected property\">perPage</span>: <span class=sf-dump-num>15</span>
      +<span class=sf-dump-public title=\"Public property\">exists</span>: <span class=sf-dump-const>true</span>
      +<span class=sf-dump-public title=\"Public property\">wasRecentlyCreated</span>: <span class=sf-dump-const>false</span>
      #<span class=sf-dump-protected title=\"Protected property\">escapeWhenCastingToString</span>: <span class=sf-dump-const>false</span>
      #<span class=sf-dump-protected title=\"Protected property\">attributes</span>: <span class=sf-dump-note>array:46</span> [ &#8230;46]
      #<span class=sf-dump-protected title=\"Protected property\">original</span>: <span class=sf-dump-note>array:46</span> [ &#8230;46]
      #<span class=sf-dump-protected title=\"Protected property\">changes</span>: []
      #<span class=sf-dump-protected title=\"Protected property\">casts</span>: []
      #<span class=sf-dump-protected title=\"Protected property\">classCastCache</span>: []
      #<span class=sf-dump-protected title=\"Protected property\">attributeCastCache</span>: []
      #<span class=sf-dump-protected title=\"Protected property\">dates</span>: []
      #<span class=sf-dump-protected title=\"Protected property\">dateFormat</span>: <span class=sf-dump-const>null</span>
      #<span class=sf-dump-protected title=\"Protected property\">appends</span>: []
      #<span class=sf-dump-protected title=\"Protected property\">dispatchesEvents</span>: []
      #<span class=sf-dump-protected title=\"Protected property\">observables</span>: []
      #<span class=sf-dump-protected title=\"Protected property\">relations</span>: <span class=sf-dump-note>array:3</span> [ &#8230;3]
      #<span class=sf-dump-protected title=\"Protected property\">touches</span>: []
      +<span class=sf-dump-public title=\"Public property\">timestamps</span>: <span class=sf-dump-const>true</span>
      #<span class=sf-dump-protected title=\"Protected property\">hidden</span>: []
      #<span class=sf-dump-protected title=\"Protected property\">visible</span>: []
      #<span class=sf-dump-protected title=\"Protected property\">fillable</span>: <span class=sf-dump-note>array:37</span> [ &#8230;37]
      #<span class=sf-dump-protected title=\"Protected property\">guarded</span>: <span class=sf-dump-note>array:1</span> [ &#8230;1]
    </samp>}
    <span class=sf-dump-index>7</span> => <span class=sf-dump-note title=\"App\\Models\\HotelRestaurant\\HotelRestaurant
\"><span class=\"sf-dump-ellipsis sf-dump-ellipsis-note\">App\\Models\\HotelRestaurant</span><span class=\"sf-dump-ellipsis sf-dump-ellipsis-note\">\\</span>HotelRestaurant</span> {<a class=sf-dump-ref>#2178</a><samp data-depth=3 class=sf-dump-compact>
      #<span class=sf-dump-protected title=\"Protected property\">connection</span>: \"<span class=sf-dump-str title=\"5 characters\">mysql</span>\"
      #<span class=sf-dump-protected title=\"Protected property\">table</span>: \"<span class=sf-dump-str title=\"17 characters\">hotel_restaurants</span>\"
      #<span class=sf-dump-protected title=\"Protected property\">primaryKey</span>: \"<span class=sf-dump-str title=\"2 characters\">id</span>\"
      #<span class=sf-dump-protected title=\"Protected property\">keyType</span>: \"<span class=sf-dump-str title=\"3 characters\">int</span>\"
      +<span class=sf-dump-public title=\"Public property\">incrementing</span>: <span class=sf-dump-const>true</span>
      #<span class=sf-dump-protected title=\"Protected property\">with</span>: []
      #<span class=sf-dump-protected title=\"Protected property\">withCount</span>: []
      +<span class=sf-dump-public title=\"Public property\">preventsLazyLoading</span>: <span class=sf-dump-const>false</span>
      #<span class=sf-dump-protected title=\"Protected property\">perPage</span>: <span class=sf-dump-num>15</span>
      +<span class=sf-dump-public title=\"Public property\">exists</span>: <span class=sf-dump-const>true</span>
      +<span class=sf-dump-public title=\"Public property\">wasRecentlyCreated</span>: <span class=sf-dump-const>false</span>
      #<span class=sf-dump-protected title=\"Protected property\">escapeWhenCastingToString</span>: <span class=sf-dump-const>false</span>
      #<span class=sf-dump-protected title=\"Protected property\">attributes</span>: <span class=sf-dump-note>array:46</span> [ &#8230;46]
      #<span class=sf-dump-protected title=\"Protected property\">original</span>: <span class=sf-dump-note>array:46</span> [ &#8230;46]
      #<span class=sf-dump-protected title=\"Protected property\">changes</span>: []
      #<span class=sf-dump-protected title=\"Protected property\">casts</span>: []
      #<span class=sf-dump-protected title=\"Protected property\">classCastCache</span>: []
      #<span class=sf-dump-protected title=\"Protected property\">attributeCastCache</span>: []
      #<span class=sf-dump-protected title=\"Protected property\">dates</span>: []
      #<span class=sf-dump-protected title=\"Protected property\">dateFormat</span>: <span class=sf-dump-const>null</span>
      #<span class=sf-dump-protected title=\"Protected property\">appends</span>: []
      #<span class=sf-dump-protected title=\"Protected property\">dispatchesEvents</span>: []
      #<span class=sf-dump-protected title=\"Protected property\">observables</span>: []
      #<span class=sf-dump-protected title=\"Protected property\">relations</span>: <span class=sf-dump-note>array:3</span> [ &#8230;3]
      #<span class=sf-dump-protected title=\"Protected property\">touches</span>: []
      +<span class=sf-dump-public title=\"Public property\">timestamps</span>: <span class=sf-dump-const>true</span>
      #<span class=sf-dump-protected title=\"Protected property\">hidden</span>: []
      #<span class=sf-dump-protected title=\"Protected property\">visible</span>: []
      #<span class=sf-dump-protected title=\"Protected property\">fillable</span>: <span class=sf-dump-note>array:37</span> [ &#8230;37]
      #<span class=sf-dump-protected title=\"Protected property\">guarded</span>: <span class=sf-dump-note>array:1</span> [ &#8230;1]
    </samp>}
    <span class=sf-dump-index>8</span> => <span class=sf-dump-note title=\"App\\Models\\HotelRestaurant\\HotelRestaurant
\"><span class=\"sf-dump-ellipsis sf-dump-ellipsis-note\">App\\Models\\HotelRestaurant</span><span class=\"sf-dump-ellipsis sf-dump-ellipsis-note\">\\</span>HotelRestaurant</span> {<a class=sf-dump-ref>#2179</a><samp data-depth=3 class=sf-dump-compact>
      #<span class=sf-dump-protected title=\"Protected property\">connection</span>: \"<span class=sf-dump-str title=\"5 characters\">mysql</span>\"
      #<span class=sf-dump-protected title=\"Protected property\">table</span>: \"<span class=sf-dump-str title=\"17 characters\">hotel_restaurants</span>\"
      #<span class=sf-dump-protected title=\"Protected property\">primaryKey</span>: \"<span class=sf-dump-str title=\"2 characters\">id</span>\"
      #<span class=sf-dump-protected title=\"Protected property\">keyType</span>: \"<span class=sf-dump-str title=\"3 characters\">int</span>\"
      +<span class=sf-dump-public title=\"Public property\">incrementing</span>: <span class=sf-dump-const>true</span>
      #<span class=sf-dump-protected title=\"Protected property\">with</span>: []
      #<span class=sf-dump-protected title=\"Protected property\">withCount</span>: []
      +<span class=sf-dump-public title=\"Public property\">preventsLazyLoading</span>: <span class=sf-dump-const>false</span>
      #<span class=sf-dump-protected title=\"Protected property\">perPage</span>: <span class=sf-dump-num>15</span>
      +<span class=sf-dump-public title=\"Public property\">exists</span>: <span class=sf-dump-const>true</span>
      +<span class=sf-dump-public title=\"Public property\">wasRecentlyCreated</span>: <span class=sf-dump-const>false</span>
      #<span class=sf-dump-protected title=\"Protected property\">escapeWhenCastingToString</span>: <span class=sf-dump-const>false</span>
      #<span class=sf-dump-protected title=\"Protected property\">attributes</span>: <span class=sf-dump-note>array:46</span> [ &#8230;46]
      #<span class=sf-dump-protected title=\"Protected property\">original</span>: <span class=sf-dump-note>array:46</span> [ &#8230;46]
      #<span class=sf-dump-protected title=\"Protected property\">changes</span>: []
      #<span class=sf-dump-protected title=\"Protected property\">casts</span>: []
      #<span class=sf-dump-protected title=\"Protected property\">classCastCache</span>: []
      #<span class=sf-dump-protected title=\"Protected property\">attributeCastCache</span>: []
      #<span class=sf-dump-protected title=\"Protected property\">dates</span>: []
      #<span class=sf-dump-protected title=\"Protected property\">dateFormat</span>: <span class=sf-dump-const>null</span>
      #<span class=sf-dump-protected title=\"Protected property\">appends</span>: []
      #<span class=sf-dump-protected title=\"Protected property\">dispatchesEvents</span>: []
      #<span class=sf-dump-protected title=\"Protected property\">observables</span>: []
      #<span class=sf-dump-protected title=\"Protected property\">relations</span>: <span class=sf-dump-note>array:3</span> [ &#8230;3]
      #<span class=sf-dump-protected title=\"Protected property\">touches</span>: []
      +<span class=sf-dump-public title=\"Public property\">timestamps</span>: <span class=sf-dump-const>true</span>
      #<span class=sf-dump-protected title=\"Protected property\">hidden</span>: []
      #<span class=sf-dump-protected title=\"Protected property\">visible</span>: []
      #<span class=sf-dump-protected title=\"Protected property\">fillable</span>: <span class=sf-dump-note>array:37</span> [ &#8230;37]
      #<span class=sf-dump-protected title=\"Protected property\">guarded</span>: <span class=sf-dump-note>array:1</span> [ &#8230;1]
    </samp>}
    <span class=sf-dump-index>9</span> => <span class=sf-dump-note title=\"App\\Models\\HotelRestaurant\\HotelRestaurant
\"><span class=\"sf-dump-ellipsis sf-dump-ellipsis-note\">App\\Models\\HotelRestaurant</span><span class=\"sf-dump-ellipsis sf-dump-ellipsis-note\">\\</span>HotelRestaurant</span> {<a class=sf-dump-ref>#2180</a><samp data-depth=3 class=sf-dump-compact>
      #<span class=sf-dump-protected title=\"Protected property\">connection</span>: \"<span class=sf-dump-str title=\"5 characters\">mysql</span>\"
      #<span class=sf-dump-protected title=\"Protected property\">table</span>: \"<span class=sf-dump-str title=\"17 characters\">hotel_restaurants</span>\"
      #<span class=sf-dump-protected title=\"Protected property\">primaryKey</span>: \"<span class=sf-dump-str title=\"2 characters\">id</span>\"
      #<span class=sf-dump-protected title=\"Protected property\">keyType</span>: \"<span class=sf-dump-str title=\"3 characters\">int</span>\"
      +<span class=sf-dump-public title=\"Public property\">incrementing</span>: <span class=sf-dump-const>true</span>
      #<span class=sf-dump-protected title=\"Protected property\">with</span>: []
      #<span class=sf-dump-protected title=\"Protected property\">withCount</span>: []
      +<span class=sf-dump-public title=\"Public property\">preventsLazyLoading</span>: <span class=sf-dump-const>false</span>
      #<span class=sf-dump-protected title=\"Protected property\">perPage</span>: <span class=sf-dump-num>15</span>
      +<span class=sf-dump-public title=\"Public property\">exists</span>: <span class=sf-dump-const>true</span>
      +<span class=sf-dump-public title=\"Public property\">wasRecentlyCreated</span>: <span class=sf-dump-const>false</span>
      #<span class=sf-dump-protected title=\"Protected property\">escapeWhenCastingToString</span>: <span class=sf-dump-const>false</span>
      #<span class=sf-dump-protected title=\"Protected property\">attributes</span>: <span class=sf-dump-note>array:46</span> [ &#8230;46]
      #<span class=sf-dump-protected title=\"Protected property\">original</span>: <span class=sf-dump-note>array:46</span> [ &#8230;46]
      #<span class=sf-dump-protected title=\"Protected property\">changes</span>: []
      #<span class=sf-dump-protected title=\"Protected property\">casts</span>: []
      #<span class=sf-dump-protected title=\"Protected property\">classCastCache</span>: []
      #<span class=sf-dump-protected title=\"Protected property\">attributeCastCache</span>: []
      #<span class=sf-dump-protected title=\"Protected property\">dates</span>: []
      #<span class=sf-dump-protected title=\"Protected property\">dateFormat</span>: <span class=sf-dump-const>null</span>
      #<span class=sf-dump-protected title=\"Protected property\">appends</span>: []
      #<span class=sf-dump-protected title=\"Protected property\">dispatchesEvents</span>: []
      #<span class=sf-dump-protected title=\"Protected property\">observables</span>: []
      #<span class=sf-dump-protected title=\"Protected property\">relations</span>: <span class=sf-dump-note>array:3</span> [ &#8230;3]
      #<span class=sf-dump-protected title=\"Protected property\">touches</span>: []
      +<span class=sf-dump-public title=\"Public property\">timestamps</span>: <span class=sf-dump-const>true</span>
      #<span class=sf-dump-protected title=\"Protected property\">hidden</span>: []
      #<span class=sf-dump-protected title=\"Protected property\">visible</span>: []
      #<span class=sf-dump-protected title=\"Protected property\">fillable</span>: <span class=sf-dump-note>array:37</span> [ &#8230;37]
      #<span class=sf-dump-protected title=\"Protected property\">guarded</span>: <span class=sf-dump-note>array:1</span> [ &#8230;1]
    </samp>}
    <span class=sf-dump-index>10</span> => <span class=sf-dump-note title=\"App\\Models\\HotelRestaurant\\HotelRestaurant
\"><span class=\"sf-dump-ellipsis sf-dump-ellipsis-note\">App\\Models\\HotelRestaurant</span><span class=\"sf-dump-ellipsis sf-dump-ellipsis-note\">\\</span>HotelRestaurant</span> {<a class=sf-dump-ref>#2181</a><samp data-depth=3 class=sf-dump-compact>
      #<span class=sf-dump-protected title=\"Protected property\">connection</span>: \"<span class=sf-dump-str title=\"5 characters\">mysql</span>\"
      #<span class=sf-dump-protected title=\"Protected property\">table</span>: \"<span class=sf-dump-str title=\"17 characters\">hotel_restaurants</span>\"
      #<span class=sf-dump-protected title=\"Protected property\">primaryKey</span>: \"<span class=sf-dump-str title=\"2 characters\">id</span>\"
      #<span class=sf-dump-protected title=\"Protected property\">keyType</span>: \"<span class=sf-dump-str title=\"3 characters\">int</span>\"
      +<span class=sf-dump-public title=\"Public property\">incrementing</span>: <span class=sf-dump-const>true</span>
      #<span class=sf-dump-protected title=\"Protected property\">with</span>: []
      #<span class=sf-dump-protected title=\"Protected property\">withCount</span>: []
      +<span class=sf-dump-public title=\"Public property\">preventsLazyLoading</span>: <span class=sf-dump-const>false</span>
      #<span class=sf-dump-protected title=\"Protected property\">perPage</span>: <span class=sf-dump-num>15</span>
      +<span class=sf-dump-public title=\"Public property\">exists</span>: <span class=sf-dump-const>true</span>
      +<span class=sf-dump-public title=\"Public property\">wasRecentlyCreated</span>: <span class=sf-dump-const>false</span>
      #<span class=sf-dump-protected title=\"Protected property\">escapeWhenCastingToString</span>: <span class=sf-dump-const>false</span>
      #<span class=sf-dump-protected title=\"Protected property\">attributes</span>: <span class=sf-dump-note>array:46</span> [ &#8230;46]
      #<span class=sf-dump-protected title=\"Protected property\">original</span>: <span class=sf-dump-note>array:46</span> [ &#8230;46]
      #<span class=sf-dump-protected title=\"Protected property\">changes</span>: []
      #<span class=sf-dump-protected title=\"Protected property\">casts</span>: []
      #<span class=sf-dump-protected title=\"Protected property\">classCastCache</span>: []
      #<span class=sf-dump-protected title=\"Protected property\">attributeCastCache</span>: []
      #<span class=sf-dump-protected title=\"Protected property\">dates</span>: []
      #<span class=sf-dump-protected title=\"Protected property\">dateFormat</span>: <span class=sf-dump-const>null</span>
      #<span class=sf-dump-protected title=\"Protected property\">appends</span>: []
      #<span class=sf-dump-protected title=\"Protected property\">dispatchesEvents</span>: []
      #<span class=sf-dump-protected title=\"Protected property\">observables</span>: []
      #<span class=sf-dump-protected title=\"Protected property\">relations</span>: <span class=sf-dump-note>array:3</span> [ &#8230;3]
      #<span class=sf-dump-protected title=\"Protected property\">touches</span>: []
      +<span class=sf-dump-public title=\"Public property\">timestamps</span>: <span class=sf-dump-const>true</span>
      #<span class=sf-dump-protected title=\"Protected property\">hidden</span>: []
      #<span class=sf-dump-protected title=\"Protected property\">visible</span>: []
      #<span class=sf-dump-protected title=\"Protected property\">fillable</span>: <span class=sf-dump-note>array:37</span> [ &#8230;37]
      #<span class=sf-dump-protected title=\"Protected property\">guarded</span>: <span class=sf-dump-note>array:1</span> [ &#8230;1]
    </samp>}
    <span class=sf-dump-index>11</span> => <span class=sf-dump-note title=\"App\\Models\\HotelRestaurant\\HotelRestaurant
\"><span class=\"sf-dump-ellipsis sf-dump-ellipsis-note\">App\\Models\\HotelRestaurant</span><span class=\"sf-dump-ellipsis sf-dump-ellipsis-note\">\\</span>HotelRestaurant</span> {<a class=sf-dump-ref>#2182</a><samp data-depth=3 class=sf-dump-compact>
      #<span class=sf-dump-protected title=\"Protected property\">connection</span>: \"<span class=sf-dump-str title=\"5 characters\">mysql</span>\"
      #<span class=sf-dump-protected title=\"Protected property\">table</span>: \"<span class=sf-dump-str title=\"17 characters\">hotel_restaurants</span>\"
      #<span class=sf-dump-protected title=\"Protected property\">primaryKey</span>: \"<span class=sf-dump-str title=\"2 characters\">id</span>\"
      #<span class=sf-dump-protected title=\"Protected property\">keyType</span>: \"<span class=sf-dump-str title=\"3 characters\">int</span>\"
      +<span class=sf-dump-public title=\"Public property\">incrementing</span>: <span class=sf-dump-const>true</span>
      #<span class=sf-dump-protected title=\"Protected property\">with</span>: []
      #<span class=sf-dump-protected title=\"Protected property\">withCount</span>: []
      +<span class=sf-dump-public title=\"Public property\">preventsLazyLoading</span>: <span class=sf-dump-const>false</span>
      #<span class=sf-dump-protected title=\"Protected property\">perPage</span>: <span class=sf-dump-num>15</span>
      +<span class=sf-dump-public title=\"Public property\">exists</span>: <span class=sf-dump-const>true</span>
      +<span class=sf-dump-public title=\"Public property\">wasRecentlyCreated</span>: <span class=sf-dump-const>false</span>
      #<span class=sf-dump-protected title=\"Protected property\">escapeWhenCastingToString</span>: <span class=sf-dump-const>false</span>
      #<span class=sf-dump-protected title=\"Protected property\">attributes</span>: <span class=sf-dump-note>array:46</span> [ &#8230;46]
      #<span class=sf-dump-protected title=\"Protected property\">original</span>: <span class=sf-dump-note>array:46</span> [ &#8230;46]
      #<span class=sf-dump-protected title=\"Protected property\">changes</span>: []
      #<span class=sf-dump-protected title=\"Protected property\">casts</span>: []
      #<span class=sf-dump-protected title=\"Protected property\">classCastCache</span>: []
      #<span class=sf-dump-protected title=\"Protected property\">attributeCastCache</span>: []
      #<span class=sf-dump-protected title=\"Protected property\">dates</span>: []
      #<span class=sf-dump-protected title=\"Protected property\">dateFormat</span>: <span class=sf-dump-const>null</span>
      #<span class=sf-dump-protected title=\"Protected property\">appends</span>: []
      #<span class=sf-dump-protected title=\"Protected property\">dispatchesEvents</span>: []
      #<span class=sf-dump-protected title=\"Protected property\">observables</span>: []
      #<span class=sf-dump-protected title=\"Protected property\">relations</span>: <span class=sf-dump-note>array:2</span> [ &#8230;2]
      #<span class=sf-dump-protected title=\"Protected property\">touches</span>: []
      +<span class=sf-dump-public title=\"Public property\">timestamps</span>: <span class=sf-dump-const>true</span>
      #<span class=sf-dump-protected title=\"Protected property\">hidden</span>: []
      #<span class=sf-dump-protected title=\"Protected property\">visible</span>: []
      #<span class=sf-dump-protected title=\"Protected property\">fillable</span>: <span class=sf-dump-note>array:37</span> [ &#8230;37]
      #<span class=sf-dump-protected title=\"Protected property\">guarded</span>: <span class=sf-dump-note>array:1</span> [ &#8230;1]
    </samp>}
    <span class=sf-dump-index>12</span> => <span class=sf-dump-note title=\"App\\Models\\HotelRestaurant\\HotelRestaurant
\"><span class=\"sf-dump-ellipsis sf-dump-ellipsis-note\">App\\Models\\HotelRestaurant</span><span class=\"sf-dump-ellipsis sf-dump-ellipsis-note\">\\</span>HotelRestaurant</span> {<a class=sf-dump-ref>#2183</a><samp data-depth=3 class=sf-dump-compact>
      #<span class=sf-dump-protected title=\"Protected property\">connection</span>: \"<span class=sf-dump-str title=\"5 characters\">mysql</span>\"
      #<span class=sf-dump-protected title=\"Protected property\">table</span>: \"<span class=sf-dump-str title=\"17 characters\">hotel_restaurants</span>\"
      #<span class=sf-dump-protected title=\"Protected property\">primaryKey</span>: \"<span class=sf-dump-str title=\"2 characters\">id</span>\"
      #<span class=sf-dump-protected title=\"Protected property\">keyType</span>: \"<span class=sf-dump-str title=\"3 characters\">int</span>\"
      +<span class=sf-dump-public title=\"Public property\">incrementing</span>: <span class=sf-dump-const>true</span>
      #<span class=sf-dump-protected title=\"Protected property\">with</span>: []
      #<span class=sf-dump-protected title=\"Protected property\">withCount</span>: []
      +<span class=sf-dump-public title=\"Public property\">preventsLazyLoading</span>: <span class=sf-dump-const>false</span>
      #<span class=sf-dump-protected title=\"Protected property\">perPage</span>: <span class=sf-dump-num>15</span>
      +<span class=sf-dump-public title=\"Public property\">exists</span>: <span class=sf-dump-const>true</span>
      +<span class=sf-dump-public title=\"Public property\">wasRecentlyCreated</span>: <span class=sf-dump-const>false</span>
      #<span class=sf-dump-protected title=\"Protected property\">escapeWhenCastingToString</span>: <span class=sf-dump-const>false</span>
      #<span class=sf-dump-protected title=\"Protected property\">attributes</span>: <span class=sf-dump-note>array:46</span> [ &#8230;46]
      #<span class=sf-dump-protected title=\"Protected property\">original</span>: <span class=sf-dump-note>array:46</span> [ &#8230;46]
      #<span class=sf-dump-protected title=\"Protected property\">changes</span>: []
      #<span class=sf-dump-protected title=\"Protected property\">casts</span>: []
      #<span class=sf-dump-protected title=\"Protected property\">classCastCache</span>: []
      #<span class=sf-dump-protected title=\"Protected property\">attributeCastCache</span>: []
      #<span class=sf-dump-protected title=\"Protected property\">dates</span>: []
      #<span class=sf-dump-protected title=\"Protected property\">dateFormat</span>: <span class=sf-dump-const>null</span>
      #<span class=sf-dump-protected title=\"Protected property\">appends</span>: []
      #<span class=sf-dump-protected title=\"Protected property\">dispatchesEvents</span>: []
      #<span class=sf-dump-protected title=\"Protected property\">observables</span>: []
      #<span class=sf-dump-protected title=\"Protected property\">relations</span>: <span class=sf-dump-note>array:1</span> [ &#8230;1]
      #<span class=sf-dump-protected title=\"Protected property\">touches</span>: []
      +<span class=sf-dump-public title=\"Public property\">timestamps</span>: <span class=sf-dump-const>true</span>
      #<span class=sf-dump-protected title=\"Protected property\">hidden</span>: []
      #<span class=sf-dump-protected title=\"Protected property\">visible</span>: []
      #<span class=sf-dump-protected title=\"Protected property\">fillable</span>: <span class=sf-dump-note>array:37</span> [ &#8230;37]
      #<span class=sf-dump-protected title=\"Protected property\">guarded</span>: <span class=sf-dump-note>array:1</span> [ &#8230;1]
    </samp>}
    <span class=sf-dump-index>13</span> => <span class=sf-dump-note title=\"App\\Models\\HotelRestaurant\\HotelRestaurant
\"><span class=\"sf-dump-ellipsis sf-dump-ellipsis-note\">App\\Models\\HotelRestaurant</span><span class=\"sf-dump-ellipsis sf-dump-ellipsis-note\">\\</span>HotelRestaurant</span> {<a class=sf-dump-ref>#2184</a><samp data-depth=3 class=sf-dump-compact>
      #<span class=sf-dump-protected title=\"Protected property\">connection</span>: \"<span class=sf-dump-str title=\"5 characters\">mysql</span>\"
      #<span class=sf-dump-protected title=\"Protected property\">table</span>: \"<span class=sf-dump-str title=\"17 characters\">hotel_restaurants</span>\"
      #<span class=sf-dump-protected title=\"Protected property\">primaryKey</span>: \"<span class=sf-dump-str title=\"2 characters\">id</span>\"
      #<span class=sf-dump-protected title=\"Protected property\">keyType</span>: \"<span class=sf-dump-str title=\"3 characters\">int</span>\"
      +<span class=sf-dump-public title=\"Public property\">incrementing</span>: <span class=sf-dump-const>true</span>
      #<span class=sf-dump-protected title=\"Protected property\">with</span>: []
      #<span class=sf-dump-protected title=\"Protected property\">withCount</span>: []
      +<span class=sf-dump-public title=\"Public property\">preventsLazyLoading</span>: <span class=sf-dump-const>false</span>
      #<span class=sf-dump-protected title=\"Protected property\">perPage</span>: <span class=sf-dump-num>15</span>
      +<span class=sf-dump-public title=\"Public property\">exists</span>: <span class=sf-dump-const>true</span>
      +<span class=sf-dump-public title=\"Public property\">wasRecentlyCreated</span>: <span class=sf-dump-const>false</span>
      #<span class=sf-dump-protected title=\"Protected property\">escapeWhenCastingToString</span>: <span class=sf-dump-const>false</span>
      #<span class=sf-dump-protected title=\"Protected property\">attributes</span>: <span class=sf-dump-note>array:46</span> [ &#8230;46]
      #<span class=sf-dump-protected title=\"Protected property\">original</span>: <span class=sf-dump-note>array:46</span> [ &#8230;46]
      #<span class=sf-dump-protected title=\"Protected property\">changes</span>: []
      #<span class=sf-dump-protected title=\"Protected property\">casts</span>: []
      #<span class=sf-dump-protected title=\"Protected property\">classCastCache</span>: []
      #<span class=sf-dump-protected title=\"Protected property\">attributeCastCache</span>: []
      #<span class=sf-dump-protected title=\"Protected property\">dates</span>: []
      #<span class=sf-dump-protected title=\"Protected property\">dateFormat</span>: <span class=sf-dump-const>null</span>
      #<span class=sf-dump-protected title=\"Protected property\">appends</span>: []
      #<span class=sf-dump-protected title=\"Protected property\">dispatchesEvents</span>: []
      #<span class=sf-dump-protected title=\"Protected property\">observables</span>: []
      #<span class=sf-dump-protected title=\"Protected property\">relations</span>: <span class=sf-dump-note>array:1</span> [ &#8230;1]
      #<span class=sf-dump-protected title=\"Protected property\">touches</span>: []
      +<span class=sf-dump-public title=\"Public property\">timestamps</span>: <span class=sf-dump-const>true</span>
      #<span class=sf-dump-protected title=\"Protected property\">hidden</span>: []
      #<span class=sf-dump-protected title=\"Protected property\">visible</span>: []
      #<span class=sf-dump-protected title=\"Protected property\">fillable</span>: <span class=sf-dump-note>array:37</span> [ &#8230;37]
      #<span class=sf-dump-protected title=\"Protected property\">guarded</span>: <span class=sf-dump-note>array:1</span> [ &#8230;1]
    </samp>}
  </samp>]
  #<span class=sf-dump-protected title=\"Protected property\">escapeWhenCastingToString</span>: <span class=sf-dump-const>false</span>
</samp>}
</pre><script>Sfdump(\"sf-dump-1311286765\", {\"maxDepth\":3,\"maxStringLength\":160})</script>
"}},"userId":1,"exception":"[object] (Facade\\Ignition\\Exceptions\\ViewException(code: 0): Attempt to read property \"en_name\" on null (View: C:\\xampp\\htdocs\\Cioas\\resources\\views\\backend\\pages\\hotel-restaurant\\index.blade.php) at C:\\xampp\\htdocs\\Cioas\\resources\\views/backend/pages/hotel-restaurant/index.blade.php:108)
[stacktrace]
#0 C:\\xampp\\htdocs\\Cioas\\resources\\views/backend/pages/hotel-restaurant/index.blade.php(108): Illuminate\\Foundation\\Bootstrap\\HandleExceptions->handleError(2, 'Attempt to read...', 'C:\\\\xampp\\\\htdocs...', 107)
#1 C:\\xampp\\htdocs\\Cioas\\vendor\\laravel\\framework\\src\\Illuminate\\Filesystem\\Filesystem.php(107): require('C:\\\\xampp\\\\htdocs...')
#2 C:\\xampp\\htdocs\\Cioas\\vendor\\laravel\\framework\\src\\Illuminate\\Filesystem\\Filesystem.php(108): Illuminate\\Filesystem\\Filesystem::Illuminate\\Filesystem\\{closure}()
#3 C:\\xampp\\htdocs\\Cioas\\vendor\\laravel\\framework\\src\\Illuminate\\View\\Engines\\PhpEngine.php(58): Illuminate\\Filesystem\\Filesystem->getRequire('C:\\\\xampp\\\\htdocs...', Array)
#4 C:\\xampp\\htdocs\\Cioas\\vendor\\laravel\\framework\\src\\Illuminate\\View\\Engines\\CompilerEngine.php(61): Illuminate\\View\\Engines\\PhpEngine->evaluatePath('C:\\\\xampp\\\\htdocs...', Array)
#5 C:\\xampp\\htdocs\\Cioas\\vendor\\facade\\ignition\\src\\Views\\Engines\\CompilerEngine.php(37): Illuminate\\View\\Engines\\CompilerEngine->get('C:\\\\xampp\\\\htdocs...', Array)
#6 C:\\xampp\\htdocs\\Cioas\\vendor\\laravel\\framework\\src\\Illuminate\\View\\View.php(139): Facade\\Ignition\\Views\\Engines\\CompilerEngine->get('C:\\\\xampp\\\\htdocs...', Array)
#7 C:\\xampp\\htdocs\\Cioas\\vendor\\laravel\\framework\\src\\Illuminate\\View\\View.php(122): Illuminate\\View\\View->getContents()
#8 C:\\xampp\\htdocs\\Cioas\\vendor\\laravel\\framework\\src\\Illuminate\\View\\View.php(91): Illuminate\\View\\View->renderContents()
#9 C:\\xampp\\htdocs\\Cioas\\vendor\\laravel\\framework\\src\\Illuminate\\Http\\Response.php(69): Illuminate\\View\\View->render()
#10 C:\\xampp\\htdocs\\Cioas\\vendor\\laravel\\framework\\src\\Illuminate\\Http\\Response.php(35): Illuminate\\Http\\Response->setContent(Object(Illuminate\\View\\View))
#11 C:\\xampp\\htdocs\\Cioas\\vendor\\laravel\\framework\\src\\Illuminate\\Routing\\Router.php(820): Illuminate\\Http\\Response->__construct(Object(Illuminate\\View\\View), 200, Array)
#12 C:\\xampp\\htdocs\\Cioas\\vendor\\laravel\\framework\\src\\Illuminate\\Routing\\Router.php(789): Illuminate\\Routing\\Router::toResponse(Object(Illuminate\\Http\\Request), Object(Illuminate\\View\\View))
#13 C:\\xampp\\htdocs\\Cioas\\vendor\\laravel\\framework\\src\\Illuminate\\Routing\\Router.php(720): Illuminate\\Routing\\Router->prepareResponse(Object(Illuminate\\Http\\Request), Object(Illuminate\\View\\View))
#14 C:\\xampp\\htdocs\\Cioas\\vendor\\laravel\\framework\\src\\Illuminate\\Pipeline\\Pipeline.php(128): Illuminate\\Routing\\Router->Illuminate\\Routing\\{closure}(Object(Illuminate\\Http\\Request))
#15 C:\\xampp\\htdocs\\Cioas\\vendor\\laravel\\framework\\src\\Illuminate\\Routing\\Middleware\\SubstituteBindings.php(50): Illuminate\\Pipeline\\Pipeline->Illuminate\\Pipeline\\{closure}(Object(Illuminate\\Http\\Request))
#16 C:\\xampp\\htdocs\\Cioas\\vendor\\laravel\\framework\\src\\Illuminate\\Pipeline\\Pipeline.php(167): Illuminate\\Routing\\Middleware\\SubstituteBindings->handle(Object(Illuminate\\Http\\Request), Object(Closure))
#17 C:\\xampp\\htdocs\\Cioas\\vendor\\laravel\\framework\\src\\Illuminate\\Auth\\Middleware\\Authenticate.php(44): Illuminate\\Pipeline\\Pipeline->Illuminate\\Pipeline\\{closure}(Object(Illuminate\\Http\\Request))
#18 C:\\xampp\\htdocs\\Cioas\\vendor\\laravel\\framework\\src\\Illuminate\\Pipeline\\Pipeline.php(167): Illuminate\\Auth\\Middleware\\Authenticate->handle(Object(Illuminate\\Http\\Request), Object(Closure))
#19 C:\\xampp\\htdocs\\Cioas\\vendor\\laravel\\framework\\src\\Illuminate\\Foundation\\Http\\Middleware\\VerifyCsrfToken.php(78): Illuminate\\Pipeline\\Pipeline->Illuminate\\Pipeline\\{closure}(Object(Illuminate\\Http\\Request))
#20 C:\\xampp\\htdocs\\Cioas\\vendor\\laravel\\framework\\src\\Illuminate\\Pipeline\\Pipeline.php(167): Illuminate\\Foundation\\Http\\Middleware\\VerifyCsrfToken->handle(Object(Illuminate\\Http\\Request), Object(Closure))
#21 C:\\xampp\\htdocs\\Cioas\\vendor\\laravel\\framework\\src\\Illuminate\\View\\Middleware\\ShareErrorsFromSession.php(49): Illuminate\\Pipeline\\Pipeline->Illuminate\\Pipeline\\{closure}(Object(Illuminate\\Http\\Request))
#22 C:\\xampp\\htdocs\\Cioas\\vendor\\laravel\\framework\\src\\Illuminate\\Pipeline\\Pipeline.php(167): Illuminate\\View\\Middleware\\ShareErrorsFromSession->handle(Object(Illuminate\\Http\\Request), Object(Closure))
#23 C:\\xampp\\htdocs\\Cioas\\vendor\\laravel\\framework\\src\\Illuminate\\Session\\Middleware\\StartSession.php(121): Illuminate\\Pipeline\\Pipeline->Illuminate\\Pipeline\\{closure}(Object(Illuminate\\Http\\Request))
#24 C:\\xampp\\htdocs\\Cioas\\vendor\\laravel\\framework\\src\\Illuminate\\Session\\Middleware\\StartSession.php(64): Illuminate\\Session\\Middleware\\StartSession->handleStatefulRequest(Object(Illuminate\\Http\\Request), Object(Illuminate\\Session\\Store), Object(Closure))
#25 C:\\xampp\\htdocs\\Cioas\\vendor\\laravel\\framework\\src\\Illuminate\\Pipeline\\Pipeline.php(167): Illuminate\\Session\\Middleware\\StartSession->handle(Object(Illuminate\\Http\\Request), Object(Closure))
#26 C:\\xampp\\htdocs\\Cioas\\vendor\\laravel\\framework\\src\\Illuminate\\Cookie\\Middleware\\AddQueuedCookiesToResponse.php(37): Illuminate\\Pipeline\\Pipeline->Illuminate\\Pipeline\\{closure}(Object(Illuminate\\Http\\Request))
#27 C:\\xampp\\htdocs\\Cioas\\vendor\\laravel\\framework\\src\\Illuminate\\Pipeline\\Pipeline.php(167): Illuminate\\Cookie\\Middleware\\AddQueuedCookiesToResponse->handle(Object(Illuminate\\Http\\Request), Object(Closure))
#28 C:\\xampp\\htdocs\\Cioas\\vendor\\laravel\\framework\\src\\Illuminate\\Cookie\\Middleware\\EncryptCookies.php(67): Illuminate\\Pipeline\\Pipeline->Illuminate\\Pipeline\\{closure}(Object(Illuminate\\Http\\Request))
#29 C:\\xampp\\htdocs\\Cioas\\vendor\\laravel\\framework\\src\\Illuminate\\Pipeline\\Pipeline.php(167): Illuminate\\Cookie\\Middleware\\EncryptCookies->handle(Object(Illuminate\\Http\\Request), Object(Closure))
#30 C:\\xampp\\htdocs\\Cioas\\vendor\\laravel\\framework\\src\\Illuminate\\Pipeline\\Pipeline.php(103): Illuminate\\Pipeline\\Pipeline->Illuminate\\Pipeline\\{closure}(Object(Illuminate\\Http\\Request))
#31 C:\\xampp\\htdocs\\Cioas\\vendor\\laravel\\framework\\src\\Illuminate\\Routing\\Router.php(719): Illuminate\\Pipeline\\Pipeline->then(Object(Closure))
#32 C:\\xampp\\htdocs\\Cioas\\vendor\\laravel\\framework\\src\\Illuminate\\Routing\\Router.php(698): Illuminate\\Routing\\Router->runRouteWithinStack(Object(Illuminate\\Routing\\Route), Object(Illuminate\\Http\\Request))
#33 C:\\xampp\\htdocs\\Cioas\\vendor\\laravel\\framework\\src\\Illuminate\\Routing\\Router.php(662): Illuminate\\Routing\\Router->runRoute(Object(Illuminate\\Http\\Request), Object(Illuminate\\Routing\\Route))
#34 C:\\xampp\\htdocs\\Cioas\\vendor\\laravel\\framework\\src\\Illuminate\\Routing\\Router.php(651): Illuminate\\Routing\\Router->dispatchToRoute(Object(Illuminate\\Http\\Request))
#35 C:\\xampp\\htdocs\\Cioas\\vendor\\laravel\\framework\\src\\Illuminate\\Foundation\\Http\\Kernel.php(167): Illuminate\\Routing\\Router->dispatch(Object(Illuminate\\Http\\Request))
#36 C:\\xampp\\htdocs\\Cioas\\vendor\\laravel\\framework\\src\\Illuminate\\Pipeline\\Pipeline.php(128): Illuminate\\Foundation\\Http\\Kernel->Illuminate\\Foundation\\Http\\{closure}(Object(Illuminate\\Http\\Request))
#37 C:\\xampp\\htdocs\\Cioas\\vendor\\laravel\\framework\\src\\Illuminate\\Foundation\\Http\\Middleware\\TransformsRequest.php(21): Illuminate\\Pipeline\\Pipeline->Illuminate\\Pipeline\\{closure}(Object(Illuminate\\Http\\Request))
#38 C:\\xampp\\htdocs\\Cioas\\vendor\\laravel\\framework\\src\\Illuminate\\Foundation\\Http\\Middleware\\ConvertEmptyStringsToNull.php(31): Illuminate\\Foundation\\Http\\Middleware\\TransformsRequest->handle(Object(Illuminate\\Http\\Request), Object(Closure))
#39 C:\\xampp\\htdocs\\Cioas\\vendor\\laravel\\framework\\src\\Illuminate\\Pipeline\\Pipeline.php(167): Illuminate\\Foundation\\Http\\Middleware\\ConvertEmptyStringsToNull->handle(Object(Illuminate\\Http\\Request), Object(Closure))
#40 C:\\xampp\\htdocs\\Cioas\\vendor\\laravel\\framework\\src\\Illuminate\\Foundation\\Http\\Middleware\\TransformsRequest.php(21): Illuminate\\Pipeline\\Pipeline->Illuminate\\Pipeline\\{closure}(Object(Illuminate\\Http\\Request))
#41 C:\\xampp\\htdocs\\Cioas\\vendor\\laravel\\framework\\src\\Illuminate\\Foundation\\Http\\Middleware\\TrimStrings.php(40): Illuminate\\Foundation\\Http\\Middleware\\TransformsRequest->handle(Object(Illuminate\\Http\\Request), Object(Closure))
#42 C:\\xampp\\htdocs\\Cioas\\vendor\\laravel\\framework\\src\\Illuminate\\Pipeline\\Pipeline.php(167): Illuminate\\Foundation\\Http\\Middleware\\TrimStrings->handle(Object(Illuminate\\Http\\Request), Object(Closure))
#43 C:\\xampp\\htdocs\\Cioas\\vendor\\laravel\\framework\\src\\Illuminate\\Foundation\\Http\\Middleware\\ValidatePostSize.php(27): Illuminate\\Pipeline\\Pipeline->Illuminate\\Pipeline\\{closure}(Object(Illuminate\\Http\\Request))
#44 C:\\xampp\\htdocs\\Cioas\\vendor\\laravel\\framework\\src\\Illuminate\\Pipeline\\Pipeline.php(167): Illuminate\\Foundation\\Http\\Middleware\\ValidatePostSize->handle(Object(Illuminate\\Http\\Request), Object(Closure))
#45 C:\\xampp\\htdocs\\Cioas\\vendor\\laravel\\framework\\src\\Illuminate\\Foundation\\Http\\Middleware\\PreventRequestsDuringMaintenance.php(86): Illuminate\\Pipeline\\Pipeline->Illuminate\\Pipeline\\{closure}(Object(Illuminate\\Http\\Request))
#46 C:\\xampp\\htdocs\\Cioas\\vendor\\laravel\\framework\\src\\Illuminate\\Pipeline\\Pipeline.php(167): Illuminate\\Foundation\\Http\\Middleware\\PreventRequestsDuringMaintenance->handle(Object(Illuminate\\Http\\Request), Object(Closure))
#47 C:\\xampp\\htdocs\\Cioas\\vendor\\fruitcake\\laravel-cors\\src\\HandleCors.php(38): Illuminate\\Pipeline\\Pipeline->Illuminate\\Pipeline\\{closure}(Object(Illuminate\\Http\\Request))
#48 C:\\xampp\\htdocs\\Cioas\\vendor\\laravel\\framework\\src\\Illuminate\\Pipeline\\Pipeline.php(167): Fruitcake\\Cors\\HandleCors->handle(Object(Illuminate\\Http\\Request), Object(Closure))
#49 C:\\xampp\\htdocs\\Cioas\\vendor\\laravel\\framework\\src\\Illuminate\\Http\\Middleware\\TrustProxies.php(39): Illuminate\\Pipeline\\Pipeline->Illuminate\\Pipeline\\{closure}(Object(Illuminate\\Http\\Request))
#50 C:\\xampp\\htdocs\\Cioas\\vendor\\laravel\\framework\\src\\Illuminate\\Pipeline\\Pipeline.php(167): Illuminate\\Http\\Middleware\\TrustProxies->handle(Object(Illuminate\\Http\\Request), Object(Closure))
#51 C:\\xampp\\htdocs\\Cioas\\vendor\\laravel\\framework\\src\\Illuminate\\Pipeline\\Pipeline.php(103): Illuminate\\Pipeline\\Pipeline->Illuminate\\Pipeline\\{closure}(Object(Illuminate\\Http\\Request))
#52 C:\\xampp\\htdocs\\Cioas\\vendor\\laravel\\framework\\src\\Illuminate\\Foundation\\Http\\Kernel.php(142): Illuminate\\Pipeline\\Pipeline->then(Object(Closure))
#53 C:\\xampp\\htdocs\\Cioas\\vendor\\laravel\\framework\\src\\Illuminate\\Foundation\\Http\\Kernel.php(111): Illuminate\\Foundation\\Http\\Kernel->sendRequestThroughRouter(Object(Illuminate\\Http\\Request))
#54 C:\\xampp\\htdocs\\Cioas\\public\\index.php(51): Illuminate\\Foundation\\Http\\Kernel->handle(Object(Illuminate\\Http\\Request))
#55 C:\\xampp\\htdocs\\Cioas\\server.php(21): require_once('C:\\\\xampp\\\\htdocs...')
#56 {main}

[previous exception] [object] (ErrorException(code: 0): Attempt to read property \"en_name\" on null at C:\\xampp\\htdocs\\Cioas\\storage\\framework\\views\\8afc16f06c989179bba32e58dd7c40b5fc5882fe.php:107)
[stacktrace]
#0 C:\\xampp\\htdocs\\Cioas\\storage\\framework\\views\\8afc16f06c989179bba32e58dd7c40b5fc5882fe.php(107): Illuminate\\Foundation\\Bootstrap\\HandleExceptions->handleError(2, 'Attempt to read...', 'C:\\\\xampp\\\\htdocs...', 107)
#1 C:\\xampp\\htdocs\\Cioas\\vendor\\laravel\\framework\\src\\Illuminate\\Filesystem\\Filesystem.php(107): require('C:\\\\xampp\\\\htdocs...')
#2 C:\\xampp\\htdocs\\Cioas\\vendor\\laravel\\framework\\src\\Illuminate\\Filesystem\\Filesystem.php(108): Illuminate\\Filesystem\\Filesystem::Illuminate\\Filesystem\\{closure}()
#3 C:\\xampp\\htdocs\\Cioas\\vendor\\laravel\\framework\\src\\Illuminate\\View\\Engines\\PhpEngine.php(58): Illuminate\\Filesystem\\Filesystem->getRequire('C:\\\\xampp\\\\htdocs...', Array)
#4 C:\\xampp\\htdocs\\Cioas\\vendor\\laravel\\framework\\src\\Illuminate\\View\\Engines\\CompilerEngine.php(61): Illuminate\\View\\Engines\\PhpEngine->evaluatePath('C:\\\\xampp\\\\htdocs...', Array)
#5 C:\\xampp\\htdocs\\Cioas\\vendor\\facade\\ignition\\src\\Views\\Engines\\CompilerEngine.php(37): Illuminate\\View\\Engines\\CompilerEngine->get('C:\\\\xampp\\\\htdocs...', Array)
#6 C:\\xampp\\htdocs\\Cioas\\vendor\\laravel\\framework\\src\\Illuminate\\View\\View.php(139): Facade\\Ignition\\Views\\Engines\\CompilerEngine->get('C:\\\\xampp\\\\htdocs...', Array)
#7 C:\\xampp\\htdocs\\Cioas\\vendor\\laravel\\framework\\src\\Illuminate\\View\\View.php(122): Illuminate\\View\\View->getContents()
#8 C:\\xampp\\htdocs\\Cioas\\vendor\\laravel\\framework\\src\\Illuminate\\View\\View.php(91): Illuminate\\View\\View->renderContents()
#9 C:\\xampp\\htdocs\\Cioas\\vendor\\laravel\\framework\\src\\Illuminate\\Http\\Response.php(69): Illuminate\\View\\View->render()
#10 C:\\xampp\\htdocs\\Cioas\\vendor\\laravel\\framework\\src\\Illuminate\\Http\\Response.php(35): Illuminate\\Http\\Response->setContent(Object(Illuminate\\View\\View))
#11 C:\\xampp\\htdocs\\Cioas\\vendor\\laravel\\framework\\src\\Illuminate\\Routing\\Router.php(820): Illuminate\\Http\\Response->__construct(Object(Illuminate\\View\\View), 200, Array)
#12 C:\\xampp\\htdocs\\Cioas\\vendor\\laravel\\framework\\src\\Illuminate\\Routing\\Router.php(789): Illuminate\\Routing\\Router::toResponse(Object(Illuminate\\Http\\Request), Object(Illuminate\\View\\View))
#13 C:\\xampp\\htdocs\\Cioas\\vendor\\laravel\\framework\\src\\Illuminate\\Routing\\Router.php(720): Illuminate\\Routing\\Router->prepareResponse(Object(Illuminate\\Http\\Request), Object(Illuminate\\View\\View))
#14 C:\\xampp\\htdocs\\Cioas\\vendor\\laravel\\framework\\src\\Illuminate\\Pipeline\\Pipeline.php(128): Illuminate\\Routing\\Router->Illuminate\\Routing\\{closure}(Object(Illuminate\\Http\\Request))
#15 C:\\xampp\\htdocs\\Cioas\\vendor\\laravel\\framework\\src\\Illuminate\\Routing\\Middleware\\SubstituteBindings.php(50): Illuminate\\Pipeline\\Pipeline->Illuminate\\Pipeline\\{closure}(Object(Illuminate\\Http\\Request))
#16 C:\\xampp\\htdocs\\Cioas\\vendor\\laravel\\framework\\src\\Illuminate\\Pipeline\\Pipeline.php(167): Illuminate\\Routing\\Middleware\\SubstituteBindings->handle(Object(Illuminate\\Http\\Request), Object(Closure))
#17 C:\\xampp\\htdocs\\Cioas\\vendor\\laravel\\framework\\src\\Illuminate\\Auth\\Middleware\\Authenticate.php(44): Illuminate\\Pipeline\\Pipeline->Illuminate\\Pipeline\\{closure}(Object(Illuminate\\Http\\Request))
#18 C:\\xampp\\htdocs\\Cioas\\vendor\\laravel\\framework\\src\\Illuminate\\Pipeline\\Pipeline.php(167): Illuminate\\Auth\\Middleware\\Authenticate->handle(Object(Illuminate\\Http\\Request), Object(Closure))
#19 C:\\xampp\\htdocs\\Cioas\\vendor\\laravel\\framework\\src\\Illuminate\\Foundation\\Http\\Middleware\\VerifyCsrfToken.php(78): Illuminate\\Pipeline\\Pipeline->Illuminate\\Pipeline\\{closure}(Object(Illuminate\\Http\\Request))
#20 C:\\xampp\\htdocs\\Cioas\\vendor\\laravel\\framework\\src\\Illuminate\\Pipeline\\Pipeline.php(167): Illuminate\\Foundation\\Http\\Middleware\\VerifyCsrfToken->handle(Object(Illuminate\\Http\\Request), Object(Closure))
#21 C:\\xampp\\htdocs\\Cioas\\vendor\\laravel\\framework\\src\\Illuminate\\View\\Middleware\\ShareErrorsFromSession.php(49): Illuminate\\Pipeline\\Pipeline->Illuminate\\Pipeline\\{closure}(Object(Illuminate\\Http\\Request))
#22 C:\\xampp\\htdocs\\Cioas\\vendor\\laravel\\framework\\src\\Illuminate\\Pipeline\\Pipeline.php(167): Illuminate\\View\\Middleware\\ShareErrorsFromSession->handle(Object(Illuminate\\Http\\Request), Object(Closure))
#23 C:\\xampp\\htdocs\\Cioas\\vendor\\laravel\\framework\\src\\Illuminate\\Session\\Middleware\\StartSession.php(121): Illuminate\\Pipeline\\Pipeline->Illuminate\\Pipeline\\{closure}(Object(Illuminate\\Http\\Request))
#24 C:\\xampp\\htdocs\\Cioas\\vendor\\laravel\\framework\\src\\Illuminate\\Session\\Middleware\\StartSession.php(64): Illuminate\\Session\\Middleware\\StartSession->handleStatefulRequest(Object(Illuminate\\Http\\Request), Object(Illuminate\\Session\\Store), Object(Closure))
#25 C:\\xampp\\htdocs\\Cioas\\vendor\\laravel\\framework\\src\\Illuminate\\Pipeline\\Pipeline.php(167): Illuminate\\Session\\Middleware\\StartSession->handle(Object(Illuminate\\Http\\Request), Object(Closure))
#26 C:\\xampp\\htdocs\\Cioas\\vendor\\laravel\\framework\\src\\Illuminate\\Cookie\\Middleware\\AddQueuedCookiesToResponse.php(37): Illuminate\\Pipeline\\Pipeline->Illuminate\\Pipeline\\{closure}(Object(Illuminate\\Http\\Request))
#27 C:\\xampp\\htdocs\\Cioas\\vendor\\laravel\\framework\\src\\Illuminate\\Pipeline\\Pipeline.php(167): Illuminate\\Cookie\\Middleware\\AddQueuedCookiesToResponse->handle(Object(Illuminate\\Http\\Request), Object(Closure))
#28 C:\\xampp\\htdocs\\Cioas\\vendor\\laravel\\framework\\src\\Illuminate\\Cookie\\Middleware\\EncryptCookies.php(67): Illuminate\\Pipeline\\Pipeline->Illuminate\\Pipeline\\{closure}(Object(Illuminate\\Http\\Request))
#29 C:\\xampp\\htdocs\\Cioas\\vendor\\laravel\\framework\\src\\Illuminate\\Pipeline\\Pipeline.php(167): Illuminate\\Cookie\\Middleware\\EncryptCookies->handle(Object(Illuminate\\Http\\Request), Object(Closure))
#30 C:\\xampp\\htdocs\\Cioas\\vendor\\laravel\\framework\\src\\Illuminate\\Pipeline\\Pipeline.php(103): Illuminate\\Pipeline\\Pipeline->Illuminate\\Pipeline\\{closure}(Object(Illuminate\\Http\\Request))
#31 C:\\xampp\\htdocs\\Cioas\\vendor\\laravel\\framework\\src\\Illuminate\\Routing\\Router.php(719): Illuminate\\Pipeline\\Pipeline->then(Object(Closure))
#32 C:\\xampp\\htdocs\\Cioas\\vendor\\laravel\\framework\\src\\Illuminate\\Routing\\Router.php(698): Illuminate\\Routing\\Router->runRouteWithinStack(Object(Illuminate\\Routing\\Route), Object(Illuminate\\Http\\Request))
#33 C:\\xampp\\htdocs\\Cioas\\vendor\\laravel\\framework\\src\\Illuminate\\Routing\\Router.php(662): Illuminate\\Routing\\Router->runRoute(Object(Illuminate\\Http\\Request), Object(Illuminate\\Routing\\Route))
#34 C:\\xampp\\htdocs\\Cioas\\vendor\\laravel\\framework\\src\\Illuminate\\Routing\\Router.php(651): Illuminate\\Routing\\Router->dispatchToRoute(Object(Illuminate\\Http\\Request))
#35 C:\\xampp\\htdocs\\Cioas\\vendor\\laravel\\framework\\src\\Illuminate\\Foundation\\Http\\Kernel.php(167): Illuminate\\Routing\\Router->dispatch(Object(Illuminate\\Http\\Request))
#36 C:\\xampp\\htdocs\\Cioas\\vendor\\laravel\\framework\\src\\Illuminate\\Pipeline\\Pipeline.php(128): Illuminate\\Foundation\\Http\\Kernel->Illuminate\\Foundation\\Http\\{closure}(Object(Illuminate\\Http\\Request))
#37 C:\\xampp\\htdocs\\Cioas\\vendor\\laravel\\framework\\src\\Illuminate\\Foundation\\Http\\Middleware\\TransformsRequest.php(21): Illuminate\\Pipeline\\Pipeline->Illuminate\\Pipeline\\{closure}(Object(Illuminate\\Http\\Request))
#38 C:\\xampp\\htdocs\\Cioas\\vendor\\laravel\\framework\\src\\Illuminate\\Foundation\\Http\\Middleware\\ConvertEmptyStringsToNull.php(31): Illuminate\\Foundation\\Http\\Middleware\\TransformsRequest->handle(Object(Illuminate\\Http\\Request), Object(Closure))
#39 C:\\xampp\\htdocs\\Cioas\\vendor\\laravel\\framework\\src\\Illuminate\\Pipeline\\Pipeline.php(167): Illuminate\\Foundation\\Http\\Middleware\\ConvertEmptyStringsToNull->handle(Object(Illuminate\\Http\\Request), Object(Closure))
#40 C:\\xampp\\htdocs\\Cioas\\vendor\\laravel\\framework\\src\\Illuminate\\Foundation\\Http\\Middleware\\TransformsRequest.php(21): Illuminate\\Pipeline\\Pipeline->Illuminate\\Pipeline\\{closure}(Object(Illuminate\\Http\\Request))
#41 C:\\xampp\\htdocs\\Cioas\\vendor\\laravel\\framework\\src\\Illuminate\\Foundation\\Http\\Middleware\\TrimStrings.php(40): Illuminate\\Foundation\\Http\\Middleware\\TransformsRequest->handle(Object(Illuminate\\Http\\Request), Object(Closure))
#42 C:\\xampp\\htdocs\\Cioas\\vendor\\laravel\\framework\\src\\Illuminate\\Pipeline\\Pipeline.php(167): Illuminate\\Foundation\\Http\\Middleware\\TrimStrings->handle(Object(Illuminate\\Http\\Request), Object(Closure))
#43 C:\\xampp\\htdocs\\Cioas\\vendor\\laravel\\framework\\src\\Illuminate\\Foundation\\Http\\Middleware\\ValidatePostSize.php(27): Illuminate\\Pipeline\\Pipeline->Illuminate\\Pipeline\\{closure}(Object(Illuminate\\Http\\Request))
#44 C:\\xampp\\htdocs\\Cioas\\vendor\\laravel\\framework\\src\\Illuminate\\Pipeline\\Pipeline.php(167): Illuminate\\Foundation\\Http\\Middleware\\ValidatePostSize->handle(Object(Illuminate\\Http\\Request), Object(Closure))
#45 C:\\xampp\\htdocs\\Cioas\\vendor\\laravel\\framework\\src\\Illuminate\\Foundation\\Http\\Middleware\\PreventRequestsDuringMaintenance.php(86): Illuminate\\Pipeline\\Pipeline->Illuminate\\Pipeline\\{closure}(Object(Illuminate\\Http\\Request))
#46 C:\\xampp\\htdocs\\Cioas\\vendor\\laravel\\framework\\src\\Illuminate\\Pipeline\\Pipeline.php(167): Illuminate\\Foundation\\Http\\Middleware\\PreventRequestsDuringMaintenance->handle(Object(Illuminate\\Http\\Request), Object(Closure))
#47 C:\\xampp\\htdocs\\Cioas\\vendor\\fruitcake\\laravel-cors\\src\\HandleCors.php(38): Illuminate\\Pipeline\\Pipeline->Illuminate\\Pipeline\\{closure}(Object(Illuminate\\Http\\Request))
#48 C:\\xampp\\htdocs\\Cioas\\vendor\\laravel\\framework\\src\\Illuminate\\Pipeline\\Pipeline.php(167): Fruitcake\\Cors\\HandleCors->handle(Object(Illuminate\\Http\\Request), Object(Closure))
#49 C:\\xampp\\htdocs\\Cioas\\vendor\\laravel\\framework\\src\\Illuminate\\Http\\Middleware\\TrustProxies.php(39): Illuminate\\Pipeline\\Pipeline->Illuminate\\Pipeline\\{closure}(Object(Illuminate\\Http\\Request))
#50 C:\\xampp\\htdocs\\Cioas\\vendor\\laravel\\framework\\src\\Illuminate\\Pipeline\\Pipeline.php(167): Illuminate\\Http\\Middleware\\TrustProxies->handle(Object(Illuminate\\Http\\Request), Object(Closure))
#51 C:\\xampp\\htdocs\\Cioas\\vendor\\laravel\\framework\\src\\Illuminate\\Pipeline\\Pipeline.php(103): Illuminate\\Pipeline\\Pipeline->Illuminate\\Pipeline\\{closure}(Object(Illuminate\\Http\\Request))
#52 C:\\xampp\\htdocs\\Cioas\\vendor\\laravel\\framework\\src\\Illuminate\\Foundation\\Http\\Kernel.php(142): Illuminate\\Pipeline\\Pipeline->then(Object(Closure))
#53 C:\\xampp\\htdocs\\Cioas\\vendor\\laravel\\framework\\src\\Illuminate\\Foundation\\Http\\Kernel.php(111): Illuminate\\Foundation\\Http\\Kernel->sendRequestThroughRouter(Object(Illuminate\\Http\\Request))
#54 C:\\xampp\\htdocs\\Cioas\\public\\index.php(51): Illuminate\\Foundation\\Http\\Kernel->handle(Object(Illuminate\\Http\\Request))
#55 C:\\xampp\\htdocs\\Cioas\\server.php(21): require_once('C:\\\\xampp\\\\htdocs...')
#56 {main}
"} 
[2026-05-06 07:27:49] local.ERROR: Attempt to read property "en_name" on null (View: C:\xampp\htdocs\Cioas\resources\views\backend\pages\hotel-restaurant\index.blade.php) {"view":{"view":"C:\\xampp\\htdocs\\Cioas\\resources\\views/backend/pages/hotel-restaurant/index.blade.php","data":{"errors":"<pre class=sf-dump id=sf-dump-1094600658 data-indent-pad=\"  \"><span class=sf-dump-note>Illuminate\\Support\\ViewErrorBag</span> {<a class=sf-dump-ref>#2123</a><samp data-depth=1 class=sf-dump-expanded>
  #<span class=sf-dump-protected title=\"Protected property\">bags</span>: []
</samp>}
</pre><script>Sfdump(\"sf-dump-1094600658\", {\"maxDepth\":3,\"maxStringLength\":160})</script>
","organizations":"<pre class=sf-dump id=sf-dump-518128466 data-indent-pad=\"  \"><span class=sf-dump-note>Illuminate\\Database\\Eloquent\\Collection</span> {<a class=sf-dump-ref>#2164</a><samp data-depth=1 class=sf-dump-expanded>
  #<span class=sf-dump-protected title=\"Protected property\">items</span>: <span class=sf-dump-note>array:14</span> [<samp data-depth=2 class=sf-dump-compact>
    <span class=sf-dump-index>0</span> => <span class=sf-dump-note title=\"App\\Models\\HotelRestaurant\\HotelRestaurant
\"><span class=\"sf-dump-ellipsis sf-dump-ellipsis-note\">App\\Models\\HotelRestaurant</span><span class=\"sf-dump-ellipsis sf-dump-ellipsis-note\">\\</span>HotelRestaurant</span> {<a class=sf-dump-ref>#2171</a><samp data-depth=3 class=sf-dump-compact>
      #<span class=sf-dump-protected title=\"Protected property\">connection</span>: \"<span class=sf-dump-str title=\"5 characters\">mysql</span>\"
      #<span class=sf-dump-protected title=\"Protected property\">table</span>: \"<span class=sf-dump-str title=\"17 characters\">hotel_restaurants</span>\"
      #<span class=sf-dump-protected title=\"Protected property\">primaryKey</span>: \"<span class=sf-dump-str title=\"2 characters\">id</span>\"
      #<span class=sf-dump-protected title=\"Protected property\">keyType</span>: \"<span class=sf-dump-str title=\"3 characters\">int</span>\"
      +<span class=sf-dump-public title=\"Public property\">incrementing</span>: <span class=sf-dump-const>true</span>
      #<span class=sf-dump-protected title=\"Protected property\">with</span>: []
      #<span class=sf-dump-protected title=\"Protected property\">withCount</span>: []
      +<span class=sf-dump-public title=\"Public property\">preventsLazyLoading</span>: <span class=sf-dump-const>false</span>
      #<span class=sf-dump-protected title=\"Protected property\">perPage</span>: <span class=sf-dump-num>15</span>
      +<span class=sf-dump-public title=\"Public property\">exists</span>: <span class=sf-dump-const>true</span>
      +<span class=sf-dump-public title=\"Public property\">wasRecentlyCreated</span>: <span class=sf-dump-const>false</span>
      #<span class=sf-dump-protected title=\"Protected property\">escapeWhenCastingToString</span>: <span class=sf-dump-const>false</span>
      #<span class=sf-dump-protected title=\"Protected property\">attributes</span>: <span class=sf-dump-note>array:46</span> [ &#8230;46]
      #<span class=sf-dump-protected title=\"Protected property\">original</span>: <span class=sf-dump-note>array:46</span> [ &#8230;46]
      #<span class=sf-dump-protected title=\"Protected property\">changes</span>: []
      #<span class=sf-dump-protected title=\"Protected property\">casts</span>: []
      #<span class=sf-dump-protected title=\"Protected property\">classCastCache</span>: []
      #<span class=sf-dump-protected title=\"Protected property\">attributeCastCache</span>: []
      #<span class=sf-dump-protected title=\"Protected property\">dates</span>: []
      #<span class=sf-dump-protected title=\"Protected property\">dateFormat</span>: <span class=sf-dump-const>null</span>
      #<span class=sf-dump-protected title=\"Protected property\">appends</span>: []
      #<span class=sf-dump-protected title=\"Protected property\">dispatchesEvents</span>: []
      #<span class=sf-dump-protected title=\"Protected property\">observables</span>: []
      #<span class=sf-dump-protected title=\"Protected property\">relations</span>: <span class=sf-dump-note>array:3</span> [ &#8230;3]
      #<span class=sf-dump-protected title=\"Protected property\">touches</span>: []
      +<span class=sf-dump-public title=\"Public property\">timestamps</span>: <span class=sf-dump-const>true</span>
      #<span class=sf-dump-protected title=\"Protected property\">hidden</span>: []
      #<span class=sf-dump-protected title=\"Protected property\">visible</span>: []
      #<span class=sf-dump-protected title=\"Protected property\">fillable</span>: <span class=sf-dump-note>array:37</span> [ &#8230;37]
      #<span class=sf-dump-protected title=\"Protected property\">guarded</span>: <span class=sf-dump-note>array:1</span> [ &#8230;1]
    </samp>}
    <span class=sf-dump-index>1</span> => <span class=sf-dump-note title=\"App\\Models\\HotelRestaurant\\HotelRestaurant
\"><span class=\"sf-dump-ellipsis sf-dump-ellipsis-note\">App\\Models\\HotelRestaurant</span><span class=\"sf-dump-ellipsis sf-dump-ellipsis-note\">\\</span>HotelRestaurant</span> {<a class=sf-dump-ref>#2172</a><samp data-depth=3 class=sf-dump-compact>
      #<span class=sf-dump-protected title=\"Protected property\">connection</span>: \"<span class=sf-dump-str title=\"5 characters\">mysql</span>\"
      #<span class=sf-dump-protected title=\"Protected property\">table</span>: \"<span class=sf-dump-str title=\"17 characters\">hotel_restaurants</span>\"
      #<span class=sf-dump-protected title=\"Protected property\">primaryKey</span>: \"<span class=sf-dump-str title=\"2 characters\">id</span>\"
      #<span class=sf-dump-protected title=\"Protected property\">keyType</span>: \"<span class=sf-dump-str title=\"3 characters\">int</span>\"
      +<span class=sf-dump-public title=\"Public property\">incrementing</span>: <span class=sf-dump-const>true</span>
      #<span class=sf-dump-protected title=\"Protected property\">with</span>: []
      #<span class=sf-dump-protected title=\"Protected property\">withCount</span>: []
      +<span class=sf-dump-public title=\"Public property\">preventsLazyLoading</span>: <span class=sf-dump-const>false</span>
      #<span class=sf-dump-protected title=\"Protected property\">perPage</span>: <span class=sf-dump-num>15</span>
      +<span class=sf-dump-public title=\"Public property\">exists</span>: <span class=sf-dump-const>true</span>
      +<span class=sf-dump-public title=\"Public property\">wasRecentlyCreated</span>: <span class=sf-dump-const>false</span>
      #<span class=sf-dump-protected title=\"Protected property\">escapeWhenCastingToString</span>: <span class=sf-dump-const>false</span>
      #<span class=sf-dump-protected title=\"Protected property\">attributes</span>: <span class=sf-dump-note>array:46</span> [ &#8230;46]
      #<span class=sf-dump-protected title=\"Protected property\">original</span>: <span class=sf-dump-note>array:46</span> [ &#8230;46]
      #<span class=sf-dump-protected title=\"Protected property\">changes</span>: []
      #<span class=sf-dump-protected title=\"Protected property\">casts</span>: []
      #<span class=sf-dump-protected title=\"Protected property\">classCastCache</span>: []
      #<span class=sf-dump-protected title=\"Protected property\">attributeCastCache</span>: []
      #<span class=sf-dump-protected title=\"Protected property\">dates</span>: []
      #<span class=sf-dump-protected title=\"Protected property\">dateFormat</span>: <span class=sf-dump-const>null</span>
      #<span class=sf-dump-protected title=\"Protected property\">appends</span>: []
      #<span class=sf-dump-protected title=\"Protected property\">dispatchesEvents</span>: []
      #<span class=sf-dump-protected title=\"Protected property\">observables</span>: []
      #<span class=sf-dump-protected title=\"Protected property\">relations</span>: <span class=sf-dump-note>array:3</span> [ &#8230;3]
      #<span class=sf-dump-protected title=\"Protected property\">touches</span>: []
      +<span class=sf-dump-public title=\"Public property\">timestamps</span>: <span class=sf-dump-const>true</span>
      #<span class=sf-dump-protected title=\"Protected property\">hidden</span>: []
      #<span class=sf-dump-protected title=\"Protected property\">visible</span>: []
      #<span class=sf-dump-protected title=\"Protected property\">fillable</span>: <span class=sf-dump-note>array:37</span> [ &#8230;37]
      #<span class=sf-dump-protected title=\"Protected property\">guarded</span>: <span class=sf-dump-note>array:1</span> [ &#8230;1]
    </samp>}
    <span class=sf-dump-index>2</span> => <span class=sf-dump-note title=\"App\\Models\\HotelRestaurant\\HotelRestaurant
\"><span class=\"sf-dump-ellipsis sf-dump-ellipsis-note\">App\\Models\\HotelRestaurant</span><span class=\"sf-dump-ellipsis sf-dump-ellipsis-note\">\\</span>HotelRestaurant</span> {<a class=sf-dump-ref>#2173</a><samp data-depth=3 class=sf-dump-compact>
      #<span class=sf-dump-protected title=\"Protected property\">connection</span>: \"<span class=sf-dump-str title=\"5 characters\">mysql</span>\"
      #<span class=sf-dump-protected title=\"Protected property\">table</span>: \"<span class=sf-dump-str title=\"17 characters\">hotel_restaurants</span>\"
      #<span class=sf-dump-protected title=\"Protected property\">primaryKey</span>: \"<span class=sf-dump-str title=\"2 characters\">id</span>\"
      #<span class=sf-dump-protected title=\"Protected property\">keyType</span>: \"<span class=sf-dump-str title=\"3 characters\">int</span>\"
      +<span class=sf-dump-public title=\"Public property\">incrementing</span>: <span class=sf-dump-const>true</span>
      #<span class=sf-dump-protected title=\"Protected property\">with</span>: []
      #<span class=sf-dump-protected title=\"Protected property\">withCount</span>: []
      +<span class=sf-dump-public title=\"Public property\">preventsLazyLoading</span>: <span class=sf-dump-const>false</span>
      #<span class=sf-dump-protected title=\"Protected property\">perPage</span>: <span class=sf-dump-num>15</span>
      +<span class=sf-dump-public title=\"Public property\">exists</span>: <span class=sf-dump-const>true</span>
      +<span class=sf-dump-public title=\"Public property\">wasRecentlyCreated</span>: <span class=sf-dump-const>false</span>
      #<span class=sf-dump-protected title=\"Protected property\">escapeWhenCastingToString</span>: <span class=sf-dump-const>false</span>
      #<span class=sf-dump-protected title=\"Protected property\">attributes</span>: <span class=sf-dump-note>array:46</span> [ &#8230;46]
      #<span class=sf-dump-protected title=\"Protected property\">original</span>: <span class=sf-dump-note>array:46</span> [ &#8230;46]
      #<span class=sf-dump-protected title=\"Protected property\">changes</span>: []
      #<span class=sf-dump-protected title=\"Protected property\">casts</span>: []
      #<span class=sf-dump-protected title=\"Protected property\">classCastCache</span>: []
      #<span class=sf-dump-protected title=\"Protected property\">attributeCastCache</span>: []
      #<span class=sf-dump-protected title=\"Protected property\">dates</span>: []
      #<span class=sf-dump-protected title=\"Protected property\">dateFormat</span>: <span class=sf-dump-const>null</span>
      #<span class=sf-dump-protected title=\"Protected property\">appends</span>: []
      #<span class=sf-dump-protected title=\"Protected property\">dispatchesEvents</span>: []
      #<span class=sf-dump-protected title=\"Protected property\">observables</span>: []
      #<span class=sf-dump-protected title=\"Protected property\">relations</span>: <span class=sf-dump-note>array:3</span> [ &#8230;3]
      #<span class=sf-dump-protected title=\"Protected property\">touches</span>: []
      +<span class=sf-dump-public title=\"Public property\">timestamps</span>: <span class=sf-dump-const>true</span>
      #<span class=sf-dump-protected title=\"Protected property\">hidden</span>: []
      #<span class=sf-dump-protected title=\"Protected property\">visible</span>: []
      #<span class=sf-dump-protected title=\"Protected property\">fillable</span>: <span class=sf-dump-note>array:37</span> [ &#8230;37]
      #<span class=sf-dump-protected title=\"Protected property\">guarded</span>: <span class=sf-dump-note>array:1</span> [ &#8230;1]
    </samp>}
    <span class=sf-dump-index>3</span> => <span class=sf-dump-note title=\"App\\Models\\HotelRestaurant\\HotelRestaurant
\"><span class=\"sf-dump-ellipsis sf-dump-ellipsis-note\">App\\Models\\HotelRestaurant</span><span class=\"sf-dump-ellipsis sf-dump-ellipsis-note\">\\</span>HotelRestaurant</span> {<a class=sf-dump-ref>#2174</a><samp data-depth=3 class=sf-dump-compact>
      #<span class=sf-dump-protected title=\"Protected property\">connection</span>: \"<span class=sf-dump-str title=\"5 characters\">mysql</span>\"
      #<span class=sf-dump-protected title=\"Protected property\">table</span>: \"<span class=sf-dump-str title=\"17 characters\">hotel_restaurants</span>\"
      #<span class=sf-dump-protected title=\"Protected property\">primaryKey</span>: \"<span class=sf-dump-str title=\"2 characters\">id</span>\"
      #<span class=sf-dump-protected title=\"Protected property\">keyType</span>: \"<span class=sf-dump-str title=\"3 characters\">int</span>\"
      +<span class=sf-dump-public title=\"Public property\">incrementing</span>: <span class=sf-dump-const>true</span>
      #<span class=sf-dump-protected title=\"Protected property\">with</span>: []
      #<span class=sf-dump-protected title=\"Protected property\">withCount</span>: []
      +<span class=sf-dump-public title=\"Public property\">preventsLazyLoading</span>: <span class=sf-dump-const>false</span>
      #<span class=sf-dump-protected title=\"Protected property\">perPage</span>: <span class=sf-dump-num>15</span>
      +<span class=sf-dump-public title=\"Public property\">exists</span>: <span class=sf-dump-const>true</span>
      +<span class=sf-dump-public title=\"Public property\">wasRecentlyCreated</span>: <span class=sf-dump-const>false</span>
      #<span class=sf-dump-protected title=\"Protected property\">escapeWhenCastingToString</span>: <span class=sf-dump-const>false</span>
      #<span class=sf-dump-protected title=\"Protected property\">attributes</span>: <span class=sf-dump-note>array:46</span> [ &#8230;46]
      #<span class=sf-dump-protected title=\"Protected property\">original</span>: <span class=sf-dump-note>array:46</span> [ &#8230;46]
      #<span class=sf-dump-protected title=\"Protected property\">changes</span>: []
      #<span class=sf-dump-protected title=\"Protected property\">casts</span>: []
      #<span class=sf-dump-protected title=\"Protected property\">classCastCache</span>: []
      #<span class=sf-dump-protected title=\"Protected property\">attributeCastCache</span>: []
      #<span class=sf-dump-protected title=\"Protected property\">dates</span>: []
      #<span class=sf-dump-protected title=\"Protected property\">dateFormat</span>: <span class=sf-dump-const>null</span>
      #<span class=sf-dump-protected title=\"Protected property\">appends</span>: []
      #<span class=sf-dump-protected title=\"Protected property\">dispatchesEvents</span>: []
      #<span class=sf-dump-protected title=\"Protected property\">observables</span>: []
      #<span class=sf-dump-protected title=\"Protected property\">relations</span>: <span class=sf-dump-note>array:3</span> [ &#8230;3]
      #<span class=sf-dump-protected title=\"Protected property\">touches</span>: []
      +<span class=sf-dump-public title=\"Public property\">timestamps</span>: <span class=sf-dump-const>true</span>
      #<span class=sf-dump-protected title=\"Protected property\">hidden</span>: []
      #<span class=sf-dump-protected title=\"Protected property\">visible</span>: []
      #<span class=sf-dump-protected title=\"Protected property\">fillable</span>: <span class=sf-dump-note>array:37</span> [ &#8230;37]
      #<span class=sf-dump-protected title=\"Protected property\">guarded</span>: <span class=sf-dump-note>array:1</span> [ &#8230;1]
    </samp>}
    <span class=sf-dump-index>4</span> => <span class=sf-dump-note title=\"App\\Models\\HotelRestaurant\\HotelRestaurant
\"><span class=\"sf-dump-ellipsis sf-dump-ellipsis-note\">App\\Models\\HotelRestaurant</span><span class=\"sf-dump-ellipsis sf-dump-ellipsis-note\">\\</span>HotelRestaurant</span> {<a class=sf-dump-ref>#2175</a><samp data-depth=3 class=sf-dump-compact>
      #<span class=sf-dump-protected title=\"Protected property\">connection</span>: \"<span class=sf-dump-str title=\"5 characters\">mysql</span>\"
      #<span class=sf-dump-protected title=\"Protected property\">table</span>: \"<span class=sf-dump-str title=\"17 characters\">hotel_restaurants</span>\"
      #<span class=sf-dump-protected title=\"Protected property\">primaryKey</span>: \"<span class=sf-dump-str title=\"2 characters\">id</span>\"
      #<span class=sf-dump-protected title=\"Protected property\">keyType</span>: \"<span class=sf-dump-str title=\"3 characters\">int</span>\"
      +<span class=sf-dump-public title=\"Public property\">incrementing</span>: <span class=sf-dump-const>true</span>
      #<span class=sf-dump-protected title=\"Protected property\">with</span>: []
      #<span class=sf-dump-protected title=\"Protected property\">withCount</span>: []
      +<span class=sf-dump-public title=\"Public property\">preventsLazyLoading</span>: <span class=sf-dump-const>false</span>
      #<span class=sf-dump-protected title=\"Protected property\">perPage</span>: <span class=sf-dump-num>15</span>
      +<span class=sf-dump-public title=\"Public property\">exists</span>: <span class=sf-dump-const>true</span>
      +<span class=sf-dump-public title=\"Public property\">wasRecentlyCreated</span>: <span class=sf-dump-const>false</span>
      #<span class=sf-dump-protected title=\"Protected property\">escapeWhenCastingToString</span>: <span class=sf-dump-const>false</span>
      #<span class=sf-dump-protected title=\"Protected property\">attributes</span>: <span class=sf-dump-note>array:46</span> [ &#8230;46]
      #<span class=sf-dump-protected title=\"Protected property\">original</span>: <span class=sf-dump-note>array:46</span> [ &#8230;46]
      #<span class=sf-dump-protected title=\"Protected property\">changes</span>: []
      #<span class=sf-dump-protected title=\"Protected property\">casts</span>: []
      #<span class=sf-dump-protected title=\"Protected property\">classCastCache</span>: []
      #<span class=sf-dump-protected title=\"Protected property\">attributeCastCache</span>: []
      #<span class=sf-dump-protected title=\"Protected property\">dates</span>: []
      #<span class=sf-dump-protected title=\"Protected property\">dateFormat</span>: <span class=sf-dump-const>null</span>
      #<span class=sf-dump-protected title=\"Protected property\">appends</span>: []
      #<span class=sf-dump-protected title=\"Protected property\">dispatchesEvents</span>: []
      #<span class=sf-dump-protected title=\"Protected property\">observables</span>: []
      #<span class=sf-dump-protected title=\"Protected property\">relations</span>: <span class=sf-dump-note>array:3</span> [ &#8230;3]
      #<span class=sf-dump-protected title=\"Protected property\">touches</span>: []
      +<span class=sf-dump-public title=\"Public property\">timestamps</span>: <span class=sf-dump-const>true</span>
      #<span class=sf-dump-protected title=\"Protected property\">hidden</span>: []
      #<span class=sf-dump-protected title=\"Protected property\">visible</span>: []
      #<span class=sf-dump-protected title=\"Protected property\">fillable</span>: <span class=sf-dump-note>array:37</span> [ &#8230;37]
      #<span class=sf-dump-protected title=\"Protected property\">guarded</span>: <span class=sf-dump-note>array:1</span> [ &#8230;1]
    </samp>}
    <span class=sf-dump-index>5</span> => <span class=sf-dump-note title=\"App\\Models\\HotelRestaurant\\HotelRestaurant
\"><span class=\"sf-dump-ellipsis sf-dump-ellipsis-note\">App\\Models\\HotelRestaurant</span><span class=\"sf-dump-ellipsis sf-dump-ellipsis-note\">\\</span>HotelRestaurant</span> {<a class=sf-dump-ref>#2176</a><samp data-depth=3 class=sf-dump-compact>
      #<span class=sf-dump-protected title=\"Protected property\">connection</span>: \"<span class=sf-dump-str title=\"5 characters\">mysql</span>\"
      #<span class=sf-dump-protected title=\"Protected property\">table</span>: \"<span class=sf-dump-str title=\"17 characters\">hotel_restaurants</span>\"
      #<span class=sf-dump-protected title=\"Protected property\">primaryKey</span>: \"<span class=sf-dump-str title=\"2 characters\">id</span>\"
      #<span class=sf-dump-protected title=\"Protected property\">keyType</span>: \"<span class=sf-dump-str title=\"3 characters\">int</span>\"
      +<span class=sf-dump-public title=\"Public property\">incrementing</span>: <span class=sf-dump-const>true</span>
      #<span class=sf-dump-protected title=\"Protected property\">with</span>: []
      #<span class=sf-dump-protected title=\"Protected property\">withCount</span>: []
      +<span class=sf-dump-public title=\"Public property\">preventsLazyLoading</span>: <span class=sf-dump-const>false</span>
      #<span class=sf-dump-protected title=\"Protected property\">perPage</span>: <span class=sf-dump-num>15</span>
      +<span class=sf-dump-public title=\"Public property\">exists</span>: <span class=sf-dump-const>true</span>
      +<span class=sf-dump-public title=\"Public property\">wasRecentlyCreated</span>: <span class=sf-dump-const>false</span>
      #<span class=sf-dump-protected title=\"Protected property\">escapeWhenCastingToString</span>: <span class=sf-dump-const>false</span>
      #<span class=sf-dump-protected title=\"Protected property\">attributes</span>: <span class=sf-dump-note>array:46</span> [ &#8230;46]
      #<span class=sf-dump-protected title=\"Protected property\">original</span>: <span class=sf-dump-note>array:46</span> [ &#8230;46]
      #<span class=sf-dump-protected title=\"Protected property\">changes</span>: []
      #<span class=sf-dump-protected title=\"Protected property\">casts</span>: []
      #<span class=sf-dump-protected title=\"Protected property\">classCastCache</span>: []
      #<span class=sf-dump-protected title=\"Protected property\">attributeCastCache</span>: []
      #<span class=sf-dump-protected title=\"Protected property\">dates</span>: []
      #<span class=sf-dump-protected title=\"Protected property\">dateFormat</span>: <span class=sf-dump-const>null</span>
      #<span class=sf-dump-protected title=\"Protected property\">appends</span>: []
      #<span class=sf-dump-protected title=\"Protected property\">dispatchesEvents</span>: []
      #<span class=sf-dump-protected title=\"Protected property\">observables</span>: []
      #<span class=sf-dump-protected title=\"Protected property\">relations</span>: <span class=sf-dump-note>array:3</span> [ &#8230;3]
      #<span class=sf-dump-protected title=\"Protected property\">touches</span>: []
      +<span class=sf-dump-public title=\"Public property\">timestamps</span>: <span class=sf-dump-const>true</span>
      #<span class=sf-dump-protected title=\"Protected property\">hidden</span>: []
      #<span class=sf-dump-protected title=\"Protected property\">visible</span>: []
      #<span class=sf-dump-protected title=\"Protected property\">fillable</span>: <span class=sf-dump-note>array:37</span> [ &#8230;37]
      #<span class=sf-dump-protected title=\"Protected property\">guarded</span>: <span class=sf-dump-note>array:1</span> [ &#8230;1]
    </samp>}
    <span class=sf-dump-index>6</span> => <span class=sf-dump-note title=\"App\\Models\\HotelRestaurant\\HotelRestaurant
\"><span class=\"sf-dump-ellipsis sf-dump-ellipsis-note\">App\\Models\\HotelRestaurant</span><span class=\"sf-dump-ellipsis sf-dump-ellipsis-note\">\\</span>HotelRestaurant</span> {<a class=sf-dump-ref>#2177</a><samp data-depth=3 class=sf-dump-compact>
      #<span class=sf-dump-protected title=\"Protected property\">connection</span>: \"<span class=sf-dump-str title=\"5 characters\">mysql</span>\"
      #<span class=sf-dump-protected title=\"Protected property\">table</span>: \"<span class=sf-dump-str title=\"17 characters\">hotel_restaurants</span>\"
      #<span class=sf-dump-protected title=\"Protected property\">primaryKey</span>: \"<span class=sf-dump-str title=\"2 characters\">id</span>\"
      #<span class=sf-dump-protected title=\"Protected property\">keyType</span>: \"<span class=sf-dump-str title=\"3 characters\">int</span>\"
      +<span class=sf-dump-public title=\"Public property\">incrementing</span>: <span class=sf-dump-const>true</span>
      #<span class=sf-dump-protected title=\"Protected property\">with</span>: []
      #<span class=sf-dump-protected title=\"Protected property\">withCount</span>: []
      +<span class=sf-dump-public title=\"Public property\">preventsLazyLoading</span>: <span class=sf-dump-const>false</span>
      #<span class=sf-dump-protected title=\"Protected property\">perPage</span>: <span class=sf-dump-num>15</span>
      +<span class=sf-dump-public title=\"Public property\">exists</span>: <span class=sf-dump-const>true</span>
      +<span class=sf-dump-public title=\"Public property\">wasRecentlyCreated</span>: <span class=sf-dump-const>false</span>
      #<span class=sf-dump-protected title=\"Protected property\">escapeWhenCastingToString</span>: <span class=sf-dump-const>false</span>
      #<span class=sf-dump-protected title=\"Protected property\">attributes</span>: <span class=sf-dump-note>array:46</span> [ &#8230;46]
      #<span class=sf-dump-protected title=\"Protected property\">original</span>: <span class=sf-dump-note>array:46</span> [ &#8230;46]
      #<span class=sf-dump-protected title=\"Protected property\">changes</span>: []
      #<span class=sf-dump-protected title=\"Protected property\">casts</span>: []
      #<span class=sf-dump-protected title=\"Protected property\">classCastCache</span>: []
      #<span class=sf-dump-protected title=\"Protected property\">attributeCastCache</span>: []
      #<span class=sf-dump-protected title=\"Protected property\">dates</span>: []
      #<span class=sf-dump-protected title=\"Protected property\">dateFormat</span>: <span class=sf-dump-const>null</span>
      #<span class=sf-dump-protected title=\"Protected property\">appends</span>: []
      #<span class=sf-dump-protected title=\"Protected property\">dispatchesEvents</span>: []
      #<span class=sf-dump-protected title=\"Protected property\">observables</span>: []
      #<span class=sf-dump-protected title=\"Protected property\">relations</span>: <span class=sf-dump-note>array:3</span> [ &#8230;3]
      #<span class=sf-dump-protected title=\"Protected property\">touches</span>: []
      +<span class=sf-dump-public title=\"Public property\">timestamps</span>: <span class=sf-dump-const>true</span>
      #<span class=sf-dump-protected title=\"Protected property\">hidden</span>: []
      #<span class=sf-dump-protected title=\"Protected property\">visible</span>: []
      #<span class=sf-dump-protected title=\"Protected property\">fillable</span>: <span class=sf-dump-note>array:37</span> [ &#8230;37]
      #<span class=sf-dump-protected title=\"Protected property\">guarded</span>: <span class=sf-dump-note>array:1</span> [ &#8230;1]
    </samp>}
    <span class=sf-dump-index>7</span> => <span class=sf-dump-note title=\"App\\Models\\HotelRestaurant\\HotelRestaurant
\"><span class=\"sf-dump-ellipsis sf-dump-ellipsis-note\">App\\Models\\HotelRestaurant</span><span class=\"sf-dump-ellipsis sf-dump-ellipsis-note\">\\</span>HotelRestaurant</span> {<a class=sf-dump-ref>#2178</a><samp data-depth=3 class=sf-dump-compact>
      #<span class=sf-dump-protected title=\"Protected property\">connection</span>: \"<span class=sf-dump-str title=\"5 characters\">mysql</span>\"
      #<span class=sf-dump-protected title=\"Protected property\">table</span>: \"<span class=sf-dump-str title=\"17 characters\">hotel_restaurants</span>\"
      #<span class=sf-dump-protected title=\"Protected property\">primaryKey</span>: \"<span class=sf-dump-str title=\"2 characters\">id</span>\"
      #<span class=sf-dump-protected title=\"Protected property\">keyType</span>: \"<span class=sf-dump-str title=\"3 characters\">int</span>\"
      +<span class=sf-dump-public title=\"Public property\">incrementing</span>: <span class=sf-dump-const>true</span>
      #<span class=sf-dump-protected title=\"Protected property\">with</span>: []
      #<span class=sf-dump-protected title=\"Protected property\">withCount</span>: []
      +<span class=sf-dump-public title=\"Public property\">preventsLazyLoading</span>: <span class=sf-dump-const>false</span>
      #<span class=sf-dump-protected title=\"Protected property\">perPage</span>: <span class=sf-dump-num>15</span>
      +<span class=sf-dump-public title=\"Public property\">exists</span>: <span class=sf-dump-const>true</span>
      +<span class=sf-dump-public title=\"Public property\">wasRecentlyCreated</span>: <span class=sf-dump-const>false</span>
      #<span class=sf-dump-protected title=\"Protected property\">escapeWhenCastingToString</span>: <span class=sf-dump-const>false</span>
      #<span class=sf-dump-protected title=\"Protected property\">attributes</span>: <span class=sf-dump-note>array:46</span> [ &#8230;46]
      #<span class=sf-dump-protected title=\"Protected property\">original</span>: <span class=sf-dump-note>array:46</span> [ &#8230;46]
      #<span class=sf-dump-protected title=\"Protected property\">changes</span>: []
      #<span class=sf-dump-protected title=\"Protected property\">casts</span>: []
      #<span class=sf-dump-protected title=\"Protected property\">classCastCache</span>: []
      #<span class=sf-dump-protected title=\"Protected property\">attributeCastCache</span>: []
      #<span class=sf-dump-protected title=\"Protected property\">dates</span>: []
      #<span class=sf-dump-protected title=\"Protected property\">dateFormat</span>: <span class=sf-dump-const>null</span>
      #<span class=sf-dump-protected title=\"Protected property\">appends</span>: []
      #<span class=sf-dump-protected title=\"Protected property\">dispatchesEvents</span>: []
      #<span class=sf-dump-protected title=\"Protected property\">observables</span>: []
      #<span class=sf-dump-protected title=\"Protected property\">relations</span>: <span class=sf-dump-note>array:3</span> [ &#8230;3]
      #<span class=sf-dump-protected title=\"Protected property\">touches</span>: []
      +<span class=sf-dump-public title=\"Public property\">timestamps</span>: <span class=sf-dump-const>true</span>
      #<span class=sf-dump-protected title=\"Protected property\">hidden</span>: []
      #<span class=sf-dump-protected title=\"Protected property\">visible</span>: []
      #<span class=sf-dump-protected title=\"Protected property\">fillable</span>: <span class=sf-dump-note>array:37</span> [ &#8230;37]
      #<span class=sf-dump-protected title=\"Protected property\">guarded</span>: <span class=sf-dump-note>array:1</span> [ &#8230;1]
    </samp>}
    <span class=sf-dump-index>8</span> => <span class=sf-dump-note title=\"App\\Models\\HotelRestaurant\\HotelRestaurant
\"><span class=\"sf-dump-ellipsis sf-dump-ellipsis-note\">App\\Models\\HotelRestaurant</span><span class=\"sf-dump-ellipsis sf-dump-ellipsis-note\">\\</span>HotelRestaurant</span> {<a class=sf-dump-ref>#2179</a><samp data-depth=3 class=sf-dump-compact>
      #<span class=sf-dump-protected title=\"Protected property\">connection</span>: \"<span class=sf-dump-str title=\"5 characters\">mysql</span>\"
      #<span class=sf-dump-protected title=\"Protected property\">table</span>: \"<span class=sf-dump-str title=\"17 characters\">hotel_restaurants</span>\"
      #<span class=sf-dump-protected title=\"Protected property\">primaryKey</span>: \"<span class=sf-dump-str title=\"2 characters\">id</span>\"
      #<span class=sf-dump-protected title=\"Protected property\">keyType</span>: \"<span class=sf-dump-str title=\"3 characters\">int</span>\"
      +<span class=sf-dump-public title=\"Public property\">incrementing</span>: <span class=sf-dump-const>true</span>
      #<span class=sf-dump-protected title=\"Protected property\">with</span>: []
      #<span class=sf-dump-protected title=\"Protected property\">withCount</span>: []
      +<span class=sf-dump-public title=\"Public property\">preventsLazyLoading</span>: <span class=sf-dump-const>false</span>
      #<span class=sf-dump-protected title=\"Protected property\">perPage</span>: <span class=sf-dump-num>15</span>
      +<span class=sf-dump-public title=\"Public property\">exists</span>: <span class=sf-dump-const>true</span>
      +<span class=sf-dump-public title=\"Public property\">wasRecentlyCreated</span>: <span class=sf-dump-const>false</span>
      #<span class=sf-dump-protected title=\"Protected property\">escapeWhenCastingToString</span>: <span class=sf-dump-const>false</span>
      #<span class=sf-dump-protected title=\"Protected property\">attributes</span>: <span class=sf-dump-note>array:46</span> [ &#8230;46]
      #<span class=sf-dump-protected title=\"Protected property\">original</span>: <span class=sf-dump-note>array:46</span> [ &#8230;46]
      #<span class=sf-dump-protected title=\"Protected property\">changes</span>: []
      #<span class=sf-dump-protected title=\"Protected property\">casts</span>: []
      #<span class=sf-dump-protected title=\"Protected property\">classCastCache</span>: []
      #<span class=sf-dump-protected title=\"Protected property\">attributeCastCache</span>: []
      #<span class=sf-dump-protected title=\"Protected property\">dates</span>: []
      #<span class=sf-dump-protected title=\"Protected property\">dateFormat</span>: <span class=sf-dump-const>null</span>
      #<span class=sf-dump-protected title=\"Protected property\">appends</span>: []
      #<span class=sf-dump-protected title=\"Protected property\">dispatchesEvents</span>: []
      #<span class=sf-dump-protected title=\"Protected property\">observables</span>: []
      #<span class=sf-dump-protected title=\"Protected property\">relations</span>: <span class=sf-dump-note>array:3</span> [ &#8230;3]
      #<span class=sf-dump-protected title=\"Protected property\">touches</span>: []
      +<span class=sf-dump-public title=\"Public property\">timestamps</span>: <span class=sf-dump-const>true</span>
      #<span class=sf-dump-protected title=\"Protected property\">hidden</span>: []
      #<span class=sf-dump-protected title=\"Protected property\">visible</span>: []
      #<span class=sf-dump-protected title=\"Protected property\">fillable</span>: <span class=sf-dump-note>array:37</span> [ &#8230;37]
      #<span class=sf-dump-protected title=\"Protected property\">guarded</span>: <span class=sf-dump-note>array:1</span> [ &#8230;1]
    </samp>}
    <span class=sf-dump-index>9</span> => <span class=sf-dump-note title=\"App\\Models\\HotelRestaurant\\HotelRestaurant
\"><span class=\"sf-dump-ellipsis sf-dump-ellipsis-note\">App\\Models\\HotelRestaurant</span><span class=\"sf-dump-ellipsis sf-dump-ellipsis-note\">\\</span>HotelRestaurant</span> {<a class=sf-dump-ref>#2180</a><samp data-depth=3 class=sf-dump-compact>
      #<span class=sf-dump-protected title=\"Protected property\">connection</span>: \"<span class=sf-dump-str title=\"5 characters\">mysql</span>\"
      #<span class=sf-dump-protected title=\"Protected property\">table</span>: \"<span class=sf-dump-str title=\"17 characters\">hotel_restaurants</span>\"
      #<span class=sf-dump-protected title=\"Protected property\">primaryKey</span>: \"<span class=sf-dump-str title=\"2 characters\">id</span>\"
      #<span class=sf-dump-protected title=\"Protected property\">keyType</span>: \"<span class=sf-dump-str title=\"3 characters\">int</span>\"
      +<span class=sf-dump-public title=\"Public property\">incrementing</span>: <span class=sf-dump-const>true</span>
      #<span class=sf-dump-protected title=\"Protected property\">with</span>: []
      #<span class=sf-dump-protected title=\"Protected property\">withCount</span>: []
      +<span class=sf-dump-public title=\"Public property\">preventsLazyLoading</span>: <span class=sf-dump-const>false</span>
      #<span class=sf-dump-protected title=\"Protected property\">perPage</span>: <span class=sf-dump-num>15</span>
      +<span class=sf-dump-public title=\"Public property\">exists</span>: <span class=sf-dump-const>true</span>
      +<span class=sf-dump-public title=\"Public property\">wasRecentlyCreated</span>: <span class=sf-dump-const>false</span>
      #<span class=sf-dump-protected title=\"Protected property\">escapeWhenCastingToString</span>: <span class=sf-dump-const>false</span>
      #<span class=sf-dump-protected title=\"Protected property\">attributes</span>: <span class=sf-dump-note>array:46</span> [ &#8230;46]
      #<span class=sf-dump-protected title=\"Protected property\">original</span>: <span class=sf-dump-note>array:46</span> [ &#8230;46]
      #<span class=sf-dump-protected title=\"Protected property\">changes</span>: []
      #<span class=sf-dump-protected title=\"Protected property\">casts</span>: []
      #<span class=sf-dump-protected title=\"Protected property\">classCastCache</span>: []
      #<span class=sf-dump-protected title=\"Protected property\">attributeCastCache</span>: []
      #<span class=sf-dump-protected title=\"Protected property\">dates</span>: []
      #<span class=sf-dump-protected title=\"Protected property\">dateFormat</span>: <span class=sf-dump-const>null</span>
      #<span class=sf-dump-protected title=\"Protected property\">appends</span>: []
      #<span class=sf-dump-protected title=\"Protected property\">dispatchesEvents</span>: []
      #<span class=sf-dump-protected title=\"Protected property\">observables</span>: []
      #<span class=sf-dump-protected title=\"Protected property\">relations</span>: <span class=sf-dump-note>array:3</span> [ &#8230;3]
      #<span class=sf-dump-protected title=\"Protected property\">touches</span>: []
      +<span class=sf-dump-public title=\"Public property\">timestamps</span>: <span class=sf-dump-const>true</span>
      #<span class=sf-dump-protected title=\"Protected property\">hidden</span>: []
      #<span class=sf-dump-protected title=\"Protected property\">visible</span>: []
      #<span class=sf-dump-protected title=\"Protected property\">fillable</span>: <span class=sf-dump-note>array:37</span> [ &#8230;37]
      #<span class=sf-dump-protected title=\"Protected property\">guarded</span>: <span class=sf-dump-note>array:1</span> [ &#8230;1]
    </samp>}
    <span class=sf-dump-index>10</span> => <span class=sf-dump-note title=\"App\\Models\\HotelRestaurant\\HotelRestaurant
\"><span class=\"sf-dump-ellipsis sf-dump-ellipsis-note\">App\\Models\\HotelRestaurant</span><span class=\"sf-dump-ellipsis sf-dump-ellipsis-note\">\\</span>HotelRestaurant</span> {<a class=sf-dump-ref>#2181</a><samp data-depth=3 class=sf-dump-compact>
      #<span class=sf-dump-protected title=\"Protected property\">connection</span>: \"<span class=sf-dump-str title=\"5 characters\">mysql</span>\"
      #<span class=sf-dump-protected title=\"Protected property\">table</span>: \"<span class=sf-dump-str title=\"17 characters\">hotel_restaurants</span>\"
      #<span class=sf-dump-protected title=\"Protected property\">primaryKey</span>: \"<span class=sf-dump-str title=\"2 characters\">id</span>\"
      #<span class=sf-dump-protected title=\"Protected property\">keyType</span>: \"<span class=sf-dump-str title=\"3 characters\">int</span>\"
      +<span class=sf-dump-public title=\"Public property\">incrementing</span>: <span class=sf-dump-const>true</span>
      #<span class=sf-dump-protected title=\"Protected property\">with</span>: []
      #<span class=sf-dump-protected title=\"Protected property\">withCount</span>: []
      +<span class=sf-dump-public title=\"Public property\">preventsLazyLoading</span>: <span class=sf-dump-const>false</span>
      #<span class=sf-dump-protected title=\"Protected property\">perPage</span>: <span class=sf-dump-num>15</span>
      +<span class=sf-dump-public title=\"Public property\">exists</span>: <span class=sf-dump-const>true</span>
      +<span class=sf-dump-public title=\"Public property\">wasRecentlyCreated</span>: <span class=sf-dump-const>false</span>
      #<span class=sf-dump-protected title=\"Protected property\">escapeWhenCastingToString</span>: <span class=sf-dump-const>false</span>
      #<span class=sf-dump-protected title=\"Protected property\">attributes</span>: <span class=sf-dump-note>array:46</span> [ &#8230;46]
      #<span class=sf-dump-protected title=\"Protected property\">original</span>: <span class=sf-dump-note>array:46</span> [ &#8230;46]
      #<span class=sf-dump-protected title=\"Protected property\">changes</span>: []
      #<span class=sf-dump-protected title=\"Protected property\">casts</span>: []
      #<span class=sf-dump-protected title=\"Protected property\">classCastCache</span>: []
      #<span class=sf-dump-protected title=\"Protected property\">attributeCastCache</span>: []
      #<span class=sf-dump-protected title=\"Protected property\">dates</span>: []
      #<span class=sf-dump-protected title=\"Protected property\">dateFormat</span>: <span class=sf-dump-const>null</span>
      #<span class=sf-dump-protected title=\"Protected property\">appends</span>: []
      #<span class=sf-dump-protected title=\"Protected property\">dispatchesEvents</span>: []
      #<span class=sf-dump-protected title=\"Protected property\">observables</span>: []
      #<span class=sf-dump-protected title=\"Protected property\">relations</span>: <span class=sf-dump-note>array:3</span> [ &#8230;3]
      #<span class=sf-dump-protected title=\"Protected property\">touches</span>: []
      +<span class=sf-dump-public title=\"Public property\">timestamps</span>: <span class=sf-dump-const>true</span>
      #<span class=sf-dump-protected title=\"Protected property\">hidden</span>: []
      #<span class=sf-dump-protected title=\"Protected property\">visible</span>: []
      #<span class=sf-dump-protected title=\"Protected property\">fillable</span>: <span class=sf-dump-note>array:37</span> [ &#8230;37]
      #<span class=sf-dump-protected title=\"Protected property\">guarded</span>: <span class=sf-dump-note>array:1</span> [ &#8230;1]
    </samp>}
    <span class=sf-dump-index>11</span> => <span class=sf-dump-note title=\"App\\Models\\HotelRestaurant\\HotelRestaurant
\"><span class=\"sf-dump-ellipsis sf-dump-ellipsis-note\">App\\Models\\HotelRestaurant</span><span class=\"sf-dump-ellipsis sf-dump-ellipsis-note\">\\</span>HotelRestaurant</span> {<a class=sf-dump-ref>#2182</a><samp data-depth=3 class=sf-dump-compact>
      #<span class=sf-dump-protected title=\"Protected property\">connection</span>: \"<span class=sf-dump-str title=\"5 characters\">mysql</span>\"
      #<span class=sf-dump-protected title=\"Protected property\">table</span>: \"<span class=sf-dump-str title=\"17 characters\">hotel_restaurants</span>\"
      #<span class=sf-dump-protected title=\"Protected property\">primaryKey</span>: \"<span class=sf-dump-str title=\"2 characters\">id</span>\"
      #<span class=sf-dump-protected title=\"Protected property\">keyType</span>: \"<span class=sf-dump-str title=\"3 characters\">int</span>\"
      +<span class=sf-dump-public title=\"Public property\">incrementing</span>: <span class=sf-dump-const>true</span>
      #<span class=sf-dump-protected title=\"Protected property\">with</span>: []
      #<span class=sf-dump-protected title=\"Protected property\">withCount</span>: []
      +<span class=sf-dump-public title=\"Public property\">preventsLazyLoading</span>: <span class=sf-dump-const>false</span>
      #<span class=sf-dump-protected title=\"Protected property\">perPage</span>: <span class=sf-dump-num>15</span>
      +<span class=sf-dump-public title=\"Public property\">exists</span>: <span class=sf-dump-const>true</span>
      +<span class=sf-dump-public title=\"Public property\">wasRecentlyCreated</span>: <span class=sf-dump-const>false</span>
      #<span class=sf-dump-protected title=\"Protected property\">escapeWhenCastingToString</span>: <span class=sf-dump-const>false</span>
      #<span class=sf-dump-protected title=\"Protected property\">attributes</span>: <span class=sf-dump-note>array:46</span> [ &#8230;46]
      #<span class=sf-dump-protected title=\"Protected property\">original</span>: <span class=sf-dump-note>array:46</span> [ &#8230;46]
      #<span class=sf-dump-protected title=\"Protected property\">changes</span>: []
      #<span class=sf-dump-protected title=\"Protected property\">casts</span>: []
      #<span class=sf-dump-protected title=\"Protected property\">classCastCache</span>: []
      #<span class=sf-dump-protected title=\"Protected property\">attributeCastCache</span>: []
      #<span class=sf-dump-protected title=\"Protected property\">dates</span>: []
      #<span class=sf-dump-protected title=\"Protected property\">dateFormat</span>: <span class=sf-dump-const>null</span>
      #<span class=sf-dump-protected title=\"Protected property\">appends</span>: []
      #<span class=sf-dump-protected title=\"Protected property\">dispatchesEvents</span>: []
      #<span class=sf-dump-protected title=\"Protected property\">observables</span>: []
      #<span class=sf-dump-protected title=\"Protected property\">relations</span>: <span class=sf-dump-note>array:2</span> [ &#8230;2]
      #<span class=sf-dump-protected title=\"Protected property\">touches</span>: []
      +<span class=sf-dump-public title=\"Public property\">timestamps</span>: <span class=sf-dump-const>true</span>
      #<span class=sf-dump-protected title=\"Protected property\">hidden</span>: []
      #<span class=sf-dump-protected title=\"Protected property\">visible</span>: []
      #<span class=sf-dump-protected title=\"Protected property\">fillable</span>: <span class=sf-dump-note>array:37</span> [ &#8230;37]
      #<span class=sf-dump-protected title=\"Protected property\">guarded</span>: <span class=sf-dump-note>array:1</span> [ &#8230;1]
    </samp>}
    <span class=sf-dump-index>12</span> => <span class=sf-dump-note title=\"App\\Models\\HotelRestaurant\\HotelRestaurant
\"><span class=\"sf-dump-ellipsis sf-dump-ellipsis-note\">App\\Models\\HotelRestaurant</span><span class=\"sf-dump-ellipsis sf-dump-ellipsis-note\">\\</span>HotelRestaurant</span> {<a class=sf-dump-ref>#2183</a><samp data-depth=3 class=sf-dump-compact>
      #<span class=sf-dump-protected title=\"Protected property\">connection</span>: \"<span class=sf-dump-str title=\"5 characters\">mysql</span>\"
      #<span class=sf-dump-protected title=\"Protected property\">table</span>: \"<span class=sf-dump-str title=\"17 characters\">hotel_restaurants</span>\"
      #<span class=sf-dump-protected title=\"Protected property\">primaryKey</span>: \"<span class=sf-dump-str title=\"2 characters\">id</span>\"
      #<span class=sf-dump-protected title=\"Protected property\">keyType</span>: \"<span class=sf-dump-str title=\"3 characters\">int</span>\"
      +<span class=sf-dump-public title=\"Public property\">incrementing</span>: <span class=sf-dump-const>true</span>
      #<span class=sf-dump-protected title=\"Protected property\">with</span>: []
      #<span class=sf-dump-protected title=\"Protected property\">withCount</span>: []
      +<span class=sf-dump-public title=\"Public property\">preventsLazyLoading</span>: <span class=sf-dump-const>false</span>
      #<span class=sf-dump-protected title=\"Protected property\">perPage</span>: <span class=sf-dump-num>15</span>
      +<span class=sf-dump-public title=\"Public property\">exists</span>: <span class=sf-dump-const>true</span>
      +<span class=sf-dump-public title=\"Public property\">wasRecentlyCreated</span>: <span class=sf-dump-const>false</span>
      #<span class=sf-dump-protected title=\"Protected property\">escapeWhenCastingToString</span>: <span class=sf-dump-const>false</span>
      #<span class=sf-dump-protected title=\"Protected property\">attributes</span>: <span class=sf-dump-note>array:46</span> [ &#8230;46]
      #<span class=sf-dump-protected title=\"Protected property\">original</span>: <span class=sf-dump-note>array:46</span> [ &#8230;46]
      #<span class=sf-dump-protected title=\"Protected property\">changes</span>: []
      #<span class=sf-dump-protected title=\"Protected property\">casts</span>: []
      #<span class=sf-dump-protected title=\"Protected property\">classCastCache</span>: []
      #<span class=sf-dump-protected title=\"Protected property\">attributeCastCache</span>: []
      #<span class=sf-dump-protected title=\"Protected property\">dates</span>: []
      #<span class=sf-dump-protected title=\"Protected property\">dateFormat</span>: <span class=sf-dump-const>null</span>
      #<span class=sf-dump-protected title=\"Protected property\">appends</span>: []
      #<span class=sf-dump-protected title=\"Protected property\">dispatchesEvents</span>: []
      #<span class=sf-dump-protected title=\"Protected property\">observables</span>: []
      #<span class=sf-dump-protected title=\"Protected property\">relations</span>: <span class=sf-dump-note>array:1</span> [ &#8230;1]
      #<span class=sf-dump-protected title=\"Protected property\">touches</span>: []
      +<span class=sf-dump-public title=\"Public property\">timestamps</span>: <span class=sf-dump-const>true</span>
      #<span class=sf-dump-protected title=\"Protected property\">hidden</span>: []
      #<span class=sf-dump-protected title=\"Protected property\">visible</span>: []
      #<span class=sf-dump-protected title=\"Protected property\">fillable</span>: <span class=sf-dump-note>array:37</span> [ &#8230;37]
      #<span class=sf-dump-protected title=\"Protected property\">guarded</span>: <span class=sf-dump-note>array:1</span> [ &#8230;1]
    </samp>}
    <span class=sf-dump-index>13</span> => <span class=sf-dump-note title=\"App\\Models\\HotelRestaurant\\HotelRestaurant
\"><span class=\"sf-dump-ellipsis sf-dump-ellipsis-note\">App\\Models\\HotelRestaurant</span><span class=\"sf-dump-ellipsis sf-dump-ellipsis-note\">\\</span>HotelRestaurant</span> {<a class=sf-dump-ref>#2184</a><samp data-depth=3 class=sf-dump-compact>
      #<span class=sf-dump-protected title=\"Protected property\">connection</span>: \"<span class=sf-dump-str title=\"5 characters\">mysql</span>\"
      #<span class=sf-dump-protected title=\"Protected property\">table</span>: \"<span class=sf-dump-str title=\"17 characters\">hotel_restaurants</span>\"
      #<span class=sf-dump-protected title=\"Protected property\">primaryKey</span>: \"<span class=sf-dump-str title=\"2 characters\">id</span>\"
      #<span class=sf-dump-protected title=\"Protected property\">keyType</span>: \"<span class=sf-dump-str title=\"3 characters\">int</span>\"
      +<span class=sf-dump-public title=\"Public property\">incrementing</span>: <span class=sf-dump-const>true</span>
      #<span class=sf-dump-protected title=\"Protected property\">with</span>: []
      #<span class=sf-dump-protected title=\"Protected property\">withCount</span>: []
      +<span class=sf-dump-public title=\"Public property\">preventsLazyLoading</span>: <span class=sf-dump-const>false</span>
      #<span class=sf-dump-protected title=\"Protected property\">perPage</span>: <span class=sf-dump-num>15</span>
      +<span class=sf-dump-public title=\"Public property\">exists</span>: <span class=sf-dump-const>true</span>
      +<span class=sf-dump-public title=\"Public property\">wasRecentlyCreated</span>: <span class=sf-dump-const>false</span>
      #<span class=sf-dump-protected title=\"Protected property\">escapeWhenCastingToString</span>: <span class=sf-dump-const>false</span>
      #<span class=sf-dump-protected title=\"Protected property\">attributes</span>: <span class=sf-dump-note>array:46</span> [ &#8230;46]
      #<span class=sf-dump-protected title=\"Protected property\">original</span>: <span class=sf-dump-note>array:46</span> [ &#8230;46]
      #<span class=sf-dump-protected title=\"Protected property\">changes</span>: []
      #<span class=sf-dump-protected title=\"Protected property\">casts</span>: []
      #<span class=sf-dump-protected title=\"Protected property\">classCastCache</span>: []
      #<span class=sf-dump-protected title=\"Protected property\">attributeCastCache</span>: []
      #<span class=sf-dump-protected title=\"Protected property\">dates</span>: []
      #<span class=sf-dump-protected title=\"Protected property\">dateFormat</span>: <span class=sf-dump-const>null</span>
      #<span class=sf-dump-protected title=\"Protected property\">appends</span>: []
      #<span class=sf-dump-protected title=\"Protected property\">dispatchesEvents</span>: []
      #<span class=sf-dump-protected title=\"Protected property\">observables</span>: []
      #<span class=sf-dump-protected title=\"Protected property\">relations</span>: <span class=sf-dump-note>array:1</span> [ &#8230;1]
      #<span class=sf-dump-protected title=\"Protected property\">touches</span>: []
      +<span class=sf-dump-public title=\"Public property\">timestamps</span>: <span class=sf-dump-const>true</span>
      #<span class=sf-dump-protected title=\"Protected property\">hidden</span>: []
      #<span class=sf-dump-protected title=\"Protected property\">visible</span>: []
      #<span class=sf-dump-protected title=\"Protected property\">fillable</span>: <span class=sf-dump-note>array:37</span> [ &#8230;37]
      #<span class=sf-dump-protected title=\"Protected property\">guarded</span>: <span class=sf-dump-note>array:1</span> [ &#8230;1]
    </samp>}
  </samp>]
  #<span class=sf-dump-protected title=\"Protected property\">escapeWhenCastingToString</span>: <span class=sf-dump-const>false</span>
</samp>}
</pre><script>Sfdump(\"sf-dump-518128466\", {\"maxDepth\":3,\"maxStringLength\":160})</script>
"}},"userId":1,"exception":"[object] (Facade\\Ignition\\Exceptions\\ViewException(code: 0): Attempt to read property \"en_name\" on null (View: C:\\xampp\\htdocs\\Cioas\\resources\\views\\backend\\pages\\hotel-restaurant\\index.blade.php) at C:\\xampp\\htdocs\\Cioas\\resources\\views/backend/pages/hotel-restaurant/index.blade.php:108)
[stacktrace]
#0 C:\\xampp\\htdocs\\Cioas\\resources\\views/backend/pages/hotel-restaurant/index.blade.php(108): Illuminate\\Foundation\\Bootstrap\\HandleExceptions->handleError(2, 'Attempt to read...', 'C:\\\\xampp\\\\htdocs...', 107)
#1 C:\\xampp\\htdocs\\Cioas\\vendor\\laravel\\framework\\src\\Illuminate\\Filesystem\\Filesystem.php(107): require('C:\\\\xampp\\\\htdocs...')
#2 C:\\xampp\\htdocs\\Cioas\\vendor\\laravel\\framework\\src\\Illuminate\\Filesystem\\Filesystem.php(108): Illuminate\\Filesystem\\Filesystem::Illuminate\\Filesystem\\{closure}()
#3 C:\\xampp\\htdocs\\Cioas\\vendor\\laravel\\framework\\src\\Illuminate\\View\\Engines\\PhpEngine.php(58): Illuminate\\Filesystem\\Filesystem->getRequire('C:\\\\xampp\\\\htdocs...', Array)
#4 C:\\xampp\\htdocs\\Cioas\\vendor\\laravel\\framework\\src\\Illuminate\\View\\Engines\\CompilerEngine.php(61): Illuminate\\View\\Engines\\PhpEngine->evaluatePath('C:\\\\xampp\\\\htdocs...', Array)
#5 C:\\xampp\\htdocs\\Cioas\\vendor\\facade\\ignition\\src\\Views\\Engines\\CompilerEngine.php(37): Illuminate\\View\\Engines\\CompilerEngine->get('C:\\\\xampp\\\\htdocs...', Array)
#6 C:\\xampp\\htdocs\\Cioas\\vendor\\laravel\\framework\\src\\Illuminate\\View\\View.php(139): Facade\\Ignition\\Views\\Engines\\CompilerEngine->get('C:\\\\xampp\\\\htdocs...', Array)
#7 C:\\xampp\\htdocs\\Cioas\\vendor\\laravel\\framework\\src\\Illuminate\\View\\View.php(122): Illuminate\\View\\View->getContents()
#8 C:\\xampp\\htdocs\\Cioas\\vendor\\laravel\\framework\\src\\Illuminate\\View\\View.php(91): Illuminate\\View\\View->renderContents()
#9 C:\\xampp\\htdocs\\Cioas\\vendor\\laravel\\framework\\src\\Illuminate\\Http\\Response.php(69): Illuminate\\View\\View->render()
#10 C:\\xampp\\htdocs\\Cioas\\vendor\\laravel\\framework\\src\\Illuminate\\Http\\Response.php(35): Illuminate\\Http\\Response->setContent(Object(Illuminate\\View\\View))
#11 C:\\xampp\\htdocs\\Cioas\\vendor\\laravel\\framework\\src\\Illuminate\\Routing\\Router.php(820): Illuminate\\Http\\Response->__construct(Object(Illuminate\\View\\View), 200, Array)
#12 C:\\xampp\\htdocs\\Cioas\\vendor\\laravel\\framework\\src\\Illuminate\\Routing\\Router.php(789): Illuminate\\Routing\\Router::toResponse(Object(Illuminate\\Http\\Request), Object(Illuminate\\View\\View))
#13 C:\\xampp\\htdocs\\Cioas\\vendor\\laravel\\framework\\src\\Illuminate\\Routing\\Router.php(720): Illuminate\\Routing\\Router->prepareResponse(Object(Illuminate\\Http\\Request), Object(Illuminate\\View\\View))
#14 C:\\xampp\\htdocs\\Cioas\\vendor\\laravel\\framework\\src\\Illuminate\\Pipeline\\Pipeline.php(128): Illuminate\\Routing\\Router->Illuminate\\Routing\\{closure}(Object(Illuminate\\Http\\Request))
#15 C:\\xampp\\htdocs\\Cioas\\vendor\\laravel\\framework\\src\\Illuminate\\Routing\\Middleware\\SubstituteBindings.php(50): Illuminate\\Pipeline\\Pipeline->Illuminate\\Pipeline\\{closure}(Object(Illuminate\\Http\\Request))
#16 C:\\xampp\\htdocs\\Cioas\\vendor\\laravel\\framework\\src\\Illuminate\\Pipeline\\Pipeline.php(167): Illuminate\\Routing\\Middleware\\SubstituteBindings->handle(Object(Illuminate\\Http\\Request), Object(Closure))
#17 C:\\xampp\\htdocs\\Cioas\\vendor\\laravel\\framework\\src\\Illuminate\\Auth\\Middleware\\Authenticate.php(44): Illuminate\\Pipeline\\Pipeline->Illuminate\\Pipeline\\{closure}(Object(Illuminate\\Http\\Request))
#18 C:\\xampp\\htdocs\\Cioas\\vendor\\laravel\\framework\\src\\Illuminate\\Pipeline\\Pipeline.php(167): Illuminate\\Auth\\Middleware\\Authenticate->handle(Object(Illuminate\\Http\\Request), Object(Closure))
#19 C:\\xampp\\htdocs\\Cioas\\vendor\\laravel\\framework\\src\\Illuminate\\Foundation\\Http\\Middleware\\VerifyCsrfToken.php(78): Illuminate\\Pipeline\\Pipeline->Illuminate\\Pipeline\\{closure}(Object(Illuminate\\Http\\Request))
#20 C:\\xampp\\htdocs\\Cioas\\vendor\\laravel\\framework\\src\\Illuminate\\Pipeline\\Pipeline.php(167): Illuminate\\Foundation\\Http\\Middleware\\VerifyCsrfToken->handle(Object(Illuminate\\Http\\Request), Object(Closure))
#21 C:\\xampp\\htdocs\\Cioas\\vendor\\laravel\\framework\\src\\Illuminate\\View\\Middleware\\ShareErrorsFromSession.php(49): Illuminate\\Pipeline\\Pipeline->Illuminate\\Pipeline\\{closure}(Object(Illuminate\\Http\\Request))
#22 C:\\xampp\\htdocs\\Cioas\\vendor\\laravel\\framework\\src\\Illuminate\\Pipeline\\Pipeline.php(167): Illuminate\\View\\Middleware\\ShareErrorsFromSession->handle(Object(Illuminate\\Http\\Request), Object(Closure))
#23 C:\\xampp\\htdocs\\Cioas\\vendor\\laravel\\framework\\src\\Illuminate\\Session\\Middleware\\StartSession.php(121): Illuminate\\Pipeline\\Pipeline->Illuminate\\Pipeline\\{closure}(Object(Illuminate\\Http\\Request))
#24 C:\\xampp\\htdocs\\Cioas\\vendor\\laravel\\framework\\src\\Illuminate\\Session\\Middleware\\StartSession.php(64): Illuminate\\Session\\Middleware\\StartSession->handleStatefulRequest(Object(Illuminate\\Http\\Request), Object(Illuminate\\Session\\Store), Object(Closure))
#25 C:\\xampp\\htdocs\\Cioas\\vendor\\laravel\\framework\\src\\Illuminate\\Pipeline\\Pipeline.php(167): Illuminate\\Session\\Middleware\\StartSession->handle(Object(Illuminate\\Http\\Request), Object(Closure))
#26 C:\\xampp\\htdocs\\Cioas\\vendor\\laravel\\framework\\src\\Illuminate\\Cookie\\Middleware\\AddQueuedCookiesToResponse.php(37): Illuminate\\Pipeline\\Pipeline->Illuminate\\Pipeline\\{closure}(Object(Illuminate\\Http\\Request))
#27 C:\\xampp\\htdocs\\Cioas\\vendor\\laravel\\framework\\src\\Illuminate\\Pipeline\\Pipeline.php(167): Illuminate\\Cookie\\Middleware\\AddQueuedCookiesToResponse->handle(Object(Illuminate\\Http\\Request), Object(Closure))
#28 C:\\xampp\\htdocs\\Cioas\\vendor\\laravel\\framework\\src\\Illuminate\\Cookie\\Middleware\\EncryptCookies.php(67): Illuminate\\Pipeline\\Pipeline->Illuminate\\Pipeline\\{closure}(Object(Illuminate\\Http\\Request))
#29 C:\\xampp\\htdocs\\Cioas\\vendor\\laravel\\framework\\src\\Illuminate\\Pipeline\\Pipeline.php(167): Illuminate\\Cookie\\Middleware\\EncryptCookies->handle(Object(Illuminate\\Http\\Request), Object(Closure))
#30 C:\\xampp\\htdocs\\Cioas\\vendor\\laravel\\framework\\src\\Illuminate\\Pipeline\\Pipeline.php(103): Illuminate\\Pipeline\\Pipeline->Illuminate\\Pipeline\\{closure}(Object(Illuminate\\Http\\Request))
#31 C:\\xampp\\htdocs\\Cioas\\vendor\\laravel\\framework\\src\\Illuminate\\Routing\\Router.php(719): Illuminate\\Pipeline\\Pipeline->then(Object(Closure))
#32 C:\\xampp\\htdocs\\Cioas\\vendor\\laravel\\framework\\src\\Illuminate\\Routing\\Router.php(698): Illuminate\\Routing\\Router->runRouteWithinStack(Object(Illuminate\\Routing\\Route), Object(Illuminate\\Http\\Request))
#33 C:\\xampp\\htdocs\\Cioas\\vendor\\laravel\\framework\\src\\Illuminate\\Routing\\Router.php(662): Illuminate\\Routing\\Router->runRoute(Object(Illuminate\\Http\\Request), Object(Illuminate\\Routing\\Route))
#34 C:\\xampp\\htdocs\\Cioas\\vendor\\laravel\\framework\\src\\Illuminate\\Routing\\Router.php(651): Illuminate\\Routing\\Router->dispatchToRoute(Object(Illuminate\\Http\\Request))
#35 C:\\xampp\\htdocs\\Cioas\\vendor\\laravel\\framework\\src\\Illuminate\\Foundation\\Http\\Kernel.php(167): Illuminate\\Routing\\Router->dispatch(Object(Illuminate\\Http\\Request))
#36 C:\\xampp\\htdocs\\Cioas\\vendor\\laravel\\framework\\src\\Illuminate\\Pipeline\\Pipeline.php(128): Illuminate\\Foundation\\Http\\Kernel->Illuminate\\Foundation\\Http\\{closure}(Object(Illuminate\\Http\\Request))
#37 C:\\xampp\\htdocs\\Cioas\\vendor\\laravel\\framework\\src\\Illuminate\\Foundation\\Http\\Middleware\\TransformsRequest.php(21): Illuminate\\Pipeline\\Pipeline->Illuminate\\Pipeline\\{closure}(Object(Illuminate\\Http\\Request))
#38 C:\\xampp\\htdocs\\Cioas\\vendor\\laravel\\framework\\src\\Illuminate\\Foundation\\Http\\Middleware\\ConvertEmptyStringsToNull.php(31): Illuminate\\Foundation\\Http\\Middleware\\TransformsRequest->handle(Object(Illuminate\\Http\\Request), Object(Closure))
#39 C:\\xampp\\htdocs\\Cioas\\vendor\\laravel\\framework\\src\\Illuminate\\Pipeline\\Pipeline.php(167): Illuminate\\Foundation\\Http\\Middleware\\ConvertEmptyStringsToNull->handle(Object(Illuminate\\Http\\Request), Object(Closure))
#40 C:\\xampp\\htdocs\\Cioas\\vendor\\laravel\\framework\\src\\Illuminate\\Foundation\\Http\\Middleware\\TransformsRequest.php(21): Illuminate\\Pipeline\\Pipeline->Illuminate\\Pipeline\\{closure}(Object(Illuminate\\Http\\Request))
#41 C:\\xampp\\htdocs\\Cioas\\vendor\\laravel\\framework\\src\\Illuminate\\Foundation\\Http\\Middleware\\TrimStrings.php(40): Illuminate\\Foundation\\Http\\Middleware\\TransformsRequest->handle(Object(Illuminate\\Http\\Request), Object(Closure))
#42 C:\\xampp\\htdocs\\Cioas\\vendor\\laravel\\framework\\src\\Illuminate\\Pipeline\\Pipeline.php(167): Illuminate\\Foundation\\Http\\Middleware\\TrimStrings->handle(Object(Illuminate\\Http\\Request), Object(Closure))
#43 C:\\xampp\\htdocs\\Cioas\\vendor\\laravel\\framework\\src\\Illuminate\\Foundation\\Http\\Middleware\\ValidatePostSize.php(27): Illuminate\\Pipeline\\Pipeline->Illuminate\\Pipeline\\{closure}(Object(Illuminate\\Http\\Request))
#44 C:\\xampp\\htdocs\\Cioas\\vendor\\laravel\\framework\\src\\Illuminate\\Pipeline\\Pipeline.php(167): Illuminate\\Foundation\\Http\\Middleware\\ValidatePostSize->handle(Object(Illuminate\\Http\\Request), Object(Closure))
#45 C:\\xampp\\htdocs\\Cioas\\vendor\\laravel\\framework\\src\\Illuminate\\Foundation\\Http\\Middleware\\PreventRequestsDuringMaintenance.php(86): Illuminate\\Pipeline\\Pipeline->Illuminate\\Pipeline\\{closure}(Object(Illuminate\\Http\\Request))
#46 C:\\xampp\\htdocs\\Cioas\\vendor\\laravel\\framework\\src\\Illuminate\\Pipeline\\Pipeline.php(167): Illuminate\\Foundation\\Http\\Middleware\\PreventRequestsDuringMaintenance->handle(Object(Illuminate\\Http\\Request), Object(Closure))
#47 C:\\xampp\\htdocs\\Cioas\\vendor\\fruitcake\\laravel-cors\\src\\HandleCors.php(38): Illuminate\\Pipeline\\Pipeline->Illuminate\\Pipeline\\{closure}(Object(Illuminate\\Http\\Request))
#48 C:\\xampp\\htdocs\\Cioas\\vendor\\laravel\\framework\\src\\Illuminate\\Pipeline\\Pipeline.php(167): Fruitcake\\Cors\\HandleCors->handle(Object(Illuminate\\Http\\Request), Object(Closure))
#49 C:\\xampp\\htdocs\\Cioas\\vendor\\laravel\\framework\\src\\Illuminate\\Http\\Middleware\\TrustProxies.php(39): Illuminate\\Pipeline\\Pipeline->Illuminate\\Pipeline\\{closure}(Object(Illuminate\\Http\\Request))
#50 C:\\xampp\\htdocs\\Cioas\\vendor\\laravel\\framework\\src\\Illuminate\\Pipeline\\Pipeline.php(167): Illuminate\\Http\\Middleware\\TrustProxies->handle(Object(Illuminate\\Http\\Request), Object(Closure))
#51 C:\\xampp\\htdocs\\Cioas\\vendor\\laravel\\framework\\src\\Illuminate\\Pipeline\\Pipeline.php(103): Illuminate\\Pipeline\\Pipeline->Illuminate\\Pipeline\\{closure}(Object(Illuminate\\Http\\Request))
#52 C:\\xampp\\htdocs\\Cioas\\vendor\\laravel\\framework\\src\\Illuminate\\Foundation\\Http\\Kernel.php(142): Illuminate\\Pipeline\\Pipeline->then(Object(Closure))
#53 C:\\xampp\\htdocs\\Cioas\\vendor\\laravel\\framework\\src\\Illuminate\\Foundation\\Http\\Kernel.php(111): Illuminate\\Foundation\\Http\\Kernel->sendRequestThroughRouter(Object(Illuminate\\Http\\Request))
#54 C:\\xampp\\htdocs\\Cioas\\public\\index.php(51): Illuminate\\Foundation\\Http\\Kernel->handle(Object(Illuminate\\Http\\Request))
#55 C:\\xampp\\htdocs\\Cioas\\server.php(21): require_once('C:\\\\xampp\\\\htdocs...')
#56 {main}

[previous exception] [object] (ErrorException(code: 0): Attempt to read property \"en_name\" on null at C:\\xampp\\htdocs\\Cioas\\storage\\framework\\views\\8afc16f06c989179bba32e58dd7c40b5fc5882fe.php:107)
[stacktrace]
#0 C:\\xampp\\htdocs\\Cioas\\storage\\framework\\views\\8afc16f06c989179bba32e58dd7c40b5fc5882fe.php(107): Illuminate\\Foundation\\Bootstrap\\HandleExceptions->handleError(2, 'Attempt to read...', 'C:\\\\xampp\\\\htdocs...', 107)
#1 C:\\xampp\\htdocs\\Cioas\\vendor\\laravel\\framework\\src\\Illuminate\\Filesystem\\Filesystem.php(107): require('C:\\\\xampp\\\\htdocs...')
#2 C:\\xampp\\htdocs\\Cioas\\vendor\\laravel\\framework\\src\\Illuminate\\Filesystem\\Filesystem.php(108): Illuminate\\Filesystem\\Filesystem::Illuminate\\Filesystem\\{closure}()
#3 C:\\xampp\\htdocs\\Cioas\\vendor\\laravel\\framework\\src\\Illuminate\\View\\Engines\\PhpEngine.php(58): Illuminate\\Filesystem\\Filesystem->getRequire('C:\\\\xampp\\\\htdocs...', Array)
#4 C:\\xampp\\htdocs\\Cioas\\vendor\\laravel\\framework\\src\\Illuminate\\View\\Engines\\CompilerEngine.php(61): Illuminate\\View\\Engines\\PhpEngine->evaluatePath('C:\\\\xampp\\\\htdocs...', Array)
#5 C:\\xampp\\htdocs\\Cioas\\vendor\\facade\\ignition\\src\\Views\\Engines\\CompilerEngine.php(37): Illuminate\\View\\Engines\\CompilerEngine->get('C:\\\\xampp\\\\htdocs...', Array)
#6 C:\\xampp\\htdocs\\Cioas\\vendor\\laravel\\framework\\src\\Illuminate\\View\\View.php(139): Facade\\Ignition\\Views\\Engines\\CompilerEngine->get('C:\\\\xampp\\\\htdocs...', Array)
#7 C:\\xampp\\htdocs\\Cioas\\vendor\\laravel\\framework\\src\\Illuminate\\View\\View.php(122): Illuminate\\View\\View->getContents()
#8 C:\\xampp\\htdocs\\Cioas\\vendor\\laravel\\framework\\src\\Illuminate\\View\\View.php(91): Illuminate\\View\\View->renderContents()
#9 C:\\xampp\\htdocs\\Cioas\\vendor\\laravel\\framework\\src\\Illuminate\\Http\\Response.php(69): Illuminate\\View\\View->render()
#10 C:\\xampp\\htdocs\\Cioas\\vendor\\laravel\\framework\\src\\Illuminate\\Http\\Response.php(35): Illuminate\\Http\\Response->setContent(Object(Illuminate\\View\\View))
#11 C:\\xampp\\htdocs\\Cioas\\vendor\\laravel\\framework\\src\\Illuminate\\Routing\\Router.php(820): Illuminate\\Http\\Response->__construct(Object(Illuminate\\View\\View), 200, Array)
#12 C:\\xampp\\htdocs\\Cioas\\vendor\\laravel\\framework\\src\\Illuminate\\Routing\\Router.php(789): Illuminate\\Routing\\Router::toResponse(Object(Illuminate\\Http\\Request), Object(Illuminate\\View\\View))
#13 C:\\xampp\\htdocs\\Cioas\\vendor\\laravel\\framework\\src\\Illuminate\\Routing\\Router.php(720): Illuminate\\Routing\\Router->prepareResponse(Object(Illuminate\\Http\\Request), Object(Illuminate\\View\\View))
#14 C:\\xampp\\htdocs\\Cioas\\vendor\\laravel\\framework\\src\\Illuminate\\Pipeline\\Pipeline.php(128): Illuminate\\Routing\\Router->Illuminate\\Routing\\{closure}(Object(Illuminate\\Http\\Request))
#15 C:\\xampp\\htdocs\\Cioas\\vendor\\laravel\\framework\\src\\Illuminate\\Routing\\Middleware\\SubstituteBindings.php(50): Illuminate\\Pipeline\\Pipeline->Illuminate\\Pipeline\\{closure}(Object(Illuminate\\Http\\Request))
#16 C:\\xampp\\htdocs\\Cioas\\vendor\\laravel\\framework\\src\\Illuminate\\Pipeline\\Pipeline.php(167): Illuminate\\Routing\\Middleware\\SubstituteBindings->handle(Object(Illuminate\\Http\\Request), Object(Closure))
#17 C:\\xampp\\htdocs\\Cioas\\vendor\\laravel\\framework\\src\\Illuminate\\Auth\\Middleware\\Authenticate.php(44): Illuminate\\Pipeline\\Pipeline->Illuminate\\Pipeline\\{closure}(Object(Illuminate\\Http\\Request))
#18 C:\\xampp\\htdocs\\Cioas\\vendor\\laravel\\framework\\src\\Illuminate\\Pipeline\\Pipeline.php(167): Illuminate\\Auth\\Middleware\\Authenticate->handle(Object(Illuminate\\Http\\Request), Object(Closure))
#19 C:\\xampp\\htdocs\\Cioas\\vendor\\laravel\\framework\\src\\Illuminate\\Foundation\\Http\\Middleware\\VerifyCsrfToken.php(78): Illuminate\\Pipeline\\Pipeline->Illuminate\\Pipeline\\{closure}(Object(Illuminate\\Http\\Request))
#20 C:\\xampp\\htdocs\\Cioas\\vendor\\laravel\\framework\\src\\Illuminate\\Pipeline\\Pipeline.php(167): Illuminate\\Foundation\\Http\\Middleware\\VerifyCsrfToken->handle(Object(Illuminate\\Http\\Request), Object(Closure))
#21 C:\\xampp\\htdocs\\Cioas\\vendor\\laravel\\framework\\src\\Illuminate\\View\\Middleware\\ShareErrorsFromSession.php(49): Illuminate\\Pipeline\\Pipeline->Illuminate\\Pipeline\\{closure}(Object(Illuminate\\Http\\Request))
#22 C:\\xampp\\htdocs\\Cioas\\vendor\\laravel\\framework\\src\\Illuminate\\Pipeline\\Pipeline.php(167): Illuminate\\View\\Middleware\\ShareErrorsFromSession->handle(Object(Illuminate\\Http\\Request), Object(Closure))
#23 C:\\xampp\\htdocs\\Cioas\\vendor\\laravel\\framework\\src\\Illuminate\\Session\\Middleware\\StartSession.php(121): Illuminate\\Pipeline\\Pipeline->Illuminate\\Pipeline\\{closure}(Object(Illuminate\\Http\\Request))
#24 C:\\xampp\\htdocs\\Cioas\\vendor\\laravel\\framework\\src\\Illuminate\\Session\\Middleware\\StartSession.php(64): Illuminate\\Session\\Middleware\\StartSession->handleStatefulRequest(Object(Illuminate\\Http\\Request), Object(Illuminate\\Session\\Store), Object(Closure))
#25 C:\\xampp\\htdocs\\Cioas\\vendor\\laravel\\framework\\src\\Illuminate\\Pipeline\\Pipeline.php(167): Illuminate\\Session\\Middleware\\StartSession->handle(Object(Illuminate\\Http\\Request), Object(Closure))
#26 C:\\xampp\\htdocs\\Cioas\\vendor\\laravel\\framework\\src\\Illuminate\\Cookie\\Middleware\\AddQueuedCookiesToResponse.php(37): Illuminate\\Pipeline\\Pipeline->Illuminate\\Pipeline\\{closure}(Object(Illuminate\\Http\\Request))
#27 C:\\xampp\\htdocs\\Cioas\\vendor\\laravel\\framework\\src\\Illuminate\\Pipeline\\Pipeline.php(167): Illuminate\\Cookie\\Middleware\\AddQueuedCookiesToResponse->handle(Object(Illuminate\\Http\\Request), Object(Closure))
#28 C:\\xampp\\htdocs\\Cioas\\vendor\\laravel\\framework\\src\\Illuminate\\Cookie\\Middleware\\EncryptCookies.php(67): Illuminate\\Pipeline\\Pipeline->Illuminate\\Pipeline\\{closure}(Object(Illuminate\\Http\\Request))
#29 C:\\xampp\\htdocs\\Cioas\\vendor\\laravel\\framework\\src\\Illuminate\\Pipeline\\Pipeline.php(167): Illuminate\\Cookie\\Middleware\\EncryptCookies->handle(Object(Illuminate\\Http\\Request), Object(Closure))
#30 C:\\xampp\\htdocs\\Cioas\\vendor\\laravel\\framework\\src\\Illuminate\\Pipeline\\Pipeline.php(103): Illuminate\\Pipeline\\Pipeline->Illuminate\\Pipeline\\{closure}(Object(Illuminate\\Http\\Request))
#31 C:\\xampp\\htdocs\\Cioas\\vendor\\laravel\\framework\\src\\Illuminate\\Routing\\Router.php(719): Illuminate\\Pipeline\\Pipeline->then(Object(Closure))
#32 C:\\xampp\\htdocs\\Cioas\\vendor\\laravel\\framework\\src\\Illuminate\\Routing\\Router.php(698): Illuminate\\Routing\\Router->runRouteWithinStack(Object(Illuminate\\Routing\\Route), Object(Illuminate\\Http\\Request))
#33 C:\\xampp\\htdocs\\Cioas\\vendor\\laravel\\framework\\src\\Illuminate\\Routing\\Router.php(662): Illuminate\\Routing\\Router->runRoute(Object(Illuminate\\Http\\Request), Object(Illuminate\\Routing\\Route))
#34 C:\\xampp\\htdocs\\Cioas\\vendor\\laravel\\framework\\src\\Illuminate\\Routing\\Router.php(651): Illuminate\\Routing\\Router->dispatchToRoute(Object(Illuminate\\Http\\Request))
#35 C:\\xampp\\htdocs\\Cioas\\vendor\\laravel\\framework\\src\\Illuminate\\Foundation\\Http\\Kernel.php(167): Illuminate\\Routing\\Router->dispatch(Object(Illuminate\\Http\\Request))
#36 C:\\xampp\\htdocs\\Cioas\\vendor\\laravel\\framework\\src\\Illuminate\\Pipeline\\Pipeline.php(128): Illuminate\\Foundation\\Http\\Kernel->Illuminate\\Foundation\\Http\\{closure}(Object(Illuminate\\Http\\Request))
#37 C:\\xampp\\htdocs\\Cioas\\vendor\\laravel\\framework\\src\\Illuminate\\Foundation\\Http\\Middleware\\TransformsRequest.php(21): Illuminate\\Pipeline\\Pipeline->Illuminate\\Pipeline\\{closure}(Object(Illuminate\\Http\\Request))
#38 C:\\xampp\\htdocs\\Cioas\\vendor\\laravel\\framework\\src\\Illuminate\\Foundation\\Http\\Middleware\\ConvertEmptyStringsToNull.php(31): Illuminate\\Foundation\\Http\\Middleware\\TransformsRequest->handle(Object(Illuminate\\Http\\Request), Object(Closure))
#39 C:\\xampp\\htdocs\\Cioas\\vendor\\laravel\\framework\\src\\Illuminate\\Pipeline\\Pipeline.php(167): Illuminate\\Foundation\\Http\\Middleware\\ConvertEmptyStringsToNull->handle(Object(Illuminate\\Http\\Request), Object(Closure))
#40 C:\\xampp\\htdocs\\Cioas\\vendor\\laravel\\framework\\src\\Illuminate\\Foundation\\Http\\Middleware\\TransformsRequest.php(21): Illuminate\\Pipeline\\Pipeline->Illuminate\\Pipeline\\{closure}(Object(Illuminate\\Http\\Request))
#41 C:\\xampp\\htdocs\\Cioas\\vendor\\laravel\\framework\\src\\Illuminate\\Foundation\\Http\\Middleware\\TrimStrings.php(40): Illuminate\\Foundation\\Http\\Middleware\\TransformsRequest->handle(Object(Illuminate\\Http\\Request), Object(Closure))
#42 C:\\xampp\\htdocs\\Cioas\\vendor\\laravel\\framework\\src\\Illuminate\\Pipeline\\Pipeline.php(167): Illuminate\\Foundation\\Http\\Middleware\\TrimStrings->handle(Object(Illuminate\\Http\\Request), Object(Closure))
#43 C:\\xampp\\htdocs\\Cioas\\vendor\\laravel\\framework\\src\\Illuminate\\Foundation\\Http\\Middleware\\ValidatePostSize.php(27): Illuminate\\Pipeline\\Pipeline->Illuminate\\Pipeline\\{closure}(Object(Illuminate\\Http\\Request))
#44 C:\\xampp\\htdocs\\Cioas\\vendor\\laravel\\framework\\src\\Illuminate\\Pipeline\\Pipeline.php(167): Illuminate\\Foundation\\Http\\Middleware\\ValidatePostSize->handle(Object(Illuminate\\Http\\Request), Object(Closure))
#45 C:\\xampp\\htdocs\\Cioas\\vendor\\laravel\\framework\\src\\Illuminate\\Foundation\\Http\\Middleware\\PreventRequestsDuringMaintenance.php(86): Illuminate\\Pipeline\\Pipeline->Illuminate\\Pipeline\\{closure}(Object(Illuminate\\Http\\Request))
#46 C:\\xampp\\htdocs\\Cioas\\vendor\\laravel\\framework\\src\\Illuminate\\Pipeline\\Pipeline.php(167): Illuminate\\Foundation\\Http\\Middleware\\PreventRequestsDuringMaintenance->handle(Object(Illuminate\\Http\\Request), Object(Closure))
#47 C:\\xampp\\htdocs\\Cioas\\vendor\\fruitcake\\laravel-cors\\src\\HandleCors.php(38): Illuminate\\Pipeline\\Pipeline->Illuminate\\Pipeline\\{closure}(Object(Illuminate\\Http\\Request))
#48 C:\\xampp\\htdocs\\Cioas\\vendor\\laravel\\framework\\src\\Illuminate\\Pipeline\\Pipeline.php(167): Fruitcake\\Cors\\HandleCors->handle(Object(Illuminate\\Http\\Request), Object(Closure))
#49 C:\\xampp\\htdocs\\Cioas\\vendor\\laravel\\framework\\src\\Illuminate\\Http\\Middleware\\TrustProxies.php(39): Illuminate\\Pipeline\\Pipeline->Illuminate\\Pipeline\\{closure}(Object(Illuminate\\Http\\Request))
#50 C:\\xampp\\htdocs\\Cioas\\vendor\\laravel\\framework\\src\\Illuminate\\Pipeline\\Pipeline.php(167): Illuminate\\Http\\Middleware\\TrustProxies->handle(Object(Illuminate\\Http\\Request), Object(Closure))
#51 C:\\xampp\\htdocs\\Cioas\\vendor\\laravel\\framework\\src\\Illuminate\\Pipeline\\Pipeline.php(103): Illuminate\\Pipeline\\Pipeline->Illuminate\\Pipeline\\{closure}(Object(Illuminate\\Http\\Request))
#52 C:\\xampp\\htdocs\\Cioas\\vendor\\laravel\\framework\\src\\Illuminate\\Foundation\\Http\\Kernel.php(142): Illuminate\\Pipeline\\Pipeline->then(Object(Closure))
#53 C:\\xampp\\htdocs\\Cioas\\vendor\\laravel\\framework\\src\\Illuminate\\Foundation\\Http\\Kernel.php(111): Illuminate\\Foundation\\Http\\Kernel->sendRequestThroughRouter(Object(Illuminate\\Http\\Request))
#54 C:\\xampp\\htdocs\\Cioas\\public\\index.php(51): Illuminate\\Foundation\\Http\\Kernel->handle(Object(Illuminate\\Http\\Request))
#55 C:\\xampp\\htdocs\\Cioas\\server.php(21): require_once('C:\\\\xampp\\\\htdocs...')
#56 {main}
"} 
[2026-05-06 07:28:01] local.ERROR: Uncaught ErrorException: include(C:\xampp\htdocs\Cioas\vendor\composer/../../app/Models/HotelRestaurant.php): Failed to open stream: No such file or directory in C:\xampp\htdocs\Cioas\vendor\composer\ClassLoader.php:576
Stack trace:
#0 C:\xampp\htdocs\Cioas\vendor\composer\ClassLoader.php(576): Illuminate\Foundation\Bootstrap\HandleExceptions->handleError(2, 'include(C:\\xamp...', 'C:\\xampp\\htdocs...', 576)
#1 C:\xampp\htdocs\Cioas\vendor\composer\ClassLoader.php(576): include()
#2 C:\xampp\htdocs\Cioas\vendor\composer\ClassLoader.php(427): Composer\Autoload\{closure}('C:\\xampp\\htdocs...')
#3 [internal function]: Composer\Autoload\ClassLoader->loadClass('App\\Models\\Hote...')
#4 Command line code(1): class_exists('App\\Models\\Hote...')
#5 [internal function]: {closure}('App\\Models\\Hote...')
#6 Command line code(1): array_filter(Array, Object(Closure))
#7 {main}
  thrown {"exception":"[object] (Symfony\\Component\\ErrorHandler\\Error\\FatalError(code: 0): Uncaught ErrorException: include(C:\\xampp\\htdocs\\Cioas\\vendor\\composer/../../app/Models/HotelRestaurant.php): Failed to open stream: No such file or directory in C:\\xampp\\htdocs\\Cioas\\vendor\\composer\\ClassLoader.php:576
Stack trace:
#0 C:\\xampp\\htdocs\\Cioas\\vendor\\composer\\ClassLoader.php(576): Illuminate\\Foundation\\Bootstrap\\HandleExceptions->handleError(2, 'include(C:\\\\xamp...', 'C:\\\\xampp\\\\htdocs...', 576)
#1 C:\\xampp\\htdocs\\Cioas\\vendor\\composer\\ClassLoader.php(576): include()
#2 C:\\xampp\\htdocs\\Cioas\\vendor\\composer\\ClassLoader.php(427): Composer\\Autoload\\{closure}('C:\\\\xampp\\\\htdocs...')
#3 [internal function]: Composer\\Autoload\\ClassLoader->loadClass('App\\\\Models\\\\Hote...')
#4 Command line code(1): class_exists('App\\\\Models\\\\Hote...')
#5 [internal function]: {closure}('App\\\\Models\\\\Hote...')
#6 Command line code(1): array_filter(Array, Object(Closure))
#7 {main}
  thrown at C:\\xampp\\htdocs\\Cioas\\vendor\\composer\\ClassLoader.php:576)
[stacktrace]
#0 {main}
"} 
[2026-05-06 07:28:30] local.ERROR: Attempt to read property "en_name" on null (View: C:\xampp\htdocs\Cioas\resources\views\backend\pages\hotel-restaurant\index.blade.php) {"view":{"view":"C:\\xampp\\htdocs\\Cioas\\resources\\views/backend/pages/hotel-restaurant/index.blade.php","data":{"errors":"<pre class=sf-dump id=sf-dump-295558301 data-indent-pad=\"  \"><span class=sf-dump-note>Illuminate\\Support\\ViewErrorBag</span> {<a class=sf-dump-ref>#2123</a><samp data-depth=1 class=sf-dump-expanded>
  #<span class=sf-dump-protected title=\"Protected property\">bags</span>: []
</samp>}
</pre><script>Sfdump(\"sf-dump-295558301\", {\"maxDepth\":3,\"maxStringLength\":160})</script>
","organizations":"<pre class=sf-dump id=sf-dump-635184177 data-indent-pad=\"  \"><span class=sf-dump-note>Illuminate\\Database\\Eloquent\\Collection</span> {<a class=sf-dump-ref>#2164</a><samp data-depth=1 class=sf-dump-expanded>
  #<span class=sf-dump-protected title=\"Protected property\">items</span>: <span class=sf-dump-note>array:14</span> [<samp data-depth=2 class=sf-dump-compact>
    <span class=sf-dump-index>0</span> => <span class=sf-dump-note title=\"App\\Models\\HotelRestaurant\\HotelRestaurant
\"><span class=\"sf-dump-ellipsis sf-dump-ellipsis-note\">App\\Models\\HotelRestaurant</span><span class=\"sf-dump-ellipsis sf-dump-ellipsis-note\">\\</span>HotelRestaurant</span> {<a class=sf-dump-ref>#2171</a><samp data-depth=3 class=sf-dump-compact>
      #<span class=sf-dump-protected title=\"Protected property\">connection</span>: \"<span class=sf-dump-str title=\"5 characters\">mysql</span>\"
      #<span class=sf-dump-protected title=\"Protected property\">table</span>: \"<span class=sf-dump-str title=\"17 characters\">hotel_restaurants</span>\"
      #<span class=sf-dump-protected title=\"Protected property\">primaryKey</span>: \"<span class=sf-dump-str title=\"2 characters\">id</span>\"
      #<span class=sf-dump-protected title=\"Protected property\">keyType</span>: \"<span class=sf-dump-str title=\"3 characters\">int</span>\"
      +<span class=sf-dump-public title=\"Public property\">incrementing</span>: <span class=sf-dump-const>true</span>
      #<span class=sf-dump-protected title=\"Protected property\">with</span>: []
      #<span class=sf-dump-protected title=\"Protected property\">withCount</span>: []
      +<span class=sf-dump-public title=\"Public property\">preventsLazyLoading</span>: <span class=sf-dump-const>false</span>
      #<span class=sf-dump-protected title=\"Protected property\">perPage</span>: <span class=sf-dump-num>15</span>
      +<span class=sf-dump-public title=\"Public property\">exists</span>: <span class=sf-dump-const>true</span>
      +<span class=sf-dump-public title=\"Public property\">wasRecentlyCreated</span>: <span class=sf-dump-const>false</span>
      #<span class=sf-dump-protected title=\"Protected property\">escapeWhenCastingToString</span>: <span class=sf-dump-const>false</span>
      #<span class=sf-dump-protected title=\"Protected property\">attributes</span>: <span class=sf-dump-note>array:46</span> [ &#8230;46]
      #<span class=sf-dump-protected title=\"Protected property\">original</span>: <span class=sf-dump-note>array:46</span> [ &#8230;46]
      #<span class=sf-dump-protected title=\"Protected property\">changes</span>: []
      #<span class=sf-dump-protected title=\"Protected property\">casts</span>: []
      #<span class=sf-dump-protected title=\"Protected property\">classCastCache</span>: []
      #<span class=sf-dump-protected title=\"Protected property\">attributeCastCache</span>: []
      #<span class=sf-dump-protected title=\"Protected property\">dates</span>: []
      #<span class=sf-dump-protected title=\"Protected property\">dateFormat</span>: <span class=sf-dump-const>null</span>
      #<span class=sf-dump-protected title=\"Protected property\">appends</span>: []
      #<span class=sf-dump-protected title=\"Protected property\">dispatchesEvents</span>: []
      #<span class=sf-dump-protected title=\"Protected property\">observables</span>: []
      #<span class=sf-dump-protected title=\"Protected property\">relations</span>: <span class=sf-dump-note>array:2</span> [ &#8230;2]
      #<span class=sf-dump-protected title=\"Protected property\">touches</span>: []
      +<span class=sf-dump-public title=\"Public property\">timestamps</span>: <span class=sf-dump-const>true</span>
      #<span class=sf-dump-protected title=\"Protected property\">hidden</span>: []
      #<span class=sf-dump-protected title=\"Protected property\">visible</span>: []
      #<span class=sf-dump-protected title=\"Protected property\">fillable</span>: <span class=sf-dump-note>array:37</span> [ &#8230;37]
      #<span class=sf-dump-protected title=\"Protected property\">guarded</span>: <span class=sf-dump-note>array:1</span> [ &#8230;1]
    </samp>}
    <span class=sf-dump-index>1</span> => <span class=sf-dump-note title=\"App\\Models\\HotelRestaurant\\HotelRestaurant
\"><span class=\"sf-dump-ellipsis sf-dump-ellipsis-note\">App\\Models\\HotelRestaurant</span><span class=\"sf-dump-ellipsis sf-dump-ellipsis-note\">\\</span>HotelRestaurant</span> {<a class=sf-dump-ref>#2172</a><samp data-depth=3 class=sf-dump-compact>
      #<span class=sf-dump-protected title=\"Protected property\">connection</span>: \"<span class=sf-dump-str title=\"5 characters\">mysql</span>\"
      #<span class=sf-dump-protected title=\"Protected property\">table</span>: \"<span class=sf-dump-str title=\"17 characters\">hotel_restaurants</span>\"
      #<span class=sf-dump-protected title=\"Protected property\">primaryKey</span>: \"<span class=sf-dump-str title=\"2 characters\">id</span>\"
      #<span class=sf-dump-protected title=\"Protected property\">keyType</span>: \"<span class=sf-dump-str title=\"3 characters\">int</span>\"
      +<span class=sf-dump-public title=\"Public property\">incrementing</span>: <span class=sf-dump-const>true</span>
      #<span class=sf-dump-protected title=\"Protected property\">with</span>: []
      #<span class=sf-dump-protected title=\"Protected property\">withCount</span>: []
      +<span class=sf-dump-public title=\"Public property\">preventsLazyLoading</span>: <span class=sf-dump-const>false</span>
      #<span class=sf-dump-protected title=\"Protected property\">perPage</span>: <span class=sf-dump-num>15</span>
      +<span class=sf-dump-public title=\"Public property\">exists</span>: <span class=sf-dump-const>true</span>
      +<span class=sf-dump-public title=\"Public property\">wasRecentlyCreated</span>: <span class=sf-dump-const>false</span>
      #<span class=sf-dump-protected title=\"Protected property\">escapeWhenCastingToString</span>: <span class=sf-dump-const>false</span>
      #<span class=sf-dump-protected title=\"Protected property\">attributes</span>: <span class=sf-dump-note>array:46</span> [ &#8230;46]
      #<span class=sf-dump-protected title=\"Protected property\">original</span>: <span class=sf-dump-note>array:46</span> [ &#8230;46]
      #<span class=sf-dump-protected title=\"Protected property\">changes</span>: []
      #<span class=sf-dump-protected title=\"Protected property\">casts</span>: []
      #<span class=sf-dump-protected title=\"Protected property\">classCastCache</span>: []
      #<span class=sf-dump-protected title=\"Protected property\">attributeCastCache</span>: []
      #<span class=sf-dump-protected title=\"Protected property\">dates</span>: []
      #<span class=sf-dump-protected title=\"Protected property\">dateFormat</span>: <span class=sf-dump-const>null</span>
      #<span class=sf-dump-protected title=\"Protected property\">appends</span>: []
      #<span class=sf-dump-protected title=\"Protected property\">dispatchesEvents</span>: []
      #<span class=sf-dump-protected title=\"Protected property\">observables</span>: []
      #<span class=sf-dump-protected title=\"Protected property\">relations</span>: <span class=sf-dump-note>array:1</span> [ &#8230;1]
      #<span class=sf-dump-protected title=\"Protected property\">touches</span>: []
      +<span class=sf-dump-public title=\"Public property\">timestamps</span>: <span class=sf-dump-const>true</span>
      #<span class=sf-dump-protected title=\"Protected property\">hidden</span>: []
      #<span class=sf-dump-protected title=\"Protected property\">visible</span>: []
      #<span class=sf-dump-protected title=\"Protected property\">fillable</span>: <span class=sf-dump-note>array:37</span> [ &#8230;37]
      #<span class=sf-dump-protected title=\"Protected property\">guarded</span>: <span class=sf-dump-note>array:1</span> [ &#8230;1]
    </samp>}
    <span class=sf-dump-index>2</span> => <span class=sf-dump-note title=\"App\\Models\\HotelRestaurant\\HotelRestaurant
\"><span class=\"sf-dump-ellipsis sf-dump-ellipsis-note\">App\\Models\\HotelRestaurant</span><span class=\"sf-dump-ellipsis sf-dump-ellipsis-note\">\\</span>HotelRestaurant</span> {<a class=sf-dump-ref>#2173</a><samp data-depth=3 class=sf-dump-compact>
      #<span class=sf-dump-protected title=\"Protected property\">connection</span>: \"<span class=sf-dump-str title=\"5 characters\">mysql</span>\"
      #<span class=sf-dump-protected title=\"Protected property\">table</span>: \"<span class=sf-dump-str title=\"17 characters\">hotel_restaurants</span>\"
      #<span class=sf-dump-protected title=\"Protected property\">primaryKey</span>: \"<span class=sf-dump-str title=\"2 characters\">id</span>\"
      #<span class=sf-dump-protected title=\"Protected property\">keyType</span>: \"<span class=sf-dump-str title=\"3 characters\">int</span>\"
      +<span class=sf-dump-public title=\"Public property\">incrementing</span>: <span class=sf-dump-const>true</span>
      #<span class=sf-dump-protected title=\"Protected property\">with</span>: []
      #<span class=sf-dump-protected title=\"Protected property\">withCount</span>: []
      +<span class=sf-dump-public title=\"Public property\">preventsLazyLoading</span>: <span class=sf-dump-const>false</span>
      #<span class=sf-dump-protected title=\"Protected property\">perPage</span>: <span class=sf-dump-num>15</span>
      +<span class=sf-dump-public title=\"Public property\">exists</span>: <span class=sf-dump-const>true</span>
      +<span class=sf-dump-public title=\"Public property\">wasRecentlyCreated</span>: <span class=sf-dump-const>false</span>
      #<span class=sf-dump-protected title=\"Protected property\">escapeWhenCastingToString</span>: <span class=sf-dump-const>false</span>
      #<span class=sf-dump-protected title=\"Protected property\">attributes</span>: <span class=sf-dump-note>array:46</span> [ &#8230;46]
      #<span class=sf-dump-protected title=\"Protected property\">original</span>: <span class=sf-dump-note>array:46</span> [ &#8230;46]
      #<span class=sf-dump-protected title=\"Protected property\">changes</span>: []
      #<span class=sf-dump-protected title=\"Protected property\">casts</span>: []
      #<span class=sf-dump-protected title=\"Protected property\">classCastCache</span>: []
      #<span class=sf-dump-protected title=\"Protected property\">attributeCastCache</span>: []
      #<span class=sf-dump-protected title=\"Protected property\">dates</span>: []
      #<span class=sf-dump-protected title=\"Protected property\">dateFormat</span>: <span class=sf-dump-const>null</span>
      #<span class=sf-dump-protected title=\"Protected property\">appends</span>: []
      #<span class=sf-dump-protected title=\"Protected property\">dispatchesEvents</span>: []
      #<span class=sf-dump-protected title=\"Protected property\">observables</span>: []
      #<span class=sf-dump-protected title=\"Protected property\">relations</span>: <span class=sf-dump-note>array:1</span> [ &#8230;1]
      #<span class=sf-dump-protected title=\"Protected property\">touches</span>: []
      +<span class=sf-dump-public title=\"Public property\">timestamps</span>: <span class=sf-dump-const>true</span>
      #<span class=sf-dump-protected title=\"Protected property\">hidden</span>: []
      #<span class=sf-dump-protected title=\"Protected property\">visible</span>: []
      #<span class=sf-dump-protected title=\"Protected property\">fillable</span>: <span class=sf-dump-note>array:37</span> [ &#8230;37]
      #<span class=sf-dump-protected title=\"Protected property\">guarded</span>: <span class=sf-dump-note>array:1</span> [ &#8230;1]
    </samp>}
    <span class=sf-dump-index>3</span> => <span class=sf-dump-note title=\"App\\Models\\HotelRestaurant\\HotelRestaurant
\"><span class=\"sf-dump-ellipsis sf-dump-ellipsis-note\">App\\Models\\HotelRestaurant</span><span class=\"sf-dump-ellipsis sf-dump-ellipsis-note\">\\</span>HotelRestaurant</span> {<a class=sf-dump-ref>#2174</a><samp data-depth=3 class=sf-dump-compact>
      #<span class=sf-dump-protected title=\"Protected property\">connection</span>: \"<span class=sf-dump-str title=\"5 characters\">mysql</span>\"
      #<span class=sf-dump-protected title=\"Protected property\">table</span>: \"<span class=sf-dump-str title=\"17 characters\">hotel_restaurants</span>\"
      #<span class=sf-dump-protected title=\"Protected property\">primaryKey</span>: \"<span class=sf-dump-str title=\"2 characters\">id</span>\"
      #<span class=sf-dump-protected title=\"Protected property\">keyType</span>: \"<span class=sf-dump-str title=\"3 characters\">int</span>\"
      +<span class=sf-dump-public title=\"Public property\">incrementing</span>: <span class=sf-dump-const>true</span>
      #<span class=sf-dump-protected title=\"Protected property\">with</span>: []
      #<span class=sf-dump-protected title=\"Protected property\">withCount</span>: []
      +<span class=sf-dump-public title=\"Public property\">preventsLazyLoading</span>: <span class=sf-dump-const>false</span>
      #<span class=sf-dump-protected title=\"Protected property\">perPage</span>: <span class=sf-dump-num>15</span>
      +<span class=sf-dump-public title=\"Public property\">exists</span>: <span class=sf-dump-const>true</span>
      +<span class=sf-dump-public title=\"Public property\">wasRecentlyCreated</span>: <span class=sf-dump-const>false</span>
      #<span class=sf-dump-protected title=\"Protected property\">escapeWhenCastingToString</span>: <span class=sf-dump-const>false</span>
      #<span class=sf-dump-protected title=\"Protected property\">attributes</span>: <span class=sf-dump-note>array:46</span> [ &#8230;46]
      #<span class=sf-dump-protected title=\"Protected property\">original</span>: <span class=sf-dump-note>array:46</span> [ &#8230;46]
      #<span class=sf-dump-protected title=\"Protected property\">changes</span>: []
      #<span class=sf-dump-protected title=\"Protected property\">casts</span>: []
      #<span class=sf-dump-protected title=\"Protected property\">classCastCache</span>: []
      #<span class=sf-dump-protected title=\"Protected property\">attributeCastCache</span>: []
      #<span class=sf-dump-protected title=\"Protected property\">dates</span>: []
      #<span class=sf-dump-protected title=\"Protected property\">dateFormat</span>: <span class=sf-dump-const>null</span>
      #<span class=sf-dump-protected title=\"Protected property\">appends</span>: []
      #<span class=sf-dump-protected title=\"Protected property\">dispatchesEvents</span>: []
      #<span class=sf-dump-protected title=\"Protected property\">observables</span>: []
      #<span class=sf-dump-protected title=\"Protected property\">relations</span>: <span class=sf-dump-note>array:1</span> [ &#8230;1]
      #<span class=sf-dump-protected title=\"Protected property\">touches</span>: []
      +<span class=sf-dump-public title=\"Public property\">timestamps</span>: <span class=sf-dump-const>true</span>
      #<span class=sf-dump-protected title=\"Protected property\">hidden</span>: []
      #<span class=sf-dump-protected title=\"Protected property\">visible</span>: []
      #<span class=sf-dump-protected title=\"Protected property\">fillable</span>: <span class=sf-dump-note>array:37</span> [ &#8230;37]
      #<span class=sf-dump-protected title=\"Protected property\">guarded</span>: <span class=sf-dump-note>array:1</span> [ &#8230;1]
    </samp>}
    <span class=sf-dump-index>4</span> => <span class=sf-dump-note title=\"App\\Models\\HotelRestaurant\\HotelRestaurant
\"><span class=\"sf-dump-ellipsis sf-dump-ellipsis-note\">App\\Models\\HotelRestaurant</span><span class=\"sf-dump-ellipsis sf-dump-ellipsis-note\">\\</span>HotelRestaurant</span> {<a class=sf-dump-ref>#2175</a><samp data-depth=3 class=sf-dump-compact>
      #<span class=sf-dump-protected title=\"Protected property\">connection</span>: \"<span class=sf-dump-str title=\"5 characters\">mysql</span>\"
      #<span class=sf-dump-protected title=\"Protected property\">table</span>: \"<span class=sf-dump-str title=\"17 characters\">hotel_restaurants</span>\"
      #<span class=sf-dump-protected title=\"Protected property\">primaryKey</span>: \"<span class=sf-dump-str title=\"2 characters\">id</span>\"
      #<span class=sf-dump-protected title=\"Protected property\">keyType</span>: \"<span class=sf-dump-str title=\"3 characters\">int</span>\"
      +<span class=sf-dump-public title=\"Public property\">incrementing</span>: <span class=sf-dump-const>true</span>
      #<span class=sf-dump-protected title=\"Protected property\">with</span>: []
      #<span class=sf-dump-protected title=\"Protected property\">withCount</span>: []
      +<span class=sf-dump-public title=\"Public property\">preventsLazyLoading</span>: <span class=sf-dump-const>false</span>
      #<span class=sf-dump-protected title=\"Protected property\">perPage</span>: <span class=sf-dump-num>15</span>
      +<span class=sf-dump-public title=\"Public property\">exists</span>: <span class=sf-dump-const>true</span>
      +<span class=sf-dump-public title=\"Public property\">wasRecentlyCreated</span>: <span class=sf-dump-const>false</span>
      #<span class=sf-dump-protected title=\"Protected property\">escapeWhenCastingToString</span>: <span class=sf-dump-const>false</span>
      #<span class=sf-dump-protected title=\"Protected property\">attributes</span>: <span class=sf-dump-note>array:46</span> [ &#8230;46]
      #<span class=sf-dump-protected title=\"Protected property\">original</span>: <span class=sf-dump-note>array:46</span> [ &#8230;46]
      #<span class=sf-dump-protected title=\"Protected property\">changes</span>: []
      #<span class=sf-dump-protected title=\"Protected property\">casts</span>: []
      #<span class=sf-dump-protected title=\"Protected property\">classCastCache</span>: []
      #<span class=sf-dump-protected title=\"Protected property\">attributeCastCache</span>: []
      #<span class=sf-dump-protected title=\"Protected property\">dates</span>: []
      #<span class=sf-dump-protected title=\"Protected property\">dateFormat</span>: <span class=sf-dump-const>null</span>
      #<span class=sf-dump-protected title=\"Protected property\">appends</span>: []
      #<span class=sf-dump-protected title=\"Protected property\">dispatchesEvents</span>: []
      #<span class=sf-dump-protected title=\"Protected property\">observables</span>: []
      #<span class=sf-dump-protected title=\"Protected property\">relations</span>: <span class=sf-dump-note>array:1</span> [ &#8230;1]
      #<span class=sf-dump-protected title=\"Protected property\">touches</span>: []
      +<span class=sf-dump-public title=\"Public property\">timestamps</span>: <span class=sf-dump-const>true</span>
      #<span class=sf-dump-protected title=\"Protected property\">hidden</span>: []
      #<span class=sf-dump-protected title=\"Protected property\">visible</span>: []
      #<span class=sf-dump-protected title=\"Protected property\">fillable</span>: <span class=sf-dump-note>array:37</span> [ &#8230;37]
      #<span class=sf-dump-protected title=\"Protected property\">guarded</span>: <span class=sf-dump-note>array:1</span> [ &#8230;1]
    </samp>}
    <span class=sf-dump-index>5</span> => <span class=sf-dump-note title=\"App\\Models\\HotelRestaurant\\HotelRestaurant
\"><span class=\"sf-dump-ellipsis sf-dump-ellipsis-note\">App\\Models\\HotelRestaurant</span><span class=\"sf-dump-ellipsis sf-dump-ellipsis-note\">\\</span>HotelRestaurant</span> {<a class=sf-dump-ref>#2176</a><samp data-depth=3 class=sf-dump-compact>
      #<span class=sf-dump-protected title=\"Protected property\">connection</span>: \"<span class=sf-dump-str title=\"5 characters\">mysql</span>\"
      #<span class=sf-dump-protected title=\"Protected property\">table</span>: \"<span class=sf-dump-str title=\"17 characters\">hotel_restaurants</span>\"
      #<span class=sf-dump-protected title=\"Protected property\">primaryKey</span>: \"<span class=sf-dump-str title=\"2 characters\">id</span>\"
      #<span class=sf-dump-protected title=\"Protected property\">keyType</span>: \"<span class=sf-dump-str title=\"3 characters\">int</span>\"
      +<span class=sf-dump-public title=\"Public property\">incrementing</span>: <span class=sf-dump-const>true</span>
      #<span class=sf-dump-protected title=\"Protected property\">with</span>: []
      #<span class=sf-dump-protected title=\"Protected property\">withCount</span>: []
      +<span class=sf-dump-public title=\"Public property\">preventsLazyLoading</span>: <span class=sf-dump-const>false</span>
      #<span class=sf-dump-protected title=\"Protected property\">perPage</span>: <span class=sf-dump-num>15</span>
      +<span class=sf-dump-public title=\"Public property\">exists</span>: <span class=sf-dump-const>true</span>
      +<span class=sf-dump-public title=\"Public property\">wasRecentlyCreated</span>: <span class=sf-dump-const>false</span>
      #<span class=sf-dump-protected title=\"Protected property\">escapeWhenCastingToString</span>: <span class=sf-dump-const>false</span>
      #<span class=sf-dump-protected title=\"Protected property\">attributes</span>: <span class=sf-dump-note>array:46</span> [ &#8230;46]
      #<span class=sf-dump-protected title=\"Protected property\">original</span>: <span class=sf-dump-note>array:46</span> [ &#8230;46]
      #<span class=sf-dump-protected title=\"Protected property\">changes</span>: []
      #<span class=sf-dump-protected title=\"Protected property\">casts</span>: []
      #<span class=sf-dump-protected title=\"Protected property\">classCastCache</span>: []
      #<span class=sf-dump-protected title=\"Protected property\">attributeCastCache</span>: []
      #<span class=sf-dump-protected title=\"Protected property\">dates</span>: []
      #<span class=sf-dump-protected title=\"Protected property\">dateFormat</span>: <span class=sf-dump-const>null</span>
      #<span class=sf-dump-protected title=\"Protected property\">appends</span>: []
      #<span class=sf-dump-protected title=\"Protected property\">dispatchesEvents</span>: []
      #<span class=sf-dump-protected title=\"Protected property\">observables</span>: []
      #<span class=sf-dump-protected title=\"Protected property\">relations</span>: <span class=sf-dump-note>array:1</span> [ &#8230;1]
      #<span class=sf-dump-protected title=\"Protected property\">touches</span>: []
      +<span class=sf-dump-public title=\"Public property\">timestamps</span>: <span class=sf-dump-const>true</span>
      #<span class=sf-dump-protected title=\"Protected property\">hidden</span>: []
      #<span class=sf-dump-protected title=\"Protected property\">visible</span>: []
      #<span class=sf-dump-protected title=\"Protected property\">fillable</span>: <span class=sf-dump-note>array:37</span> [ &#8230;37]
      #<span class=sf-dump-protected title=\"Protected property\">guarded</span>: <span class=sf-dump-note>array:1</span> [ &#8230;1]
    </samp>}
    <span class=sf-dump-index>6</span> => <span class=sf-dump-note title=\"App\\Models\\HotelRestaurant\\HotelRestaurant
\"><span class=\"sf-dump-ellipsis sf-dump-ellipsis-note\">App\\Models\\HotelRestaurant</span><span class=\"sf-dump-ellipsis sf-dump-ellipsis-note\">\\</span>HotelRestaurant</span> {<a class=sf-dump-ref>#2177</a><samp data-depth=3 class=sf-dump-compact>
      #<span class=sf-dump-protected title=\"Protected property\">connection</span>: \"<span class=sf-dump-str title=\"5 characters\">mysql</span>\"
      #<span class=sf-dump-protected title=\"Protected property\">table</span>: \"<span class=sf-dump-str title=\"17 characters\">hotel_restaurants</span>\"
      #<span class=sf-dump-protected title=\"Protected property\">primaryKey</span>: \"<span class=sf-dump-str title=\"2 characters\">id</span>\"
      #<span class=sf-dump-protected title=\"Protected property\">keyType</span>: \"<span class=sf-dump-str title=\"3 characters\">int</span>\"
      +<span class=sf-dump-public title=\"Public property\">incrementing</span>: <span class=sf-dump-const>true</span>
      #<span class=sf-dump-protected title=\"Protected property\">with</span>: []
      #<span class=sf-dump-protected title=\"Protected property\">withCount</span>: []
      +<span class=sf-dump-public title=\"Public property\">preventsLazyLoading</span>: <span class=sf-dump-const>false</span>
      #<span class=sf-dump-protected title=\"Protected property\">perPage</span>: <span class=sf-dump-num>15</span>
      +<span class=sf-dump-public title=\"Public property\">exists</span>: <span class=sf-dump-const>true</span>
      +<span class=sf-dump-public title=\"Public property\">wasRecentlyCreated</span>: <span class=sf-dump-const>false</span>
      #<span class=sf-dump-protected title=\"Protected property\">escapeWhenCastingToString</span>: <span class=sf-dump-const>false</span>
      #<span class=sf-dump-protected title=\"Protected property\">attributes</span>: <span class=sf-dump-note>array:46</span> [ &#8230;46]
      #<span class=sf-dump-protected title=\"Protected property\">original</span>: <span class=sf-dump-note>array:46</span> [ &#8230;46]
      #<span class=sf-dump-protected title=\"Protected property\">changes</span>: []
      #<span class=sf-dump-protected title=\"Protected property\">casts</span>: []
      #<span class=sf-dump-protected title=\"Protected property\">classCastCache</span>: []
      #<span class=sf-dump-protected title=\"Protected property\">attributeCastCache</span>: []
      #<span class=sf-dump-protected title=\"Protected property\">dates</span>: []
      #<span class=sf-dump-protected title=\"Protected property\">dateFormat</span>: <span class=sf-dump-const>null</span>
      #<span class=sf-dump-protected title=\"Protected property\">appends</span>: []
      #<span class=sf-dump-protected title=\"Protected property\">dispatchesEvents</span>: []
      #<span class=sf-dump-protected title=\"Protected property\">observables</span>: []
      #<span class=sf-dump-protected title=\"Protected property\">relations</span>: <span class=sf-dump-note>array:1</span> [ &#8230;1]
      #<span class=sf-dump-protected title=\"Protected property\">touches</span>: []
      +<span class=sf-dump-public title=\"Public property\">timestamps</span>: <span class=sf-dump-const>true</span>
      #<span class=sf-dump-protected title=\"Protected property\">hidden</span>: []
      #<span class=sf-dump-protected title=\"Protected property\">visible</span>: []
      #<span class=sf-dump-protected title=\"Protected property\">fillable</span>: <span class=sf-dump-note>array:37</span> [ &#8230;37]
      #<span class=sf-dump-protected title=\"Protected property\">guarded</span>: <span class=sf-dump-note>array:1</span> [ &#8230;1]
    </samp>}
    <span class=sf-dump-index>7</span> => <span class=sf-dump-note title=\"App\\Models\\HotelRestaurant\\HotelRestaurant
\"><span class=\"sf-dump-ellipsis sf-dump-ellipsis-note\">App\\Models\\HotelRestaurant</span><span class=\"sf-dump-ellipsis sf-dump-ellipsis-note\">\\</span>HotelRestaurant</span> {<a class=sf-dump-ref>#2178</a><samp data-depth=3 class=sf-dump-compact>
      #<span class=sf-dump-protected title=\"Protected property\">connection</span>: \"<span class=sf-dump-str title=\"5 characters\">mysql</span>\"
      #<span class=sf-dump-protected title=\"Protected property\">table</span>: \"<span class=sf-dump-str title=\"17 characters\">hotel_restaurants</span>\"
      #<span class=sf-dump-protected title=\"Protected property\">primaryKey</span>: \"<span class=sf-dump-str title=\"2 characters\">id</span>\"
      #<span class=sf-dump-protected title=\"Protected property\">keyType</span>: \"<span class=sf-dump-str title=\"3 characters\">int</span>\"
      +<span class=sf-dump-public title=\"Public property\">incrementing</span>: <span class=sf-dump-const>true</span>
      #<span class=sf-dump-protected title=\"Protected property\">with</span>: []
      #<span class=sf-dump-protected title=\"Protected property\">withCount</span>: []
      +<span class=sf-dump-public title=\"Public property\">preventsLazyLoading</span>: <span class=sf-dump-const>false</span>
      #<span class=sf-dump-protected title=\"Protected property\">perPage</span>: <span class=sf-dump-num>15</span>
      +<span class=sf-dump-public title=\"Public property\">exists</span>: <span class=sf-dump-const>true</span>
      +<span class=sf-dump-public title=\"Public property\">wasRecentlyCreated</span>: <span class=sf-dump-const>false</span>
      #<span class=sf-dump-protected title=\"Protected property\">escapeWhenCastingToString</span>: <span class=sf-dump-const>false</span>
      #<span class=sf-dump-protected title=\"Protected property\">attributes</span>: <span class=sf-dump-note>array:46</span> [ &#8230;46]
      #<span class=sf-dump-protected title=\"Protected property\">original</span>: <span class=sf-dump-note>array:46</span> [ &#8230;46]
      #<span class=sf-dump-protected title=\"Protected property\">changes</span>: []
      #<span class=sf-dump-protected title=\"Protected property\">casts</span>: []
      #<span class=sf-dump-protected title=\"Protected property\">classCastCache</span>: []
      #<span class=sf-dump-protected title=\"Protected property\">attributeCastCache</span>: []
      #<span class=sf-dump-protected title=\"Protected property\">dates</span>: []
      #<span class=sf-dump-protected title=\"Protected property\">dateFormat</span>: <span class=sf-dump-const>null</span>
      #<span class=sf-dump-protected title=\"Protected property\">appends</span>: []
      #<span class=sf-dump-protected title=\"Protected property\">dispatchesEvents</span>: []
      #<span class=sf-dump-protected title=\"Protected property\">observables</span>: []
      #<span class=sf-dump-protected title=\"Protected property\">relations</span>: <span class=sf-dump-note>array:1</span> [ &#8230;1]
      #<span class=sf-dump-protected title=\"Protected property\">touches</span>: []
      +<span class=sf-dump-public title=\"Public property\">timestamps</span>: <span class=sf-dump-const>true</span>
      #<span class=sf-dump-protected title=\"Protected property\">hidden</span>: []
      #<span class=sf-dump-protected title=\"Protected property\">visible</span>: []
      #<span class=sf-dump-protected title=\"Protected property\">fillable</span>: <span class=sf-dump-note>array:37</span> [ &#8230;37]
      #<span class=sf-dump-protected title=\"Protected property\">guarded</span>: <span class=sf-dump-note>array:1</span> [ &#8230;1]
    </samp>}
    <span class=sf-dump-index>8</span> => <span class=sf-dump-note title=\"App\\Models\\HotelRestaurant\\HotelRestaurant
\"><span class=\"sf-dump-ellipsis sf-dump-ellipsis-note\">App\\Models\\HotelRestaurant</span><span class=\"sf-dump-ellipsis sf-dump-ellipsis-note\">\\</span>HotelRestaurant</span> {<a class=sf-dump-ref>#2179</a><samp data-depth=3 class=sf-dump-compact>
      #<span class=sf-dump-protected title=\"Protected property\">connection</span>: \"<span class=sf-dump-str title=\"5 characters\">mysql</span>\"
      #<span class=sf-dump-protected title=\"Protected property\">table</span>: \"<span class=sf-dump-str title=\"17 characters\">hotel_restaurants</span>\"
      #<span class=sf-dump-protected title=\"Protected property\">primaryKey</span>: \"<span class=sf-dump-str title=\"2 characters\">id</span>\"
      #<span class=sf-dump-protected title=\"Protected property\">keyType</span>: \"<span class=sf-dump-str title=\"3 characters\">int</span>\"
      +<span class=sf-dump-public title=\"Public property\">incrementing</span>: <span class=sf-dump-const>true</span>
      #<span class=sf-dump-protected title=\"Protected property\">with</span>: []
      #<span class=sf-dump-protected title=\"Protected property\">withCount</span>: []
      +<span class=sf-dump-public title=\"Public property\">preventsLazyLoading</span>: <span class=sf-dump-const>false</span>
      #<span class=sf-dump-protected title=\"Protected property\">perPage</span>: <span class=sf-dump-num>15</span>
      +<span class=sf-dump-public title=\"Public property\">exists</span>: <span class=sf-dump-const>true</span>
      +<span class=sf-dump-public title=\"Public property\">wasRecentlyCreated</span>: <span class=sf-dump-const>false</span>
      #<span class=sf-dump-protected title=\"Protected property\">escapeWhenCastingToString</span>: <span class=sf-dump-const>false</span>
      #<span class=sf-dump-protected title=\"Protected property\">attributes</span>: <span class=sf-dump-note>array:46</span> [ &#8230;46]
      #<span class=sf-dump-protected title=\"Protected property\">original</span>: <span class=sf-dump-note>array:46</span> [ &#8230;46]
      #<span class=sf-dump-protected title=\"Protected property\">changes</span>: []
      #<span class=sf-dump-protected title=\"Protected property\">casts</span>: []
      #<span class=sf-dump-protected title=\"Protected property\">classCastCache</span>: []
      #<span class=sf-dump-protected title=\"Protected property\">attributeCastCache</span>: []
      #<span class=sf-dump-protected title=\"Protected property\">dates</span>: []
      #<span class=sf-dump-protected title=\"Protected property\">dateFormat</span>: <span class=sf-dump-const>null</span>
      #<span class=sf-dump-protected title=\"Protected property\">appends</span>: []
      #<span class=sf-dump-protected title=\"Protected property\">dispatchesEvents</span>: []
      #<span class=sf-dump-protected title=\"Protected property\">observables</span>: []
      #<span class=sf-dump-protected title=\"Protected property\">relations</span>: <span class=sf-dump-note>array:1</span> [ &#8230;1]
      #<span class=sf-dump-protected title=\"Protected property\">touches</span>: []
      +<span class=sf-dump-public title=\"Public property\">timestamps</span>: <span class=sf-dump-const>true</span>
      #<span class=sf-dump-protected title=\"Protected property\">hidden</span>: []
      #<span class=sf-dump-protected title=\"Protected property\">visible</span>: []
      #<span class=sf-dump-protected title=\"Protected property\">fillable</span>: <span class=sf-dump-note>array:37</span> [ &#8230;37]
      #<span class=sf-dump-protected title=\"Protected property\">guarded</span>: <span class=sf-dump-note>array:1</span> [ &#8230;1]
    </samp>}
    <span class=sf-dump-index>9</span> => <span class=sf-dump-note title=\"App\\Models\\HotelRestaurant\\HotelRestaurant
\"><span class=\"sf-dump-ellipsis sf-dump-ellipsis-note\">App\\Models\\HotelRestaurant</span><span class=\"sf-dump-ellipsis sf-dump-ellipsis-note\">\\</span>HotelRestaurant</span> {<a class=sf-dump-ref>#2180</a><samp data-depth=3 class=sf-dump-compact>
      #<span class=sf-dump-protected title=\"Protected property\">connection</span>: \"<span class=sf-dump-str title=\"5 characters\">mysql</span>\"
      #<span class=sf-dump-protected title=\"Protected property\">table</span>: \"<span class=sf-dump-str title=\"17 characters\">hotel_restaurants</span>\"
      #<span class=sf-dump-protected title=\"Protected property\">primaryKey</span>: \"<span class=sf-dump-str title=\"2 characters\">id</span>\"
      #<span class=sf-dump-protected title=\"Protected property\">keyType</span>: \"<span class=sf-dump-str title=\"3 characters\">int</span>\"
      +<span class=sf-dump-public title=\"Public property\">incrementing</span>: <span class=sf-dump-const>true</span>
      #<span class=sf-dump-protected title=\"Protected property\">with</span>: []
      #<span class=sf-dump-protected title=\"Protected property\">withCount</span>: []
      +<span class=sf-dump-public title=\"Public property\">preventsLazyLoading</span>: <span class=sf-dump-const>false</span>
      #<span class=sf-dump-protected title=\"Protected property\">perPage</span>: <span class=sf-dump-num>15</span>
      +<span class=sf-dump-public title=\"Public property\">exists</span>: <span class=sf-dump-const>true</span>
      +<span class=sf-dump-public title=\"Public property\">wasRecentlyCreated</span>: <span class=sf-dump-const>false</span>
      #<span class=sf-dump-protected title=\"Protected property\">escapeWhenCastingToString</span>: <span class=sf-dump-const>false</span>
      #<span class=sf-dump-protected title=\"Protected property\">attributes</span>: <span class=sf-dump-note>array:46</span> [ &#8230;46]
      #<span class=sf-dump-protected title=\"Protected property\">original</span>: <span class=sf-dump-note>array:46</span> [ &#8230;46]
      #<span class=sf-dump-protected title=\"Protected property\">changes</span>: []
      #<span class=sf-dump-protected title=\"Protected property\">casts</span>: []
      #<span class=sf-dump-protected title=\"Protected property\">classCastCache</span>: []
      #<span class=sf-dump-protected title=\"Protected property\">attributeCastCache</span>: []
      #<span class=sf-dump-protected title=\"Protected property\">dates</span>: []
      #<span class=sf-dump-protected title=\"Protected property\">dateFormat</span>: <span class=sf-dump-const>null</span>
      #<span class=sf-dump-protected title=\"Protected property\">appends</span>: []
      #<span class=sf-dump-protected title=\"Protected property\">dispatchesEvents</span>: []
      #<span class=sf-dump-protected title=\"Protected property\">observables</span>: []
      #<span class=sf-dump-protected title=\"Protected property\">relations</span>: <span class=sf-dump-note>array:1</span> [ &#8230;1]
      #<span class=sf-dump-protected title=\"Protected property\">touches</span>: []
      +<span class=sf-dump-public title=\"Public property\">timestamps</span>: <span class=sf-dump-const>true</span>
      #<span class=sf-dump-protected title=\"Protected property\">hidden</span>: []
      #<span class=sf-dump-protected title=\"Protected property\">visible</span>: []
      #<span class=sf-dump-protected title=\"Protected property\">fillable</span>: <span class=sf-dump-note>array:37</span> [ &#8230;37]
      #<span class=sf-dump-protected title=\"Protected property\">guarded</span>: <span class=sf-dump-note>array:1</span> [ &#8230;1]
    </samp>}
    <span class=sf-dump-index>10</span> => <span class=sf-dump-note title=\"App\\Models\\HotelRestaurant\\HotelRestaurant
\"><span class=\"sf-dump-ellipsis sf-dump-ellipsis-note\">App\\Models\\HotelRestaurant</span><span class=\"sf-dump-ellipsis sf-dump-ellipsis-note\">\\</span>HotelRestaurant</span> {<a class=sf-dump-ref>#2181</a><samp data-depth=3 class=sf-dump-compact>
      #<span class=sf-dump-protected title=\"Protected property\">connection</span>: \"<span class=sf-dump-str title=\"5 characters\">mysql</span>\"
      #<span class=sf-dump-protected title=\"Protected property\">table</span>: \"<span class=sf-dump-str title=\"17 characters\">hotel_restaurants</span>\"
      #<span class=sf-dump-protected title=\"Protected property\">primaryKey</span>: \"<span class=sf-dump-str title=\"2 characters\">id</span>\"
      #<span class=sf-dump-protected title=\"Protected property\">keyType</span>: \"<span class=sf-dump-str title=\"3 characters\">int</span>\"
      +<span class=sf-dump-public title=\"Public property\">incrementing</span>: <span class=sf-dump-const>true</span>
      #<span class=sf-dump-protected title=\"Protected property\">with</span>: []
      #<span class=sf-dump-protected title=\"Protected property\">withCount</span>: []
      +<span class=sf-dump-public title=\"Public property\">preventsLazyLoading</span>: <span class=sf-dump-const>false</span>
      #<span class=sf-dump-protected title=\"Protected property\">perPage</span>: <span class=sf-dump-num>15</span>
      +<span class=sf-dump-public title=\"Public property\">exists</span>: <span class=sf-dump-const>true</span>
      +<span class=sf-dump-public title=\"Public property\">wasRecentlyCreated</span>: <span class=sf-dump-const>false</span>
      #<span class=sf-dump-protected title=\"Protected property\">escapeWhenCastingToString</span>: <span class=sf-dump-const>false</span>
      #<span class=sf-dump-protected title=\"Protected property\">attributes</span>: <span class=sf-dump-note>array:46</span> [ &#8230;46]
      #<span class=sf-dump-protected title=\"Protected property\">original</span>: <span class=sf-dump-note>array:46</span> [ &#8230;46]
      #<span class=sf-dump-protected title=\"Protected property\">changes</span>: []
      #<span class=sf-dump-protected title=\"Protected property\">casts</span>: []
      #<span class=sf-dump-protected title=\"Protected property\">classCastCache</span>: []
      #<span class=sf-dump-protected title=\"Protected property\">attributeCastCache</span>: []
      #<span class=sf-dump-protected title=\"Protected property\">dates</span>: []
      #<span class=sf-dump-protected title=\"Protected property\">dateFormat</span>: <span class=sf-dump-const>null</span>
      #<span class=sf-dump-protected title=\"Protected property\">appends</span>: []
      #<span class=sf-dump-protected title=\"Protected property\">dispatchesEvents</span>: []
      #<span class=sf-dump-protected title=\"Protected property\">observables</span>: []
      #<span class=sf-dump-protected title=\"Protected property\">relations</span>: <span class=sf-dump-note>array:1</span> [ &#8230;1]
      #<span class=sf-dump-protected title=\"Protected property\">touches</span>: []
      +<span class=sf-dump-public title=\"Public property\">timestamps</span>: <span class=sf-dump-const>true</span>
      #<span class=sf-dump-protected title=\"Protected property\">hidden</span>: []
      #<span class=sf-dump-protected title=\"Protected property\">visible</span>: []
      #<span class=sf-dump-protected title=\"Protected property\">fillable</span>: <span class=sf-dump-note>array:37</span> [ &#8230;37]
      #<span class=sf-dump-protected title=\"Protected property\">guarded</span>: <span class=sf-dump-note>array:1</span> [ &#8230;1]
    </samp>}
    <span class=sf-dump-index>11</span> => <span class=sf-dump-note title=\"App\\Models\\HotelRestaurant\\HotelRestaurant
\"><span class=\"sf-dump-ellipsis sf-dump-ellipsis-note\">App\\Models\\HotelRestaurant</span><span class=\"sf-dump-ellipsis sf-dump-ellipsis-note\">\\</span>HotelRestaurant</span> {<a class=sf-dump-ref>#2182</a><samp data-depth=3 class=sf-dump-compact>
      #<span class=sf-dump-protected title=\"Protected property\">connection</span>: \"<span class=sf-dump-str title=\"5 characters\">mysql</span>\"
      #<span class=sf-dump-protected title=\"Protected property\">table</span>: \"<span class=sf-dump-str title=\"17 characters\">hotel_restaurants</span>\"
      #<span class=sf-dump-protected title=\"Protected property\">primaryKey</span>: \"<span class=sf-dump-str title=\"2 characters\">id</span>\"
      #<span class=sf-dump-protected title=\"Protected property\">keyType</span>: \"<span class=sf-dump-str title=\"3 characters\">int</span>\"
      +<span class=sf-dump-public title=\"Public property\">incrementing</span>: <span class=sf-dump-const>true</span>
      #<span class=sf-dump-protected title=\"Protected property\">with</span>: []
      #<span class=sf-dump-protected title=\"Protected property\">withCount</span>: []
      +<span class=sf-dump-public title=\"Public property\">preventsLazyLoading</span>: <span class=sf-dump-const>false</span>
      #<span class=sf-dump-protected title=\"Protected property\">perPage</span>: <span class=sf-dump-num>15</span>
      +<span class=sf-dump-public title=\"Public property\">exists</span>: <span class=sf-dump-const>true</span>
      +<span class=sf-dump-public title=\"Public property\">wasRecentlyCreated</span>: <span class=sf-dump-const>false</span>
      #<span class=sf-dump-protected title=\"Protected property\">escapeWhenCastingToString</span>: <span class=sf-dump-const>false</span>
      #<span class=sf-dump-protected title=\"Protected property\">attributes</span>: <span class=sf-dump-note>array:46</span> [ &#8230;46]
      #<span class=sf-dump-protected title=\"Protected property\">original</span>: <span class=sf-dump-note>array:46</span> [ &#8230;46]
      #<span class=sf-dump-protected title=\"Protected property\">changes</span>: []
      #<span class=sf-dump-protected title=\"Protected property\">casts</span>: []
      #<span class=sf-dump-protected title=\"Protected property\">classCastCache</span>: []
      #<span class=sf-dump-protected title=\"Protected property\">attributeCastCache</span>: []
      #<span class=sf-dump-protected title=\"Protected property\">dates</span>: []
      #<span class=sf-dump-protected title=\"Protected property\">dateFormat</span>: <span class=sf-dump-const>null</span>
      #<span class=sf-dump-protected title=\"Protected property\">appends</span>: []
      #<span class=sf-dump-protected title=\"Protected property\">dispatchesEvents</span>: []
      #<span class=sf-dump-protected title=\"Protected property\">observables</span>: []
      #<span class=sf-dump-protected title=\"Protected property\">relations</span>: <span class=sf-dump-note>array:1</span> [ &#8230;1]
      #<span class=sf-dump-protected title=\"Protected property\">touches</span>: []
      +<span class=sf-dump-public title=\"Public property\">timestamps</span>: <span class=sf-dump-const>true</span>
      #<span class=sf-dump-protected title=\"Protected property\">hidden</span>: []
      #<span class=sf-dump-protected title=\"Protected property\">visible</span>: []
      #<span class=sf-dump-protected title=\"Protected property\">fillable</span>: <span class=sf-dump-note>array:37</span> [ &#8230;37]
      #<span class=sf-dump-protected title=\"Protected property\">guarded</span>: <span class=sf-dump-note>array:1</span> [ &#8230;1]
    </samp>}
    <span class=sf-dump-index>12</span> => <span class=sf-dump-note title=\"App\\Models\\HotelRestaurant\\HotelRestaurant
\"><span class=\"sf-dump-ellipsis sf-dump-ellipsis-note\">App\\Models\\HotelRestaurant</span><span class=\"sf-dump-ellipsis sf-dump-ellipsis-note\">\\</span>HotelRestaurant</span> {<a class=sf-dump-ref>#2183</a><samp data-depth=3 class=sf-dump-compact>
      #<span class=sf-dump-protected title=\"Protected property\">connection</span>: \"<span class=sf-dump-str title=\"5 characters\">mysql</span>\"
      #<span class=sf-dump-protected title=\"Protected property\">table</span>: \"<span class=sf-dump-str title=\"17 characters\">hotel_restaurants</span>\"
      #<span class=sf-dump-protected title=\"Protected property\">primaryKey</span>: \"<span class=sf-dump-str title=\"2 characters\">id</span>\"
      #<span class=sf-dump-protected title=\"Protected property\">keyType</span>: \"<span class=sf-dump-str title=\"3 characters\">int</span>\"
      +<span class=sf-dump-public title=\"Public property\">incrementing</span>: <span class=sf-dump-const>true</span>
      #<span class=sf-dump-protected title=\"Protected property\">with</span>: []
      #<span class=sf-dump-protected title=\"Protected property\">withCount</span>: []
      +<span class=sf-dump-public title=\"Public property\">preventsLazyLoading</span>: <span class=sf-dump-const>false</span>
      #<span class=sf-dump-protected title=\"Protected property\">perPage</span>: <span class=sf-dump-num>15</span>
      +<span class=sf-dump-public title=\"Public property\">exists</span>: <span class=sf-dump-const>true</span>
      +<span class=sf-dump-public title=\"Public property\">wasRecentlyCreated</span>: <span class=sf-dump-const>false</span>
      #<span class=sf-dump-protected title=\"Protected property\">escapeWhenCastingToString</span>: <span class=sf-dump-const>false</span>
      #<span class=sf-dump-protected title=\"Protected property\">attributes</span>: <span class=sf-dump-note>array:46</span> [ &#8230;46]
      #<span class=sf-dump-protected title=\"Protected property\">original</span>: <span class=sf-dump-note>array:46</span> [ &#8230;46]
      #<span class=sf-dump-protected title=\"Protected property\">changes</span>: []
      #<span class=sf-dump-protected title=\"Protected property\">casts</span>: []
      #<span class=sf-dump-protected title=\"Protected property\">classCastCache</span>: []
      #<span class=sf-dump-protected title=\"Protected property\">attributeCastCache</span>: []
      #<span class=sf-dump-protected title=\"Protected property\">dates</span>: []
      #<span class=sf-dump-protected title=\"Protected property\">dateFormat</span>: <span class=sf-dump-const>null</span>
      #<span class=sf-dump-protected title=\"Protected property\">appends</span>: []
      #<span class=sf-dump-protected title=\"Protected property\">dispatchesEvents</span>: []
      #<span class=sf-dump-protected title=\"Protected property\">observables</span>: []
      #<span class=sf-dump-protected title=\"Protected property\">relations</span>: <span class=sf-dump-note>array:1</span> [ &#8230;1]
      #<span class=sf-dump-protected title=\"Protected property\">touches</span>: []
      +<span class=sf-dump-public title=\"Public property\">timestamps</span>: <span class=sf-dump-const>true</span>
      #<span class=sf-dump-protected title=\"Protected property\">hidden</span>: []
      #<span class=sf-dump-protected title=\"Protected property\">visible</span>: []
      #<span class=sf-dump-protected title=\"Protected property\">fillable</span>: <span class=sf-dump-note>array:37</span> [ &#8230;37]
      #<span class=sf-dump-protected title=\"Protected property\">guarded</span>: <span class=sf-dump-note>array:1</span> [ &#8230;1]
    </samp>}
    <span class=sf-dump-index>13</span> => <span class=sf-dump-note title=\"App\\Models\\HotelRestaurant\\HotelRestaurant
\"><span class=\"sf-dump-ellipsis sf-dump-ellipsis-note\">App\\Models\\HotelRestaurant</span><span class=\"sf-dump-ellipsis sf-dump-ellipsis-note\">\\</span>HotelRestaurant</span> {<a class=sf-dump-ref>#2184</a><samp data-depth=3 class=sf-dump-compact>
      #<span class=sf-dump-protected title=\"Protected property\">connection</span>: \"<span class=sf-dump-str title=\"5 characters\">mysql</span>\"
      #<span class=sf-dump-protected title=\"Protected property\">table</span>: \"<span class=sf-dump-str title=\"17 characters\">hotel_restaurants</span>\"
      #<span class=sf-dump-protected title=\"Protected property\">primaryKey</span>: \"<span class=sf-dump-str title=\"2 characters\">id</span>\"
      #<span class=sf-dump-protected title=\"Protected property\">keyType</span>: \"<span class=sf-dump-str title=\"3 characters\">int</span>\"
      +<span class=sf-dump-public title=\"Public property\">incrementing</span>: <span class=sf-dump-const>true</span>
      #<span class=sf-dump-protected title=\"Protected property\">with</span>: []
      #<span class=sf-dump-protected title=\"Protected property\">withCount</span>: []
      +<span class=sf-dump-public title=\"Public property\">preventsLazyLoading</span>: <span class=sf-dump-const>false</span>
      #<span class=sf-dump-protected title=\"Protected property\">perPage</span>: <span class=sf-dump-num>15</span>
      +<span class=sf-dump-public title=\"Public property\">exists</span>: <span class=sf-dump-const>true</span>
      +<span class=sf-dump-public title=\"Public property\">wasRecentlyCreated</span>: <span class=sf-dump-const>false</span>
      #<span class=sf-dump-protected title=\"Protected property\">escapeWhenCastingToString</span>: <span class=sf-dump-const>false</span>
      #<span class=sf-dump-protected title=\"Protected property\">attributes</span>: <span class=sf-dump-note>array:46</span> [ &#8230;46]
      #<span class=sf-dump-protected title=\"Protected property\">original</span>: <span class=sf-dump-note>array:46</span> [ &#8230;46]
      #<span class=sf-dump-protected title=\"Protected property\">changes</span>: []
      #<span class=sf-dump-protected title=\"Protected property\">casts</span>: []
      #<span class=sf-dump-protected title=\"Protected property\">classCastCache</span>: []
      #<span class=sf-dump-protected title=\"Protected property\">attributeCastCache</span>: []
      #<span class=sf-dump-protected title=\"Protected property\">dates</span>: []
      #<span class=sf-dump-protected title=\"Protected property\">dateFormat</span>: <span class=sf-dump-const>null</span>
      #<span class=sf-dump-protected title=\"Protected property\">appends</span>: []
      #<span class=sf-dump-protected title=\"Protected property\">dispatchesEvents</span>: []
      #<span class=sf-dump-protected title=\"Protected property\">observables</span>: []
      #<span class=sf-dump-protected title=\"Protected property\">relations</span>: <span class=sf-dump-note>array:1</span> [ &#8230;1]
      #<span class=sf-dump-protected title=\"Protected property\">touches</span>: []
      +<span class=sf-dump-public title=\"Public property\">timestamps</span>: <span class=sf-dump-const>true</span>
      #<span class=sf-dump-protected title=\"Protected property\">hidden</span>: []
      #<span class=sf-dump-protected title=\"Protected property\">visible</span>: []
      #<span class=sf-dump-protected title=\"Protected property\">fillable</span>: <span class=sf-dump-note>array:37</span> [ &#8230;37]
      #<span class=sf-dump-protected title=\"Protected property\">guarded</span>: <span class=sf-dump-note>array:1</span> [ &#8230;1]
    </samp>}
  </samp>]
  #<span class=sf-dump-protected title=\"Protected property\">escapeWhenCastingToString</span>: <span class=sf-dump-const>false</span>
</samp>}
</pre><script>Sfdump(\"sf-dump-635184177\", {\"maxDepth\":3,\"maxStringLength\":160})</script>
"}},"userId":1,"exception":"[object] (Facade\\Ignition\\Exceptions\\ViewException(code: 0): Attempt to read property \"en_name\" on null (View: C:\\xampp\\htdocs\\Cioas\\resources\\views\\backend\\pages\\hotel-restaurant\\index.blade.php) at C:\\xampp\\htdocs\\Cioas\\resources\\views/backend/pages/hotel-restaurant/index.blade.php:108)
[stacktrace]
#0 C:\\xampp\\htdocs\\Cioas\\resources\\views/backend/pages/hotel-restaurant/index.blade.php(108): Illuminate\\Foundation\\Bootstrap\\HandleExceptions->handleError(2, 'Attempt to read...', 'C:\\\\xampp\\\\htdocs...', 107)
#1 C:\\xampp\\htdocs\\Cioas\\vendor\\laravel\\framework\\src\\Illuminate\\Filesystem\\Filesystem.php(107): require('C:\\\\xampp\\\\htdocs...')
#2 C:\\xampp\\htdocs\\Cioas\\vendor\\laravel\\framework\\src\\Illuminate\\Filesystem\\Filesystem.php(108): Illuminate\\Filesystem\\Filesystem::Illuminate\\Filesystem\\{closure}()
#3 C:\\xampp\\htdocs\\Cioas\\vendor\\laravel\\framework\\src\\Illuminate\\View\\Engines\\PhpEngine.php(58): Illuminate\\Filesystem\\Filesystem->getRequire('C:\\\\xampp\\\\htdocs...', Array)
#4 C:\\xampp\\htdocs\\Cioas\\vendor\\laravel\\framework\\src\\Illuminate\\View\\Engines\\CompilerEngine.php(61): Illuminate\\View\\Engines\\PhpEngine->evaluatePath('C:\\\\xampp\\\\htdocs...', Array)
#5 C:\\xampp\\htdocs\\Cioas\\vendor\\facade\\ignition\\src\\Views\\Engines\\CompilerEngine.php(37): Illuminate\\View\\Engines\\CompilerEngine->get('C:\\\\xampp\\\\htdocs...', Array)
#6 C:\\xampp\\htdocs\\Cioas\\vendor\\laravel\\framework\\src\\Illuminate\\View\\View.php(139): Facade\\Ignition\\Views\\Engines\\CompilerEngine->get('C:\\\\xampp\\\\htdocs...', Array)
#7 C:\\xampp\\htdocs\\Cioas\\vendor\\laravel\\framework\\src\\Illuminate\\View\\View.php(122): Illuminate\\View\\View->getContents()
#8 C:\\xampp\\htdocs\\Cioas\\vendor\\laravel\\framework\\src\\Illuminate\\View\\View.php(91): Illuminate\\View\\View->renderContents()
#9 C:\\xampp\\htdocs\\Cioas\\vendor\\laravel\\framework\\src\\Illuminate\\Http\\Response.php(69): Illuminate\\View\\View->render()
#10 C:\\xampp\\htdocs\\Cioas\\vendor\\laravel\\framework\\src\\Illuminate\\Http\\Response.php(35): Illuminate\\Http\\Response->setContent(Object(Illuminate\\View\\View))
#11 C:\\xampp\\htdocs\\Cioas\\vendor\\laravel\\framework\\src\\Illuminate\\Routing\\Router.php(820): Illuminate\\Http\\Response->__construct(Object(Illuminate\\View\\View), 200, Array)
#12 C:\\xampp\\htdocs\\Cioas\\vendor\\laravel\\framework\\src\\Illuminate\\Routing\\Router.php(789): Illuminate\\Routing\\Router::toResponse(Object(Illuminate\\Http\\Request), Object(Illuminate\\View\\View))
#13 C:\\xampp\\htdocs\\Cioas\\vendor\\laravel\\framework\\src\\Illuminate\\Routing\\Router.php(720): Illuminate\\Routing\\Router->prepareResponse(Object(Illuminate\\Http\\Request), Object(Illuminate\\View\\View))
#14 C:\\xampp\\htdocs\\Cioas\\vendor\\laravel\\framework\\src\\Illuminate\\Pipeline\\Pipeline.php(128): Illuminate\\Routing\\Router->Illuminate\\Routing\\{closure}(Object(Illuminate\\Http\\Request))
#15 C:\\xampp\\htdocs\\Cioas\\vendor\\laravel\\framework\\src\\Illuminate\\Routing\\Middleware\\SubstituteBindings.php(50): Illuminate\\Pipeline\\Pipeline->Illuminate\\Pipeline\\{closure}(Object(Illuminate\\Http\\Request))
#16 C:\\xampp\\htdocs\\Cioas\\vendor\\laravel\\framework\\src\\Illuminate\\Pipeline\\Pipeline.php(167): Illuminate\\Routing\\Middleware\\SubstituteBindings->handle(Object(Illuminate\\Http\\Request), Object(Closure))
#17 C:\\xampp\\htdocs\\Cioas\\vendor\\laravel\\framework\\src\\Illuminate\\Auth\\Middleware\\Authenticate.php(44): Illuminate\\Pipeline\\Pipeline->Illuminate\\Pipeline\\{closure}(Object(Illuminate\\Http\\Request))
#18 C:\\xampp\\htdocs\\Cioas\\vendor\\laravel\\framework\\src\\Illuminate\\Pipeline\\Pipeline.php(167): Illuminate\\Auth\\Middleware\\Authenticate->handle(Object(Illuminate\\Http\\Request), Object(Closure))
#19 C:\\xampp\\htdocs\\Cioas\\vendor\\laravel\\framework\\src\\Illuminate\\Foundation\\Http\\Middleware\\VerifyCsrfToken.php(78): Illuminate\\Pipeline\\Pipeline->Illuminate\\Pipeline\\{closure}(Object(Illuminate\\Http\\Request))
#20 C:\\xampp\\htdocs\\Cioas\\vendor\\laravel\\framework\\src\\Illuminate\\Pipeline\\Pipeline.php(167): Illuminate\\Foundation\\Http\\Middleware\\VerifyCsrfToken->handle(Object(Illuminate\\Http\\Request), Object(Closure))
#21 C:\\xampp\\htdocs\\Cioas\\vendor\\laravel\\framework\\src\\Illuminate\\View\\Middleware\\ShareErrorsFromSession.php(49): Illuminate\\Pipeline\\Pipeline->Illuminate\\Pipeline\\{closure}(Object(Illuminate\\Http\\Request))
#22 C:\\xampp\\htdocs\\Cioas\\vendor\\laravel\\framework\\src\\Illuminate\\Pipeline\\Pipeline.php(167): Illuminate\\View\\Middleware\\ShareErrorsFromSession->handle(Object(Illuminate\\Http\\Request), Object(Closure))
#23 C:\\xampp\\htdocs\\Cioas\\vendor\\laravel\\framework\\src\\Illuminate\\Session\\Middleware\\StartSession.php(121): Illuminate\\Pipeline\\Pipeline->Illuminate\\Pipeline\\{closure}(Object(Illuminate\\Http\\Request))
#24 C:\\xampp\\htdocs\\Cioas\\vendor\\laravel\\framework\\src\\Illuminate\\Session\\Middleware\\StartSession.php(64): Illuminate\\Session\\Middleware\\StartSession->handleStatefulRequest(Object(Illuminate\\Http\\Request), Object(Illuminate\\Session\\Store), Object(Closure))
#25 C:\\xampp\\htdocs\\Cioas\\vendor\\laravel\\framework\\src\\Illuminate\\Pipeline\\Pipeline.php(167): Illuminate\\Session\\Middleware\\StartSession->handle(Object(Illuminate\\Http\\Request), Object(Closure))
#26 C:\\xampp\\htdocs\\Cioas\\vendor\\laravel\\framework\\src\\Illuminate\\Cookie\\Middleware\\AddQueuedCookiesToResponse.php(37): Illuminate\\Pipeline\\Pipeline->Illuminate\\Pipeline\\{closure}(Object(Illuminate\\Http\\Request))
#27 C:\\xampp\\htdocs\\Cioas\\vendor\\laravel\\framework\\src\\Illuminate\\Pipeline\\Pipeline.php(167): Illuminate\\Cookie\\Middleware\\AddQueuedCookiesToResponse->handle(Object(Illuminate\\Http\\Request), Object(Closure))
#28 C:\\xampp\\htdocs\\Cioas\\vendor\\laravel\\framework\\src\\Illuminate\\Cookie\\Middleware\\EncryptCookies.php(67): Illuminate\\Pipeline\\Pipeline->Illuminate\\Pipeline\\{closure}(Object(Illuminate\\Http\\Request))
#29 C:\\xampp\\htdocs\\Cioas\\vendor\\laravel\\framework\\src\\Illuminate\\Pipeline\\Pipeline.php(167): Illuminate\\Cookie\\Middleware\\EncryptCookies->handle(Object(Illuminate\\Http\\Request), Object(Closure))
#30 C:\\xampp\\htdocs\\Cioas\\vendor\\laravel\\framework\\src\\Illuminate\\Pipeline\\Pipeline.php(103): Illuminate\\Pipeline\\Pipeline->Illuminate\\Pipeline\\{closure}(Object(Illuminate\\Http\\Request))
#31 C:\\xampp\\htdocs\\Cioas\\vendor\\laravel\\framework\\src\\Illuminate\\Routing\\Router.php(719): Illuminate\\Pipeline\\Pipeline->then(Object(Closure))
#32 C:\\xampp\\htdocs\\Cioas\\vendor\\laravel\\framework\\src\\Illuminate\\Routing\\Router.php(698): Illuminate\\Routing\\Router->runRouteWithinStack(Object(Illuminate\\Routing\\Route), Object(Illuminate\\Http\\Request))
#33 C:\\xampp\\htdocs\\Cioas\\vendor\\laravel\\framework\\src\\Illuminate\\Routing\\Router.php(662): Illuminate\\Routing\\Router->runRoute(Object(Illuminate\\Http\\Request), Object(Illuminate\\Routing\\Route))
#34 C:\\xampp\\htdocs\\Cioas\\vendor\\laravel\\framework\\src\\Illuminate\\Routing\\Router.php(651): Illuminate\\Routing\\Router->dispatchToRoute(Object(Illuminate\\Http\\Request))
#35 C:\\xampp\\htdocs\\Cioas\\vendor\\laravel\\framework\\src\\Illuminate\\Foundation\\Http\\Kernel.php(167): Illuminate\\Routing\\Router->dispatch(Object(Illuminate\\Http\\Request))
#36 C:\\xampp\\htdocs\\Cioas\\vendor\\laravel\\framework\\src\\Illuminate\\Pipeline\\Pipeline.php(128): Illuminate\\Foundation\\Http\\Kernel->Illuminate\\Foundation\\Http\\{closure}(Object(Illuminate\\Http\\Request))
#37 C:\\xampp\\htdocs\\Cioas\\vendor\\laravel\\framework\\src\\Illuminate\\Foundation\\Http\\Middleware\\TransformsRequest.php(21): Illuminate\\Pipeline\\Pipeline->Illuminate\\Pipeline\\{closure}(Object(Illuminate\\Http\\Request))
#38 C:\\xampp\\htdocs\\Cioas\\vendor\\laravel\\framework\\src\\Illuminate\\Foundation\\Http\\Middleware\\ConvertEmptyStringsToNull.php(31): Illuminate\\Foundation\\Http\\Middleware\\TransformsRequest->handle(Object(Illuminate\\Http\\Request), Object(Closure))
#39 C:\\xampp\\htdocs\\Cioas\\vendor\\laravel\\framework\\src\\Illuminate\\Pipeline\\Pipeline.php(167): Illuminate\\Foundation\\Http\\Middleware\\ConvertEmptyStringsToNull->handle(Object(Illuminate\\Http\\Request), Object(Closure))
#40 C:\\xampp\\htdocs\\Cioas\\vendor\\laravel\\framework\\src\\Illuminate\\Foundation\\Http\\Middleware\\TransformsRequest.php(21): Illuminate\\Pipeline\\Pipeline->Illuminate\\Pipeline\\{closure}(Object(Illuminate\\Http\\Request))
#41 C:\\xampp\\htdocs\\Cioas\\vendor\\laravel\\framework\\src\\Illuminate\\Foundation\\Http\\Middleware\\TrimStrings.php(40): Illuminate\\Foundation\\Http\\Middleware\\TransformsRequest->handle(Object(Illuminate\\Http\\Request), Object(Closure))
#42 C:\\xampp\\htdocs\\Cioas\\vendor\\laravel\\framework\\src\\Illuminate\\Pipeline\\Pipeline.php(167): Illuminate\\Foundation\\Http\\Middleware\\TrimStrings->handle(Object(Illuminate\\Http\\Request), Object(Closure))
#43 C:\\xampp\\htdocs\\Cioas\\vendor\\laravel\\framework\\src\\Illuminate\\Foundation\\Http\\Middleware\\ValidatePostSize.php(27): Illuminate\\Pipeline\\Pipeline->Illuminate\\Pipeline\\{closure}(Object(Illuminate\\Http\\Request))
#44 C:\\xampp\\htdocs\\Cioas\\vendor\\laravel\\framework\\src\\Illuminate\\Pipeline\\Pipeline.php(167): Illuminate\\Foundation\\Http\\Middleware\\ValidatePostSize->handle(Object(Illuminate\\Http\\Request), Object(Closure))
#45 C:\\xampp\\htdocs\\Cioas\\vendor\\laravel\\framework\\src\\Illuminate\\Foundation\\Http\\Middleware\\PreventRequestsDuringMaintenance.php(86): Illuminate\\Pipeline\\Pipeline->Illuminate\\Pipeline\\{closure}(Object(Illuminate\\Http\\Request))
#46 C:\\xampp\\htdocs\\Cioas\\vendor\\laravel\\framework\\src\\Illuminate\\Pipeline\\Pipeline.php(167): Illuminate\\Foundation\\Http\\Middleware\\PreventRequestsDuringMaintenance->handle(Object(Illuminate\\Http\\Request), Object(Closure))
#47 C:\\xampp\\htdocs\\Cioas\\vendor\\fruitcake\\laravel-cors\\src\\HandleCors.php(38): Illuminate\\Pipeline\\Pipeline->Illuminate\\Pipeline\\{closure}(Object(Illuminate\\Http\\Request))
#48 C:\\xampp\\htdocs\\Cioas\\vendor\\laravel\\framework\\src\\Illuminate\\Pipeline\\Pipeline.php(167): Fruitcake\\Cors\\HandleCors->handle(Object(Illuminate\\Http\\Request), Object(Closure))
#49 C:\\xampp\\htdocs\\Cioas\\vendor\\laravel\\framework\\src\\Illuminate\\Http\\Middleware\\TrustProxies.php(39): Illuminate\\Pipeline\\Pipeline->Illuminate\\Pipeline\\{closure}(Object(Illuminate\\Http\\Request))
#50 C:\\xampp\\htdocs\\Cioas\\vendor\\laravel\\framework\\src\\Illuminate\\Pipeline\\Pipeline.php(167): Illuminate\\Http\\Middleware\\TrustProxies->handle(Object(Illuminate\\Http\\Request), Object(Closure))
#51 C:\\xampp\\htdocs\\Cioas\\vendor\\laravel\\framework\\src\\Illuminate\\Pipeline\\Pipeline.php(103): Illuminate\\Pipeline\\Pipeline->Illuminate\\Pipeline\\{closure}(Object(Illuminate\\Http\\Request))
#52 C:\\xampp\\htdocs\\Cioas\\vendor\\laravel\\framework\\src\\Illuminate\\Foundation\\Http\\Kernel.php(142): Illuminate\\Pipeline\\Pipeline->then(Object(Closure))
#53 C:\\xampp\\htdocs\\Cioas\\vendor\\laravel\\framework\\src\\Illuminate\\Foundation\\Http\\Kernel.php(111): Illuminate\\Foundation\\Http\\Kernel->sendRequestThroughRouter(Object(Illuminate\\Http\\Request))
#54 C:\\xampp\\htdocs\\Cioas\\public\\index.php(51): Illuminate\\Foundation\\Http\\Kernel->handle(Object(Illuminate\\Http\\Request))
#55 C:\\xampp\\htdocs\\Cioas\\server.php(21): require_once('C:\\\\xampp\\\\htdocs...')
#56 {main}

[previous exception] [object] (ErrorException(code: 0): Attempt to read property \"en_name\" on null at C:\\xampp\\htdocs\\Cioas\\storage\\framework\\views\\8afc16f06c989179bba32e58dd7c40b5fc5882fe.php:107)
[stacktrace]
#0 C:\\xampp\\htdocs\\Cioas\\storage\\framework\\views\\8afc16f06c989179bba32e58dd7c40b5fc5882fe.php(107): Illuminate\\Foundation\\Bootstrap\\HandleExceptions->handleError(2, 'Attempt to read...', 'C:\\\\xampp\\\\htdocs...', 107)
#1 C:\\xampp\\htdocs\\Cioas\\vendor\\laravel\\framework\\src\\Illuminate\\Filesystem\\Filesystem.php(107): require('C:\\\\xampp\\\\htdocs...')
#2 C:\\xampp\\htdocs\\Cioas\\vendor\\laravel\\framework\\src\\Illuminate\\Filesystem\\Filesystem.php(108): Illuminate\\Filesystem\\Filesystem::Illuminate\\Filesystem\\{closure}()
#3 C:\\xampp\\htdocs\\Cioas\\vendor\\laravel\\framework\\src\\Illuminate\\View\\Engines\\PhpEngine.php(58): Illuminate\\Filesystem\\Filesystem->getRequire('C:\\\\xampp\\\\htdocs...', Array)
#4 C:\\xampp\\htdocs\\Cioas\\vendor\\laravel\\framework\\src\\Illuminate\\View\\Engines\\CompilerEngine.php(61): Illuminate\\View\\Engines\\PhpEngine->evaluatePath('C:\\\\xampp\\\\htdocs...', Array)
#5 C:\\xampp\\htdocs\\Cioas\\vendor\\facade\\ignition\\src\\Views\\Engines\\CompilerEngine.php(37): Illuminate\\View\\Engines\\CompilerEngine->get('C:\\\\xampp\\\\htdocs...', Array)
#6 C:\\xampp\\htdocs\\Cioas\\vendor\\laravel\\framework\\src\\Illuminate\\View\\View.php(139): Facade\\Ignition\\Views\\Engines\\CompilerEngine->get('C:\\\\xampp\\\\htdocs...', Array)
#7 C:\\xampp\\htdocs\\Cioas\\vendor\\laravel\\framework\\src\\Illuminate\\View\\View.php(122): Illuminate\\View\\View->getContents()
#8 C:\\xampp\\htdocs\\Cioas\\vendor\\laravel\\framework\\src\\Illuminate\\View\\View.php(91): Illuminate\\View\\View->renderContents()
#9 C:\\xampp\\htdocs\\Cioas\\vendor\\laravel\\framework\\src\\Illuminate\\Http\\Response.php(69): Illuminate\\View\\View->render()
#10 C:\\xampp\\htdocs\\Cioas\\vendor\\laravel\\framework\\src\\Illuminate\\Http\\Response.php(35): Illuminate\\Http\\Response->setContent(Object(Illuminate\\View\\View))
#11 C:\\xampp\\htdocs\\Cioas\\vendor\\laravel\\framework\\src\\Illuminate\\Routing\\Router.php(820): Illuminate\\Http\\Response->__construct(Object(Illuminate\\View\\View), 200, Array)
#12 C:\\xampp\\htdocs\\Cioas\\vendor\\laravel\\framework\\src\\Illuminate\\Routing\\Router.php(789): Illuminate\\Routing\\Router::toResponse(Object(Illuminate\\Http\\Request), Object(Illuminate\\View\\View))
#13 C:\\xampp\\htdocs\\Cioas\\vendor\\laravel\\framework\\src\\Illuminate\\Routing\\Router.php(720): Illuminate\\Routing\\Router->prepareResponse(Object(Illuminate\\Http\\Request), Object(Illuminate\\View\\View))
#14 C:\\xampp\\htdocs\\Cioas\\vendor\\laravel\\framework\\src\\Illuminate\\Pipeline\\Pipeline.php(128): Illuminate\\Routing\\Router->Illuminate\\Routing\\{closure}(Object(Illuminate\\Http\\Request))
#15 C:\\xampp\\htdocs\\Cioas\\vendor\\laravel\\framework\\src\\Illuminate\\Routing\\Middleware\\SubstituteBindings.php(50): Illuminate\\Pipeline\\Pipeline->Illuminate\\Pipeline\\{closure}(Object(Illuminate\\Http\\Request))
#16 C:\\xampp\\htdocs\\Cioas\\vendor\\laravel\\framework\\src\\Illuminate\\Pipeline\\Pipeline.php(167): Illuminate\\Routing\\Middleware\\SubstituteBindings->handle(Object(Illuminate\\Http\\Request), Object(Closure))
#17 C:\\xampp\\htdocs\\Cioas\\vendor\\laravel\\framework\\src\\Illuminate\\Auth\\Middleware\\Authenticate.php(44): Illuminate\\Pipeline\\Pipeline->Illuminate\\Pipeline\\{closure}(Object(Illuminate\\Http\\Request))
#18 C:\\xampp\\htdocs\\Cioas\\vendor\\laravel\\framework\\src\\Illuminate\\Pipeline\\Pipeline.php(167): Illuminate\\Auth\\Middleware\\Authenticate->handle(Object(Illuminate\\Http\\Request), Object(Closure))
#19 C:\\xampp\\htdocs\\Cioas\\vendor\\laravel\\framework\\src\\Illuminate\\Foundation\\Http\\Middleware\\VerifyCsrfToken.php(78): Illuminate\\Pipeline\\Pipeline->Illuminate\\Pipeline\\{closure}(Object(Illuminate\\Http\\Request))
#20 C:\\xampp\\htdocs\\Cioas\\vendor\\laravel\\framework\\src\\Illuminate\\Pipeline\\Pipeline.php(167): Illuminate\\Foundation\\Http\\Middleware\\VerifyCsrfToken->handle(Object(Illuminate\\Http\\Request), Object(Closure))
#21 C:\\xampp\\htdocs\\Cioas\\vendor\\laravel\\framework\\src\\Illuminate\\View\\Middleware\\ShareErrorsFromSession.php(49): Illuminate\\Pipeline\\Pipeline->Illuminate\\Pipeline\\{closure}(Object(Illuminate\\Http\\Request))
#22 C:\\xampp\\htdocs\\Cioas\\vendor\\laravel\\framework\\src\\Illuminate\\Pipeline\\Pipeline.php(167): Illuminate\\View\\Middleware\\ShareErrorsFromSession->handle(Object(Illuminate\\Http\\Request), Object(Closure))
#23 C:\\xampp\\htdocs\\Cioas\\vendor\\laravel\\framework\\src\\Illuminate\\Session\\Middleware\\StartSession.php(121): Illuminate\\Pipeline\\Pipeline->Illuminate\\Pipeline\\{closure}(Object(Illuminate\\Http\\Request))
#24 C:\\xampp\\htdocs\\Cioas\\vendor\\laravel\\framework\\src\\Illuminate\\Session\\Middleware\\StartSession.php(64): Illuminate\\Session\\Middleware\\StartSession->handleStatefulRequest(Object(Illuminate\\Http\\Request), Object(Illuminate\\Session\\Store), Object(Closure))
#25 C:\\xampp\\htdocs\\Cioas\\vendor\\laravel\\framework\\src\\Illuminate\\Pipeline\\Pipeline.php(167): Illuminate\\Session\\Middleware\\StartSession->handle(Object(Illuminate\\Http\\Request), Object(Closure))
#26 C:\\xampp\\htdocs\\Cioas\\vendor\\laravel\\framework\\src\\Illuminate\\Cookie\\Middleware\\AddQueuedCookiesToResponse.php(37): Illuminate\\Pipeline\\Pipeline->Illuminate\\Pipeline\\{closure}(Object(Illuminate\\Http\\Request))
#27 C:\\xampp\\htdocs\\Cioas\\vendor\\laravel\\framework\\src\\Illuminate\\Pipeline\\Pipeline.php(167): Illuminate\\Cookie\\Middleware\\AddQueuedCookiesToResponse->handle(Object(Illuminate\\Http\\Request), Object(Closure))
#28 C:\\xampp\\htdocs\\Cioas\\vendor\\laravel\\framework\\src\\Illuminate\\Cookie\\Middleware\\EncryptCookies.php(67): Illuminate\\Pipeline\\Pipeline->Illuminate\\Pipeline\\{closure}(Object(Illuminate\\Http\\Request))
#29 C:\\xampp\\htdocs\\Cioas\\vendor\\laravel\\framework\\src\\Illuminate\\Pipeline\\Pipeline.php(167): Illuminate\\Cookie\\Middleware\\EncryptCookies->handle(Object(Illuminate\\Http\\Request), Object(Closure))
#30 C:\\xampp\\htdocs\\Cioas\\vendor\\laravel\\framework\\src\\Illuminate\\Pipeline\\Pipeline.php(103): Illuminate\\Pipeline\\Pipeline->Illuminate\\Pipeline\\{closure}(Object(Illuminate\\Http\\Request))
#31 C:\\xampp\\htdocs\\Cioas\\vendor\\laravel\\framework\\src\\Illuminate\\Routing\\Router.php(719): Illuminate\\Pipeline\\Pipeline->then(Object(Closure))
#32 C:\\xampp\\htdocs\\Cioas\\vendor\\laravel\\framework\\src\\Illuminate\\Routing\\Router.php(698): Illuminate\\Routing\\Router->runRouteWithinStack(Object(Illuminate\\Routing\\Route), Object(Illuminate\\Http\\Request))
#33 C:\\xampp\\htdocs\\Cioas\\vendor\\laravel\\framework\\src\\Illuminate\\Routing\\Router.php(662): Illuminate\\Routing\\Router->runRoute(Object(Illuminate\\Http\\Request), Object(Illuminate\\Routing\\Route))
#34 C:\\xampp\\htdocs\\Cioas\\vendor\\laravel\\framework\\src\\Illuminate\\Routing\\Router.php(651): Illuminate\\Routing\\Router->dispatchToRoute(Object(Illuminate\\Http\\Request))
#35 C:\\xampp\\htdocs\\Cioas\\vendor\\laravel\\framework\\src\\Illuminate\\Foundation\\Http\\Kernel.php(167): Illuminate\\Routing\\Router->dispatch(Object(Illuminate\\Http\\Request))
#36 C:\\xampp\\htdocs\\Cioas\\vendor\\laravel\\framework\\src\\Illuminate\\Pipeline\\Pipeline.php(128): Illuminate\\Foundation\\Http\\Kernel->Illuminate\\Foundation\\Http\\{closure}(Object(Illuminate\\Http\\Request))
#37 C:\\xampp\\htdocs\\Cioas\\vendor\\laravel\\framework\\src\\Illuminate\\Foundation\\Http\\Middleware\\TransformsRequest.php(21): Illuminate\\Pipeline\\Pipeline->Illuminate\\Pipeline\\{closure}(Object(Illuminate\\Http\\Request))
#38 C:\\xampp\\htdocs\\Cioas\\vendor\\laravel\\framework\\src\\Illuminate\\Foundation\\Http\\Middleware\\ConvertEmptyStringsToNull.php(31): Illuminate\\Foundation\\Http\\Middleware\\TransformsRequest->handle(Object(Illuminate\\Http\\Request), Object(Closure))
#39 C:\\xampp\\htdocs\\Cioas\\vendor\\laravel\\framework\\src\\Illuminate\\Pipeline\\Pipeline.php(167): Illuminate\\Foundation\\Http\\Middleware\\ConvertEmptyStringsToNull->handle(Object(Illuminate\\Http\\Request), Object(Closure))
#40 C:\\xampp\\htdocs\\Cioas\\vendor\\laravel\\framework\\src\\Illuminate\\Foundation\\Http\\Middleware\\TransformsRequest.php(21): Illuminate\\Pipeline\\Pipeline->Illuminate\\Pipeline\\{closure}(Object(Illuminate\\Http\\Request))
#41 C:\\xampp\\htdocs\\Cioas\\vendor\\laravel\\framework\\src\\Illuminate\\Foundation\\Http\\Middleware\\TrimStrings.php(40): Illuminate\\Foundation\\Http\\Middleware\\TransformsRequest->handle(Object(Illuminate\\Http\\Request), Object(Closure))
#42 C:\\xampp\\htdocs\\Cioas\\vendor\\laravel\\framework\\src\\Illuminate\\Pipeline\\Pipeline.php(167): Illuminate\\Foundation\\Http\\Middleware\\TrimStrings->handle(Object(Illuminate\\Http\\Request), Object(Closure))
#43 C:\\xampp\\htdocs\\Cioas\\vendor\\laravel\\framework\\src\\Illuminate\\Foundation\\Http\\Middleware\\ValidatePostSize.php(27): Illuminate\\Pipeline\\Pipeline->Illuminate\\Pipeline\\{closure}(Object(Illuminate\\Http\\Request))
#44 C:\\xampp\\htdocs\\Cioas\\vendor\\laravel\\framework\\src\\Illuminate\\Pipeline\\Pipeline.php(167): Illuminate\\Foundation\\Http\\Middleware\\ValidatePostSize->handle(Object(Illuminate\\Http\\Request), Object(Closure))
#45 C:\\xampp\\htdocs\\Cioas\\vendor\\laravel\\framework\\src\\Illuminate\\Foundation\\Http\\Middleware\\PreventRequestsDuringMaintenance.php(86): Illuminate\\Pipeline\\Pipeline->Illuminate\\Pipeline\\{closure}(Object(Illuminate\\Http\\Request))
#46 C:\\xampp\\htdocs\\Cioas\\vendor\\laravel\\framework\\src\\Illuminate\\Pipeline\\Pipeline.php(167): Illuminate\\Foundation\\Http\\Middleware\\PreventRequestsDuringMaintenance->handle(Object(Illuminate\\Http\\Request), Object(Closure))
#47 C:\\xampp\\htdocs\\Cioas\\vendor\\fruitcake\\laravel-cors\\src\\HandleCors.php(38): Illuminate\\Pipeline\\Pipeline->Illuminate\\Pipeline\\{closure}(Object(Illuminate\\Http\\Request))
#48 C:\\xampp\\htdocs\\Cioas\\vendor\\laravel\\framework\\src\\Illuminate\\Pipeline\\Pipeline.php(167): Fruitcake\\Cors\\HandleCors->handle(Object(Illuminate\\Http\\Request), Object(Closure))
#49 C:\\xampp\\htdocs\\Cioas\\vendor\\laravel\\framework\\src\\Illuminate\\Http\\Middleware\\TrustProxies.php(39): Illuminate\\Pipeline\\Pipeline->Illuminate\\Pipeline\\{closure}(Object(Illuminate\\Http\\Request))
#50 C:\\xampp\\htdocs\\Cioas\\vendor\\laravel\\framework\\src\\Illuminate\\Pipeline\\Pipeline.php(167): Illuminate\\Http\\Middleware\\TrustProxies->handle(Object(Illuminate\\Http\\Request), Object(Closure))
#51 C:\\xampp\\htdocs\\Cioas\\vendor\\laravel\\framework\\src\\Illuminate\\Pipeline\\Pipeline.php(103): Illuminate\\Pipeline\\Pipeline->Illuminate\\Pipeline\\{closure}(Object(Illuminate\\Http\\Request))
#52 C:\\xampp\\htdocs\\Cioas\\vendor\\laravel\\framework\\src\\Illuminate\\Foundation\\Http\\Kernel.php(142): Illuminate\\Pipeline\\Pipeline->then(Object(Closure))
#53 C:\\xampp\\htdocs\\Cioas\\vendor\\laravel\\framework\\src\\Illuminate\\Foundation\\Http\\Kernel.php(111): Illuminate\\Foundation\\Http\\Kernel->sendRequestThroughRouter(Object(Illuminate\\Http\\Request))
#54 C:\\xampp\\htdocs\\Cioas\\public\\index.php(51): Illuminate\\Foundation\\Http\\Kernel->handle(Object(Illuminate\\Http\\Request))
#55 C:\\xampp\\htdocs\\Cioas\\server.php(21): require_once('C:\\\\xampp\\\\htdocs...')
#56 {main}
"} 
[2026-05-06 07:28:32] local.ERROR: Attempt to read property "en_name" on null (View: C:\xampp\htdocs\Cioas\resources\views\backend\pages\hotel-restaurant\index.blade.php) {"view":{"view":"C:\\xampp\\htdocs\\Cioas\\resources\\views/backend/pages/hotel-restaurant/index.blade.php","data":{"errors":"<pre class=sf-dump id=sf-dump-1328039136 data-indent-pad=\"  \"><span class=sf-dump-note>Illuminate\\Support\\ViewErrorBag</span> {<a class=sf-dump-ref>#2123</a><samp data-depth=1 class=sf-dump-expanded>
  #<span class=sf-dump-protected title=\"Protected property\">bags</span>: []
</samp>}
</pre><script>Sfdump(\"sf-dump-1328039136\", {\"maxDepth\":3,\"maxStringLength\":160})</script>
","organizations":"<pre class=sf-dump id=sf-dump-2055166777 data-indent-pad=\"  \"><span class=sf-dump-note>Illuminate\\Database\\Eloquent\\Collection</span> {<a class=sf-dump-ref>#2164</a><samp data-depth=1 class=sf-dump-expanded>
  #<span class=sf-dump-protected title=\"Protected property\">items</span>: <span class=sf-dump-note>array:14</span> [<samp data-depth=2 class=sf-dump-compact>
    <span class=sf-dump-index>0</span> => <span class=sf-dump-note title=\"App\\Models\\HotelRestaurant\\HotelRestaurant
\"><span class=\"sf-dump-ellipsis sf-dump-ellipsis-note\">App\\Models\\HotelRestaurant</span><span class=\"sf-dump-ellipsis sf-dump-ellipsis-note\">\\</span>HotelRestaurant</span> {<a class=sf-dump-ref>#2171</a><samp data-depth=3 class=sf-dump-compact>
      #<span class=sf-dump-protected title=\"Protected property\">connection</span>: \"<span class=sf-dump-str title=\"5 characters\">mysql</span>\"
      #<span class=sf-dump-protected title=\"Protected property\">table</span>: \"<span class=sf-dump-str title=\"17 characters\">hotel_restaurants</span>\"
      #<span class=sf-dump-protected title=\"Protected property\">primaryKey</span>: \"<span class=sf-dump-str title=\"2 characters\">id</span>\"
      #<span class=sf-dump-protected title=\"Protected property\">keyType</span>: \"<span class=sf-dump-str title=\"3 characters\">int</span>\"
      +<span class=sf-dump-public title=\"Public property\">incrementing</span>: <span class=sf-dump-const>true</span>
      #<span class=sf-dump-protected title=\"Protected property\">with</span>: []
      #<span class=sf-dump-protected title=\"Protected property\">withCount</span>: []
      +<span class=sf-dump-public title=\"Public property\">preventsLazyLoading</span>: <span class=sf-dump-const>false</span>
      #<span class=sf-dump-protected title=\"Protected property\">perPage</span>: <span class=sf-dump-num>15</span>
      +<span class=sf-dump-public title=\"Public property\">exists</span>: <span class=sf-dump-const>true</span>
      +<span class=sf-dump-public title=\"Public property\">wasRecentlyCreated</span>: <span class=sf-dump-const>false</span>
      #<span class=sf-dump-protected title=\"Protected property\">escapeWhenCastingToString</span>: <span class=sf-dump-const>false</span>
      #<span class=sf-dump-protected title=\"Protected property\">attributes</span>: <span class=sf-dump-note>array:46</span> [ &#8230;46]
      #<span class=sf-dump-protected title=\"Protected property\">original</span>: <span class=sf-dump-note>array:46</span> [ &#8230;46]
      #<span class=sf-dump-protected title=\"Protected property\">changes</span>: []
      #<span class=sf-dump-protected title=\"Protected property\">casts</span>: []
      #<span class=sf-dump-protected title=\"Protected property\">classCastCache</span>: []
      #<span class=sf-dump-protected title=\"Protected property\">attributeCastCache</span>: []
      #<span class=sf-dump-protected title=\"Protected property\">dates</span>: []
      #<span class=sf-dump-protected title=\"Protected property\">dateFormat</span>: <span class=sf-dump-const>null</span>
      #<span class=sf-dump-protected title=\"Protected property\">appends</span>: []
      #<span class=sf-dump-protected title=\"Protected property\">dispatchesEvents</span>: []
      #<span class=sf-dump-protected title=\"Protected property\">observables</span>: []
      #<span class=sf-dump-protected title=\"Protected property\">relations</span>: <span class=sf-dump-note>array:2</span> [ &#8230;2]
      #<span class=sf-dump-protected title=\"Protected property\">touches</span>: []
      +<span class=sf-dump-public title=\"Public property\">timestamps</span>: <span class=sf-dump-const>true</span>
      #<span class=sf-dump-protected title=\"Protected property\">hidden</span>: []
      #<span class=sf-dump-protected title=\"Protected property\">visible</span>: []
      #<span class=sf-dump-protected title=\"Protected property\">fillable</span>: <span class=sf-dump-note>array:37</span> [ &#8230;37]
      #<span class=sf-dump-protected title=\"Protected property\">guarded</span>: <span class=sf-dump-note>array:1</span> [ &#8230;1]
    </samp>}
    <span class=sf-dump-index>1</span> => <span class=sf-dump-note title=\"App\\Models\\HotelRestaurant\\HotelRestaurant
\"><span class=\"sf-dump-ellipsis sf-dump-ellipsis-note\">App\\Models\\HotelRestaurant</span><span class=\"sf-dump-ellipsis sf-dump-ellipsis-note\">\\</span>HotelRestaurant</span> {<a class=sf-dump-ref>#2172</a><samp data-depth=3 class=sf-dump-compact>
      #<span class=sf-dump-protected title=\"Protected property\">connection</span>: \"<span class=sf-dump-str title=\"5 characters\">mysql</span>\"
      #<span class=sf-dump-protected title=\"Protected property\">table</span>: \"<span class=sf-dump-str title=\"17 characters\">hotel_restaurants</span>\"
      #<span class=sf-dump-protected title=\"Protected property\">primaryKey</span>: \"<span class=sf-dump-str title=\"2 characters\">id</span>\"
      #<span class=sf-dump-protected title=\"Protected property\">keyType</span>: \"<span class=sf-dump-str title=\"3 characters\">int</span>\"
      +<span class=sf-dump-public title=\"Public property\">incrementing</span>: <span class=sf-dump-const>true</span>
      #<span class=sf-dump-protected title=\"Protected property\">with</span>: []
      #<span class=sf-dump-protected title=\"Protected property\">withCount</span>: []
      +<span class=sf-dump-public title=\"Public property\">preventsLazyLoading</span>: <span class=sf-dump-const>false</span>
      #<span class=sf-dump-protected title=\"Protected property\">perPage</span>: <span class=sf-dump-num>15</span>
      +<span class=sf-dump-public title=\"Public property\">exists</span>: <span class=sf-dump-const>true</span>
      +<span class=sf-dump-public title=\"Public property\">wasRecentlyCreated</span>: <span class=sf-dump-const>false</span>
      #<span class=sf-dump-protected title=\"Protected property\">escapeWhenCastingToString</span>: <span class=sf-dump-const>false</span>
      #<span class=sf-dump-protected title=\"Protected property\">attributes</span>: <span class=sf-dump-note>array:46</span> [ &#8230;46]
      #<span class=sf-dump-protected title=\"Protected property\">original</span>: <span class=sf-dump-note>array:46</span> [ &#8230;46]
      #<span class=sf-dump-protected title=\"Protected property\">changes</span>: []
      #<span class=sf-dump-protected title=\"Protected property\">casts</span>: []
      #<span class=sf-dump-protected title=\"Protected property\">classCastCache</span>: []
      #<span class=sf-dump-protected title=\"Protected property\">attributeCastCache</span>: []
      #<span class=sf-dump-protected title=\"Protected property\">dates</span>: []
      #<span class=sf-dump-protected title=\"Protected property\">dateFormat</span>: <span class=sf-dump-const>null</span>
      #<span class=sf-dump-protected title=\"Protected property\">appends</span>: []
      #<span class=sf-dump-protected title=\"Protected property\">dispatchesEvents</span>: []
      #<span class=sf-dump-protected title=\"Protected property\">observables</span>: []
      #<span class=sf-dump-protected title=\"Protected property\">relations</span>: <span class=sf-dump-note>array:1</span> [ &#8230;1]
      #<span class=sf-dump-protected title=\"Protected property\">touches</span>: []
      +<span class=sf-dump-public title=\"Public property\">timestamps</span>: <span class=sf-dump-const>true</span>
      #<span class=sf-dump-protected title=\"Protected property\">hidden</span>: []
      #<span class=sf-dump-protected title=\"Protected property\">visible</span>: []
      #<span class=sf-dump-protected title=\"Protected property\">fillable</span>: <span class=sf-dump-note>array:37</span> [ &#8230;37]
      #<span class=sf-dump-protected title=\"Protected property\">guarded</span>: <span class=sf-dump-note>array:1</span> [ &#8230;1]
    </samp>}
    <span class=sf-dump-index>2</span> => <span class=sf-dump-note title=\"App\\Models\\HotelRestaurant\\HotelRestaurant
\"><span class=\"sf-dump-ellipsis sf-dump-ellipsis-note\">App\\Models\\HotelRestaurant</span><span class=\"sf-dump-ellipsis sf-dump-ellipsis-note\">\\</span>HotelRestaurant</span> {<a class=sf-dump-ref>#2173</a><samp data-depth=3 class=sf-dump-compact>
      #<span class=sf-dump-protected title=\"Protected property\">connection</span>: \"<span class=sf-dump-str title=\"5 characters\">mysql</span>\"
      #<span class=sf-dump-protected title=\"Protected property\">table</span>: \"<span class=sf-dump-str title=\"17 characters\">hotel_restaurants</span>\"
      #<span class=sf-dump-protected title=\"Protected property\">primaryKey</span>: \"<span class=sf-dump-str title=\"2 characters\">id</span>\"
      #<span class=sf-dump-protected title=\"Protected property\">keyType</span>: \"<span class=sf-dump-str title=\"3 characters\">int</span>\"
      +<span class=sf-dump-public title=\"Public property\">incrementing</span>: <span class=sf-dump-const>true</span>
      #<span class=sf-dump-protected title=\"Protected property\">with</span>: []
      #<span class=sf-dump-protected title=\"Protected property\">withCount</span>: []
      +<span class=sf-dump-public title=\"Public property\">preventsLazyLoading</span>: <span class=sf-dump-const>false</span>
      #<span class=sf-dump-protected title=\"Protected property\">perPage</span>: <span class=sf-dump-num>15</span>
      +<span class=sf-dump-public title=\"Public property\">exists</span>: <span class=sf-dump-const>true</span>
      +<span class=sf-dump-public title=\"Public property\">wasRecentlyCreated</span>: <span class=sf-dump-const>false</span>
      #<span class=sf-dump-protected title=\"Protected property\">escapeWhenCastingToString</span>: <span class=sf-dump-const>false</span>
      #<span class=sf-dump-protected title=\"Protected property\">attributes</span>: <span class=sf-dump-note>array:46</span> [ &#8230;46]
      #<span class=sf-dump-protected title=\"Protected property\">original</span>: <span class=sf-dump-note>array:46</span> [ &#8230;46]
      #<span class=sf-dump-protected title=\"Protected property\">changes</span>: []
      #<span class=sf-dump-protected title=\"Protected property\">casts</span>: []
      #<span class=sf-dump-protected title=\"Protected property\">classCastCache</span>: []
      #<span class=sf-dump-protected title=\"Protected property\">attributeCastCache</span>: []
      #<span class=sf-dump-protected title=\"Protected property\">dates</span>: []
      #<span class=sf-dump-protected title=\"Protected property\">dateFormat</span>: <span class=sf-dump-const>null</span>
      #<span class=sf-dump-protected title=\"Protected property\">appends</span>: []
      #<span class=sf-dump-protected title=\"Protected property\">dispatchesEvents</span>: []
      #<span class=sf-dump-protected title=\"Protected property\">observables</span>: []
      #<span class=sf-dump-protected title=\"Protected property\">relations</span>: <span class=sf-dump-note>array:1</span> [ &#8230;1]
      #<span class=sf-dump-protected title=\"Protected property\">touches</span>: []
      +<span class=sf-dump-public title=\"Public property\">timestamps</span>: <span class=sf-dump-const>true</span>
      #<span class=sf-dump-protected title=\"Protected property\">hidden</span>: []
      #<span class=sf-dump-protected title=\"Protected property\">visible</span>: []
      #<span class=sf-dump-protected title=\"Protected property\">fillable</span>: <span class=sf-dump-note>array:37</span> [ &#8230;37]
      #<span class=sf-dump-protected title=\"Protected property\">guarded</span>: <span class=sf-dump-note>array:1</span> [ &#8230;1]
    </samp>}
    <span class=sf-dump-index>3</span> => <span class=sf-dump-note title=\"App\\Models\\HotelRestaurant\\HotelRestaurant
\"><span class=\"sf-dump-ellipsis sf-dump-ellipsis-note\">App\\Models\\HotelRestaurant</span><span class=\"sf-dump-ellipsis sf-dump-ellipsis-note\">\\</span>HotelRestaurant</span> {<a class=sf-dump-ref>#2174</a><samp data-depth=3 class=sf-dump-compact>
      #<span class=sf-dump-protected title=\"Protected property\">connection</span>: \"<span class=sf-dump-str title=\"5 characters\">mysql</span>\"
      #<span class=sf-dump-protected title=\"Protected property\">table</span>: \"<span class=sf-dump-str title=\"17 characters\">hotel_restaurants</span>\"
      #<span class=sf-dump-protected title=\"Protected property\">primaryKey</span>: \"<span class=sf-dump-str title=\"2 characters\">id</span>\"
      #<span class=sf-dump-protected title=\"Protected property\">keyType</span>: \"<span class=sf-dump-str title=\"3 characters\">int</span>\"
      +<span class=sf-dump-public title=\"Public property\">incrementing</span>: <span class=sf-dump-const>true</span>
      #<span class=sf-dump-protected title=\"Protected property\">with</span>: []
      #<span class=sf-dump-protected title=\"Protected property\">withCount</span>: []
      +<span class=sf-dump-public title=\"Public property\">preventsLazyLoading</span>: <span class=sf-dump-const>false</span>
      #<span class=sf-dump-protected title=\"Protected property\">perPage</span>: <span class=sf-dump-num>15</span>
      +<span class=sf-dump-public title=\"Public property\">exists</span>: <span class=sf-dump-const>true</span>
      +<span class=sf-dump-public title=\"Public property\">wasRecentlyCreated</span>: <span class=sf-dump-const>false</span>
      #<span class=sf-dump-protected title=\"Protected property\">escapeWhenCastingToString</span>: <span class=sf-dump-const>false</span>
      #<span class=sf-dump-protected title=\"Protected property\">attributes</span>: <span class=sf-dump-note>array:46</span> [ &#8230;46]
      #<span class=sf-dump-protected title=\"Protected property\">original</span>: <span class=sf-dump-note>array:46</span> [ &#8230;46]
      #<span class=sf-dump-protected title=\"Protected property\">changes</span>: []
      #<span class=sf-dump-protected title=\"Protected property\">casts</span>: []
      #<span class=sf-dump-protected title=\"Protected property\">classCastCache</span>: []
      #<span class=sf-dump-protected title=\"Protected property\">attributeCastCache</span>: []
      #<span class=sf-dump-protected title=\"Protected property\">dates</span>: []
      #<span class=sf-dump-protected title=\"Protected property\">dateFormat</span>: <span class=sf-dump-const>null</span>
      #<span class=sf-dump-protected title=\"Protected property\">appends</span>: []
      #<span class=sf-dump-protected title=\"Protected property\">dispatchesEvents</span>: []
      #<span class=sf-dump-protected title=\"Protected property\">observables</span>: []
      #<span class=sf-dump-protected title=\"Protected property\">relations</span>: <span class=sf-dump-note>array:1</span> [ &#8230;1]
      #<span class=sf-dump-protected title=\"Protected property\">touches</span>: []
      +<span class=sf-dump-public title=\"Public property\">timestamps</span>: <span class=sf-dump-const>true</span>
      #<span class=sf-dump-protected title=\"Protected property\">hidden</span>: []
      #<span class=sf-dump-protected title=\"Protected property\">visible</span>: []
      #<span class=sf-dump-protected title=\"Protected property\">fillable</span>: <span class=sf-dump-note>array:37</span> [ &#8230;37]
      #<span class=sf-dump-protected title=\"Protected property\">guarded</span>: <span class=sf-dump-note>array:1</span> [ &#8230;1]
    </samp>}
    <span class=sf-dump-index>4</span> => <span class=sf-dump-note title=\"App\\Models\\HotelRestaurant\\HotelRestaurant
\"><span class=\"sf-dump-ellipsis sf-dump-ellipsis-note\">App\\Models\\HotelRestaurant</span><span class=\"sf-dump-ellipsis sf-dump-ellipsis-note\">\\</span>HotelRestaurant</span> {<a class=sf-dump-ref>#2175</a><samp data-depth=3 class=sf-dump-compact>
      #<span class=sf-dump-protected title=\"Protected property\">connection</span>: \"<span class=sf-dump-str title=\"5 characters\">mysql</span>\"
      #<span class=sf-dump-protected title=\"Protected property\">table</span>: \"<span class=sf-dump-str title=\"17 characters\">hotel_restaurants</span>\"
      #<span class=sf-dump-protected title=\"Protected property\">primaryKey</span>: \"<span class=sf-dump-str title=\"2 characters\">id</span>\"
      #<span class=sf-dump-protected title=\"Protected property\">keyType</span>: \"<span class=sf-dump-str title=\"3 characters\">int</span>\"
      +<span class=sf-dump-public title=\"Public property\">incrementing</span>: <span class=sf-dump-const>true</span>
      #<span class=sf-dump-protected title=\"Protected property\">with</span>: []
      #<span class=sf-dump-protected title=\"Protected property\">withCount</span>: []
      +<span class=sf-dump-public title=\"Public property\">preventsLazyLoading</span>: <span class=sf-dump-const>false</span>
      #<span class=sf-dump-protected title=\"Protected property\">perPage</span>: <span class=sf-dump-num>15</span>
      +<span class=sf-dump-public title=\"Public property\">exists</span>: <span class=sf-dump-const>true</span>
      +<span class=sf-dump-public title=\"Public property\">wasRecentlyCreated</span>: <span class=sf-dump-const>false</span>
      #<span class=sf-dump-protected title=\"Protected property\">escapeWhenCastingToString</span>: <span class=sf-dump-const>false</span>
      #<span class=sf-dump-protected title=\"Protected property\">attributes</span>: <span class=sf-dump-note>array:46</span> [ &#8230;46]
      #<span class=sf-dump-protected title=\"Protected property\">original</span>: <span class=sf-dump-note>array:46</span> [ &#8230;46]
      #<span class=sf-dump-protected title=\"Protected property\">changes</span>: []
      #<span class=sf-dump-protected title=\"Protected property\">casts</span>: []
      #<span class=sf-dump-protected title=\"Protected property\">classCastCache</span>: []
      #<span class=sf-dump-protected title=\"Protected property\">attributeCastCache</span>: []
      #<span class=sf-dump-protected title=\"Protected property\">dates</span>: []
      #<span class=sf-dump-protected title=\"Protected property\">dateFormat</span>: <span class=sf-dump-const>null</span>
      #<span class=sf-dump-protected title=\"Protected property\">appends</span>: []
      #<span class=sf-dump-protected title=\"Protected property\">dispatchesEvents</span>: []
      #<span class=sf-dump-protected title=\"Protected property\">observables</span>: []
      #<span class=sf-dump-protected title=\"Protected property\">relations</span>: <span class=sf-dump-note>array:1</span> [ &#8230;1]
      #<span class=sf-dump-protected title=\"Protected property\">touches</span>: []
      +<span class=sf-dump-public title=\"Public property\">timestamps</span>: <span class=sf-dump-const>true</span>
      #<span class=sf-dump-protected title=\"Protected property\">hidden</span>: []
      #<span class=sf-dump-protected title=\"Protected property\">visible</span>: []
      #<span class=sf-dump-protected title=\"Protected property\">fillable</span>: <span class=sf-dump-note>array:37</span> [ &#8230;37]
      #<span class=sf-dump-protected title=\"Protected property\">guarded</span>: <span class=sf-dump-note>array:1</span> [ &#8230;1]
    </samp>}
    <span class=sf-dump-index>5</span> => <span class=sf-dump-note title=\"App\\Models\\HotelRestaurant\\HotelRestaurant
\"><span class=\"sf-dump-ellipsis sf-dump-ellipsis-note\">App\\Models\\HotelRestaurant</span><span class=\"sf-dump-ellipsis sf-dump-ellipsis-note\">\\</span>HotelRestaurant</span> {<a class=sf-dump-ref>#2176</a><samp data-depth=3 class=sf-dump-compact>
      #<span class=sf-dump-protected title=\"Protected property\">connection</span>: \"<span class=sf-dump-str title=\"5 characters\">mysql</span>\"
      #<span class=sf-dump-protected title=\"Protected property\">table</span>: \"<span class=sf-dump-str title=\"17 characters\">hotel_restaurants</span>\"
      #<span class=sf-dump-protected title=\"Protected property\">primaryKey</span>: \"<span class=sf-dump-str title=\"2 characters\">id</span>\"
      #<span class=sf-dump-protected title=\"Protected property\">keyType</span>: \"<span class=sf-dump-str title=\"3 characters\">int</span>\"
      +<span class=sf-dump-public title=\"Public property\">incrementing</span>: <span class=sf-dump-const>true</span>
      #<span class=sf-dump-protected title=\"Protected property\">with</span>: []
      #<span class=sf-dump-protected title=\"Protected property\">withCount</span>: []
      +<span class=sf-dump-public title=\"Public property\">preventsLazyLoading</span>: <span class=sf-dump-const>false</span>
      #<span class=sf-dump-protected title=\"Protected property\">perPage</span>: <span class=sf-dump-num>15</span>
      +<span class=sf-dump-public title=\"Public property\">exists</span>: <span class=sf-dump-const>true</span>
      +<span class=sf-dump-public title=\"Public property\">wasRecentlyCreated</span>: <span class=sf-dump-const>false</span>
      #<span class=sf-dump-protected title=\"Protected property\">escapeWhenCastingToString</span>: <span class=sf-dump-const>false</span>
      #<span class=sf-dump-protected title=\"Protected property\">attributes</span>: <span class=sf-dump-note>array:46</span> [ &#8230;46]
      #<span class=sf-dump-protected title=\"Protected property\">original</span>: <span class=sf-dump-note>array:46</span> [ &#8230;46]
      #<span class=sf-dump-protected title=\"Protected property\">changes</span>: []
      #<span class=sf-dump-protected title=\"Protected property\">casts</span>: []
      #<span class=sf-dump-protected title=\"Protected property\">classCastCache</span>: []
      #<span class=sf-dump-protected title=\"Protected property\">attributeCastCache</span>: []
      #<span class=sf-dump-protected title=\"Protected property\">dates</span>: []
      #<span class=sf-dump-protected title=\"Protected property\">dateFormat</span>: <span class=sf-dump-const>null</span>
      #<span class=sf-dump-protected title=\"Protected property\">appends</span>: []
      #<span class=sf-dump-protected title=\"Protected property\">dispatchesEvents</span>: []
      #<span class=sf-dump-protected title=\"Protected property\">observables</span>: []
      #<span class=sf-dump-protected title=\"Protected property\">relations</span>: <span class=sf-dump-note>array:1</span> [ &#8230;1]
      #<span class=sf-dump-protected title=\"Protected property\">touches</span>: []
      +<span class=sf-dump-public title=\"Public property\">timestamps</span>: <span class=sf-dump-const>true</span>
      #<span class=sf-dump-protected title=\"Protected property\">hidden</span>: []
      #<span class=sf-dump-protected title=\"Protected property\">visible</span>: []
      #<span class=sf-dump-protected title=\"Protected property\">fillable</span>: <span class=sf-dump-note>array:37</span> [ &#8230;37]
      #<span class=sf-dump-protected title=\"Protected property\">guarded</span>: <span class=sf-dump-note>array:1</span> [ &#8230;1]
    </samp>}
    <span class=sf-dump-index>6</span> => <span class=sf-dump-note title=\"App\\Models\\HotelRestaurant\\HotelRestaurant
\"><span class=\"sf-dump-ellipsis sf-dump-ellipsis-note\">App\\Models\\HotelRestaurant</span><span class=\"sf-dump-ellipsis sf-dump-ellipsis-note\">\\</span>HotelRestaurant</span> {<a class=sf-dump-ref>#2177</a><samp data-depth=3 class=sf-dump-compact>
      #<span class=sf-dump-protected title=\"Protected property\">connection</span>: \"<span class=sf-dump-str title=\"5 characters\">mysql</span>\"
      #<span class=sf-dump-protected title=\"Protected property\">table</span>: \"<span class=sf-dump-str title=\"17 characters\">hotel_restaurants</span>\"
      #<span class=sf-dump-protected title=\"Protected property\">primaryKey</span>: \"<span class=sf-dump-str title=\"2 characters\">id</span>\"
      #<span class=sf-dump-protected title=\"Protected property\">keyType</span>: \"<span class=sf-dump-str title=\"3 characters\">int</span>\"
      +<span class=sf-dump-public title=\"Public property\">incrementing</span>: <span class=sf-dump-const>true</span>
      #<span class=sf-dump-protected title=\"Protected property\">with</span>: []
      #<span class=sf-dump-protected title=\"Protected property\">withCount</span>: []
      +<span class=sf-dump-public title=\"Public property\">preventsLazyLoading</span>: <span class=sf-dump-const>false</span>
      #<span class=sf-dump-protected title=\"Protected property\">perPage</span>: <span class=sf-dump-num>15</span>
      +<span class=sf-dump-public title=\"Public property\">exists</span>: <span class=sf-dump-const>true</span>
      +<span class=sf-dump-public title=\"Public property\">wasRecentlyCreated</span>: <span class=sf-dump-const>false</span>
      #<span class=sf-dump-protected title=\"Protected property\">escapeWhenCastingToString</span>: <span class=sf-dump-const>false</span>
      #<span class=sf-dump-protected title=\"Protected property\">attributes</span>: <span class=sf-dump-note>array:46</span> [ &#8230;46]
      #<span class=sf-dump-protected title=\"Protected property\">original</span>: <span class=sf-dump-note>array:46</span> [ &#8230;46]
      #<span class=sf-dump-protected title=\"Protected property\">changes</span>: []
      #<span class=sf-dump-protected title=\"Protected property\">casts</span>: []
      #<span class=sf-dump-protected title=\"Protected property\">classCastCache</span>: []
      #<span class=sf-dump-protected title=\"Protected property\">attributeCastCache</span>: []
      #<span class=sf-dump-protected title=\"Protected property\">dates</span>: []
      #<span class=sf-dump-protected title=\"Protected property\">dateFormat</span>: <span class=sf-dump-const>null</span>
      #<span class=sf-dump-protected title=\"Protected property\">appends</span>: []
      #<span class=sf-dump-protected title=\"Protected property\">dispatchesEvents</span>: []
      #<span class=sf-dump-protected title=\"Protected property\">observables</span>: []
      #<span class=sf-dump-protected title=\"Protected property\">relations</span>: <span class=sf-dump-note>array:1</span> [ &#8230;1]
      #<span class=sf-dump-protected title=\"Protected property\">touches</span>: []
      +<span class=sf-dump-public title=\"Public property\">timestamps</span>: <span class=sf-dump-const>true</span>
      #<span class=sf-dump-protected title=\"Protected property\">hidden</span>: []
      #<span class=sf-dump-protected title=\"Protected property\">visible</span>: []
      #<span class=sf-dump-protected title=\"Protected property\">fillable</span>: <span class=sf-dump-note>array:37</span> [ &#8230;37]
      #<span class=sf-dump-protected title=\"Protected property\">guarded</span>: <span class=sf-dump-note>array:1</span> [ &#8230;1]
    </samp>}
    <span class=sf-dump-index>7</span> => <span class=sf-dump-note title=\"App\\Models\\HotelRestaurant\\HotelRestaurant
\"><span class=\"sf-dump-ellipsis sf-dump-ellipsis-note\">App\\Models\\HotelRestaurant</span><span class=\"sf-dump-ellipsis sf-dump-ellipsis-note\">\\</span>HotelRestaurant</span> {<a class=sf-dump-ref>#2178</a><samp data-depth=3 class=sf-dump-compact>
      #<span class=sf-dump-protected title=\"Protected property\">connection</span>: \"<span class=sf-dump-str title=\"5 characters\">mysql</span>\"
      #<span class=sf-dump-protected title=\"Protected property\">table</span>: \"<span class=sf-dump-str title=\"17 characters\">hotel_restaurants</span>\"
      #<span class=sf-dump-protected title=\"Protected property\">primaryKey</span>: \"<span class=sf-dump-str title=\"2 characters\">id</span>\"
      #<span class=sf-dump-protected title=\"Protected property\">keyType</span>: \"<span class=sf-dump-str title=\"3 characters\">int</span>\"
      +<span class=sf-dump-public title=\"Public property\">incrementing</span>: <span class=sf-dump-const>true</span>
      #<span class=sf-dump-protected title=\"Protected property\">with</span>: []
      #<span class=sf-dump-protected title=\"Protected property\">withCount</span>: []
      +<span class=sf-dump-public title=\"Public property\">preventsLazyLoading</span>: <span class=sf-dump-const>false</span>
      #<span class=sf-dump-protected title=\"Protected property\">perPage</span>: <span class=sf-dump-num>15</span>
      +<span class=sf-dump-public title=\"Public property\">exists</span>: <span class=sf-dump-const>true</span>
      +<span class=sf-dump-public title=\"Public property\">wasRecentlyCreated</span>: <span class=sf-dump-const>false</span>
      #<span class=sf-dump-protected title=\"Protected property\">escapeWhenCastingToString</span>: <span class=sf-dump-const>false</span>
      #<span class=sf-dump-protected title=\"Protected property\">attributes</span>: <span class=sf-dump-note>array:46</span> [ &#8230;46]
      #<span class=sf-dump-protected title=\"Protected property\">original</span>: <span class=sf-dump-note>array:46</span> [ &#8230;46]
      #<span class=sf-dump-protected title=\"Protected property\">changes</span>: []
      #<span class=sf-dump-protected title=\"Protected property\">casts</span>: []
      #<span class=sf-dump-protected title=\"Protected property\">classCastCache</span>: []
      #<span class=sf-dump-protected title=\"Protected property\">attributeCastCache</span>: []
      #<span class=sf-dump-protected title=\"Protected property\">dates</span>: []
      #<span class=sf-dump-protected title=\"Protected property\">dateFormat</span>: <span class=sf-dump-const>null</span>
      #<span class=sf-dump-protected title=\"Protected property\">appends</span>: []
      #<span class=sf-dump-protected title=\"Protected property\">dispatchesEvents</span>: []
      #<span class=sf-dump-protected title=\"Protected property\">observables</span>: []
      #<span class=sf-dump-protected title=\"Protected property\">relations</span>: <span class=sf-dump-note>array:1</span> [ &#8230;1]
      #<span class=sf-dump-protected title=\"Protected property\">touches</span>: []
      +<span class=sf-dump-public title=\"Public property\">timestamps</span>: <span class=sf-dump-const>true</span>
      #<span class=sf-dump-protected title=\"Protected property\">hidden</span>: []
      #<span class=sf-dump-protected title=\"Protected property\">visible</span>: []
      #<span class=sf-dump-protected title=\"Protected property\">fillable</span>: <span class=sf-dump-note>array:37</span> [ &#8230;37]
      #<span class=sf-dump-protected title=\"Protected property\">guarded</span>: <span class=sf-dump-note>array:1</span> [ &#8230;1]
    </samp>}
    <span class=sf-dump-index>8</span> => <span class=sf-dump-note title=\"App\\Models\\HotelRestaurant\\HotelRestaurant
\"><span class=\"sf-dump-ellipsis sf-dump-ellipsis-note\">App\\Models\\HotelRestaurant</span><span class=\"sf-dump-ellipsis sf-dump-ellipsis-note\">\\</span>HotelRestaurant</span> {<a class=sf-dump-ref>#2179</a><samp data-depth=3 class=sf-dump-compact>
      #<span class=sf-dump-protected title=\"Protected property\">connection</span>: \"<span class=sf-dump-str title=\"5 characters\">mysql</span>\"
      #<span class=sf-dump-protected title=\"Protected property\">table</span>: \"<span class=sf-dump-str title=\"17 characters\">hotel_restaurants</span>\"
      #<span class=sf-dump-protected title=\"Protected property\">primaryKey</span>: \"<span class=sf-dump-str title=\"2 characters\">id</span>\"
      #<span class=sf-dump-protected title=\"Protected property\">keyType</span>: \"<span class=sf-dump-str title=\"3 characters\">int</span>\"
      +<span class=sf-dump-public title=\"Public property\">incrementing</span>: <span class=sf-dump-const>true</span>
      #<span class=sf-dump-protected title=\"Protected property\">with</span>: []
      #<span class=sf-dump-protected title=\"Protected property\">withCount</span>: []
      +<span class=sf-dump-public title=\"Public property\">preventsLazyLoading</span>: <span class=sf-dump-const>false</span>
      #<span class=sf-dump-protected title=\"Protected property\">perPage</span>: <span class=sf-dump-num>15</span>
      +<span class=sf-dump-public title=\"Public property\">exists</span>: <span class=sf-dump-const>true</span>
      +<span class=sf-dump-public title=\"Public property\">wasRecentlyCreated</span>: <span class=sf-dump-const>false</span>
      #<span class=sf-dump-protected title=\"Protected property\">escapeWhenCastingToString</span>: <span class=sf-dump-const>false</span>
      #<span class=sf-dump-protected title=\"Protected property\">attributes</span>: <span class=sf-dump-note>array:46</span> [ &#8230;46]
      #<span class=sf-dump-protected title=\"Protected property\">original</span>: <span class=sf-dump-note>array:46</span> [ &#8230;46]
      #<span class=sf-dump-protected title=\"Protected property\">changes</span>: []
      #<span class=sf-dump-protected title=\"Protected property\">casts</span>: []
      #<span class=sf-dump-protected title=\"Protected property\">classCastCache</span>: []
      #<span class=sf-dump-protected title=\"Protected property\">attributeCastCache</span>: []
      #<span class=sf-dump-protected title=\"Protected property\">dates</span>: []
      #<span class=sf-dump-protected title=\"Protected property\">dateFormat</span>: <span class=sf-dump-const>null</span>
      #<span class=sf-dump-protected title=\"Protected property\">appends</span>: []
      #<span class=sf-dump-protected title=\"Protected property\">dispatchesEvents</span>: []
      #<span class=sf-dump-protected title=\"Protected property\">observables</span>: []
      #<span class=sf-dump-protected title=\"Protected property\">relations</span>: <span class=sf-dump-note>array:1</span> [ &#8230;1]
      #<span class=sf-dump-protected title=\"Protected property\">touches</span>: []
      +<span class=sf-dump-public title=\"Public property\">timestamps</span>: <span class=sf-dump-const>true</span>
      #<span class=sf-dump-protected title=\"Protected property\">hidden</span>: []
      #<span class=sf-dump-protected title=\"Protected property\">visible</span>: []
      #<span class=sf-dump-protected title=\"Protected property\">fillable</span>: <span class=sf-dump-note>array:37</span> [ &#8230;37]
      #<span class=sf-dump-protected title=\"Protected property\">guarded</span>: <span class=sf-dump-note>array:1</span> [ &#8230;1]
    </samp>}
    <span class=sf-dump-index>9</span> => <span class=sf-dump-note title=\"App\\Models\\HotelRestaurant\\HotelRestaurant
\"><span class=\"sf-dump-ellipsis sf-dump-ellipsis-note\">App\\Models\\HotelRestaurant</span><span class=\"sf-dump-ellipsis sf-dump-ellipsis-note\">\\</span>HotelRestaurant</span> {<a class=sf-dump-ref>#2180</a><samp data-depth=3 class=sf-dump-compact>
      #<span class=sf-dump-protected title=\"Protected property\">connection</span>: \"<span class=sf-dump-str title=\"5 characters\">mysql</span>\"
      #<span class=sf-dump-protected title=\"Protected property\">table</span>: \"<span class=sf-dump-str title=\"17 characters\">hotel_restaurants</span>\"
      #<span class=sf-dump-protected title=\"Protected property\">primaryKey</span>: \"<span class=sf-dump-str title=\"2 characters\">id</span>\"
      #<span class=sf-dump-protected title=\"Protected property\">keyType</span>: \"<span class=sf-dump-str title=\"3 characters\">int</span>\"
      +<span class=sf-dump-public title=\"Public property\">incrementing</span>: <span class=sf-dump-const>true</span>
      #<span class=sf-dump-protected title=\"Protected property\">with</span>: []
      #<span class=sf-dump-protected title=\"Protected property\">withCount</span>: []
      +<span class=sf-dump-public title=\"Public property\">preventsLazyLoading</span>: <span class=sf-dump-const>false</span>
      #<span class=sf-dump-protected title=\"Protected property\">perPage</span>: <span class=sf-dump-num>15</span>
      +<span class=sf-dump-public title=\"Public property\">exists</span>: <span class=sf-dump-const>true</span>
      +<span class=sf-dump-public title=\"Public property\">wasRecentlyCreated</span>: <span class=sf-dump-const>false</span>
      #<span class=sf-dump-protected title=\"Protected property\">escapeWhenCastingToString</span>: <span class=sf-dump-const>false</span>
      #<span class=sf-dump-protected title=\"Protected property\">attributes</span>: <span class=sf-dump-note>array:46</span> [ &#8230;46]
      #<span class=sf-dump-protected title=\"Protected property\">original</span>: <span class=sf-dump-note>array:46</span> [ &#8230;46]
      #<span class=sf-dump-protected title=\"Protected property\">changes</span>: []
      #<span class=sf-dump-protected title=\"Protected property\">casts</span>: []
      #<span class=sf-dump-protected title=\"Protected property\">classCastCache</span>: []
      #<span class=sf-dump-protected title=\"Protected property\">attributeCastCache</span>: []
      #<span class=sf-dump-protected title=\"Protected property\">dates</span>: []
      #<span class=sf-dump-protected title=\"Protected property\">dateFormat</span>: <span class=sf-dump-const>null</span>
      #<span class=sf-dump-protected title=\"Protected property\">appends</span>: []
      #<span class=sf-dump-protected title=\"Protected property\">dispatchesEvents</span>: []
      #<span class=sf-dump-protected title=\"Protected property\">observables</span>: []
      #<span class=sf-dump-protected title=\"Protected property\">relations</span>: <span class=sf-dump-note>array:1</span> [ &#8230;1]
      #<span class=sf-dump-protected title=\"Protected property\">touches</span>: []
      +<span class=sf-dump-public title=\"Public property\">timestamps</span>: <span class=sf-dump-const>true</span>
      #<span class=sf-dump-protected title=\"Protected property\">hidden</span>: []
      #<span class=sf-dump-protected title=\"Protected property\">visible</span>: []
      #<span class=sf-dump-protected title=\"Protected property\">fillable</span>: <span class=sf-dump-note>array:37</span> [ &#8230;37]
      #<span class=sf-dump-protected title=\"Protected property\">guarded</span>: <span class=sf-dump-note>array:1</span> [ &#8230;1]
    </samp>}
    <span class=sf-dump-index>10</span> => <span class=sf-dump-note title=\"App\\Models\\HotelRestaurant\\HotelRestaurant
\"><span class=\"sf-dump-ellipsis sf-dump-ellipsis-note\">App\\Models\\HotelRestaurant</span><span class=\"sf-dump-ellipsis sf-dump-ellipsis-note\">\\</span>HotelRestaurant</span> {<a class=sf-dump-ref>#2181</a><samp data-depth=3 class=sf-dump-compact>
      #<span class=sf-dump-protected title=\"Protected property\">connection</span>: \"<span class=sf-dump-str title=\"5 characters\">mysql</span>\"
      #<span class=sf-dump-protected title=\"Protected property\">table</span>: \"<span class=sf-dump-str title=\"17 characters\">hotel_restaurants</span>\"
      #<span class=sf-dump-protected title=\"Protected property\">primaryKey</span>: \"<span class=sf-dump-str title=\"2 characters\">id</span>\"
      #<span class=sf-dump-protected title=\"Protected property\">keyType</span>: \"<span class=sf-dump-str title=\"3 characters\">int</span>\"
      +<span class=sf-dump-public title=\"Public property\">incrementing</span>: <span class=sf-dump-const>true</span>
      #<span class=sf-dump-protected title=\"Protected property\">with</span>: []
      #<span class=sf-dump-protected title=\"Protected property\">withCount</span>: []
      +<span class=sf-dump-public title=\"Public property\">preventsLazyLoading</span>: <span class=sf-dump-const>false</span>
      #<span class=sf-dump-protected title=\"Protected property\">perPage</span>: <span class=sf-dump-num>15</span>
      +<span class=sf-dump-public title=\"Public property\">exists</span>: <span class=sf-dump-const>true</span>
      +<span class=sf-dump-public title=\"Public property\">wasRecentlyCreated</span>: <span class=sf-dump-const>false</span>
      #<span class=sf-dump-protected title=\"Protected property\">escapeWhenCastingToString</span>: <span class=sf-dump-const>false</span>
      #<span class=sf-dump-protected title=\"Protected property\">attributes</span>: <span class=sf-dump-note>array:46</span> [ &#8230;46]
      #<span class=sf-dump-protected title=\"Protected property\">original</span>: <span class=sf-dump-note>array:46</span> [ &#8230;46]
      #<span class=sf-dump-protected title=\"Protected property\">changes</span>: []
      #<span class=sf-dump-protected title=\"Protected property\">casts</span>: []
      #<span class=sf-dump-protected title=\"Protected property\">classCastCache</span>: []
      #<span class=sf-dump-protected title=\"Protected property\">attributeCastCache</span>: []
      #<span class=sf-dump-protected title=\"Protected property\">dates</span>: []
      #<span class=sf-dump-protected title=\"Protected property\">dateFormat</span>: <span class=sf-dump-const>null</span>
      #<span class=sf-dump-protected title=\"Protected property\">appends</span>: []
      #<span class=sf-dump-protected title=\"Protected property\">dispatchesEvents</span>: []
      #<span class=sf-dump-protected title=\"Protected property\">observables</span>: []
      #<span class=sf-dump-protected title=\"Protected property\">relations</span>: <span class=sf-dump-note>array:1</span> [ &#8230;1]
      #<span class=sf-dump-protected title=\"Protected property\">touches</span>: []
      +<span class=sf-dump-public title=\"Public property\">timestamps</span>: <span class=sf-dump-const>true</span>
      #<span class=sf-dump-protected title=\"Protected property\">hidden</span>: []
      #<span class=sf-dump-protected title=\"Protected property\">visible</span>: []
      #<span class=sf-dump-protected title=\"Protected property\">fillable</span>: <span class=sf-dump-note>array:37</span> [ &#8230;37]
      #<span class=sf-dump-protected title=\"Protected property\">guarded</span>: <span class=sf-dump-note>array:1</span> [ &#8230;1]
    </samp>}
    <span class=sf-dump-index>11</span> => <span class=sf-dump-note title=\"App\\Models\\HotelRestaurant\\HotelRestaurant
\"><span class=\"sf-dump-ellipsis sf-dump-ellipsis-note\">App\\Models\\HotelRestaurant</span><span class=\"sf-dump-ellipsis sf-dump-ellipsis-note\">\\</span>HotelRestaurant</span> {<a class=sf-dump-ref>#2182</a><samp data-depth=3 class=sf-dump-compact>
      #<span class=sf-dump-protected title=\"Protected property\">connection</span>: \"<span class=sf-dump-str title=\"5 characters\">mysql</span>\"
      #<span class=sf-dump-protected title=\"Protected property\">table</span>: \"<span class=sf-dump-str title=\"17 characters\">hotel_restaurants</span>\"
      #<span class=sf-dump-protected title=\"Protected property\">primaryKey</span>: \"<span class=sf-dump-str title=\"2 characters\">id</span>\"
      #<span class=sf-dump-protected title=\"Protected property\">keyType</span>: \"<span class=sf-dump-str title=\"3 characters\">int</span>\"
      +<span class=sf-dump-public title=\"Public property\">incrementing</span>: <span class=sf-dump-const>true</span>
      #<span class=sf-dump-protected title=\"Protected property\">with</span>: []
      #<span class=sf-dump-protected title=\"Protected property\">withCount</span>: []
      +<span class=sf-dump-public title=\"Public property\">preventsLazyLoading</span>: <span class=sf-dump-const>false</span>
      #<span class=sf-dump-protected title=\"Protected property\">perPage</span>: <span class=sf-dump-num>15</span>
      +<span class=sf-dump-public title=\"Public property\">exists</span>: <span class=sf-dump-const>true</span>
      +<span class=sf-dump-public title=\"Public property\">wasRecentlyCreated</span>: <span class=sf-dump-const>false</span>
      #<span class=sf-dump-protected title=\"Protected property\">escapeWhenCastingToString</span>: <span class=sf-dump-const>false</span>
      #<span class=sf-dump-protected title=\"Protected property\">attributes</span>: <span class=sf-dump-note>array:46</span> [ &#8230;46]
      #<span class=sf-dump-protected title=\"Protected property\">original</span>: <span class=sf-dump-note>array:46</span> [ &#8230;46]
      #<span class=sf-dump-protected title=\"Protected property\">changes</span>: []
      #<span class=sf-dump-protected title=\"Protected property\">casts</span>: []
      #<span class=sf-dump-protected title=\"Protected property\">classCastCache</span>: []
      #<span class=sf-dump-protected title=\"Protected property\">attributeCastCache</span>: []
      #<span class=sf-dump-protected title=\"Protected property\">dates</span>: []
      #<span class=sf-dump-protected title=\"Protected property\">dateFormat</span>: <span class=sf-dump-const>null</span>
      #<span class=sf-dump-protected title=\"Protected property\">appends</span>: []
      #<span class=sf-dump-protected title=\"Protected property\">dispatchesEvents</span>: []
      #<span class=sf-dump-protected title=\"Protected property\">observables</span>: []
      #<span class=sf-dump-protected title=\"Protected property\">relations</span>: <span class=sf-dump-note>array:1</span> [ &#8230;1]
      #<span class=sf-dump-protected title=\"Protected property\">touches</span>: []
      +<span class=sf-dump-public title=\"Public property\">timestamps</span>: <span class=sf-dump-const>true</span>
      #<span class=sf-dump-protected title=\"Protected property\">hidden</span>: []
      #<span class=sf-dump-protected title=\"Protected property\">visible</span>: []
      #<span class=sf-dump-protected title=\"Protected property\">fillable</span>: <span class=sf-dump-note>array:37</span> [ &#8230;37]
      #<span class=sf-dump-protected title=\"Protected property\">guarded</span>: <span class=sf-dump-note>array:1</span> [ &#8230;1]
    </samp>}
    <span class=sf-dump-index>12</span> => <span class=sf-dump-note title=\"App\\Models\\HotelRestaurant\\HotelRestaurant
\"><span class=\"sf-dump-ellipsis sf-dump-ellipsis-note\">App\\Models\\HotelRestaurant</span><span class=\"sf-dump-ellipsis sf-dump-ellipsis-note\">\\</span>HotelRestaurant</span> {<a class=sf-dump-ref>#2183</a><samp data-depth=3 class=sf-dump-compact>
      #<span class=sf-dump-protected title=\"Protected property\">connection</span>: \"<span class=sf-dump-str title=\"5 characters\">mysql</span>\"
      #<span class=sf-dump-protected title=\"Protected property\">table</span>: \"<span class=sf-dump-str title=\"17 characters\">hotel_restaurants</span>\"
      #<span class=sf-dump-protected title=\"Protected property\">primaryKey</span>: \"<span class=sf-dump-str title=\"2 characters\">id</span>\"
      #<span class=sf-dump-protected title=\"Protected property\">keyType</span>: \"<span class=sf-dump-str title=\"3 characters\">int</span>\"
      +<span class=sf-dump-public title=\"Public property\">incrementing</span>: <span class=sf-dump-const>true</span>
      #<span class=sf-dump-protected title=\"Protected property\">with</span>: []
      #<span class=sf-dump-protected title=\"Protected property\">withCount</span>: []
      +<span class=sf-dump-public title=\"Public property\">preventsLazyLoading</span>: <span class=sf-dump-const>false</span>
      #<span class=sf-dump-protected title=\"Protected property\">perPage</span>: <span class=sf-dump-num>15</span>
      +<span class=sf-dump-public title=\"Public property\">exists</span>: <span class=sf-dump-const>true</span>
      +<span class=sf-dump-public title=\"Public property\">wasRecentlyCreated</span>: <span class=sf-dump-const>false</span>
      #<span class=sf-dump-protected title=\"Protected property\">escapeWhenCastingToString</span>: <span class=sf-dump-const>false</span>
      #<span class=sf-dump-protected title=\"Protected property\">attributes</span>: <span class=sf-dump-note>array:46</span> [ &#8230;46]
      #<span class=sf-dump-protected title=\"Protected property\">original</span>: <span class=sf-dump-note>array:46</span> [ &#8230;46]
      #<span class=sf-dump-protected title=\"Protected property\">changes</span>: []
      #<span class=sf-dump-protected title=\"Protected property\">casts</span>: []
      #<span class=sf-dump-protected title=\"Protected property\">classCastCache</span>: []
      #<span class=sf-dump-protected title=\"Protected property\">attributeCastCache</span>: []
      #<span class=sf-dump-protected title=\"Protected property\">dates</span>: []
      #<span class=sf-dump-protected title=\"Protected property\">dateFormat</span>: <span class=sf-dump-const>null</span>
      #<span class=sf-dump-protected title=\"Protected property\">appends</span>: []
      #<span class=sf-dump-protected title=\"Protected property\">dispatchesEvents</span>: []
      #<span class=sf-dump-protected title=\"Protected property\">observables</span>: []
      #<span class=sf-dump-protected title=\"Protected property\">relations</span>: <span class=sf-dump-note>array:1</span> [ &#8230;1]
      #<span class=sf-dump-protected title=\"Protected property\">touches</span>: []
      +<span class=sf-dump-public title=\"Public property\">timestamps</span>: <span class=sf-dump-const>true</span>
      #<span class=sf-dump-protected title=\"Protected property\">hidden</span>: []
      #<span class=sf-dump-protected title=\"Protected property\">visible</span>: []
      #<span class=sf-dump-protected title=\"Protected property\">fillable</span>: <span class=sf-dump-note>array:37</span> [ &#8230;37]
      #<span class=sf-dump-protected title=\"Protected property\">guarded</span>: <span class=sf-dump-note>array:1</span> [ &#8230;1]
    </samp>}
    <span class=sf-dump-index>13</span> => <span class=sf-dump-note title=\"App\\Models\\HotelRestaurant\\HotelRestaurant
\"><span class=\"sf-dump-ellipsis sf-dump-ellipsis-note\">App\\Models\\HotelRestaurant</span><span class=\"sf-dump-ellipsis sf-dump-ellipsis-note\">\\</span>HotelRestaurant</span> {<a class=sf-dump-ref>#2184</a><samp data-depth=3 class=sf-dump-compact>
      #<span class=sf-dump-protected title=\"Protected property\">connection</span>: \"<span class=sf-dump-str title=\"5 characters\">mysql</span>\"
      #<span class=sf-dump-protected title=\"Protected property\">table</span>: \"<span class=sf-dump-str title=\"17 characters\">hotel_restaurants</span>\"
      #<span class=sf-dump-protected title=\"Protected property\">primaryKey</span>: \"<span class=sf-dump-str title=\"2 characters\">id</span>\"
      #<span class=sf-dump-protected title=\"Protected property\">keyType</span>: \"<span class=sf-dump-str title=\"3 characters\">int</span>\"
      +<span class=sf-dump-public title=\"Public property\">incrementing</span>: <span class=sf-dump-const>true</span>
      #<span class=sf-dump-protected title=\"Protected property\">with</span>: []
      #<span class=sf-dump-protected title=\"Protected property\">withCount</span>: []
      +<span class=sf-dump-public title=\"Public property\">preventsLazyLoading</span>: <span class=sf-dump-const>false</span>
      #<span class=sf-dump-protected title=\"Protected property\">perPage</span>: <span class=sf-dump-num>15</span>
      +<span class=sf-dump-public title=\"Public property\">exists</span>: <span class=sf-dump-const>true</span>
      +<span class=sf-dump-public title=\"Public property\">wasRecentlyCreated</span>: <span class=sf-dump-const>false</span>
      #<span class=sf-dump-protected title=\"Protected property\">escapeWhenCastingToString</span>: <span class=sf-dump-const>false</span>
      #<span class=sf-dump-protected title=\"Protected property\">attributes</span>: <span class=sf-dump-note>array:46</span> [ &#8230;46]
      #<span class=sf-dump-protected title=\"Protected property\">original</span>: <span class=sf-dump-note>array:46</span> [ &#8230;46]
      #<span class=sf-dump-protected title=\"Protected property\">changes</span>: []
      #<span class=sf-dump-protected title=\"Protected property\">casts</span>: []
      #<span class=sf-dump-protected title=\"Protected property\">classCastCache</span>: []
      #<span class=sf-dump-protected title=\"Protected property\">attributeCastCache</span>: []
      #<span class=sf-dump-protected title=\"Protected property\">dates</span>: []
      #<span class=sf-dump-protected title=\"Protected property\">dateFormat</span>: <span class=sf-dump-const>null</span>
      #<span class=sf-dump-protected title=\"Protected property\">appends</span>: []
      #<span class=sf-dump-protected title=\"Protected property\">dispatchesEvents</span>: []
      #<span class=sf-dump-protected title=\"Protected property\">observables</span>: []
      #<span class=sf-dump-protected title=\"Protected property\">relations</span>: <span class=sf-dump-note>array:1</span> [ &#8230;1]
      #<span class=sf-dump-protected title=\"Protected property\">touches</span>: []
      +<span class=sf-dump-public title=\"Public property\">timestamps</span>: <span class=sf-dump-const>true</span>
      #<span class=sf-dump-protected title=\"Protected property\">hidden</span>: []
      #<span class=sf-dump-protected title=\"Protected property\">visible</span>: []
      #<span class=sf-dump-protected title=\"Protected property\">fillable</span>: <span class=sf-dump-note>array:37</span> [ &#8230;37]
      #<span class=sf-dump-protected title=\"Protected property\">guarded</span>: <span class=sf-dump-note>array:1</span> [ &#8230;1]
    </samp>}
  </samp>]
  #<span class=sf-dump-protected title=\"Protected property\">escapeWhenCastingToString</span>: <span class=sf-dump-const>false</span>
</samp>}
</pre><script>Sfdump(\"sf-dump-2055166777\", {\"maxDepth\":3,\"maxStringLength\":160})</script>
"}},"userId":1,"exception":"[object] (Facade\\Ignition\\Exceptions\\ViewException(code: 0): Attempt to read property \"en_name\" on null (View: C:\\xampp\\htdocs\\Cioas\\resources\\views\\backend\\pages\\hotel-restaurant\\index.blade.php) at C:\\xampp\\htdocs\\Cioas\\resources\\views/backend/pages/hotel-restaurant/index.blade.php:108)
[stacktrace]
#0 C:\\xampp\\htdocs\\Cioas\\resources\\views/backend/pages/hotel-restaurant/index.blade.php(108): Illuminate\\Foundation\\Bootstrap\\HandleExceptions->handleError(2, 'Attempt to read...', 'C:\\\\xampp\\\\htdocs...', 107)
#1 C:\\xampp\\htdocs\\Cioas\\vendor\\laravel\\framework\\src\\Illuminate\\Filesystem\\Filesystem.php(107): require('C:\\\\xampp\\\\htdocs...')
#2 C:\\xampp\\htdocs\\Cioas\\vendor\\laravel\\framework\\src\\Illuminate\\Filesystem\\Filesystem.php(108): Illuminate\\Filesystem\\Filesystem::Illuminate\\Filesystem\\{closure}()
#3 C:\\xampp\\htdocs\\Cioas\\vendor\\laravel\\framework\\src\\Illuminate\\View\\Engines\\PhpEngine.php(58): Illuminate\\Filesystem\\Filesystem->getRequire('C:\\\\xampp\\\\htdocs...', Array)
#4 C:\\xampp\\htdocs\\Cioas\\vendor\\laravel\\framework\\src\\Illuminate\\View\\Engines\\CompilerEngine.php(61): Illuminate\\View\\Engines\\PhpEngine->evaluatePath('C:\\\\xampp\\\\htdocs...', Array)
#5 C:\\xampp\\htdocs\\Cioas\\vendor\\facade\\ignition\\src\\Views\\Engines\\CompilerEngine.php(37): Illuminate\\View\\Engines\\CompilerEngine->get('C:\\\\xampp\\\\htdocs...', Array)
#6 C:\\xampp\\htdocs\\Cioas\\vendor\\laravel\\framework\\src\\Illuminate\\View\\View.php(139): Facade\\Ignition\\Views\\Engines\\CompilerEngine->get('C:\\\\xampp\\\\htdocs...', Array)
#7 C:\\xampp\\htdocs\\Cioas\\vendor\\laravel\\framework\\src\\Illuminate\\View\\View.php(122): Illuminate\\View\\View->getContents()
#8 C:\\xampp\\htdocs\\Cioas\\vendor\\laravel\\framework\\src\\Illuminate\\View\\View.php(91): Illuminate\\View\\View->renderContents()
#9 C:\\xampp\\htdocs\\Cioas\\vendor\\laravel\\framework\\src\\Illuminate\\Http\\Response.php(69): Illuminate\\View\\View->render()
#10 C:\\xampp\\htdocs\\Cioas\\vendor\\laravel\\framework\\src\\Illuminate\\Http\\Response.php(35): Illuminate\\Http\\Response->setContent(Object(Illuminate\\View\\View))
#11 C:\\xampp\\htdocs\\Cioas\\vendor\\laravel\\framework\\src\\Illuminate\\Routing\\Router.php(820): Illuminate\\Http\\Response->__construct(Object(Illuminate\\View\\View), 200, Array)
#12 C:\\xampp\\htdocs\\Cioas\\vendor\\laravel\\framework\\src\\Illuminate\\Routing\\Router.php(789): Illuminate\\Routing\\Router::toResponse(Object(Illuminate\\Http\\Request), Object(Illuminate\\View\\View))
#13 C:\\xampp\\htdocs\\Cioas\\vendor\\laravel\\framework\\src\\Illuminate\\Routing\\Router.php(720): Illuminate\\Routing\\Router->prepareResponse(Object(Illuminate\\Http\\Request), Object(Illuminate\\View\\View))
#14 C:\\xampp\\htdocs\\Cioas\\vendor\\laravel\\framework\\src\\Illuminate\\Pipeline\\Pipeline.php(128): Illuminate\\Routing\\Router->Illuminate\\Routing\\{closure}(Object(Illuminate\\Http\\Request))
#15 C:\\xampp\\htdocs\\Cioas\\vendor\\laravel\\framework\\src\\Illuminate\\Routing\\Middleware\\SubstituteBindings.php(50): Illuminate\\Pipeline\\Pipeline->Illuminate\\Pipeline\\{closure}(Object(Illuminate\\Http\\Request))
#16 C:\\xampp\\htdocs\\Cioas\\vendor\\laravel\\framework\\src\\Illuminate\\Pipeline\\Pipeline.php(167): Illuminate\\Routing\\Middleware\\SubstituteBindings->handle(Object(Illuminate\\Http\\Request), Object(Closure))
#17 C:\\xampp\\htdocs\\Cioas\\vendor\\laravel\\framework\\src\\Illuminate\\Auth\\Middleware\\Authenticate.php(44): Illuminate\\Pipeline\\Pipeline->Illuminate\\Pipeline\\{closure}(Object(Illuminate\\Http\\Request))
#18 C:\\xampp\\htdocs\\Cioas\\vendor\\laravel\\framework\\src\\Illuminate\\Pipeline\\Pipeline.php(167): Illuminate\\Auth\\Middleware\\Authenticate->handle(Object(Illuminate\\Http\\Request), Object(Closure))
#19 C:\\xampp\\htdocs\\Cioas\\vendor\\laravel\\framework\\src\\Illuminate\\Foundation\\Http\\Middleware\\VerifyCsrfToken.php(78): Illuminate\\Pipeline\\Pipeline->Illuminate\\Pipeline\\{closure}(Object(Illuminate\\Http\\Request))
#20 C:\\xampp\\htdocs\\Cioas\\vendor\\laravel\\framework\\src\\Illuminate\\Pipeline\\Pipeline.php(167): Illuminate\\Foundation\\Http\\Middleware\\VerifyCsrfToken->handle(Object(Illuminate\\Http\\Request), Object(Closure))
#21 C:\\xampp\\htdocs\\Cioas\\vendor\\laravel\\framework\\src\\Illuminate\\View\\Middleware\\ShareErrorsFromSession.php(49): Illuminate\\Pipeline\\Pipeline->Illuminate\\Pipeline\\{closure}(Object(Illuminate\\Http\\Request))
#22 C:\\xampp\\htdocs\\Cioas\\vendor\\laravel\\framework\\src\\Illuminate\\Pipeline\\Pipeline.php(167): Illuminate\\View\\Middleware\\ShareErrorsFromSession->handle(Object(Illuminate\\Http\\Request), Object(Closure))
#23 C:\\xampp\\htdocs\\Cioas\\vendor\\laravel\\framework\\src\\Illuminate\\Session\\Middleware\\StartSession.php(121): Illuminate\\Pipeline\\Pipeline->Illuminate\\Pipeline\\{closure}(Object(Illuminate\\Http\\Request))
#24 C:\\xampp\\htdocs\\Cioas\\vendor\\laravel\\framework\\src\\Illuminate\\Session\\Middleware\\StartSession.php(64): Illuminate\\Session\\Middleware\\StartSession->handleStatefulRequest(Object(Illuminate\\Http\\Request), Object(Illuminate\\Session\\Store), Object(Closure))
#25 C:\\xampp\\htdocs\\Cioas\\vendor\\laravel\\framework\\src\\Illuminate\\Pipeline\\Pipeline.php(167): Illuminate\\Session\\Middleware\\StartSession->handle(Object(Illuminate\\Http\\Request), Object(Closure))
#26 C:\\xampp\\htdocs\\Cioas\\vendor\\laravel\\framework\\src\\Illuminate\\Cookie\\Middleware\\AddQueuedCookiesToResponse.php(37): Illuminate\\Pipeline\\Pipeline->Illuminate\\Pipeline\\{closure}(Object(Illuminate\\Http\\Request))
#27 C:\\xampp\\htdocs\\Cioas\\vendor\\laravel\\framework\\src\\Illuminate\\Pipeline\\Pipeline.php(167): Illuminate\\Cookie\\Middleware\\AddQueuedCookiesToResponse->handle(Object(Illuminate\\Http\\Request), Object(Closure))
#28 C:\\xampp\\htdocs\\Cioas\\vendor\\laravel\\framework\\src\\Illuminate\\Cookie\\Middleware\\EncryptCookies.php(67): Illuminate\\Pipeline\\Pipeline->Illuminate\\Pipeline\\{closure}(Object(Illuminate\\Http\\Request))
#29 C:\\xampp\\htdocs\\Cioas\\vendor\\laravel\\framework\\src\\Illuminate\\Pipeline\\Pipeline.php(167): Illuminate\\Cookie\\Middleware\\EncryptCookies->handle(Object(Illuminate\\Http\\Request), Object(Closure))
#30 C:\\xampp\\htdocs\\Cioas\\vendor\\laravel\\framework\\src\\Illuminate\\Pipeline\\Pipeline.php(103): Illuminate\\Pipeline\\Pipeline->Illuminate\\Pipeline\\{closure}(Object(Illuminate\\Http\\Request))
#31 C:\\xampp\\htdocs\\Cioas\\vendor\\laravel\\framework\\src\\Illuminate\\Routing\\Router.php(719): Illuminate\\Pipeline\\Pipeline->then(Object(Closure))
#32 C:\\xampp\\htdocs\\Cioas\\vendor\\laravel\\framework\\src\\Illuminate\\Routing\\Router.php(698): Illuminate\\Routing\\Router->runRouteWithinStack(Object(Illuminate\\Routing\\Route), Object(Illuminate\\Http\\Request))
#33 C:\\xampp\\htdocs\\Cioas\\vendor\\laravel\\framework\\src\\Illuminate\\Routing\\Router.php(662): Illuminate\\Routing\\Router->runRoute(Object(Illuminate\\Http\\Request), Object(Illuminate\\Routing\\Route))
#34 C:\\xampp\\htdocs\\Cioas\\vendor\\laravel\\framework\\src\\Illuminate\\Routing\\Router.php(651): Illuminate\\Routing\\Router->dispatchToRoute(Object(Illuminate\\Http\\Request))
#35 C:\\xampp\\htdocs\\Cioas\\vendor\\laravel\\framework\\src\\Illuminate\\Foundation\\Http\\Kernel.php(167): Illuminate\\Routing\\Router->dispatch(Object(Illuminate\\Http\\Request))
#36 C:\\xampp\\htdocs\\Cioas\\vendor\\laravel\\framework\\src\\Illuminate\\Pipeline\\Pipeline.php(128): Illuminate\\Foundation\\Http\\Kernel->Illuminate\\Foundation\\Http\\{closure}(Object(Illuminate\\Http\\Request))
#37 C:\\xampp\\htdocs\\Cioas\\vendor\\laravel\\framework\\src\\Illuminate\\Foundation\\Http\\Middleware\\TransformsRequest.php(21): Illuminate\\Pipeline\\Pipeline->Illuminate\\Pipeline\\{closure}(Object(Illuminate\\Http\\Request))
#38 C:\\xampp\\htdocs\\Cioas\\vendor\\laravel\\framework\\src\\Illuminate\\Foundation\\Http\\Middleware\\ConvertEmptyStringsToNull.php(31): Illuminate\\Foundation\\Http\\Middleware\\TransformsRequest->handle(Object(Illuminate\\Http\\Request), Object(Closure))
#39 C:\\xampp\\htdocs\\Cioas\\vendor\\laravel\\framework\\src\\Illuminate\\Pipeline\\Pipeline.php(167): Illuminate\\Foundation\\Http\\Middleware\\ConvertEmptyStringsToNull->handle(Object(Illuminate\\Http\\Request), Object(Closure))
#40 C:\\xampp\\htdocs\\Cioas\\vendor\\laravel\\framework\\src\\Illuminate\\Foundation\\Http\\Middleware\\TransformsRequest.php(21): Illuminate\\Pipeline\\Pipeline->Illuminate\\Pipeline\\{closure}(Object(Illuminate\\Http\\Request))
#41 C:\\xampp\\htdocs\\Cioas\\vendor\\laravel\\framework\\src\\Illuminate\\Foundation\\Http\\Middleware\\TrimStrings.php(40): Illuminate\\Foundation\\Http\\Middleware\\TransformsRequest->handle(Object(Illuminate\\Http\\Request), Object(Closure))
#42 C:\\xampp\\htdocs\\Cioas\\vendor\\laravel\\framework\\src\\Illuminate\\Pipeline\\Pipeline.php(167): Illuminate\\Foundation\\Http\\Middleware\\TrimStrings->handle(Object(Illuminate\\Http\\Request), Object(Closure))
#43 C:\\xampp\\htdocs\\Cioas\\vendor\\laravel\\framework\\src\\Illuminate\\Foundation\\Http\\Middleware\\ValidatePostSize.php(27): Illuminate\\Pipeline\\Pipeline->Illuminate\\Pipeline\\{closure}(Object(Illuminate\\Http\\Request))
#44 C:\\xampp\\htdocs\\Cioas\\vendor\\laravel\\framework\\src\\Illuminate\\Pipeline\\Pipeline.php(167): Illuminate\\Foundation\\Http\\Middleware\\ValidatePostSize->handle(Object(Illuminate\\Http\\Request), Object(Closure))
#45 C:\\xampp\\htdocs\\Cioas\\vendor\\laravel\\framework\\src\\Illuminate\\Foundation\\Http\\Middleware\\PreventRequestsDuringMaintenance.php(86): Illuminate\\Pipeline\\Pipeline->Illuminate\\Pipeline\\{closure}(Object(Illuminate\\Http\\Request))
#46 C:\\xampp\\htdocs\\Cioas\\vendor\\laravel\\framework\\src\\Illuminate\\Pipeline\\Pipeline.php(167): Illuminate\\Foundation\\Http\\Middleware\\PreventRequestsDuringMaintenance->handle(Object(Illuminate\\Http\\Request), Object(Closure))
#47 C:\\xampp\\htdocs\\Cioas\\vendor\\fruitcake\\laravel-cors\\src\\HandleCors.php(38): Illuminate\\Pipeline\\Pipeline->Illuminate\\Pipeline\\{closure}(Object(Illuminate\\Http\\Request))
#48 C:\\xampp\\htdocs\\Cioas\\vendor\\laravel\\framework\\src\\Illuminate\\Pipeline\\Pipeline.php(167): Fruitcake\\Cors\\HandleCors->handle(Object(Illuminate\\Http\\Request), Object(Closure))
#49 C:\\xampp\\htdocs\\Cioas\\vendor\\laravel\\framework\\src\\Illuminate\\Http\\Middleware\\TrustProxies.php(39): Illuminate\\Pipeline\\Pipeline->Illuminate\\Pipeline\\{closure}(Object(Illuminate\\Http\\Request))
#50 C:\\xampp\\htdocs\\Cioas\\vendor\\laravel\\framework\\src\\Illuminate\\Pipeline\\Pipeline.php(167): Illuminate\\Http\\Middleware\\TrustProxies->handle(Object(Illuminate\\Http\\Request), Object(Closure))
#51 C:\\xampp\\htdocs\\Cioas\\vendor\\laravel\\framework\\src\\Illuminate\\Pipeline\\Pipeline.php(103): Illuminate\\Pipeline\\Pipeline->Illuminate\\Pipeline\\{closure}(Object(Illuminate\\Http\\Request))
#52 C:\\xampp\\htdocs\\Cioas\\vendor\\laravel\\framework\\src\\Illuminate\\Foundation\\Http\\Kernel.php(142): Illuminate\\Pipeline\\Pipeline->then(Object(Closure))
#53 C:\\xampp\\htdocs\\Cioas\\vendor\\laravel\\framework\\src\\Illuminate\\Foundation\\Http\\Kernel.php(111): Illuminate\\Foundation\\Http\\Kernel->sendRequestThroughRouter(Object(Illuminate\\Http\\Request))
#54 C:\\xampp\\htdocs\\Cioas\\public\\index.php(51): Illuminate\\Foundation\\Http\\Kernel->handle(Object(Illuminate\\Http\\Request))
#55 C:\\xampp\\htdocs\\Cioas\\server.php(21): require_once('C:\\\\xampp\\\\htdocs...')
#56 {main}

[previous exception] [object] (ErrorException(code: 0): Attempt to read property \"en_name\" on null at C:\\xampp\\htdocs\\Cioas\\storage\\framework\\views\\8afc16f06c989179bba32e58dd7c40b5fc5882fe.php:107)
[stacktrace]
#0 C:\\xampp\\htdocs\\Cioas\\storage\\framework\\views\\8afc16f06c989179bba32e58dd7c40b5fc5882fe.php(107): Illuminate\\Foundation\\Bootstrap\\HandleExceptions->handleError(2, 'Attempt to read...', 'C:\\\\xampp\\\\htdocs...', 107)
#1 C:\\xampp\\htdocs\\Cioas\\vendor\\laravel\\framework\\src\\Illuminate\\Filesystem\\Filesystem.php(107): require('C:\\\\xampp\\\\htdocs...')
#2 C:\\xampp\\htdocs\\Cioas\\vendor\\laravel\\framework\\src\\Illuminate\\Filesystem\\Filesystem.php(108): Illuminate\\Filesystem\\Filesystem::Illuminate\\Filesystem\\{closure}()
#3 C:\\xampp\\htdocs\\Cioas\\vendor\\laravel\\framework\\src\\Illuminate\\View\\Engines\\PhpEngine.php(58): Illuminate\\Filesystem\\Filesystem->getRequire('C:\\\\xampp\\\\htdocs...', Array)
#4 C:\\xampp\\htdocs\\Cioas\\vendor\\laravel\\framework\\src\\Illuminate\\View\\Engines\\CompilerEngine.php(61): Illuminate\\View\\Engines\\PhpEngine->evaluatePath('C:\\\\xampp\\\\htdocs...', Array)
#5 C:\\xampp\\htdocs\\Cioas\\vendor\\facade\\ignition\\src\\Views\\Engines\\CompilerEngine.php(37): Illuminate\\View\\Engines\\CompilerEngine->get('C:\\\\xampp\\\\htdocs...', Array)
#6 C:\\xampp\\htdocs\\Cioas\\vendor\\laravel\\framework\\src\\Illuminate\\View\\View.php(139): Facade\\Ignition\\Views\\Engines\\CompilerEngine->get('C:\\\\xampp\\\\htdocs...', Array)
#7 C:\\xampp\\htdocs\\Cioas\\vendor\\laravel\\framework\\src\\Illuminate\\View\\View.php(122): Illuminate\\View\\View->getContents()
#8 C:\\xampp\\htdocs\\Cioas\\vendor\\laravel\\framework\\src\\Illuminate\\View\\View.php(91): Illuminate\\View\\View->renderContents()
#9 C:\\xampp\\htdocs\\Cioas\\vendor\\laravel\\framework\\src\\Illuminate\\Http\\Response.php(69): Illuminate\\View\\View->render()
#10 C:\\xampp\\htdocs\\Cioas\\vendor\\laravel\\framework\\src\\Illuminate\\Http\\Response.php(35): Illuminate\\Http\\Response->setContent(Object(Illuminate\\View\\View))
#11 C:\\xampp\\htdocs\\Cioas\\vendor\\laravel\\framework\\src\\Illuminate\\Routing\\Router.php(820): Illuminate\\Http\\Response->__construct(Object(Illuminate\\View\\View), 200, Array)
#12 C:\\xampp\\htdocs\\Cioas\\vendor\\laravel\\framework\\src\\Illuminate\\Routing\\Router.php(789): Illuminate\\Routing\\Router::toResponse(Object(Illuminate\\Http\\Request), Object(Illuminate\\View\\View))
#13 C:\\xampp\\htdocs\\Cioas\\vendor\\laravel\\framework\\src\\Illuminate\\Routing\\Router.php(720): Illuminate\\Routing\\Router->prepareResponse(Object(Illuminate\\Http\\Request), Object(Illuminate\\View\\View))
#14 C:\\xampp\\htdocs\\Cioas\\vendor\\laravel\\framework\\src\\Illuminate\\Pipeline\\Pipeline.php(128): Illuminate\\Routing\\Router->Illuminate\\Routing\\{closure}(Object(Illuminate\\Http\\Request))
#15 C:\\xampp\\htdocs\\Cioas\\vendor\\laravel\\framework\\src\\Illuminate\\Routing\\Middleware\\SubstituteBindings.php(50): Illuminate\\Pipeline\\Pipeline->Illuminate\\Pipeline\\{closure}(Object(Illuminate\\Http\\Request))
#16 C:\\xampp\\htdocs\\Cioas\\vendor\\laravel\\framework\\src\\Illuminate\\Pipeline\\Pipeline.php(167): Illuminate\\Routing\\Middleware\\SubstituteBindings->handle(Object(Illuminate\\Http\\Request), Object(Closure))
#17 C:\\xampp\\htdocs\\Cioas\\vendor\\laravel\\framework\\src\\Illuminate\\Auth\\Middleware\\Authenticate.php(44): Illuminate\\Pipeline\\Pipeline->Illuminate\\Pipeline\\{closure}(Object(Illuminate\\Http\\Request))
#18 C:\\xampp\\htdocs\\Cioas\\vendor\\laravel\\framework\\src\\Illuminate\\Pipeline\\Pipeline.php(167): Illuminate\\Auth\\Middleware\\Authenticate->handle(Object(Illuminate\\Http\\Request), Object(Closure))
#19 C:\\xampp\\htdocs\\Cioas\\vendor\\laravel\\framework\\src\\Illuminate\\Foundation\\Http\\Middleware\\VerifyCsrfToken.php(78): Illuminate\\Pipeline\\Pipeline->Illuminate\\Pipeline\\{closure}(Object(Illuminate\\Http\\Request))
#20 C:\\xampp\\htdocs\\Cioas\\vendor\\laravel\\framework\\src\\Illuminate\\Pipeline\\Pipeline.php(167): Illuminate\\Foundation\\Http\\Middleware\\VerifyCsrfToken->handle(Object(Illuminate\\Http\\Request), Object(Closure))
#21 C:\\xampp\\htdocs\\Cioas\\vendor\\laravel\\framework\\src\\Illuminate\\View\\Middleware\\ShareErrorsFromSession.php(49): Illuminate\\Pipeline\\Pipeline->Illuminate\\Pipeline\\{closure}(Object(Illuminate\\Http\\Request))
#22 C:\\xampp\\htdocs\\Cioas\\vendor\\laravel\\framework\\src\\Illuminate\\Pipeline\\Pipeline.php(167): Illuminate\\View\\Middleware\\ShareErrorsFromSession->handle(Object(Illuminate\\Http\\Request), Object(Closure))
#23 C:\\xampp\\htdocs\\Cioas\\vendor\\laravel\\framework\\src\\Illuminate\\Session\\Middleware\\StartSession.php(121): Illuminate\\Pipeline\\Pipeline->Illuminate\\Pipeline\\{closure}(Object(Illuminate\\Http\\Request))
#24 C:\\xampp\\htdocs\\Cioas\\vendor\\laravel\\framework\\src\\Illuminate\\Session\\Middleware\\StartSession.php(64): Illuminate\\Session\\Middleware\\StartSession->handleStatefulRequest(Object(Illuminate\\Http\\Request), Object(Illuminate\\Session\\Store), Object(Closure))
#25 C:\\xampp\\htdocs\\Cioas\\vendor\\laravel\\framework\\src\\Illuminate\\Pipeline\\Pipeline.php(167): Illuminate\\Session\\Middleware\\StartSession->handle(Object(Illuminate\\Http\\Request), Object(Closure))
#26 C:\\xampp\\htdocs\\Cioas\\vendor\\laravel\\framework\\src\\Illuminate\\Cookie\\Middleware\\AddQueuedCookiesToResponse.php(37): Illuminate\\Pipeline\\Pipeline->Illuminate\\Pipeline\\{closure}(Object(Illuminate\\Http\\Request))
#27 C:\\xampp\\htdocs\\Cioas\\vendor\\laravel\\framework\\src\\Illuminate\\Pipeline\\Pipeline.php(167): Illuminate\\Cookie\\Middleware\\AddQueuedCookiesToResponse->handle(Object(Illuminate\\Http\\Request), Object(Closure))
#28 C:\\xampp\\htdocs\\Cioas\\vendor\\laravel\\framework\\src\\Illuminate\\Cookie\\Middleware\\EncryptCookies.php(67): Illuminate\\Pipeline\\Pipeline->Illuminate\\Pipeline\\{closure}(Object(Illuminate\\Http\\Request))
#29 C:\\xampp\\htdocs\\Cioas\\vendor\\laravel\\framework\\src\\Illuminate\\Pipeline\\Pipeline.php(167): Illuminate\\Cookie\\Middleware\\EncryptCookies->handle(Object(Illuminate\\Http\\Request), Object(Closure))
#30 C:\\xampp\\htdocs\\Cioas\\vendor\\laravel\\framework\\src\\Illuminate\\Pipeline\\Pipeline.php(103): Illuminate\\Pipeline\\Pipeline->Illuminate\\Pipeline\\{closure}(Object(Illuminate\\Http\\Request))
#31 C:\\xampp\\htdocs\\Cioas\\vendor\\laravel\\framework\\src\\Illuminate\\Routing\\Router.php(719): Illuminate\\Pipeline\\Pipeline->then(Object(Closure))
#32 C:\\xampp\\htdocs\\Cioas\\vendor\\laravel\\framework\\src\\Illuminate\\Routing\\Router.php(698): Illuminate\\Routing\\Router->runRouteWithinStack(Object(Illuminate\\Routing\\Route), Object(Illuminate\\Http\\Request))
#33 C:\\xampp\\htdocs\\Cioas\\vendor\\laravel\\framework\\src\\Illuminate\\Routing\\Router.php(662): Illuminate\\Routing\\Router->runRoute(Object(Illuminate\\Http\\Request), Object(Illuminate\\Routing\\Route))
#34 C:\\xampp\\htdocs\\Cioas\\vendor\\laravel\\framework\\src\\Illuminate\\Routing\\Router.php(651): Illuminate\\Routing\\Router->dispatchToRoute(Object(Illuminate\\Http\\Request))
#35 C:\\xampp\\htdocs\\Cioas\\vendor\\laravel\\framework\\src\\Illuminate\\Foundation\\Http\\Kernel.php(167): Illuminate\\Routing\\Router->dispatch(Object(Illuminate\\Http\\Request))
#36 C:\\xampp\\htdocs\\Cioas\\vendor\\laravel\\framework\\src\\Illuminate\\Pipeline\\Pipeline.php(128): Illuminate\\Foundation\\Http\\Kernel->Illuminate\\Foundation\\Http\\{closure}(Object(Illuminate\\Http\\Request))
#37 C:\\xampp\\htdocs\\Cioas\\vendor\\laravel\\framework\\src\\Illuminate\\Foundation\\Http\\Middleware\\TransformsRequest.php(21): Illuminate\\Pipeline\\Pipeline->Illuminate\\Pipeline\\{closure}(Object(Illuminate\\Http\\Request))
#38 C:\\xampp\\htdocs\\Cioas\\vendor\\laravel\\framework\\src\\Illuminate\\Foundation\\Http\\Middleware\\ConvertEmptyStringsToNull.php(31): Illuminate\\Foundation\\Http\\Middleware\\TransformsRequest->handle(Object(Illuminate\\Http\\Request), Object(Closure))
#39 C:\\xampp\\htdocs\\Cioas\\vendor\\laravel\\framework\\src\\Illuminate\\Pipeline\\Pipeline.php(167): Illuminate\\Foundation\\Http\\Middleware\\ConvertEmptyStringsToNull->handle(Object(Illuminate\\Http\\Request), Object(Closure))
#40 C:\\xampp\\htdocs\\Cioas\\vendor\\laravel\\framework\\src\\Illuminate\\Foundation\\Http\\Middleware\\TransformsRequest.php(21): Illuminate\\Pipeline\\Pipeline->Illuminate\\Pipeline\\{closure}(Object(Illuminate\\Http\\Request))
#41 C:\\xampp\\htdocs\\Cioas\\vendor\\laravel\\framework\\src\\Illuminate\\Foundation\\Http\\Middleware\\TrimStrings.php(40): Illuminate\\Foundation\\Http\\Middleware\\TransformsRequest->handle(Object(Illuminate\\Http\\Request), Object(Closure))
#42 C:\\xampp\\htdocs\\Cioas\\vendor\\laravel\\framework\\src\\Illuminate\\Pipeline\\Pipeline.php(167): Illuminate\\Foundation\\Http\\Middleware\\TrimStrings->handle(Object(Illuminate\\Http\\Request), Object(Closure))
#43 C:\\xampp\\htdocs\\Cioas\\vendor\\laravel\\framework\\src\\Illuminate\\Foundation\\Http\\Middleware\\ValidatePostSize.php(27): Illuminate\\Pipeline\\Pipeline->Illuminate\\Pipeline\\{closure}(Object(Illuminate\\Http\\Request))
#44 C:\\xampp\\htdocs\\Cioas\\vendor\\laravel\\framework\\src\\Illuminate\\Pipeline\\Pipeline.php(167): Illuminate\\Foundation\\Http\\Middleware\\ValidatePostSize->handle(Object(Illuminate\\Http\\Request), Object(Closure))
#45 C:\\xampp\\htdocs\\Cioas\\vendor\\laravel\\framework\\src\\Illuminate\\Foundation\\Http\\Middleware\\PreventRequestsDuringMaintenance.php(86): Illuminate\\Pipeline\\Pipeline->Illuminate\\Pipeline\\{closure}(Object(Illuminate\\Http\\Request))
#46 C:\\xampp\\htdocs\\Cioas\\vendor\\laravel\\framework\\src\\Illuminate\\Pipeline\\Pipeline.php(167): Illuminate\\Foundation\\Http\\Middleware\\PreventRequestsDuringMaintenance->handle(Object(Illuminate\\Http\\Request), Object(Closure))
#47 C:\\xampp\\htdocs\\Cioas\\vendor\\fruitcake\\laravel-cors\\src\\HandleCors.php(38): Illuminate\\Pipeline\\Pipeline->Illuminate\\Pipeline\\{closure}(Object(Illuminate\\Http\\Request))
#48 C:\\xampp\\htdocs\\Cioas\\vendor\\laravel\\framework\\src\\Illuminate\\Pipeline\\Pipeline.php(167): Fruitcake\\Cors\\HandleCors->handle(Object(Illuminate\\Http\\Request), Object(Closure))
#49 C:\\xampp\\htdocs\\Cioas\\vendor\\laravel\\framework\\src\\Illuminate\\Http\\Middleware\\TrustProxies.php(39): Illuminate\\Pipeline\\Pipeline->Illuminate\\Pipeline\\{closure}(Object(Illuminate\\Http\\Request))
#50 C:\\xampp\\htdocs\\Cioas\\vendor\\laravel\\framework\\src\\Illuminate\\Pipeline\\Pipeline.php(167): Illuminate\\Http\\Middleware\\TrustProxies->handle(Object(Illuminate\\Http\\Request), Object(Closure))
#51 C:\\xampp\\htdocs\\Cioas\\vendor\\laravel\\framework\\src\\Illuminate\\Pipeline\\Pipeline.php(103): Illuminate\\Pipeline\\Pipeline->Illuminate\\Pipeline\\{closure}(Object(Illuminate\\Http\\Request))
#52 C:\\xampp\\htdocs\\Cioas\\vendor\\laravel\\framework\\src\\Illuminate\\Foundation\\Http\\Kernel.php(142): Illuminate\\Pipeline\\Pipeline->then(Object(Closure))
#53 C:\\xampp\\htdocs\\Cioas\\vendor\\laravel\\framework\\src\\Illuminate\\Foundation\\Http\\Kernel.php(111): Illuminate\\Foundation\\Http\\Kernel->sendRequestThroughRouter(Object(Illuminate\\Http\\Request))
#54 C:\\xampp\\htdocs\\Cioas\\public\\index.php(51): Illuminate\\Foundation\\Http\\Kernel->handle(Object(Illuminate\\Http\\Request))
#55 C:\\xampp\\htdocs\\Cioas\\server.php(21): require_once('C:\\\\xampp\\\\htdocs...')
#56 {main}
"} 
[2026-05-06 07:28:42] local.ERROR: Attempt to read property "en_name" on null (View: C:\xampp\htdocs\Cioas\resources\views\backend\pages\hotel-restaurant\index.blade.php) {"view":{"view":"C:\\xampp\\htdocs\\Cioas\\resources\\views/backend/pages/hotel-restaurant/index.blade.php","data":{"errors":"<pre class=sf-dump id=sf-dump-219834438 data-indent-pad=\"  \"><span class=sf-dump-note>Illuminate\\Support\\ViewErrorBag</span> {<a class=sf-dump-ref>#2123</a><samp data-depth=1 class=sf-dump-expanded>
  #<span class=sf-dump-protected title=\"Protected property\">bags</span>: []
</samp>}
</pre><script>Sfdump(\"sf-dump-219834438\", {\"maxDepth\":3,\"maxStringLength\":160})</script>
","organizations":"<pre class=sf-dump id=sf-dump-1429566807 data-indent-pad=\"  \"><span class=sf-dump-note>Illuminate\\Database\\Eloquent\\Collection</span> {<a class=sf-dump-ref>#2164</a><samp data-depth=1 class=sf-dump-expanded>
  #<span class=sf-dump-protected title=\"Protected property\">items</span>: <span class=sf-dump-note>array:14</span> [<samp data-depth=2 class=sf-dump-compact>
    <span class=sf-dump-index>0</span> => <span class=sf-dump-note title=\"App\\Models\\HotelRestaurant\\HotelRestaurant
\"><span class=\"sf-dump-ellipsis sf-dump-ellipsis-note\">App\\Models\\HotelRestaurant</span><span class=\"sf-dump-ellipsis sf-dump-ellipsis-note\">\\</span>HotelRestaurant</span> {<a class=sf-dump-ref>#2171</a><samp data-depth=3 class=sf-dump-compact>
      #<span class=sf-dump-protected title=\"Protected property\">connection</span>: \"<span class=sf-dump-str title=\"5 characters\">mysql</span>\"
      #<span class=sf-dump-protected title=\"Protected property\">table</span>: \"<span class=sf-dump-str title=\"17 characters\">hotel_restaurants</span>\"
      #<span class=sf-dump-protected title=\"Protected property\">primaryKey</span>: \"<span class=sf-dump-str title=\"2 characters\">id</span>\"
      #<span class=sf-dump-protected title=\"Protected property\">keyType</span>: \"<span class=sf-dump-str title=\"3 characters\">int</span>\"
      +<span class=sf-dump-public title=\"Public property\">incrementing</span>: <span class=sf-dump-const>true</span>
      #<span class=sf-dump-protected title=\"Protected property\">with</span>: []
      #<span class=sf-dump-protected title=\"Protected property\">withCount</span>: []
      +<span class=sf-dump-public title=\"Public property\">preventsLazyLoading</span>: <span class=sf-dump-const>false</span>
      #<span class=sf-dump-protected title=\"Protected property\">perPage</span>: <span class=sf-dump-num>15</span>
      +<span class=sf-dump-public title=\"Public property\">exists</span>: <span class=sf-dump-const>true</span>
      +<span class=sf-dump-public title=\"Public property\">wasRecentlyCreated</span>: <span class=sf-dump-const>false</span>
      #<span class=sf-dump-protected title=\"Protected property\">escapeWhenCastingToString</span>: <span class=sf-dump-const>false</span>
      #<span class=sf-dump-protected title=\"Protected property\">attributes</span>: <span class=sf-dump-note>array:46</span> [ &#8230;46]
      #<span class=sf-dump-protected title=\"Protected property\">original</span>: <span class=sf-dump-note>array:46</span> [ &#8230;46]
      #<span class=sf-dump-protected title=\"Protected property\">changes</span>: []
      #<span class=sf-dump-protected title=\"Protected property\">casts</span>: []
      #<span class=sf-dump-protected title=\"Protected property\">classCastCache</span>: []
      #<span class=sf-dump-protected title=\"Protected property\">attributeCastCache</span>: []
      #<span class=sf-dump-protected title=\"Protected property\">dates</span>: []
      #<span class=sf-dump-protected title=\"Protected property\">dateFormat</span>: <span class=sf-dump-const>null</span>
      #<span class=sf-dump-protected title=\"Protected property\">appends</span>: []
      #<span class=sf-dump-protected title=\"Protected property\">dispatchesEvents</span>: []
      #<span class=sf-dump-protected title=\"Protected property\">observables</span>: []
      #<span class=sf-dump-protected title=\"Protected property\">relations</span>: <span class=sf-dump-note>array:2</span> [ &#8230;2]
      #<span class=sf-dump-protected title=\"Protected property\">touches</span>: []
      +<span class=sf-dump-public title=\"Public property\">timestamps</span>: <span class=sf-dump-const>true</span>
      #<span class=sf-dump-protected title=\"Protected property\">hidden</span>: []
      #<span class=sf-dump-protected title=\"Protected property\">visible</span>: []
      #<span class=sf-dump-protected title=\"Protected property\">fillable</span>: <span class=sf-dump-note>array:37</span> [ &#8230;37]
      #<span class=sf-dump-protected title=\"Protected property\">guarded</span>: <span class=sf-dump-note>array:1</span> [ &#8230;1]
    </samp>}
    <span class=sf-dump-index>1</span> => <span class=sf-dump-note title=\"App\\Models\\HotelRestaurant\\HotelRestaurant
\"><span class=\"sf-dump-ellipsis sf-dump-ellipsis-note\">App\\Models\\HotelRestaurant</span><span class=\"sf-dump-ellipsis sf-dump-ellipsis-note\">\\</span>HotelRestaurant</span> {<a class=sf-dump-ref>#2172</a><samp data-depth=3 class=sf-dump-compact>
      #<span class=sf-dump-protected title=\"Protected property\">connection</span>: \"<span class=sf-dump-str title=\"5 characters\">mysql</span>\"
      #<span class=sf-dump-protected title=\"Protected property\">table</span>: \"<span class=sf-dump-str title=\"17 characters\">hotel_restaurants</span>\"
      #<span class=sf-dump-protected title=\"Protected property\">primaryKey</span>: \"<span class=sf-dump-str title=\"2 characters\">id</span>\"
      #<span class=sf-dump-protected title=\"Protected property\">keyType</span>: \"<span class=sf-dump-str title=\"3 characters\">int</span>\"
      +<span class=sf-dump-public title=\"Public property\">incrementing</span>: <span class=sf-dump-const>true</span>
      #<span class=sf-dump-protected title=\"Protected property\">with</span>: []
      #<span class=sf-dump-protected title=\"Protected property\">withCount</span>: []
      +<span class=sf-dump-public title=\"Public property\">preventsLazyLoading</span>: <span class=sf-dump-const>false</span>
      #<span class=sf-dump-protected title=\"Protected property\">perPage</span>: <span class=sf-dump-num>15</span>
      +<span class=sf-dump-public title=\"Public property\">exists</span>: <span class=sf-dump-const>true</span>
      +<span class=sf-dump-public title=\"Public property\">wasRecentlyCreated</span>: <span class=sf-dump-const>false</span>
      #<span class=sf-dump-protected title=\"Protected property\">escapeWhenCastingToString</span>: <span class=sf-dump-const>false</span>
      #<span class=sf-dump-protected title=\"Protected property\">attributes</span>: <span class=sf-dump-note>array:46</span> [ &#8230;46]
      #<span class=sf-dump-protected title=\"Protected property\">original</span>: <span class=sf-dump-note>array:46</span> [ &#8230;46]
      #<span class=sf-dump-protected title=\"Protected property\">changes</span>: []
      #<span class=sf-dump-protected title=\"Protected property\">casts</span>: []
      #<span class=sf-dump-protected title=\"Protected property\">classCastCache</span>: []
      #<span class=sf-dump-protected title=\"Protected property\">attributeCastCache</span>: []
      #<span class=sf-dump-protected title=\"Protected property\">dates</span>: []
      #<span class=sf-dump-protected title=\"Protected property\">dateFormat</span>: <span class=sf-dump-const>null</span>
      #<span class=sf-dump-protected title=\"Protected property\">appends</span>: []
      #<span class=sf-dump-protected title=\"Protected property\">dispatchesEvents</span>: []
      #<span class=sf-dump-protected title=\"Protected property\">observables</span>: []
      #<span class=sf-dump-protected title=\"Protected property\">relations</span>: <span class=sf-dump-note>array:1</span> [ &#8230;1]
      #<span class=sf-dump-protected title=\"Protected property\">touches</span>: []
      +<span class=sf-dump-public title=\"Public property\">timestamps</span>: <span class=sf-dump-const>true</span>
      #<span class=sf-dump-protected title=\"Protected property\">hidden</span>: []
      #<span class=sf-dump-protected title=\"Protected property\">visible</span>: []
      #<span class=sf-dump-protected title=\"Protected property\">fillable</span>: <span class=sf-dump-note>array:37</span> [ &#8230;37]
      #<span class=sf-dump-protected title=\"Protected property\">guarded</span>: <span class=sf-dump-note>array:1</span> [ &#8230;1]
    </samp>}
    <span class=sf-dump-index>2</span> => <span class=sf-dump-note title=\"App\\Models\\HotelRestaurant\\HotelRestaurant
\"><span class=\"sf-dump-ellipsis sf-dump-ellipsis-note\">App\\Models\\HotelRestaurant</span><span class=\"sf-dump-ellipsis sf-dump-ellipsis-note\">\\</span>HotelRestaurant</span> {<a class=sf-dump-ref>#2173</a><samp data-depth=3 class=sf-dump-compact>
      #<span class=sf-dump-protected title=\"Protected property\">connection</span>: \"<span class=sf-dump-str title=\"5 characters\">mysql</span>\"
      #<span class=sf-dump-protected title=\"Protected property\">table</span>: \"<span class=sf-dump-str title=\"17 characters\">hotel_restaurants</span>\"
      #<span class=sf-dump-protected title=\"Protected property\">primaryKey</span>: \"<span class=sf-dump-str title=\"2 characters\">id</span>\"
      #<span class=sf-dump-protected title=\"Protected property\">keyType</span>: \"<span class=sf-dump-str title=\"3 characters\">int</span>\"
      +<span class=sf-dump-public title=\"Public property\">incrementing</span>: <span class=sf-dump-const>true</span>
      #<span class=sf-dump-protected title=\"Protected property\">with</span>: []
      #<span class=sf-dump-protected title=\"Protected property\">withCount</span>: []
      +<span class=sf-dump-public title=\"Public property\">preventsLazyLoading</span>: <span class=sf-dump-const>false</span>
      #<span class=sf-dump-protected title=\"Protected property\">perPage</span>: <span class=sf-dump-num>15</span>
      +<span class=sf-dump-public title=\"Public property\">exists</span>: <span class=sf-dump-const>true</span>
      +<span class=sf-dump-public title=\"Public property\">wasRecentlyCreated</span>: <span class=sf-dump-const>false</span>
      #<span class=sf-dump-protected title=\"Protected property\">escapeWhenCastingToString</span>: <span class=sf-dump-const>false</span>
      #<span class=sf-dump-protected title=\"Protected property\">attributes</span>: <span class=sf-dump-note>array:46</span> [ &#8230;46]
      #<span class=sf-dump-protected title=\"Protected property\">original</span>: <span class=sf-dump-note>array:46</span> [ &#8230;46]
      #<span class=sf-dump-protected title=\"Protected property\">changes</span>: []
      #<span class=sf-dump-protected title=\"Protected property\">casts</span>: []
      #<span class=sf-dump-protected title=\"Protected property\">classCastCache</span>: []
      #<span class=sf-dump-protected title=\"Protected property\">attributeCastCache</span>: []
      #<span class=sf-dump-protected title=\"Protected property\">dates</span>: []
      #<span class=sf-dump-protected title=\"Protected property\">dateFormat</span>: <span class=sf-dump-const>null</span>
      #<span class=sf-dump-protected title=\"Protected property\">appends</span>: []
      #<span class=sf-dump-protected title=\"Protected property\">dispatchesEvents</span>: []
      #<span class=sf-dump-protected title=\"Protected property\">observables</span>: []
      #<span class=sf-dump-protected title=\"Protected property\">relations</span>: <span class=sf-dump-note>array:1</span> [ &#8230;1]
      #<span class=sf-dump-protected title=\"Protected property\">touches</span>: []
      +<span class=sf-dump-public title=\"Public property\">timestamps</span>: <span class=sf-dump-const>true</span>
      #<span class=sf-dump-protected title=\"Protected property\">hidden</span>: []
      #<span class=sf-dump-protected title=\"Protected property\">visible</span>: []
      #<span class=sf-dump-protected title=\"Protected property\">fillable</span>: <span class=sf-dump-note>array:37</span> [ &#8230;37]
      #<span class=sf-dump-protected title=\"Protected property\">guarded</span>: <span class=sf-dump-note>array:1</span> [ &#8230;1]
    </samp>}
    <span class=sf-dump-index>3</span> => <span class=sf-dump-note title=\"App\\Models\\HotelRestaurant\\HotelRestaurant
\"><span class=\"sf-dump-ellipsis sf-dump-ellipsis-note\">App\\Models\\HotelRestaurant</span><span class=\"sf-dump-ellipsis sf-dump-ellipsis-note\">\\</span>HotelRestaurant</span> {<a class=sf-dump-ref>#2174</a><samp data-depth=3 class=sf-dump-compact>
      #<span class=sf-dump-protected title=\"Protected property\">connection</span>: \"<span class=sf-dump-str title=\"5 characters\">mysql</span>\"
      #<span class=sf-dump-protected title=\"Protected property\">table</span>: \"<span class=sf-dump-str title=\"17 characters\">hotel_restaurants</span>\"
      #<span class=sf-dump-protected title=\"Protected property\">primaryKey</span>: \"<span class=sf-dump-str title=\"2 characters\">id</span>\"
      #<span class=sf-dump-protected title=\"Protected property\">keyType</span>: \"<span class=sf-dump-str title=\"3 characters\">int</span>\"
      +<span class=sf-dump-public title=\"Public property\">incrementing</span>: <span class=sf-dump-const>true</span>
      #<span class=sf-dump-protected title=\"Protected property\">with</span>: []
      #<span class=sf-dump-protected title=\"Protected property\">withCount</span>: []
      +<span class=sf-dump-public title=\"Public property\">preventsLazyLoading</span>: <span class=sf-dump-const>false</span>
      #<span class=sf-dump-protected title=\"Protected property\">perPage</span>: <span class=sf-dump-num>15</span>
      +<span class=sf-dump-public title=\"Public property\">exists</span>: <span class=sf-dump-const>true</span>
      +<span class=sf-dump-public title=\"Public property\">wasRecentlyCreated</span>: <span class=sf-dump-const>false</span>
      #<span class=sf-dump-protected title=\"Protected property\">escapeWhenCastingToString</span>: <span class=sf-dump-const>false</span>
      #<span class=sf-dump-protected title=\"Protected property\">attributes</span>: <span class=sf-dump-note>array:46</span> [ &#8230;46]
      #<span class=sf-dump-protected title=\"Protected property\">original</span>: <span class=sf-dump-note>array:46</span> [ &#8230;46]
      #<span class=sf-dump-protected title=\"Protected property\">changes</span>: []
      #<span class=sf-dump-protected title=\"Protected property\">casts</span>: []
      #<span class=sf-dump-protected title=\"Protected property\">classCastCache</span>: []
      #<span class=sf-dump-protected title=\"Protected property\">attributeCastCache</span>: []
      #<span class=sf-dump-protected title=\"Protected property\">dates</span>: []
      #<span class=sf-dump-protected title=\"Protected property\">dateFormat</span>: <span class=sf-dump-const>null</span>
      #<span class=sf-dump-protected title=\"Protected property\">appends</span>: []
      #<span class=sf-dump-protected title=\"Protected property\">dispatchesEvents</span>: []
      #<span class=sf-dump-protected title=\"Protected property\">observables</span>: []
      #<span class=sf-dump-protected title=\"Protected property\">relations</span>: <span class=sf-dump-note>array:1</span> [ &#8230;1]
      #<span class=sf-dump-protected title=\"Protected property\">touches</span>: []
      +<span class=sf-dump-public title=\"Public property\">timestamps</span>: <span class=sf-dump-const>true</span>
      #<span class=sf-dump-protected title=\"Protected property\">hidden</span>: []
      #<span class=sf-dump-protected title=\"Protected property\">visible</span>: []
      #<span class=sf-dump-protected title=\"Protected property\">fillable</span>: <span class=sf-dump-note>array:37</span> [ &#8230;37]
      #<span class=sf-dump-protected title=\"Protected property\">guarded</span>: <span class=sf-dump-note>array:1</span> [ &#8230;1]
    </samp>}
    <span class=sf-dump-index>4</span> => <span class=sf-dump-note title=\"App\\Models\\HotelRestaurant\\HotelRestaurant
\"><span class=\"sf-dump-ellipsis sf-dump-ellipsis-note\">App\\Models\\HotelRestaurant</span><span class=\"sf-dump-ellipsis sf-dump-ellipsis-note\">\\</span>HotelRestaurant</span> {<a class=sf-dump-ref>#2175</a><samp data-depth=3 class=sf-dump-compact>
      #<span class=sf-dump-protected title=\"Protected property\">connection</span>: \"<span class=sf-dump-str title=\"5 characters\">mysql</span>\"
      #<span class=sf-dump-protected title=\"Protected property\">table</span>: \"<span class=sf-dump-str title=\"17 characters\">hotel_restaurants</span>\"
      #<span class=sf-dump-protected title=\"Protected property\">primaryKey</span>: \"<span class=sf-dump-str title=\"2 characters\">id</span>\"
      #<span class=sf-dump-protected title=\"Protected property\">keyType</span>: \"<span class=sf-dump-str title=\"3 characters\">int</span>\"
      +<span class=sf-dump-public title=\"Public property\">incrementing</span>: <span class=sf-dump-const>true</span>
      #<span class=sf-dump-protected title=\"Protected property\">with</span>: []
      #<span class=sf-dump-protected title=\"Protected property\">withCount</span>: []
      +<span class=sf-dump-public title=\"Public property\">preventsLazyLoading</span>: <span class=sf-dump-const>false</span>
      #<span class=sf-dump-protected title=\"Protected property\">perPage</span>: <span class=sf-dump-num>15</span>
      +<span class=sf-dump-public title=\"Public property\">exists</span>: <span class=sf-dump-const>true</span>
      +<span class=sf-dump-public title=\"Public property\">wasRecentlyCreated</span>: <span class=sf-dump-const>false</span>
      #<span class=sf-dump-protected title=\"Protected property\">escapeWhenCastingToString</span>: <span class=sf-dump-const>false</span>
      #<span class=sf-dump-protected title=\"Protected property\">attributes</span>: <span class=sf-dump-note>array:46</span> [ &#8230;46]
      #<span class=sf-dump-protected title=\"Protected property\">original</span>: <span class=sf-dump-note>array:46</span> [ &#8230;46]
      #<span class=sf-dump-protected title=\"Protected property\">changes</span>: []
      #<span class=sf-dump-protected title=\"Protected property\">casts</span>: []
      #<span class=sf-dump-protected title=\"Protected property\">classCastCache</span>: []
      #<span class=sf-dump-protected title=\"Protected property\">attributeCastCache</span>: []
      #<span class=sf-dump-protected title=\"Protected property\">dates</span>: []
      #<span class=sf-dump-protected title=\"Protected property\">dateFormat</span>: <span class=sf-dump-const>null</span>
      #<span class=sf-dump-protected title=\"Protected property\">appends</span>: []
      #<span class=sf-dump-protected title=\"Protected property\">dispatchesEvents</span>: []
      #<span class=sf-dump-protected title=\"Protected property\">observables</span>: []
      #<span class=sf-dump-protected title=\"Protected property\">relations</span>: <span class=sf-dump-note>array:1</span> [ &#8230;1]
      #<span class=sf-dump-protected title=\"Protected property\">touches</span>: []
      +<span class=sf-dump-public title=\"Public property\">timestamps</span>: <span class=sf-dump-const>true</span>
      #<span class=sf-dump-protected title=\"Protected property\">hidden</span>: []
      #<span class=sf-dump-protected title=\"Protected property\">visible</span>: []
      #<span class=sf-dump-protected title=\"Protected property\">fillable</span>: <span class=sf-dump-note>array:37</span> [ &#8230;37]
      #<span class=sf-dump-protected title=\"Protected property\">guarded</span>: <span class=sf-dump-note>array:1</span> [ &#8230;1]
    </samp>}
    <span class=sf-dump-index>5</span> => <span class=sf-dump-note title=\"App\\Models\\HotelRestaurant\\HotelRestaurant
\"><span class=\"sf-dump-ellipsis sf-dump-ellipsis-note\">App\\Models\\HotelRestaurant</span><span class=\"sf-dump-ellipsis sf-dump-ellipsis-note\">\\</span>HotelRestaurant</span> {<a class=sf-dump-ref>#2176</a><samp data-depth=3 class=sf-dump-compact>
      #<span class=sf-dump-protected title=\"Protected property\">connection</span>: \"<span class=sf-dump-str title=\"5 characters\">mysql</span>\"
      #<span class=sf-dump-protected title=\"Protected property\">table</span>: \"<span class=sf-dump-str title=\"17 characters\">hotel_restaurants</span>\"
      #<span class=sf-dump-protected title=\"Protected property\">primaryKey</span>: \"<span class=sf-dump-str title=\"2 characters\">id</span>\"
      #<span class=sf-dump-protected title=\"Protected property\">keyType</span>: \"<span class=sf-dump-str title=\"3 characters\">int</span>\"
      +<span class=sf-dump-public title=\"Public property\">incrementing</span>: <span class=sf-dump-const>true</span>
      #<span class=sf-dump-protected title=\"Protected property\">with</span>: []
      #<span class=sf-dump-protected title=\"Protected property\">withCount</span>: []
      +<span class=sf-dump-public title=\"Public property\">preventsLazyLoading</span>: <span class=sf-dump-const>false</span>
      #<span class=sf-dump-protected title=\"Protected property\">perPage</span>: <span class=sf-dump-num>15</span>
      +<span class=sf-dump-public title=\"Public property\">exists</span>: <span class=sf-dump-const>true</span>
      +<span class=sf-dump-public title=\"Public property\">wasRecentlyCreated</span>: <span class=sf-dump-const>false</span>
      #<span class=sf-dump-protected title=\"Protected property\">escapeWhenCastingToString</span>: <span class=sf-dump-const>false</span>
      #<span class=sf-dump-protected title=\"Protected property\">attributes</span>: <span class=sf-dump-note>array:46</span> [ &#8230;46]
      #<span class=sf-dump-protected title=\"Protected property\">original</span>: <span class=sf-dump-note>array:46</span> [ &#8230;46]
      #<span class=sf-dump-protected title=\"Protected property\">changes</span>: []
      #<span class=sf-dump-protected title=\"Protected property\">casts</span>: []
      #<span class=sf-dump-protected title=\"Protected property\">classCastCache</span>: []
      #<span class=sf-dump-protected title=\"Protected property\">attributeCastCache</span>: []
      #<span class=sf-dump-protected title=\"Protected property\">dates</span>: []
      #<span class=sf-dump-protected title=\"Protected property\">dateFormat</span>: <span class=sf-dump-const>null</span>
      #<span class=sf-dump-protected title=\"Protected property\">appends</span>: []
      #<span class=sf-dump-protected title=\"Protected property\">dispatchesEvents</span>: []
      #<span class=sf-dump-protected title=\"Protected property\">observables</span>: []
      #<span class=sf-dump-protected title=\"Protected property\">relations</span>: <span class=sf-dump-note>array:1</span> [ &#8230;1]
      #<span class=sf-dump-protected title=\"Protected property\">touches</span>: []
      +<span class=sf-dump-public title=\"Public property\">timestamps</span>: <span class=sf-dump-const>true</span>
      #<span class=sf-dump-protected title=\"Protected property\">hidden</span>: []
      #<span class=sf-dump-protected title=\"Protected property\">visible</span>: []
      #<span class=sf-dump-protected title=\"Protected property\">fillable</span>: <span class=sf-dump-note>array:37</span> [ &#8230;37]
      #<span class=sf-dump-protected title=\"Protected property\">guarded</span>: <span class=sf-dump-note>array:1</span> [ &#8230;1]
    </samp>}
    <span class=sf-dump-index>6</span> => <span class=sf-dump-note title=\"App\\Models\\HotelRestaurant\\HotelRestaurant
\"><span class=\"sf-dump-ellipsis sf-dump-ellipsis-note\">App\\Models\\HotelRestaurant</span><span class=\"sf-dump-ellipsis sf-dump-ellipsis-note\">\\</span>HotelRestaurant</span> {<a class=sf-dump-ref>#2177</a><samp data-depth=3 class=sf-dump-compact>
      #<span class=sf-dump-protected title=\"Protected property\">connection</span>: \"<span class=sf-dump-str title=\"5 characters\">mysql</span>\"
      #<span class=sf-dump-protected title=\"Protected property\">table</span>: \"<span class=sf-dump-str title=\"17 characters\">hotel_restaurants</span>\"
      #<span class=sf-dump-protected title=\"Protected property\">primaryKey</span>: \"<span class=sf-dump-str title=\"2 characters\">id</span>\"
      #<span class=sf-dump-protected title=\"Protected property\">keyType</span>: \"<span class=sf-dump-str title=\"3 characters\">int</span>\"
      +<span class=sf-dump-public title=\"Public property\">incrementing</span>: <span class=sf-dump-const>true</span>
      #<span class=sf-dump-protected title=\"Protected property\">with</span>: []
      #<span class=sf-dump-protected title=\"Protected property\">withCount</span>: []
      +<span class=sf-dump-public title=\"Public property\">preventsLazyLoading</span>: <span class=sf-dump-const>false</span>
      #<span class=sf-dump-protected title=\"Protected property\">perPage</span>: <span class=sf-dump-num>15</span>
      +<span class=sf-dump-public title=\"Public property\">exists</span>: <span class=sf-dump-const>true</span>
      +<span class=sf-dump-public title=\"Public property\">wasRecentlyCreated</span>: <span class=sf-dump-const>false</span>
      #<span class=sf-dump-protected title=\"Protected property\">escapeWhenCastingToString</span>: <span class=sf-dump-const>false</span>
      #<span class=sf-dump-protected title=\"Protected property\">attributes</span>: <span class=sf-dump-note>array:46</span> [ &#8230;46]
      #<span class=sf-dump-protected title=\"Protected property\">original</span>: <span class=sf-dump-note>array:46</span> [ &#8230;46]
      #<span class=sf-dump-protected title=\"Protected property\">changes</span>: []
      #<span class=sf-dump-protected title=\"Protected property\">casts</span>: []
      #<span class=sf-dump-protected title=\"Protected property\">classCastCache</span>: []
      #<span class=sf-dump-protected title=\"Protected property\">attributeCastCache</span>: []
      #<span class=sf-dump-protected title=\"Protected property\">dates</span>: []
      #<span class=sf-dump-protected title=\"Protected property\">dateFormat</span>: <span class=sf-dump-const>null</span>
      #<span class=sf-dump-protected title=\"Protected property\">appends</span>: []
      #<span class=sf-dump-protected title=\"Protected property\">dispatchesEvents</span>: []
      #<span class=sf-dump-protected title=\"Protected property\">observables</span>: []
      #<span class=sf-dump-protected title=\"Protected property\">relations</span>: <span class=sf-dump-note>array:1</span> [ &#8230;1]
      #<span class=sf-dump-protected title=\"Protected property\">touches</span>: []
      +<span class=sf-dump-public title=\"Public property\">timestamps</span>: <span class=sf-dump-const>true</span>
      #<span class=sf-dump-protected title=\"Protected property\">hidden</span>: []
      #<span class=sf-dump-protected title=\"Protected property\">visible</span>: []
      #<span class=sf-dump-protected title=\"Protected property\">fillable</span>: <span class=sf-dump-note>array:37</span> [ &#8230;37]
      #<span class=sf-dump-protected title=\"Protected property\">guarded</span>: <span class=sf-dump-note>array:1</span> [ &#8230;1]
    </samp>}
    <span class=sf-dump-index>7</span> => <span class=sf-dump-note title=\"App\\Models\\HotelRestaurant\\HotelRestaurant
\"><span class=\"sf-dump-ellipsis sf-dump-ellipsis-note\">App\\Models\\HotelRestaurant</span><span class=\"sf-dump-ellipsis sf-dump-ellipsis-note\">\\</span>HotelRestaurant</span> {<a class=sf-dump-ref>#2178</a><samp data-depth=3 class=sf-dump-compact>
      #<span class=sf-dump-protected title=\"Protected property\">connection</span>: \"<span class=sf-dump-str title=\"5 characters\">mysql</span>\"
      #<span class=sf-dump-protected title=\"Protected property\">table</span>: \"<span class=sf-dump-str title=\"17 characters\">hotel_restaurants</span>\"
      #<span class=sf-dump-protected title=\"Protected property\">primaryKey</span>: \"<span class=sf-dump-str title=\"2 characters\">id</span>\"
      #<span class=sf-dump-protected title=\"Protected property\">keyType</span>: \"<span class=sf-dump-str title=\"3 characters\">int</span>\"
      +<span class=sf-dump-public title=\"Public property\">incrementing</span>: <span class=sf-dump-const>true</span>
      #<span class=sf-dump-protected title=\"Protected property\">with</span>: []
      #<span class=sf-dump-protected title=\"Protected property\">withCount</span>: []
      +<span class=sf-dump-public title=\"Public property\">preventsLazyLoading</span>: <span class=sf-dump-const>false</span>
      #<span class=sf-dump-protected title=\"Protected property\">perPage</span>: <span class=sf-dump-num>15</span>
      +<span class=sf-dump-public title=\"Public property\">exists</span>: <span class=sf-dump-const>true</span>
      +<span class=sf-dump-public title=\"Public property\">wasRecentlyCreated</span>: <span class=sf-dump-const>false</span>
      #<span class=sf-dump-protected title=\"Protected property\">escapeWhenCastingToString</span>: <span class=sf-dump-const>false</span>
      #<span class=sf-dump-protected title=\"Protected property\">attributes</span>: <span class=sf-dump-note>array:46</span> [ &#8230;46]
      #<span class=sf-dump-protected title=\"Protected property\">original</span>: <span class=sf-dump-note>array:46</span> [ &#8230;46]
      #<span class=sf-dump-protected title=\"Protected property\">changes</span>: []
      #<span class=sf-dump-protected title=\"Protected property\">casts</span>: []
      #<span class=sf-dump-protected title=\"Protected property\">classCastCache</span>: []
      #<span class=sf-dump-protected title=\"Protected property\">attributeCastCache</span>: []
      #<span class=sf-dump-protected title=\"Protected property\">dates</span>: []
      #<span class=sf-dump-protected title=\"Protected property\">dateFormat</span>: <span class=sf-dump-const>null</span>
      #<span class=sf-dump-protected title=\"Protected property\">appends</span>: []
      #<span class=sf-dump-protected title=\"Protected property\">dispatchesEvents</span>: []
      #<span class=sf-dump-protected title=\"Protected property\">observables</span>: []
      #<span class=sf-dump-protected title=\"Protected property\">relations</span>: <span class=sf-dump-note>array:1</span> [ &#8230;1]
      #<span class=sf-dump-protected title=\"Protected property\">touches</span>: []
      +<span class=sf-dump-public title=\"Public property\">timestamps</span>: <span class=sf-dump-const>true</span>
      #<span class=sf-dump-protected title=\"Protected property\">hidden</span>: []
      #<span class=sf-dump-protected title=\"Protected property\">visible</span>: []
      #<span class=sf-dump-protected title=\"Protected property\">fillable</span>: <span class=sf-dump-note>array:37</span> [ &#8230;37]
      #<span class=sf-dump-protected title=\"Protected property\">guarded</span>: <span class=sf-dump-note>array:1</span> [ &#8230;1]
    </samp>}
    <span class=sf-dump-index>8</span> => <span class=sf-dump-note title=\"App\\Models\\HotelRestaurant\\HotelRestaurant
\"><span class=\"sf-dump-ellipsis sf-dump-ellipsis-note\">App\\Models\\HotelRestaurant</span><span class=\"sf-dump-ellipsis sf-dump-ellipsis-note\">\\</span>HotelRestaurant</span> {<a class=sf-dump-ref>#2179</a><samp data-depth=3 class=sf-dump-compact>
      #<span class=sf-dump-protected title=\"Protected property\">connection</span>: \"<span class=sf-dump-str title=\"5 characters\">mysql</span>\"
      #<span class=sf-dump-protected title=\"Protected property\">table</span>: \"<span class=sf-dump-str title=\"17 characters\">hotel_restaurants</span>\"
      #<span class=sf-dump-protected title=\"Protected property\">primaryKey</span>: \"<span class=sf-dump-str title=\"2 characters\">id</span>\"
      #<span class=sf-dump-protected title=\"Protected property\">keyType</span>: \"<span class=sf-dump-str title=\"3 characters\">int</span>\"
      +<span class=sf-dump-public title=\"Public property\">incrementing</span>: <span class=sf-dump-const>true</span>
      #<span class=sf-dump-protected title=\"Protected property\">with</span>: []
      #<span class=sf-dump-protected title=\"Protected property\">withCount</span>: []
      +<span class=sf-dump-public title=\"Public property\">preventsLazyLoading</span>: <span class=sf-dump-const>false</span>
      #<span class=sf-dump-protected title=\"Protected property\">perPage</span>: <span class=sf-dump-num>15</span>
      +<span class=sf-dump-public title=\"Public property\">exists</span>: <span class=sf-dump-const>true</span>
      +<span class=sf-dump-public title=\"Public property\">wasRecentlyCreated</span>: <span class=sf-dump-const>false</span>
      #<span class=sf-dump-protected title=\"Protected property\">escapeWhenCastingToString</span>: <span class=sf-dump-const>false</span>
      #<span class=sf-dump-protected title=\"Protected property\">attributes</span>: <span class=sf-dump-note>array:46</span> [ &#8230;46]
      #<span class=sf-dump-protected title=\"Protected property\">original</span>: <span class=sf-dump-note>array:46</span> [ &#8230;46]
      #<span class=sf-dump-protected title=\"Protected property\">changes</span>: []
      #<span class=sf-dump-protected title=\"Protected property\">casts</span>: []
      #<span class=sf-dump-protected title=\"Protected property\">classCastCache</span>: []
      #<span class=sf-dump-protected title=\"Protected property\">attributeCastCache</span>: []
      #<span class=sf-dump-protected title=\"Protected property\">dates</span>: []
      #<span class=sf-dump-protected title=\"Protected property\">dateFormat</span>: <span class=sf-dump-const>null</span>
      #<span class=sf-dump-protected title=\"Protected property\">appends</span>: []
      #<span class=sf-dump-protected title=\"Protected property\">dispatchesEvents</span>: []
      #<span class=sf-dump-protected title=\"Protected property\">observables</span>: []
      #<span class=sf-dump-protected title=\"Protected property\">relations</span>: <span class=sf-dump-note>array:1</span> [ &#8230;1]
      #<span class=sf-dump-protected title=\"Protected property\">touches</span>: []
      +<span class=sf-dump-public title=\"Public property\">timestamps</span>: <span class=sf-dump-const>true</span>
      #<span class=sf-dump-protected title=\"Protected property\">hidden</span>: []
      #<span class=sf-dump-protected title=\"Protected property\">visible</span>: []
      #<span class=sf-dump-protected title=\"Protected property\">fillable</span>: <span class=sf-dump-note>array:37</span> [ &#8230;37]
      #<span class=sf-dump-protected title=\"Protected property\">guarded</span>: <span class=sf-dump-note>array:1</span> [ &#8230;1]
    </samp>}
    <span class=sf-dump-index>9</span> => <span class=sf-dump-note title=\"App\\Models\\HotelRestaurant\\HotelRestaurant
\"><span class=\"sf-dump-ellipsis sf-dump-ellipsis-note\">App\\Models\\HotelRestaurant</span><span class=\"sf-dump-ellipsis sf-dump-ellipsis-note\">\\</span>HotelRestaurant</span> {<a class=sf-dump-ref>#2180</a><samp data-depth=3 class=sf-dump-compact>
      #<span class=sf-dump-protected title=\"Protected property\">connection</span>: \"<span class=sf-dump-str title=\"5 characters\">mysql</span>\"
      #<span class=sf-dump-protected title=\"Protected property\">table</span>: \"<span class=sf-dump-str title=\"17 characters\">hotel_restaurants</span>\"
      #<span class=sf-dump-protected title=\"Protected property\">primaryKey</span>: \"<span class=sf-dump-str title=\"2 characters\">id</span>\"
      #<span class=sf-dump-protected title=\"Protected property\">keyType</span>: \"<span class=sf-dump-str title=\"3 characters\">int</span>\"
      +<span class=sf-dump-public title=\"Public property\">incrementing</span>: <span class=sf-dump-const>true</span>
      #<span class=sf-dump-protected title=\"Protected property\">with</span>: []
      #<span class=sf-dump-protected title=\"Protected property\">withCount</span>: []
      +<span class=sf-dump-public title=\"Public property\">preventsLazyLoading</span>: <span class=sf-dump-const>false</span>
      #<span class=sf-dump-protected title=\"Protected property\">perPage</span>: <span class=sf-dump-num>15</span>
      +<span class=sf-dump-public title=\"Public property\">exists</span>: <span class=sf-dump-const>true</span>
      +<span class=sf-dump-public title=\"Public property\">wasRecentlyCreated</span>: <span class=sf-dump-const>false</span>
      #<span class=sf-dump-protected title=\"Protected property\">escapeWhenCastingToString</span>: <span class=sf-dump-const>false</span>
      #<span class=sf-dump-protected title=\"Protected property\">attributes</span>: <span class=sf-dump-note>array:46</span> [ &#8230;46]
      #<span class=sf-dump-protected title=\"Protected property\">original</span>: <span class=sf-dump-note>array:46</span> [ &#8230;46]
      #<span class=sf-dump-protected title=\"Protected property\">changes</span>: []
      #<span class=sf-dump-protected title=\"Protected property\">casts</span>: []
      #<span class=sf-dump-protected title=\"Protected property\">classCastCache</span>: []
      #<span class=sf-dump-protected title=\"Protected property\">attributeCastCache</span>: []
      #<span class=sf-dump-protected title=\"Protected property\">dates</span>: []
      #<span class=sf-dump-protected title=\"Protected property\">dateFormat</span>: <span class=sf-dump-const>null</span>
      #<span class=sf-dump-protected title=\"Protected property\">appends</span>: []
      #<span class=sf-dump-protected title=\"Protected property\">dispatchesEvents</span>: []
      #<span class=sf-dump-protected title=\"Protected property\">observables</span>: []
      #<span class=sf-dump-protected title=\"Protected property\">relations</span>: <span class=sf-dump-note>array:1</span> [ &#8230;1]
      #<span class=sf-dump-protected title=\"Protected property\">touches</span>: []
      +<span class=sf-dump-public title=\"Public property\">timestamps</span>: <span class=sf-dump-const>true</span>
      #<span class=sf-dump-protected title=\"Protected property\">hidden</span>: []
      #<span class=sf-dump-protected title=\"Protected property\">visible</span>: []
      #<span class=sf-dump-protected title=\"Protected property\">fillable</span>: <span class=sf-dump-note>array:37</span> [ &#8230;37]
      #<span class=sf-dump-protected title=\"Protected property\">guarded</span>: <span class=sf-dump-note>array:1</span> [ &#8230;1]
    </samp>}
    <span class=sf-dump-index>10</span> => <span class=sf-dump-note title=\"App\\Models\\HotelRestaurant\\HotelRestaurant
\"><span class=\"sf-dump-ellipsis sf-dump-ellipsis-note\">App\\Models\\HotelRestaurant</span><span class=\"sf-dump-ellipsis sf-dump-ellipsis-note\">\\</span>HotelRestaurant</span> {<a class=sf-dump-ref>#2181</a><samp data-depth=3 class=sf-dump-compact>
      #<span class=sf-dump-protected title=\"Protected property\">connection</span>: \"<span class=sf-dump-str title=\"5 characters\">mysql</span>\"
      #<span class=sf-dump-protected title=\"Protected property\">table</span>: \"<span class=sf-dump-str title=\"17 characters\">hotel_restaurants</span>\"
      #<span class=sf-dump-protected title=\"Protected property\">primaryKey</span>: \"<span class=sf-dump-str title=\"2 characters\">id</span>\"
      #<span class=sf-dump-protected title=\"Protected property\">keyType</span>: \"<span class=sf-dump-str title=\"3 characters\">int</span>\"
      +<span class=sf-dump-public title=\"Public property\">incrementing</span>: <span class=sf-dump-const>true</span>
      #<span class=sf-dump-protected title=\"Protected property\">with</span>: []
      #<span class=sf-dump-protected title=\"Protected property\">withCount</span>: []
      +<span class=sf-dump-public title=\"Public property\">preventsLazyLoading</span>: <span class=sf-dump-const>false</span>
      #<span class=sf-dump-protected title=\"Protected property\">perPage</span>: <span class=sf-dump-num>15</span>
      +<span class=sf-dump-public title=\"Public property\">exists</span>: <span class=sf-dump-const>true</span>
      +<span class=sf-dump-public title=\"Public property\">wasRecentlyCreated</span>: <span class=sf-dump-const>false</span>
      #<span class=sf-dump-protected title=\"Protected property\">escapeWhenCastingToString</span>: <span class=sf-dump-const>false</span>
      #<span class=sf-dump-protected title=\"Protected property\">attributes</span>: <span class=sf-dump-note>array:46</span> [ &#8230;46]
      #<span class=sf-dump-protected title=\"Protected property\">original</span>: <span class=sf-dump-note>array:46</span> [ &#8230;46]
      #<span class=sf-dump-protected title=\"Protected property\">changes</span>: []
      #<span class=sf-dump-protected title=\"Protected property\">casts</span>: []
      #<span class=sf-dump-protected title=\"Protected property\">classCastCache</span>: []
      #<span class=sf-dump-protected title=\"Protected property\">attributeCastCache</span>: []
      #<span class=sf-dump-protected title=\"Protected property\">dates</span>: []
      #<span class=sf-dump-protected title=\"Protected property\">dateFormat</span>: <span class=sf-dump-const>null</span>
      #<span class=sf-dump-protected title=\"Protected property\">appends</span>: []
      #<span class=sf-dump-protected title=\"Protected property\">dispatchesEvents</span>: []
      #<span class=sf-dump-protected title=\"Protected property\">observables</span>: []
      #<span class=sf-dump-protected title=\"Protected property\">relations</span>: <span class=sf-dump-note>array:1</span> [ &#8230;1]
      #<span class=sf-dump-protected title=\"Protected property\">touches</span>: []
      +<span class=sf-dump-public title=\"Public property\">timestamps</span>: <span class=sf-dump-const>true</span>
      #<span class=sf-dump-protected title=\"Protected property\">hidden</span>: []
      #<span class=sf-dump-protected title=\"Protected property\">visible</span>: []
      #<span class=sf-dump-protected title=\"Protected property\">fillable</span>: <span class=sf-dump-note>array:37</span> [ &#8230;37]
      #<span class=sf-dump-protected title=\"Protected property\">guarded</span>: <span class=sf-dump-note>array:1</span> [ &#8230;1]
    </samp>}
    <span class=sf-dump-index>11</span> => <span class=sf-dump-note title=\"App\\Models\\HotelRestaurant\\HotelRestaurant
\"><span class=\"sf-dump-ellipsis sf-dump-ellipsis-note\">App\\Models\\HotelRestaurant</span><span class=\"sf-dump-ellipsis sf-dump-ellipsis-note\">\\</span>HotelRestaurant</span> {<a class=sf-dump-ref>#2182</a><samp data-depth=3 class=sf-dump-compact>
      #<span class=sf-dump-protected title=\"Protected property\">connection</span>: \"<span class=sf-dump-str title=\"5 characters\">mysql</span>\"
      #<span class=sf-dump-protected title=\"Protected property\">table</span>: \"<span class=sf-dump-str title=\"17 characters\">hotel_restaurants</span>\"
      #<span class=sf-dump-protected title=\"Protected property\">primaryKey</span>: \"<span class=sf-dump-str title=\"2 characters\">id</span>\"
      #<span class=sf-dump-protected title=\"Protected property\">keyType</span>: \"<span class=sf-dump-str title=\"3 characters\">int</span>\"
      +<span class=sf-dump-public title=\"Public property\">incrementing</span>: <span class=sf-dump-const>true</span>
      #<span class=sf-dump-protected title=\"Protected property\">with</span>: []
      #<span class=sf-dump-protected title=\"Protected property\">withCount</span>: []
      +<span class=sf-dump-public title=\"Public property\">preventsLazyLoading</span>: <span class=sf-dump-const>false</span>
      #<span class=sf-dump-protected title=\"Protected property\">perPage</span>: <span class=sf-dump-num>15</span>
      +<span class=sf-dump-public title=\"Public property\">exists</span>: <span class=sf-dump-const>true</span>
      +<span class=sf-dump-public title=\"Public property\">wasRecentlyCreated</span>: <span class=sf-dump-const>false</span>
      #<span class=sf-dump-protected title=\"Protected property\">escapeWhenCastingToString</span>: <span class=sf-dump-const>false</span>
      #<span class=sf-dump-protected title=\"Protected property\">attributes</span>: <span class=sf-dump-note>array:46</span> [ &#8230;46]
      #<span class=sf-dump-protected title=\"Protected property\">original</span>: <span class=sf-dump-note>array:46</span> [ &#8230;46]
      #<span class=sf-dump-protected title=\"Protected property\">changes</span>: []
      #<span class=sf-dump-protected title=\"Protected property\">casts</span>: []
      #<span class=sf-dump-protected title=\"Protected property\">classCastCache</span>: []
      #<span class=sf-dump-protected title=\"Protected property\">attributeCastCache</span>: []
      #<span class=sf-dump-protected title=\"Protected property\">dates</span>: []
      #<span class=sf-dump-protected title=\"Protected property\">dateFormat</span>: <span class=sf-dump-const>null</span>
      #<span class=sf-dump-protected title=\"Protected property\">appends</span>: []
      #<span class=sf-dump-protected title=\"Protected property\">dispatchesEvents</span>: []
      #<span class=sf-dump-protected title=\"Protected property\">observables</span>: []
      #<span class=sf-dump-protected title=\"Protected property\">relations</span>: <span class=sf-dump-note>array:1</span> [ &#8230;1]
      #<span class=sf-dump-protected title=\"Protected property\">touches</span>: []
      +<span class=sf-dump-public title=\"Public property\">timestamps</span>: <span class=sf-dump-const>true</span>
      #<span class=sf-dump-protected title=\"Protected property\">hidden</span>: []
      #<span class=sf-dump-protected title=\"Protected property\">visible</span>: []
      #<span class=sf-dump-protected title=\"Protected property\">fillable</span>: <span class=sf-dump-note>array:37</span> [ &#8230;37]
      #<span class=sf-dump-protected title=\"Protected property\">guarded</span>: <span class=sf-dump-note>array:1</span> [ &#8230;1]
    </samp>}
    <span class=sf-dump-index>12</span> => <span class=sf-dump-note title=\"App\\Models\\HotelRestaurant\\HotelRestaurant
\"><span class=\"sf-dump-ellipsis sf-dump-ellipsis-note\">App\\Models\\HotelRestaurant</span><span class=\"sf-dump-ellipsis sf-dump-ellipsis-note\">\\</span>HotelRestaurant</span> {<a class=sf-dump-ref>#2183</a><samp data-depth=3 class=sf-dump-compact>
      #<span class=sf-dump-protected title=\"Protected property\">connection</span>: \"<span class=sf-dump-str title=\"5 characters\">mysql</span>\"
      #<span class=sf-dump-protected title=\"Protected property\">table</span>: \"<span class=sf-dump-str title=\"17 characters\">hotel_restaurants</span>\"
      #<span class=sf-dump-protected title=\"Protected property\">primaryKey</span>: \"<span class=sf-dump-str title=\"2 characters\">id</span>\"
      #<span class=sf-dump-protected title=\"Protected property\">keyType</span>: \"<span class=sf-dump-str title=\"3 characters\">int</span>\"
      +<span class=sf-dump-public title=\"Public property\">incrementing</span>: <span class=sf-dump-const>true</span>
      #<span class=sf-dump-protected title=\"Protected property\">with</span>: []
      #<span class=sf-dump-protected title=\"Protected property\">withCount</span>: []
      +<span class=sf-dump-public title=\"Public property\">preventsLazyLoading</span>: <span class=sf-dump-const>false</span>
      #<span class=sf-dump-protected title=\"Protected property\">perPage</span>: <span class=sf-dump-num>15</span>
      +<span class=sf-dump-public title=\"Public property\">exists</span>: <span class=sf-dump-const>true</span>
      +<span class=sf-dump-public title=\"Public property\">wasRecentlyCreated</span>: <span class=sf-dump-const>false</span>
      #<span class=sf-dump-protected title=\"Protected property\">escapeWhenCastingToString</span>: <span class=sf-dump-const>false</span>
      #<span class=sf-dump-protected title=\"Protected property\">attributes</span>: <span class=sf-dump-note>array:46</span> [ &#8230;46]
      #<span class=sf-dump-protected title=\"Protected property\">original</span>: <span class=sf-dump-note>array:46</span> [ &#8230;46]
      #<span class=sf-dump-protected title=\"Protected property\">changes</span>: []
      #<span class=sf-dump-protected title=\"Protected property\">casts</span>: []
      #<span class=sf-dump-protected title=\"Protected property\">classCastCache</span>: []
      #<span class=sf-dump-protected title=\"Protected property\">attributeCastCache</span>: []
      #<span class=sf-dump-protected title=\"Protected property\">dates</span>: []
      #<span class=sf-dump-protected title=\"Protected property\">dateFormat</span>: <span class=sf-dump-const>null</span>
      #<span class=sf-dump-protected title=\"Protected property\">appends</span>: []
      #<span class=sf-dump-protected title=\"Protected property\">dispatchesEvents</span>: []
      #<span class=sf-dump-protected title=\"Protected property\">observables</span>: []
      #<span class=sf-dump-protected title=\"Protected property\">relations</span>: <span class=sf-dump-note>array:1</span> [ &#8230;1]
      #<span class=sf-dump-protected title=\"Protected property\">touches</span>: []
      +<span class=sf-dump-public title=\"Public property\">timestamps</span>: <span class=sf-dump-const>true</span>
      #<span class=sf-dump-protected title=\"Protected property\">hidden</span>: []
      #<span class=sf-dump-protected title=\"Protected property\">visible</span>: []
      #<span class=sf-dump-protected title=\"Protected property\">fillable</span>: <span class=sf-dump-note>array:37</span> [ &#8230;37]
      #<span class=sf-dump-protected title=\"Protected property\">guarded</span>: <span class=sf-dump-note>array:1</span> [ &#8230;1]
    </samp>}
    <span class=sf-dump-index>13</span> => <span class=sf-dump-note title=\"App\\Models\\HotelRestaurant\\HotelRestaurant
\"><span class=\"sf-dump-ellipsis sf-dump-ellipsis-note\">App\\Models\\HotelRestaurant</span><span class=\"sf-dump-ellipsis sf-dump-ellipsis-note\">\\</span>HotelRestaurant</span> {<a class=sf-dump-ref>#2184</a><samp data-depth=3 class=sf-dump-compact>
      #<span class=sf-dump-protected title=\"Protected property\">connection</span>: \"<span class=sf-dump-str title=\"5 characters\">mysql</span>\"
      #<span class=sf-dump-protected title=\"Protected property\">table</span>: \"<span class=sf-dump-str title=\"17 characters\">hotel_restaurants</span>\"
      #<span class=sf-dump-protected title=\"Protected property\">primaryKey</span>: \"<span class=sf-dump-str title=\"2 characters\">id</span>\"
      #<span class=sf-dump-protected title=\"Protected property\">keyType</span>: \"<span class=sf-dump-str title=\"3 characters\">int</span>\"
      +<span class=sf-dump-public title=\"Public property\">incrementing</span>: <span class=sf-dump-const>true</span>
      #<span class=sf-dump-protected title=\"Protected property\">with</span>: []
      #<span class=sf-dump-protected title=\"Protected property\">withCount</span>: []
      +<span class=sf-dump-public title=\"Public property\">preventsLazyLoading</span>: <span class=sf-dump-const>false</span>
      #<span class=sf-dump-protected title=\"Protected property\">perPage</span>: <span class=sf-dump-num>15</span>
      +<span class=sf-dump-public title=\"Public property\">exists</span>: <span class=sf-dump-const>true</span>
      +<span class=sf-dump-public title=\"Public property\">wasRecentlyCreated</span>: <span class=sf-dump-const>false</span>
      #<span class=sf-dump-protected title=\"Protected property\">escapeWhenCastingToString</span>: <span class=sf-dump-const>false</span>
      #<span class=sf-dump-protected title=\"Protected property\">attributes</span>: <span class=sf-dump-note>array:46</span> [ &#8230;46]
      #<span class=sf-dump-protected title=\"Protected property\">original</span>: <span class=sf-dump-note>array:46</span> [ &#8230;46]
      #<span class=sf-dump-protected title=\"Protected property\">changes</span>: []
      #<span class=sf-dump-protected title=\"Protected property\">casts</span>: []
      #<span class=sf-dump-protected title=\"Protected property\">classCastCache</span>: []
      #<span class=sf-dump-protected title=\"Protected property\">attributeCastCache</span>: []
      #<span class=sf-dump-protected title=\"Protected property\">dates</span>: []
      #<span class=sf-dump-protected title=\"Protected property\">dateFormat</span>: <span class=sf-dump-const>null</span>
      #<span class=sf-dump-protected title=\"Protected property\">appends</span>: []
      #<span class=sf-dump-protected title=\"Protected property\">dispatchesEvents</span>: []
      #<span class=sf-dump-protected title=\"Protected property\">observables</span>: []
      #<span class=sf-dump-protected title=\"Protected property\">relations</span>: <span class=sf-dump-note>array:1</span> [ &#8230;1]
      #<span class=sf-dump-protected title=\"Protected property\">touches</span>: []
      +<span class=sf-dump-public title=\"Public property\">timestamps</span>: <span class=sf-dump-const>true</span>
      #<span class=sf-dump-protected title=\"Protected property\">hidden</span>: []
      #<span class=sf-dump-protected title=\"Protected property\">visible</span>: []
      #<span class=sf-dump-protected title=\"Protected property\">fillable</span>: <span class=sf-dump-note>array:37</span> [ &#8230;37]
      #<span class=sf-dump-protected title=\"Protected property\">guarded</span>: <span class=sf-dump-note>array:1</span> [ &#8230;1]
    </samp>}
  </samp>]
  #<span class=sf-dump-protected title=\"Protected property\">escapeWhenCastingToString</span>: <span class=sf-dump-const>false</span>
</samp>}
</pre><script>Sfdump(\"sf-dump-1429566807\", {\"maxDepth\":3,\"maxStringLength\":160})</script>
"}},"userId":1,"exception":"[object] (Facade\\Ignition\\Exceptions\\ViewException(code: 0): Attempt to read property \"en_name\" on null (View: C:\\xampp\\htdocs\\Cioas\\resources\\views\\backend\\pages\\hotel-restaurant\\index.blade.php) at C:\\xampp\\htdocs\\Cioas\\resources\\views/backend/pages/hotel-restaurant/index.blade.php:108)
[stacktrace]
#0 C:\\xampp\\htdocs\\Cioas\\resources\\views/backend/pages/hotel-restaurant/index.blade.php(108): Illuminate\\Foundation\\Bootstrap\\HandleExceptions->handleError(2, 'Attempt to read...', 'C:\\\\xampp\\\\htdocs...', 107)
#1 C:\\xampp\\htdocs\\Cioas\\vendor\\laravel\\framework\\src\\Illuminate\\Filesystem\\Filesystem.php(107): require('C:\\\\xampp\\\\htdocs...')
#2 C:\\xampp\\htdocs\\Cioas\\vendor\\laravel\\framework\\src\\Illuminate\\Filesystem\\Filesystem.php(108): Illuminate\\Filesystem\\Filesystem::Illuminate\\Filesystem\\{closure}()
#3 C:\\xampp\\htdocs\\Cioas\\vendor\\laravel\\framework\\src\\Illuminate\\View\\Engines\\PhpEngine.php(58): Illuminate\\Filesystem\\Filesystem->getRequire('C:\\\\xampp\\\\htdocs...', Array)
#4 C:\\xampp\\htdocs\\Cioas\\vendor\\laravel\\framework\\src\\Illuminate\\View\\Engines\\CompilerEngine.php(61): Illuminate\\View\\Engines\\PhpEngine->evaluatePath('C:\\\\xampp\\\\htdocs...', Array)
#5 C:\\xampp\\htdocs\\Cioas\\vendor\\facade\\ignition\\src\\Views\\Engines\\CompilerEngine.php(37): Illuminate\\View\\Engines\\CompilerEngine->get('C:\\\\xampp\\\\htdocs...', Array)
#6 C:\\xampp\\htdocs\\Cioas\\vendor\\laravel\\framework\\src\\Illuminate\\View\\View.php(139): Facade\\Ignition\\Views\\Engines\\CompilerEngine->get('C:\\\\xampp\\\\htdocs...', Array)
#7 C:\\xampp\\htdocs\\Cioas\\vendor\\laravel\\framework\\src\\Illuminate\\View\\View.php(122): Illuminate\\View\\View->getContents()
#8 C:\\xampp\\htdocs\\Cioas\\vendor\\laravel\\framework\\src\\Illuminate\\View\\View.php(91): Illuminate\\View\\View->renderContents()
#9 C:\\xampp\\htdocs\\Cioas\\vendor\\laravel\\framework\\src\\Illuminate\\Http\\Response.php(69): Illuminate\\View\\View->render()
#10 C:\\xampp\\htdocs\\Cioas\\vendor\\laravel\\framework\\src\\Illuminate\\Http\\Response.php(35): Illuminate\\Http\\Response->setContent(Object(Illuminate\\View\\View))
#11 C:\\xampp\\htdocs\\Cioas\\vendor\\laravel\\framework\\src\\Illuminate\\Routing\\Router.php(820): Illuminate\\Http\\Response->__construct(Object(Illuminate\\View\\View), 200, Array)
#12 C:\\xampp\\htdocs\\Cioas\\vendor\\laravel\\framework\\src\\Illuminate\\Routing\\Router.php(789): Illuminate\\Routing\\Router::toResponse(Object(Illuminate\\Http\\Request), Object(Illuminate\\View\\View))
#13 C:\\xampp\\htdocs\\Cioas\\vendor\\laravel\\framework\\src\\Illuminate\\Routing\\Router.php(720): Illuminate\\Routing\\Router->prepareResponse(Object(Illuminate\\Http\\Request), Object(Illuminate\\View\\View))
#14 C:\\xampp\\htdocs\\Cioas\\vendor\\laravel\\framework\\src\\Illuminate\\Pipeline\\Pipeline.php(128): Illuminate\\Routing\\Router->Illuminate\\Routing\\{closure}(Object(Illuminate\\Http\\Request))
#15 C:\\xampp\\htdocs\\Cioas\\vendor\\laravel\\framework\\src\\Illuminate\\Routing\\Middleware\\SubstituteBindings.php(50): Illuminate\\Pipeline\\Pipeline->Illuminate\\Pipeline\\{closure}(Object(Illuminate\\Http\\Request))
#16 C:\\xampp\\htdocs\\Cioas\\vendor\\laravel\\framework\\src\\Illuminate\\Pipeline\\Pipeline.php(167): Illuminate\\Routing\\Middleware\\SubstituteBindings->handle(Object(Illuminate\\Http\\Request), Object(Closure))
#17 C:\\xampp\\htdocs\\Cioas\\vendor\\laravel\\framework\\src\\Illuminate\\Auth\\Middleware\\Authenticate.php(44): Illuminate\\Pipeline\\Pipeline->Illuminate\\Pipeline\\{closure}(Object(Illuminate\\Http\\Request))
#18 C:\\xampp\\htdocs\\Cioas\\vendor\\laravel\\framework\\src\\Illuminate\\Pipeline\\Pipeline.php(167): Illuminate\\Auth\\Middleware\\Authenticate->handle(Object(Illuminate\\Http\\Request), Object(Closure))
#19 C:\\xampp\\htdocs\\Cioas\\vendor\\laravel\\framework\\src\\Illuminate\\Foundation\\Http\\Middleware\\VerifyCsrfToken.php(78): Illuminate\\Pipeline\\Pipeline->Illuminate\\Pipeline\\{closure}(Object(Illuminate\\Http\\Request))
#20 C:\\xampp\\htdocs\\Cioas\\vendor\\laravel\\framework\\src\\Illuminate\\Pipeline\\Pipeline.php(167): Illuminate\\Foundation\\Http\\Middleware\\VerifyCsrfToken->handle(Object(Illuminate\\Http\\Request), Object(Closure))
#21 C:\\xampp\\htdocs\\Cioas\\vendor\\laravel\\framework\\src\\Illuminate\\View\\Middleware\\ShareErrorsFromSession.php(49): Illuminate\\Pipeline\\Pipeline->Illuminate\\Pipeline\\{closure}(Object(Illuminate\\Http\\Request))
#22 C:\\xampp\\htdocs\\Cioas\\vendor\\laravel\\framework\\src\\Illuminate\\Pipeline\\Pipeline.php(167): Illuminate\\View\\Middleware\\ShareErrorsFromSession->handle(Object(Illuminate\\Http\\Request), Object(Closure))
#23 C:\\xampp\\htdocs\\Cioas\\vendor\\laravel\\framework\\src\\Illuminate\\Session\\Middleware\\StartSession.php(121): Illuminate\\Pipeline\\Pipeline->Illuminate\\Pipeline\\{closure}(Object(Illuminate\\Http\\Request))
#24 C:\\xampp\\htdocs\\Cioas\\vendor\\laravel\\framework\\src\\Illuminate\\Session\\Middleware\\StartSession.php(64): Illuminate\\Session\\Middleware\\StartSession->handleStatefulRequest(Object(Illuminate\\Http\\Request), Object(Illuminate\\Session\\Store), Object(Closure))
#25 C:\\xampp\\htdocs\\Cioas\\vendor\\laravel\\framework\\src\\Illuminate\\Pipeline\\Pipeline.php(167): Illuminate\\Session\\Middleware\\StartSession->handle(Object(Illuminate\\Http\\Request), Object(Closure))
#26 C:\\xampp\\htdocs\\Cioas\\vendor\\laravel\\framework\\src\\Illuminate\\Cookie\\Middleware\\AddQueuedCookiesToResponse.php(37): Illuminate\\Pipeline\\Pipeline->Illuminate\\Pipeline\\{closure}(Object(Illuminate\\Http\\Request))
#27 C:\\xampp\\htdocs\\Cioas\\vendor\\laravel\\framework\\src\\Illuminate\\Pipeline\\Pipeline.php(167): Illuminate\\Cookie\\Middleware\\AddQueuedCookiesToResponse->handle(Object(Illuminate\\Http\\Request), Object(Closure))
#28 C:\\xampp\\htdocs\\Cioas\\vendor\\laravel\\framework\\src\\Illuminate\\Cookie\\Middleware\\EncryptCookies.php(67): Illuminate\\Pipeline\\Pipeline->Illuminate\\Pipeline\\{closure}(Object(Illuminate\\Http\\Request))
#29 C:\\xampp\\htdocs\\Cioas\\vendor\\laravel\\framework\\src\\Illuminate\\Pipeline\\Pipeline.php(167): Illuminate\\Cookie\\Middleware\\EncryptCookies->handle(Object(Illuminate\\Http\\Request), Object(Closure))
#30 C:\\xampp\\htdocs\\Cioas\\vendor\\laravel\\framework\\src\\Illuminate\\Pipeline\\Pipeline.php(103): Illuminate\\Pipeline\\Pipeline->Illuminate\\Pipeline\\{closure}(Object(Illuminate\\Http\\Request))
#31 C:\\xampp\\htdocs\\Cioas\\vendor\\laravel\\framework\\src\\Illuminate\\Routing\\Router.php(719): Illuminate\\Pipeline\\Pipeline->then(Object(Closure))
#32 C:\\xampp\\htdocs\\Cioas\\vendor\\laravel\\framework\\src\\Illuminate\\Routing\\Router.php(698): Illuminate\\Routing\\Router->runRouteWithinStack(Object(Illuminate\\Routing\\Route), Object(Illuminate\\Http\\Request))
#33 C:\\xampp\\htdocs\\Cioas\\vendor\\laravel\\framework\\src\\Illuminate\\Routing\\Router.php(662): Illuminate\\Routing\\Router->runRoute(Object(Illuminate\\Http\\Request), Object(Illuminate\\Routing\\Route))
#34 C:\\xampp\\htdocs\\Cioas\\vendor\\laravel\\framework\\src\\Illuminate\\Routing\\Router.php(651): Illuminate\\Routing\\Router->dispatchToRoute(Object(Illuminate\\Http\\Request))
#35 C:\\xampp\\htdocs\\Cioas\\vendor\\laravel\\framework\\src\\Illuminate\\Foundation\\Http\\Kernel.php(167): Illuminate\\Routing\\Router->dispatch(Object(Illuminate\\Http\\Request))
#36 C:\\xampp\\htdocs\\Cioas\\vendor\\laravel\\framework\\src\\Illuminate\\Pipeline\\Pipeline.php(128): Illuminate\\Foundation\\Http\\Kernel->Illuminate\\Foundation\\Http\\{closure}(Object(Illuminate\\Http\\Request))
#37 C:\\xampp\\htdocs\\Cioas\\vendor\\laravel\\framework\\src\\Illuminate\\Foundation\\Http\\Middleware\\TransformsRequest.php(21): Illuminate\\Pipeline\\Pipeline->Illuminate\\Pipeline\\{closure}(Object(Illuminate\\Http\\Request))
#38 C:\\xampp\\htdocs\\Cioas\\vendor\\laravel\\framework\\src\\Illuminate\\Foundation\\Http\\Middleware\\ConvertEmptyStringsToNull.php(31): Illuminate\\Foundation\\Http\\Middleware\\TransformsRequest->handle(Object(Illuminate\\Http\\Request), Object(Closure))
#39 C:\\xampp\\htdocs\\Cioas\\vendor\\laravel\\framework\\src\\Illuminate\\Pipeline\\Pipeline.php(167): Illuminate\\Foundation\\Http\\Middleware\\ConvertEmptyStringsToNull->handle(Object(Illuminate\\Http\\Request), Object(Closure))
#40 C:\\xampp\\htdocs\\Cioas\\vendor\\laravel\\framework\\src\\Illuminate\\Foundation\\Http\\Middleware\\TransformsRequest.php(21): Illuminate\\Pipeline\\Pipeline->Illuminate\\Pipeline\\{closure}(Object(Illuminate\\Http\\Request))
#41 C:\\xampp\\htdocs\\Cioas\\vendor\\laravel\\framework\\src\\Illuminate\\Foundation\\Http\\Middleware\\TrimStrings.php(40): Illuminate\\Foundation\\Http\\Middleware\\TransformsRequest->handle(Object(Illuminate\\Http\\Request), Object(Closure))
#42 C:\\xampp\\htdocs\\Cioas\\vendor\\laravel\\framework\\src\\Illuminate\\Pipeline\\Pipeline.php(167): Illuminate\\Foundation\\Http\\Middleware\\TrimStrings->handle(Object(Illuminate\\Http\\Request), Object(Closure))
#43 C:\\xampp\\htdocs\\Cioas\\vendor\\laravel\\framework\\src\\Illuminate\\Foundation\\Http\\Middleware\\ValidatePostSize.php(27): Illuminate\\Pipeline\\Pipeline->Illuminate\\Pipeline\\{closure}(Object(Illuminate\\Http\\Request))
#44 C:\\xampp\\htdocs\\Cioas\\vendor\\laravel\\framework\\src\\Illuminate\\Pipeline\\Pipeline.php(167): Illuminate\\Foundation\\Http\\Middleware\\ValidatePostSize->handle(Object(Illuminate\\Http\\Request), Object(Closure))
#45 C:\\xampp\\htdocs\\Cioas\\vendor\\laravel\\framework\\src\\Illuminate\\Foundation\\Http\\Middleware\\PreventRequestsDuringMaintenance.php(86): Illuminate\\Pipeline\\Pipeline->Illuminate\\Pipeline\\{closure}(Object(Illuminate\\Http\\Request))
#46 C:\\xampp\\htdocs\\Cioas\\vendor\\laravel\\framework\\src\\Illuminate\\Pipeline\\Pipeline.php(167): Illuminate\\Foundation\\Http\\Middleware\\PreventRequestsDuringMaintenance->handle(Object(Illuminate\\Http\\Request), Object(Closure))
#47 C:\\xampp\\htdocs\\Cioas\\vendor\\fruitcake\\laravel-cors\\src\\HandleCors.php(38): Illuminate\\Pipeline\\Pipeline->Illuminate\\Pipeline\\{closure}(Object(Illuminate\\Http\\Request))
#48 C:\\xampp\\htdocs\\Cioas\\vendor\\laravel\\framework\\src\\Illuminate\\Pipeline\\Pipeline.php(167): Fruitcake\\Cors\\HandleCors->handle(Object(Illuminate\\Http\\Request), Object(Closure))
#49 C:\\xampp\\htdocs\\Cioas\\vendor\\laravel\\framework\\src\\Illuminate\\Http\\Middleware\\TrustProxies.php(39): Illuminate\\Pipeline\\Pipeline->Illuminate\\Pipeline\\{closure}(Object(Illuminate\\Http\\Request))
#50 C:\\xampp\\htdocs\\Cioas\\vendor\\laravel\\framework\\src\\Illuminate\\Pipeline\\Pipeline.php(167): Illuminate\\Http\\Middleware\\TrustProxies->handle(Object(Illuminate\\Http\\Request), Object(Closure))
#51 C:\\xampp\\htdocs\\Cioas\\vendor\\laravel\\framework\\src\\Illuminate\\Pipeline\\Pipeline.php(103): Illuminate\\Pipeline\\Pipeline->Illuminate\\Pipeline\\{closure}(Object(Illuminate\\Http\\Request))
#52 C:\\xampp\\htdocs\\Cioas\\vendor\\laravel\\framework\\src\\Illuminate\\Foundation\\Http\\Kernel.php(142): Illuminate\\Pipeline\\Pipeline->then(Object(Closure))
#53 C:\\xampp\\htdocs\\Cioas\\vendor\\laravel\\framework\\src\\Illuminate\\Foundation\\Http\\Kernel.php(111): Illuminate\\Foundation\\Http\\Kernel->sendRequestThroughRouter(Object(Illuminate\\Http\\Request))
#54 C:\\xampp\\htdocs\\Cioas\\public\\index.php(51): Illuminate\\Foundation\\Http\\Kernel->handle(Object(Illuminate\\Http\\Request))
#55 C:\\xampp\\htdocs\\Cioas\\server.php(21): require_once('C:\\\\xampp\\\\htdocs...')
#56 {main}

[previous exception] [object] (ErrorException(code: 0): Attempt to read property \"en_name\" on null at C:\\xampp\\htdocs\\Cioas\\storage\\framework\\views\\8afc16f06c989179bba32e58dd7c40b5fc5882fe.php:107)
[stacktrace]
#0 C:\\xampp\\htdocs\\Cioas\\storage\\framework\\views\\8afc16f06c989179bba32e58dd7c40b5fc5882fe.php(107): Illuminate\\Foundation\\Bootstrap\\HandleExceptions->handleError(2, 'Attempt to read...', 'C:\\\\xampp\\\\htdocs...', 107)
#1 C:\\xampp\\htdocs\\Cioas\\vendor\\laravel\\framework\\src\\Illuminate\\Filesystem\\Filesystem.php(107): require('C:\\\\xampp\\\\htdocs...')
#2 C:\\xampp\\htdocs\\Cioas\\vendor\\laravel\\framework\\src\\Illuminate\\Filesystem\\Filesystem.php(108): Illuminate\\Filesystem\\Filesystem::Illuminate\\Filesystem\\{closure}()
#3 C:\\xampp\\htdocs\\Cioas\\vendor\\laravel\\framework\\src\\Illuminate\\View\\Engines\\PhpEngine.php(58): Illuminate\\Filesystem\\Filesystem->getRequire('C:\\\\xampp\\\\htdocs...', Array)
#4 C:\\xampp\\htdocs\\Cioas\\vendor\\laravel\\framework\\src\\Illuminate\\View\\Engines\\CompilerEngine.php(61): Illuminate\\View\\Engines\\PhpEngine->evaluatePath('C:\\\\xampp\\\\htdocs...', Array)
#5 C:\\xampp\\htdocs\\Cioas\\vendor\\facade\\ignition\\src\\Views\\Engines\\CompilerEngine.php(37): Illuminate\\View\\Engines\\CompilerEngine->get('C:\\\\xampp\\\\htdocs...', Array)
#6 C:\\xampp\\htdocs\\Cioas\\vendor\\laravel\\framework\\src\\Illuminate\\View\\View.php(139): Facade\\Ignition\\Views\\Engines\\CompilerEngine->get('C:\\\\xampp\\\\htdocs...', Array)
#7 C:\\xampp\\htdocs\\Cioas\\vendor\\laravel\\framework\\src\\Illuminate\\View\\View.php(122): Illuminate\\View\\View->getContents()
#8 C:\\xampp\\htdocs\\Cioas\\vendor\\laravel\\framework\\src\\Illuminate\\View\\View.php(91): Illuminate\\View\\View->renderContents()
#9 C:\\xampp\\htdocs\\Cioas\\vendor\\laravel\\framework\\src\\Illuminate\\Http\\Response.php(69): Illuminate\\View\\View->render()
#10 C:\\xampp\\htdocs\\Cioas\\vendor\\laravel\\framework\\src\\Illuminate\\Http\\Response.php(35): Illuminate\\Http\\Response->setContent(Object(Illuminate\\View\\View))
#11 C:\\xampp\\htdocs\\Cioas\\vendor\\laravel\\framework\\src\\Illuminate\\Routing\\Router.php(820): Illuminate\\Http\\Response->__construct(Object(Illuminate\\View\\View), 200, Array)
#12 C:\\xampp\\htdocs\\Cioas\\vendor\\laravel\\framework\\src\\Illuminate\\Routing\\Router.php(789): Illuminate\\Routing\\Router::toResponse(Object(Illuminate\\Http\\Request), Object(Illuminate\\View\\View))
#13 C:\\xampp\\htdocs\\Cioas\\vendor\\laravel\\framework\\src\\Illuminate\\Routing\\Router.php(720): Illuminate\\Routing\\Router->prepareResponse(Object(Illuminate\\Http\\Request), Object(Illuminate\\View\\View))
#14 C:\\xampp\\htdocs\\Cioas\\vendor\\laravel\\framework\\src\\Illuminate\\Pipeline\\Pipeline.php(128): Illuminate\\Routing\\Router->Illuminate\\Routing\\{closure}(Object(Illuminate\\Http\\Request))
#15 C:\\xampp\\htdocs\\Cioas\\vendor\\laravel\\framework\\src\\Illuminate\\Routing\\Middleware\\SubstituteBindings.php(50): Illuminate\\Pipeline\\Pipeline->Illuminate\\Pipeline\\{closure}(Object(Illuminate\\Http\\Request))
#16 C:\\xampp\\htdocs\\Cioas\\vendor\\laravel\\framework\\src\\Illuminate\\Pipeline\\Pipeline.php(167): Illuminate\\Routing\\Middleware\\SubstituteBindings->handle(Object(Illuminate\\Http\\Request), Object(Closure))
#17 C:\\xampp\\htdocs\\Cioas\\vendor\\laravel\\framework\\src\\Illuminate\\Auth\\Middleware\\Authenticate.php(44): Illuminate\\Pipeline\\Pipeline->Illuminate\\Pipeline\\{closure}(Object(Illuminate\\Http\\Request))
#18 C:\\xampp\\htdocs\\Cioas\\vendor\\laravel\\framework\\src\\Illuminate\\Pipeline\\Pipeline.php(167): Illuminate\\Auth\\Middleware\\Authenticate->handle(Object(Illuminate\\Http\\Request), Object(Closure))
#19 C:\\xampp\\htdocs\\Cioas\\vendor\\laravel\\framework\\src\\Illuminate\\Foundation\\Http\\Middleware\\VerifyCsrfToken.php(78): Illuminate\\Pipeline\\Pipeline->Illuminate\\Pipeline\\{closure}(Object(Illuminate\\Http\\Request))
#20 C:\\xampp\\htdocs\\Cioas\\vendor\\laravel\\framework\\src\\Illuminate\\Pipeline\\Pipeline.php(167): Illuminate\\Foundation\\Http\\Middleware\\VerifyCsrfToken->handle(Object(Illuminate\\Http\\Request), Object(Closure))
#21 C:\\xampp\\htdocs\\Cioas\\vendor\\laravel\\framework\\src\\Illuminate\\View\\Middleware\\ShareErrorsFromSession.php(49): Illuminate\\Pipeline\\Pipeline->Illuminate\\Pipeline\\{closure}(Object(Illuminate\\Http\\Request))
#22 C:\\xampp\\htdocs\\Cioas\\vendor\\laravel\\framework\\src\\Illuminate\\Pipeline\\Pipeline.php(167): Illuminate\\View\\Middleware\\ShareErrorsFromSession->handle(Object(Illuminate\\Http\\Request), Object(Closure))
#23 C:\\xampp\\htdocs\\Cioas\\vendor\\laravel\\framework\\src\\Illuminate\\Session\\Middleware\\StartSession.php(121): Illuminate\\Pipeline\\Pipeline->Illuminate\\Pipeline\\{closure}(Object(Illuminate\\Http\\Request))
#24 C:\\xampp\\htdocs\\Cioas\\vendor\\laravel\\framework\\src\\Illuminate\\Session\\Middleware\\StartSession.php(64): Illuminate\\Session\\Middleware\\StartSession->handleStatefulRequest(Object(Illuminate\\Http\\Request), Object(Illuminate\\Session\\Store), Object(Closure))
#25 C:\\xampp\\htdocs\\Cioas\\vendor\\laravel\\framework\\src\\Illuminate\\Pipeline\\Pipeline.php(167): Illuminate\\Session\\Middleware\\StartSession->handle(Object(Illuminate\\Http\\Request), Object(Closure))
#26 C:\\xampp\\htdocs\\Cioas\\vendor\\laravel\\framework\\src\\Illuminate\\Cookie\\Middleware\\AddQueuedCookiesToResponse.php(37): Illuminate\\Pipeline\\Pipeline->Illuminate\\Pipeline\\{closure}(Object(Illuminate\\Http\\Request))
#27 C:\\xampp\\htdocs\\Cioas\\vendor\\laravel\\framework\\src\\Illuminate\\Pipeline\\Pipeline.php(167): Illuminate\\Cookie\\Middleware\\AddQueuedCookiesToResponse->handle(Object(Illuminate\\Http\\Request), Object(Closure))
#28 C:\\xampp\\htdocs\\Cioas\\vendor\\laravel\\framework\\src\\Illuminate\\Cookie\\Middleware\\EncryptCookies.php(67): Illuminate\\Pipeline\\Pipeline->Illuminate\\Pipeline\\{closure}(Object(Illuminate\\Http\\Request))
#29 C:\\xampp\\htdocs\\Cioas\\vendor\\laravel\\framework\\src\\Illuminate\\Pipeline\\Pipeline.php(167): Illuminate\\Cookie\\Middleware\\EncryptCookies->handle(Object(Illuminate\\Http\\Request), Object(Closure))
#30 C:\\xampp\\htdocs\\Cioas\\vendor\\laravel\\framework\\src\\Illuminate\\Pipeline\\Pipeline.php(103): Illuminate\\Pipeline\\Pipeline->Illuminate\\Pipeline\\{closure}(Object(Illuminate\\Http\\Request))
#31 C:\\xampp\\htdocs\\Cioas\\vendor\\laravel\\framework\\src\\Illuminate\\Routing\\Router.php(719): Illuminate\\Pipeline\\Pipeline->then(Object(Closure))
#32 C:\\xampp\\htdocs\\Cioas\\vendor\\laravel\\framework\\src\\Illuminate\\Routing\\Router.php(698): Illuminate\\Routing\\Router->runRouteWithinStack(Object(Illuminate\\Routing\\Route), Object(Illuminate\\Http\\Request))
#33 C:\\xampp\\htdocs\\Cioas\\vendor\\laravel\\framework\\src\\Illuminate\\Routing\\Router.php(662): Illuminate\\Routing\\Router->runRoute(Object(Illuminate\\Http\\Request), Object(Illuminate\\Routing\\Route))
#34 C:\\xampp\\htdocs\\Cioas\\vendor\\laravel\\framework\\src\\Illuminate\\Routing\\Router.php(651): Illuminate\\Routing\\Router->dispatchToRoute(Object(Illuminate\\Http\\Request))
#35 C:\\xampp\\htdocs\\Cioas\\vendor\\laravel\\framework\\src\\Illuminate\\Foundation\\Http\\Kernel.php(167): Illuminate\\Routing\\Router->dispatch(Object(Illuminate\\Http\\Request))
#36 C:\\xampp\\htdocs\\Cioas\\vendor\\laravel\\framework\\src\\Illuminate\\Pipeline\\Pipeline.php(128): Illuminate\\Foundation\\Http\\Kernel->Illuminate\\Foundation\\Http\\{closure}(Object(Illuminate\\Http\\Request))
#37 C:\\xampp\\htdocs\\Cioas\\vendor\\laravel\\framework\\src\\Illuminate\\Foundation\\Http\\Middleware\\TransformsRequest.php(21): Illuminate\\Pipeline\\Pipeline->Illuminate\\Pipeline\\{closure}(Object(Illuminate\\Http\\Request))
#38 C:\\xampp\\htdocs\\Cioas\\vendor\\laravel\\framework\\src\\Illuminate\\Foundation\\Http\\Middleware\\ConvertEmptyStringsToNull.php(31): Illuminate\\Foundation\\Http\\Middleware\\TransformsRequest->handle(Object(Illuminate\\Http\\Request), Object(Closure))
#39 C:\\xampp\\htdocs\\Cioas\\vendor\\laravel\\framework\\src\\Illuminate\\Pipeline\\Pipeline.php(167): Illuminate\\Foundation\\Http\\Middleware\\ConvertEmptyStringsToNull->handle(Object(Illuminate\\Http\\Request), Object(Closure))
#40 C:\\xampp\\htdocs\\Cioas\\vendor\\laravel\\framework\\src\\Illuminate\\Foundation\\Http\\Middleware\\TransformsRequest.php(21): Illuminate\\Pipeline\\Pipeline->Illuminate\\Pipeline\\{closure}(Object(Illuminate\\Http\\Request))
#41 C:\\xampp\\htdocs\\Cioas\\vendor\\laravel\\framework\\src\\Illuminate\\Foundation\\Http\\Middleware\\TrimStrings.php(40): Illuminate\\Foundation\\Http\\Middleware\\TransformsRequest->handle(Object(Illuminate\\Http\\Request), Object(Closure))
#42 C:\\xampp\\htdocs\\Cioas\\vendor\\laravel\\framework\\src\\Illuminate\\Pipeline\\Pipeline.php(167): Illuminate\\Foundation\\Http\\Middleware\\TrimStrings->handle(Object(Illuminate\\Http\\Request), Object(Closure))
#43 C:\\xampp\\htdocs\\Cioas\\vendor\\laravel\\framework\\src\\Illuminate\\Foundation\\Http\\Middleware\\ValidatePostSize.php(27): Illuminate\\Pipeline\\Pipeline->Illuminate\\Pipeline\\{closure}(Object(Illuminate\\Http\\Request))
#44 C:\\xampp\\htdocs\\Cioas\\vendor\\laravel\\framework\\src\\Illuminate\\Pipeline\\Pipeline.php(167): Illuminate\\Foundation\\Http\\Middleware\\ValidatePostSize->handle(Object(Illuminate\\Http\\Request), Object(Closure))
#45 C:\\xampp\\htdocs\\Cioas\\vendor\\laravel\\framework\\src\\Illuminate\\Foundation\\Http\\Middleware\\PreventRequestsDuringMaintenance.php(86): Illuminate\\Pipeline\\Pipeline->Illuminate\\Pipeline\\{closure}(Object(Illuminate\\Http\\Request))
#46 C:\\xampp\\htdocs\\Cioas\\vendor\\laravel\\framework\\src\\Illuminate\\Pipeline\\Pipeline.php(167): Illuminate\\Foundation\\Http\\Middleware\\PreventRequestsDuringMaintenance->handle(Object(Illuminate\\Http\\Request), Object(Closure))
#47 C:\\xampp\\htdocs\\Cioas\\vendor\\fruitcake\\laravel-cors\\src\\HandleCors.php(38): Illuminate\\Pipeline\\Pipeline->Illuminate\\Pipeline\\{closure}(Object(Illuminate\\Http\\Request))
#48 C:\\xampp\\htdocs\\Cioas\\vendor\\laravel\\framework\\src\\Illuminate\\Pipeline\\Pipeline.php(167): Fruitcake\\Cors\\HandleCors->handle(Object(Illuminate\\Http\\Request), Object(Closure))
#49 C:\\xampp\\htdocs\\Cioas\\vendor\\laravel\\framework\\src\\Illuminate\\Http\\Middleware\\TrustProxies.php(39): Illuminate\\Pipeline\\Pipeline->Illuminate\\Pipeline\\{closure}(Object(Illuminate\\Http\\Request))
#50 C:\\xampp\\htdocs\\Cioas\\vendor\\laravel\\framework\\src\\Illuminate\\Pipeline\\Pipeline.php(167): Illuminate\\Http\\Middleware\\TrustProxies->handle(Object(Illuminate\\Http\\Request), Object(Closure))
#51 C:\\xampp\\htdocs\\Cioas\\vendor\\laravel\\framework\\src\\Illuminate\\Pipeline\\Pipeline.php(103): Illuminate\\Pipeline\\Pipeline->Illuminate\\Pipeline\\{closure}(Object(Illuminate\\Http\\Request))
#52 C:\\xampp\\htdocs\\Cioas\\vendor\\laravel\\framework\\src\\Illuminate\\Foundation\\Http\\Kernel.php(142): Illuminate\\Pipeline\\Pipeline->then(Object(Closure))
#53 C:\\xampp\\htdocs\\Cioas\\vendor\\laravel\\framework\\src\\Illuminate\\Foundation\\Http\\Kernel.php(111): Illuminate\\Foundation\\Http\\Kernel->sendRequestThroughRouter(Object(Illuminate\\Http\\Request))
#54 C:\\xampp\\htdocs\\Cioas\\public\\index.php(51): Illuminate\\Foundation\\Http\\Kernel->handle(Object(Illuminate\\Http\\Request))
#55 C:\\xampp\\htdocs\\Cioas\\server.php(21): require_once('C:\\\\xampp\\\\htdocs...')
#56 {main}
"} 
[2026-05-06 07:29:01] local.ERROR: Uncaught ErrorException: include(C:\xampp\htdocs\Cioas\vendor\composer/../../app/Models/HotelRestaurant.php): Failed to open stream: No such file or directory in C:\xampp\htdocs\Cioas\vendor\composer\ClassLoader.php:576
Stack trace:
#0 C:\xampp\htdocs\Cioas\vendor\composer\ClassLoader.php(576): Illuminate\Foundation\Bootstrap\HandleExceptions->handleError(2, 'include(C:\\xamp...', 'C:\\xampp\\htdocs...', 576)
#1 C:\xampp\htdocs\Cioas\vendor\composer\ClassLoader.php(576): include()
#2 C:\xampp\htdocs\Cioas\vendor\composer\ClassLoader.php(427): Composer\Autoload\{closure}('C:\\xampp\\htdocs...')
#3 [internal function]: Composer\Autoload\ClassLoader->loadClass('App\\Models\\Hote...')
#4 Command line code(1): class_exists('App\\Models\\Hote...')
#5 [internal function]: {closure}('App\\Models\\Hote...')
#6 Command line code(1): array_filter(Array, Object(Closure))
#7 {main}
  thrown {"exception":"[object] (Symfony\\Component\\ErrorHandler\\Error\\FatalError(code: 0): Uncaught ErrorException: include(C:\\xampp\\htdocs\\Cioas\\vendor\\composer/../../app/Models/HotelRestaurant.php): Failed to open stream: No such file or directory in C:\\xampp\\htdocs\\Cioas\\vendor\\composer\\ClassLoader.php:576
Stack trace:
#0 C:\\xampp\\htdocs\\Cioas\\vendor\\composer\\ClassLoader.php(576): Illuminate\\Foundation\\Bootstrap\\HandleExceptions->handleError(2, 'include(C:\\\\xamp...', 'C:\\\\xampp\\\\htdocs...', 576)
#1 C:\\xampp\\htdocs\\Cioas\\vendor\\composer\\ClassLoader.php(576): include()
#2 C:\\xampp\\htdocs\\Cioas\\vendor\\composer\\ClassLoader.php(427): Composer\\Autoload\\{closure}('C:\\\\xampp\\\\htdocs...')
#3 [internal function]: Composer\\Autoload\\ClassLoader->loadClass('App\\\\Models\\\\Hote...')
#4 Command line code(1): class_exists('App\\\\Models\\\\Hote...')
#5 [internal function]: {closure}('App\\\\Models\\\\Hote...')
#6 Command line code(1): array_filter(Array, Object(Closure))
#7 {main}
  thrown at C:\\xampp\\htdocs\\Cioas\\vendor\\composer\\ClassLoader.php:576)
[stacktrace]
#0 {main}
"} 
[2026-05-06 07:30:01] local.ERROR: Uncaught ErrorException: include(C:\xampp\htdocs\Cioas\vendor\composer/../../app/Models/HotelRestaurant.php): Failed to open stream: No such file or directory in C:\xampp\htdocs\Cioas\vendor\composer\ClassLoader.php:576
Stack trace:
#0 C:\xampp\htdocs\Cioas\vendor\composer\ClassLoader.php(576): Illuminate\Foundation\Bootstrap\HandleExceptions->handleError(2, 'include(C:\\xamp...', 'C:\\xampp\\htdocs...', 576)
#1 C:\xampp\htdocs\Cioas\vendor\composer\ClassLoader.php(576): include()
#2 C:\xampp\htdocs\Cioas\vendor\composer\ClassLoader.php(427): Composer\Autoload\{closure}('C:\\xampp\\htdocs...')
#3 [internal function]: Composer\Autoload\ClassLoader->loadClass('App\\Models\\Hote...')
#4 Command line code(1): class_exists('App\\Models\\Hote...')
#5 [internal function]: {closure}('App\\Models\\Hote...')
#6 Command line code(1): array_filter(Array, Object(Closure))
#7 {main}
  thrown {"exception":"[object] (Symfony\\Component\\ErrorHandler\\Error\\FatalError(code: 0): Uncaught ErrorException: include(C:\\xampp\\htdocs\\Cioas\\vendor\\composer/../../app/Models/HotelRestaurant.php): Failed to open stream: No such file or directory in C:\\xampp\\htdocs\\Cioas\\vendor\\composer\\ClassLoader.php:576
Stack trace:
#0 C:\\xampp\\htdocs\\Cioas\\vendor\\composer\\ClassLoader.php(576): Illuminate\\Foundation\\Bootstrap\\HandleExceptions->handleError(2, 'include(C:\\\\xamp...', 'C:\\\\xampp\\\\htdocs...', 576)
#1 C:\\xampp\\htdocs\\Cioas\\vendor\\composer\\ClassLoader.php(576): include()
#2 C:\\xampp\\htdocs\\Cioas\\vendor\\composer\\ClassLoader.php(427): Composer\\Autoload\\{closure}('C:\\\\xampp\\\\htdocs...')
#3 [internal function]: Composer\\Autoload\\ClassLoader->loadClass('App\\\\Models\\\\Hote...')
#4 Command line code(1): class_exists('App\\\\Models\\\\Hote...')
#5 [internal function]: {closure}('App\\\\Models\\\\Hote...')
#6 Command line code(1): array_filter(Array, Object(Closure))
#7 {main}
  thrown at C:\\xampp\\htdocs\\Cioas\\vendor\\composer\\ClassLoader.php:576)
[stacktrace]
#0 {main}
"} 
[2026-05-06 07:31:01] local.ERROR: Uncaught ErrorException: include(C:\xampp\htdocs\Cioas\vendor\composer/../../app/Models/HotelRestaurant.php): Failed to open stream: No such file or directory in C:\xampp\htdocs\Cioas\vendor\composer\ClassLoader.php:576
Stack trace:
#0 C:\xampp\htdocs\Cioas\vendor\composer\ClassLoader.php(576): Illuminate\Foundation\Bootstrap\HandleExceptions->handleError(2, 'include(C:\\xamp...', 'C:\\xampp\\htdocs...', 576)
#1 C:\xampp\htdocs\Cioas\vendor\composer\ClassLoader.php(576): include()
#2 C:\xampp\htdocs\Cioas\vendor\composer\ClassLoader.php(427): Composer\Autoload\{closure}('C:\\xampp\\htdocs...')
#3 [internal function]: Composer\Autoload\ClassLoader->loadClass('App\\Models\\Hote...')
#4 Command line code(1): class_exists('App\\Models\\Hote...')
#5 [internal function]: {closure}('App\\Models\\Hote...')
#6 Command line code(1): array_filter(Array, Object(Closure))
#7 {main}
  thrown {"exception":"[object] (Symfony\\Component\\ErrorHandler\\Error\\FatalError(code: 0): Uncaught ErrorException: include(C:\\xampp\\htdocs\\Cioas\\vendor\\composer/../../app/Models/HotelRestaurant.php): Failed to open stream: No such file or directory in C:\\xampp\\htdocs\\Cioas\\vendor\\composer\\ClassLoader.php:576
Stack trace:
#0 C:\\xampp\\htdocs\\Cioas\\vendor\\composer\\ClassLoader.php(576): Illuminate\\Foundation\\Bootstrap\\HandleExceptions->handleError(2, 'include(C:\\\\xamp...', 'C:\\\\xampp\\\\htdocs...', 576)
#1 C:\\xampp\\htdocs\\Cioas\\vendor\\composer\\ClassLoader.php(576): include()
#2 C:\\xampp\\htdocs\\Cioas\\vendor\\composer\\ClassLoader.php(427): Composer\\Autoload\\{closure}('C:\\\\xampp\\\\htdocs...')
#3 [internal function]: Composer\\Autoload\\ClassLoader->loadClass('App\\\\Models\\\\Hote...')
#4 Command line code(1): class_exists('App\\\\Models\\\\Hote...')
#5 [internal function]: {closure}('App\\\\Models\\\\Hote...')
#6 Command line code(1): array_filter(Array, Object(Closure))
#7 {main}
  thrown at C:\\xampp\\htdocs\\Cioas\\vendor\\composer\\ClassLoader.php:576)
[stacktrace]
#0 {main}
"} 
[2026-05-06 07:31:25] local.ERROR: Attempt to read property "en_name" on null (View: C:\xampp\htdocs\Cioas\resources\views\backend\pages\hotel-restaurant\index.blade.php) {"view":{"view":"C:\\xampp\\htdocs\\Cioas\\resources\\views/backend/pages/hotel-restaurant/index.blade.php","data":{"errors":"<pre class=sf-dump id=sf-dump-1868110882 data-indent-pad=\"  \"><span class=sf-dump-note>Illuminate\\Support\\ViewErrorBag</span> {<a class=sf-dump-ref>#2123</a><samp data-depth=1 class=sf-dump-expanded>
  #<span class=sf-dump-protected title=\"Protected property\">bags</span>: []
</samp>}
</pre><script>Sfdump(\"sf-dump-1868110882\", {\"maxDepth\":3,\"maxStringLength\":160})</script>
","organizations":"<pre class=sf-dump id=sf-dump-784611896 data-indent-pad=\"  \"><span class=sf-dump-note>Illuminate\\Database\\Eloquent\\Collection</span> {<a class=sf-dump-ref>#2162</a><samp data-depth=1 class=sf-dump-expanded>
  #<span class=sf-dump-protected title=\"Protected property\">items</span>: <span class=sf-dump-note>array:12</span> [<samp data-depth=2 class=sf-dump-compact>
    <span class=sf-dump-index>0</span> => <span class=sf-dump-note title=\"App\\Models\\HotelRestaurant\\HotelRestaurant
\"><span class=\"sf-dump-ellipsis sf-dump-ellipsis-note\">App\\Models\\HotelRestaurant</span><span class=\"sf-dump-ellipsis sf-dump-ellipsis-note\">\\</span>HotelRestaurant</span> {<a class=sf-dump-ref>#2169</a><samp data-depth=3 class=sf-dump-compact>
      #<span class=sf-dump-protected title=\"Protected property\">connection</span>: \"<span class=sf-dump-str title=\"5 characters\">mysql</span>\"
      #<span class=sf-dump-protected title=\"Protected property\">table</span>: \"<span class=sf-dump-str title=\"17 characters\">hotel_restaurants</span>\"
      #<span class=sf-dump-protected title=\"Protected property\">primaryKey</span>: \"<span class=sf-dump-str title=\"2 characters\">id</span>\"
      #<span class=sf-dump-protected title=\"Protected property\">keyType</span>: \"<span class=sf-dump-str title=\"3 characters\">int</span>\"
      +<span class=sf-dump-public title=\"Public property\">incrementing</span>: <span class=sf-dump-const>true</span>
      #<span class=sf-dump-protected title=\"Protected property\">with</span>: []
      #<span class=sf-dump-protected title=\"Protected property\">withCount</span>: []
      +<span class=sf-dump-public title=\"Public property\">preventsLazyLoading</span>: <span class=sf-dump-const>false</span>
      #<span class=sf-dump-protected title=\"Protected property\">perPage</span>: <span class=sf-dump-num>15</span>
      +<span class=sf-dump-public title=\"Public property\">exists</span>: <span class=sf-dump-const>true</span>
      +<span class=sf-dump-public title=\"Public property\">wasRecentlyCreated</span>: <span class=sf-dump-const>false</span>
      #<span class=sf-dump-protected title=\"Protected property\">escapeWhenCastingToString</span>: <span class=sf-dump-const>false</span>
      #<span class=sf-dump-protected title=\"Protected property\">attributes</span>: <span class=sf-dump-note>array:46</span> [ &#8230;46]
      #<span class=sf-dump-protected title=\"Protected property\">original</span>: <span class=sf-dump-note>array:46</span> [ &#8230;46]
      #<span class=sf-dump-protected title=\"Protected property\">changes</span>: []
      #<span class=sf-dump-protected title=\"Protected property\">casts</span>: []
      #<span class=sf-dump-protected title=\"Protected property\">classCastCache</span>: []
      #<span class=sf-dump-protected title=\"Protected property\">attributeCastCache</span>: []
      #<span class=sf-dump-protected title=\"Protected property\">dates</span>: []
      #<span class=sf-dump-protected title=\"Protected property\">dateFormat</span>: <span class=sf-dump-const>null</span>
      #<span class=sf-dump-protected title=\"Protected property\">appends</span>: []
      #<span class=sf-dump-protected title=\"Protected property\">dispatchesEvents</span>: []
      #<span class=sf-dump-protected title=\"Protected property\">observables</span>: []
      #<span class=sf-dump-protected title=\"Protected property\">relations</span>: <span class=sf-dump-note>array:3</span> [ &#8230;3]
      #<span class=sf-dump-protected title=\"Protected property\">touches</span>: []
      +<span class=sf-dump-public title=\"Public property\">timestamps</span>: <span class=sf-dump-const>true</span>
      #<span class=sf-dump-protected title=\"Protected property\">hidden</span>: []
      #<span class=sf-dump-protected title=\"Protected property\">visible</span>: []
      #<span class=sf-dump-protected title=\"Protected property\">fillable</span>: <span class=sf-dump-note>array:37</span> [ &#8230;37]
      #<span class=sf-dump-protected title=\"Protected property\">guarded</span>: <span class=sf-dump-note>array:1</span> [ &#8230;1]
    </samp>}
    <span class=sf-dump-index>1</span> => <span class=sf-dump-note title=\"App\\Models\\HotelRestaurant\\HotelRestaurant
\"><span class=\"sf-dump-ellipsis sf-dump-ellipsis-note\">App\\Models\\HotelRestaurant</span><span class=\"sf-dump-ellipsis sf-dump-ellipsis-note\">\\</span>HotelRestaurant</span> {<a class=sf-dump-ref>#2170</a><samp data-depth=3 class=sf-dump-compact>
      #<span class=sf-dump-protected title=\"Protected property\">connection</span>: \"<span class=sf-dump-str title=\"5 characters\">mysql</span>\"
      #<span class=sf-dump-protected title=\"Protected property\">table</span>: \"<span class=sf-dump-str title=\"17 characters\">hotel_restaurants</span>\"
      #<span class=sf-dump-protected title=\"Protected property\">primaryKey</span>: \"<span class=sf-dump-str title=\"2 characters\">id</span>\"
      #<span class=sf-dump-protected title=\"Protected property\">keyType</span>: \"<span class=sf-dump-str title=\"3 characters\">int</span>\"
      +<span class=sf-dump-public title=\"Public property\">incrementing</span>: <span class=sf-dump-const>true</span>
      #<span class=sf-dump-protected title=\"Protected property\">with</span>: []
      #<span class=sf-dump-protected title=\"Protected property\">withCount</span>: []
      +<span class=sf-dump-public title=\"Public property\">preventsLazyLoading</span>: <span class=sf-dump-const>false</span>
      #<span class=sf-dump-protected title=\"Protected property\">perPage</span>: <span class=sf-dump-num>15</span>
      +<span class=sf-dump-public title=\"Public property\">exists</span>: <span class=sf-dump-const>true</span>
      +<span class=sf-dump-public title=\"Public property\">wasRecentlyCreated</span>: <span class=sf-dump-const>false</span>
      #<span class=sf-dump-protected title=\"Protected property\">escapeWhenCastingToString</span>: <span class=sf-dump-const>false</span>
      #<span class=sf-dump-protected title=\"Protected property\">attributes</span>: <span class=sf-dump-note>array:46</span> [ &#8230;46]
      #<span class=sf-dump-protected title=\"Protected property\">original</span>: <span class=sf-dump-note>array:46</span> [ &#8230;46]
      #<span class=sf-dump-protected title=\"Protected property\">changes</span>: []
      #<span class=sf-dump-protected title=\"Protected property\">casts</span>: []
      #<span class=sf-dump-protected title=\"Protected property\">classCastCache</span>: []
      #<span class=sf-dump-protected title=\"Protected property\">attributeCastCache</span>: []
      #<span class=sf-dump-protected title=\"Protected property\">dates</span>: []
      #<span class=sf-dump-protected title=\"Protected property\">dateFormat</span>: <span class=sf-dump-const>null</span>
      #<span class=sf-dump-protected title=\"Protected property\">appends</span>: []
      #<span class=sf-dump-protected title=\"Protected property\">dispatchesEvents</span>: []
      #<span class=sf-dump-protected title=\"Protected property\">observables</span>: []
      #<span class=sf-dump-protected title=\"Protected property\">relations</span>: <span class=sf-dump-note>array:3</span> [ &#8230;3]
      #<span class=sf-dump-protected title=\"Protected property\">touches</span>: []
      +<span class=sf-dump-public title=\"Public property\">timestamps</span>: <span class=sf-dump-const>true</span>
      #<span class=sf-dump-protected title=\"Protected property\">hidden</span>: []
      #<span class=sf-dump-protected title=\"Protected property\">visible</span>: []
      #<span class=sf-dump-protected title=\"Protected property\">fillable</span>: <span class=sf-dump-note>array:37</span> [ &#8230;37]
      #<span class=sf-dump-protected title=\"Protected property\">guarded</span>: <span class=sf-dump-note>array:1</span> [ &#8230;1]
    </samp>}
    <span class=sf-dump-index>2</span> => <span class=sf-dump-note title=\"App\\Models\\HotelRestaurant\\HotelRestaurant
\"><span class=\"sf-dump-ellipsis sf-dump-ellipsis-note\">App\\Models\\HotelRestaurant</span><span class=\"sf-dump-ellipsis sf-dump-ellipsis-note\">\\</span>HotelRestaurant</span> {<a class=sf-dump-ref>#2171</a><samp data-depth=3 class=sf-dump-compact>
      #<span class=sf-dump-protected title=\"Protected property\">connection</span>: \"<span class=sf-dump-str title=\"5 characters\">mysql</span>\"
      #<span class=sf-dump-protected title=\"Protected property\">table</span>: \"<span class=sf-dump-str title=\"17 characters\">hotel_restaurants</span>\"
      #<span class=sf-dump-protected title=\"Protected property\">primaryKey</span>: \"<span class=sf-dump-str title=\"2 characters\">id</span>\"
      #<span class=sf-dump-protected title=\"Protected property\">keyType</span>: \"<span class=sf-dump-str title=\"3 characters\">int</span>\"
      +<span class=sf-dump-public title=\"Public property\">incrementing</span>: <span class=sf-dump-const>true</span>
      #<span class=sf-dump-protected title=\"Protected property\">with</span>: []
      #<span class=sf-dump-protected title=\"Protected property\">withCount</span>: []
      +<span class=sf-dump-public title=\"Public property\">preventsLazyLoading</span>: <span class=sf-dump-const>false</span>
      #<span class=sf-dump-protected title=\"Protected property\">perPage</span>: <span class=sf-dump-num>15</span>
      +<span class=sf-dump-public title=\"Public property\">exists</span>: <span class=sf-dump-const>true</span>
      +<span class=sf-dump-public title=\"Public property\">wasRecentlyCreated</span>: <span class=sf-dump-const>false</span>
      #<span class=sf-dump-protected title=\"Protected property\">escapeWhenCastingToString</span>: <span class=sf-dump-const>false</span>
      #<span class=sf-dump-protected title=\"Protected property\">attributes</span>: <span class=sf-dump-note>array:46</span> [ &#8230;46]
      #<span class=sf-dump-protected title=\"Protected property\">original</span>: <span class=sf-dump-note>array:46</span> [ &#8230;46]
      #<span class=sf-dump-protected title=\"Protected property\">changes</span>: []
      #<span class=sf-dump-protected title=\"Protected property\">casts</span>: []
      #<span class=sf-dump-protected title=\"Protected property\">classCastCache</span>: []
      #<span class=sf-dump-protected title=\"Protected property\">attributeCastCache</span>: []
      #<span class=sf-dump-protected title=\"Protected property\">dates</span>: []
      #<span class=sf-dump-protected title=\"Protected property\">dateFormat</span>: <span class=sf-dump-const>null</span>
      #<span class=sf-dump-protected title=\"Protected property\">appends</span>: []
      #<span class=sf-dump-protected title=\"Protected property\">dispatchesEvents</span>: []
      #<span class=sf-dump-protected title=\"Protected property\">observables</span>: []
      #<span class=sf-dump-protected title=\"Protected property\">relations</span>: <span class=sf-dump-note>array:3</span> [ &#8230;3]
      #<span class=sf-dump-protected title=\"Protected property\">touches</span>: []
      +<span class=sf-dump-public title=\"Public property\">timestamps</span>: <span class=sf-dump-const>true</span>
      #<span class=sf-dump-protected title=\"Protected property\">hidden</span>: []
      #<span class=sf-dump-protected title=\"Protected property\">visible</span>: []
      #<span class=sf-dump-protected title=\"Protected property\">fillable</span>: <span class=sf-dump-note>array:37</span> [ &#8230;37]
      #<span class=sf-dump-protected title=\"Protected property\">guarded</span>: <span class=sf-dump-note>array:1</span> [ &#8230;1]
    </samp>}
    <span class=sf-dump-index>3</span> => <span class=sf-dump-note title=\"App\\Models\\HotelRestaurant\\HotelRestaurant
\"><span class=\"sf-dump-ellipsis sf-dump-ellipsis-note\">App\\Models\\HotelRestaurant</span><span class=\"sf-dump-ellipsis sf-dump-ellipsis-note\">\\</span>HotelRestaurant</span> {<a class=sf-dump-ref>#2172</a><samp data-depth=3 class=sf-dump-compact>
      #<span class=sf-dump-protected title=\"Protected property\">connection</span>: \"<span class=sf-dump-str title=\"5 characters\">mysql</span>\"
      #<span class=sf-dump-protected title=\"Protected property\">table</span>: \"<span class=sf-dump-str title=\"17 characters\">hotel_restaurants</span>\"
      #<span class=sf-dump-protected title=\"Protected property\">primaryKey</span>: \"<span class=sf-dump-str title=\"2 characters\">id</span>\"
      #<span class=sf-dump-protected title=\"Protected property\">keyType</span>: \"<span class=sf-dump-str title=\"3 characters\">int</span>\"
      +<span class=sf-dump-public title=\"Public property\">incrementing</span>: <span class=sf-dump-const>true</span>
      #<span class=sf-dump-protected title=\"Protected property\">with</span>: []
      #<span class=sf-dump-protected title=\"Protected property\">withCount</span>: []
      +<span class=sf-dump-public title=\"Public property\">preventsLazyLoading</span>: <span class=sf-dump-const>false</span>
      #<span class=sf-dump-protected title=\"Protected property\">perPage</span>: <span class=sf-dump-num>15</span>
      +<span class=sf-dump-public title=\"Public property\">exists</span>: <span class=sf-dump-const>true</span>
      +<span class=sf-dump-public title=\"Public property\">wasRecentlyCreated</span>: <span class=sf-dump-const>false</span>
      #<span class=sf-dump-protected title=\"Protected property\">escapeWhenCastingToString</span>: <span class=sf-dump-const>false</span>
      #<span class=sf-dump-protected title=\"Protected property\">attributes</span>: <span class=sf-dump-note>array:46</span> [ &#8230;46]
      #<span class=sf-dump-protected title=\"Protected property\">original</span>: <span class=sf-dump-note>array:46</span> [ &#8230;46]
      #<span class=sf-dump-protected title=\"Protected property\">changes</span>: []
      #<span class=sf-dump-protected title=\"Protected property\">casts</span>: []
      #<span class=sf-dump-protected title=\"Protected property\">classCastCache</span>: []
      #<span class=sf-dump-protected title=\"Protected property\">attributeCastCache</span>: []
      #<span class=sf-dump-protected title=\"Protected property\">dates</span>: []
      #<span class=sf-dump-protected title=\"Protected property\">dateFormat</span>: <span class=sf-dump-const>null</span>
      #<span class=sf-dump-protected title=\"Protected property\">appends</span>: []
      #<span class=sf-dump-protected title=\"Protected property\">dispatchesEvents</span>: []
      #<span class=sf-dump-protected title=\"Protected property\">observables</span>: []
      #<span class=sf-dump-protected title=\"Protected property\">relations</span>: <span class=sf-dump-note>array:3</span> [ &#8230;3]
      #<span class=sf-dump-protected title=\"Protected property\">touches</span>: []
      +<span class=sf-dump-public title=\"Public property\">timestamps</span>: <span class=sf-dump-const>true</span>
      #<span class=sf-dump-protected title=\"Protected property\">hidden</span>: []
      #<span class=sf-dump-protected title=\"Protected property\">visible</span>: []
      #<span class=sf-dump-protected title=\"Protected property\">fillable</span>: <span class=sf-dump-note>array:37</span> [ &#8230;37]
      #<span class=sf-dump-protected title=\"Protected property\">guarded</span>: <span class=sf-dump-note>array:1</span> [ &#8230;1]
    </samp>}
    <span class=sf-dump-index>4</span> => <span class=sf-dump-note title=\"App\\Models\\HotelRestaurant\\HotelRestaurant
\"><span class=\"sf-dump-ellipsis sf-dump-ellipsis-note\">App\\Models\\HotelRestaurant</span><span class=\"sf-dump-ellipsis sf-dump-ellipsis-note\">\\</span>HotelRestaurant</span> {<a class=sf-dump-ref>#2173</a><samp data-depth=3 class=sf-dump-compact>
      #<span class=sf-dump-protected title=\"Protected property\">connection</span>: \"<span class=sf-dump-str title=\"5 characters\">mysql</span>\"
      #<span class=sf-dump-protected title=\"Protected property\">table</span>: \"<span class=sf-dump-str title=\"17 characters\">hotel_restaurants</span>\"
      #<span class=sf-dump-protected title=\"Protected property\">primaryKey</span>: \"<span class=sf-dump-str title=\"2 characters\">id</span>\"
      #<span class=sf-dump-protected title=\"Protected property\">keyType</span>: \"<span class=sf-dump-str title=\"3 characters\">int</span>\"
      +<span class=sf-dump-public title=\"Public property\">incrementing</span>: <span class=sf-dump-const>true</span>
      #<span class=sf-dump-protected title=\"Protected property\">with</span>: []
      #<span class=sf-dump-protected title=\"Protected property\">withCount</span>: []
      +<span class=sf-dump-public title=\"Public property\">preventsLazyLoading</span>: <span class=sf-dump-const>false</span>
      #<span class=sf-dump-protected title=\"Protected property\">perPage</span>: <span class=sf-dump-num>15</span>
      +<span class=sf-dump-public title=\"Public property\">exists</span>: <span class=sf-dump-const>true</span>
      +<span class=sf-dump-public title=\"Public property\">wasRecentlyCreated</span>: <span class=sf-dump-const>false</span>
      #<span class=sf-dump-protected title=\"Protected property\">escapeWhenCastingToString</span>: <span class=sf-dump-const>false</span>
      #<span class=sf-dump-protected title=\"Protected property\">attributes</span>: <span class=sf-dump-note>array:46</span> [ &#8230;46]
      #<span class=sf-dump-protected title=\"Protected property\">original</span>: <span class=sf-dump-note>array:46</span> [ &#8230;46]
      #<span class=sf-dump-protected title=\"Protected property\">changes</span>: []
      #<span class=sf-dump-protected title=\"Protected property\">casts</span>: []
      #<span class=sf-dump-protected title=\"Protected property\">classCastCache</span>: []
      #<span class=sf-dump-protected title=\"Protected property\">attributeCastCache</span>: []
      #<span class=sf-dump-protected title=\"Protected property\">dates</span>: []
      #<span class=sf-dump-protected title=\"Protected property\">dateFormat</span>: <span class=sf-dump-const>null</span>
      #<span class=sf-dump-protected title=\"Protected property\">appends</span>: []
      #<span class=sf-dump-protected title=\"Protected property\">dispatchesEvents</span>: []
      #<span class=sf-dump-protected title=\"Protected property\">observables</span>: []
      #<span class=sf-dump-protected title=\"Protected property\">relations</span>: <span class=sf-dump-note>array:3</span> [ &#8230;3]
      #<span class=sf-dump-protected title=\"Protected property\">touches</span>: []
      +<span class=sf-dump-public title=\"Public property\">timestamps</span>: <span class=sf-dump-const>true</span>
      #<span class=sf-dump-protected title=\"Protected property\">hidden</span>: []
      #<span class=sf-dump-protected title=\"Protected property\">visible</span>: []
      #<span class=sf-dump-protected title=\"Protected property\">fillable</span>: <span class=sf-dump-note>array:37</span> [ &#8230;37]
      #<span class=sf-dump-protected title=\"Protected property\">guarded</span>: <span class=sf-dump-note>array:1</span> [ &#8230;1]
    </samp>}
    <span class=sf-dump-index>5</span> => <span class=sf-dump-note title=\"App\\Models\\HotelRestaurant\\HotelRestaurant
\"><span class=\"sf-dump-ellipsis sf-dump-ellipsis-note\">App\\Models\\HotelRestaurant</span><span class=\"sf-dump-ellipsis sf-dump-ellipsis-note\">\\</span>HotelRestaurant</span> {<a class=sf-dump-ref>#2174</a><samp data-depth=3 class=sf-dump-compact>
      #<span class=sf-dump-protected title=\"Protected property\">connection</span>: \"<span class=sf-dump-str title=\"5 characters\">mysql</span>\"
      #<span class=sf-dump-protected title=\"Protected property\">table</span>: \"<span class=sf-dump-str title=\"17 characters\">hotel_restaurants</span>\"
      #<span class=sf-dump-protected title=\"Protected property\">primaryKey</span>: \"<span class=sf-dump-str title=\"2 characters\">id</span>\"
      #<span class=sf-dump-protected title=\"Protected property\">keyType</span>: \"<span class=sf-dump-str title=\"3 characters\">int</span>\"
      +<span class=sf-dump-public title=\"Public property\">incrementing</span>: <span class=sf-dump-const>true</span>
      #<span class=sf-dump-protected title=\"Protected property\">with</span>: []
      #<span class=sf-dump-protected title=\"Protected property\">withCount</span>: []
      +<span class=sf-dump-public title=\"Public property\">preventsLazyLoading</span>: <span class=sf-dump-const>false</span>
      #<span class=sf-dump-protected title=\"Protected property\">perPage</span>: <span class=sf-dump-num>15</span>
      +<span class=sf-dump-public title=\"Public property\">exists</span>: <span class=sf-dump-const>true</span>
      +<span class=sf-dump-public title=\"Public property\">wasRecentlyCreated</span>: <span class=sf-dump-const>false</span>
      #<span class=sf-dump-protected title=\"Protected property\">escapeWhenCastingToString</span>: <span class=sf-dump-const>false</span>
      #<span class=sf-dump-protected title=\"Protected property\">attributes</span>: <span class=sf-dump-note>array:46</span> [ &#8230;46]
      #<span class=sf-dump-protected title=\"Protected property\">original</span>: <span class=sf-dump-note>array:46</span> [ &#8230;46]
      #<span class=sf-dump-protected title=\"Protected property\">changes</span>: []
      #<span class=sf-dump-protected title=\"Protected property\">casts</span>: []
      #<span class=sf-dump-protected title=\"Protected property\">classCastCache</span>: []
      #<span class=sf-dump-protected title=\"Protected property\">attributeCastCache</span>: []
      #<span class=sf-dump-protected title=\"Protected property\">dates</span>: []
      #<span class=sf-dump-protected title=\"Protected property\">dateFormat</span>: <span class=sf-dump-const>null</span>
      #<span class=sf-dump-protected title=\"Protected property\">appends</span>: []
      #<span class=sf-dump-protected title=\"Protected property\">dispatchesEvents</span>: []
      #<span class=sf-dump-protected title=\"Protected property\">observables</span>: []
      #<span class=sf-dump-protected title=\"Protected property\">relations</span>: <span class=sf-dump-note>array:3</span> [ &#8230;3]
      #<span class=sf-dump-protected title=\"Protected property\">touches</span>: []
      +<span class=sf-dump-public title=\"Public property\">timestamps</span>: <span class=sf-dump-const>true</span>
      #<span class=sf-dump-protected title=\"Protected property\">hidden</span>: []
      #<span class=sf-dump-protected title=\"Protected property\">visible</span>: []
      #<span class=sf-dump-protected title=\"Protected property\">fillable</span>: <span class=sf-dump-note>array:37</span> [ &#8230;37]
      #<span class=sf-dump-protected title=\"Protected property\">guarded</span>: <span class=sf-dump-note>array:1</span> [ &#8230;1]
    </samp>}
    <span class=sf-dump-index>6</span> => <span class=sf-dump-note title=\"App\\Models\\HotelRestaurant\\HotelRestaurant
\"><span class=\"sf-dump-ellipsis sf-dump-ellipsis-note\">App\\Models\\HotelRestaurant</span><span class=\"sf-dump-ellipsis sf-dump-ellipsis-note\">\\</span>HotelRestaurant</span> {<a class=sf-dump-ref>#2175</a><samp data-depth=3 class=sf-dump-compact>
      #<span class=sf-dump-protected title=\"Protected property\">connection</span>: \"<span class=sf-dump-str title=\"5 characters\">mysql</span>\"
      #<span class=sf-dump-protected title=\"Protected property\">table</span>: \"<span class=sf-dump-str title=\"17 characters\">hotel_restaurants</span>\"
      #<span class=sf-dump-protected title=\"Protected property\">primaryKey</span>: \"<span class=sf-dump-str title=\"2 characters\">id</span>\"
      #<span class=sf-dump-protected title=\"Protected property\">keyType</span>: \"<span class=sf-dump-str title=\"3 characters\">int</span>\"
      +<span class=sf-dump-public title=\"Public property\">incrementing</span>: <span class=sf-dump-const>true</span>
      #<span class=sf-dump-protected title=\"Protected property\">with</span>: []
      #<span class=sf-dump-protected title=\"Protected property\">withCount</span>: []
      +<span class=sf-dump-public title=\"Public property\">preventsLazyLoading</span>: <span class=sf-dump-const>false</span>
      #<span class=sf-dump-protected title=\"Protected property\">perPage</span>: <span class=sf-dump-num>15</span>
      +<span class=sf-dump-public title=\"Public property\">exists</span>: <span class=sf-dump-const>true</span>
      +<span class=sf-dump-public title=\"Public property\">wasRecentlyCreated</span>: <span class=sf-dump-const>false</span>
      #<span class=sf-dump-protected title=\"Protected property\">escapeWhenCastingToString</span>: <span class=sf-dump-const>false</span>
      #<span class=sf-dump-protected title=\"Protected property\">attributes</span>: <span class=sf-dump-note>array:46</span> [ &#8230;46]
      #<span class=sf-dump-protected title=\"Protected property\">original</span>: <span class=sf-dump-note>array:46</span> [ &#8230;46]
      #<span class=sf-dump-protected title=\"Protected property\">changes</span>: []
      #<span class=sf-dump-protected title=\"Protected property\">casts</span>: []
      #<span class=sf-dump-protected title=\"Protected property\">classCastCache</span>: []
      #<span class=sf-dump-protected title=\"Protected property\">attributeCastCache</span>: []
      #<span class=sf-dump-protected title=\"Protected property\">dates</span>: []
      #<span class=sf-dump-protected title=\"Protected property\">dateFormat</span>: <span class=sf-dump-const>null</span>
      #<span class=sf-dump-protected title=\"Protected property\">appends</span>: []
      #<span class=sf-dump-protected title=\"Protected property\">dispatchesEvents</span>: []
      #<span class=sf-dump-protected title=\"Protected property\">observables</span>: []
      #<span class=sf-dump-protected title=\"Protected property\">relations</span>: <span class=sf-dump-note>array:3</span> [ &#8230;3]
      #<span class=sf-dump-protected title=\"Protected property\">touches</span>: []
      +<span class=sf-dump-public title=\"Public property\">timestamps</span>: <span class=sf-dump-const>true</span>
      #<span class=sf-dump-protected title=\"Protected property\">hidden</span>: []
      #<span class=sf-dump-protected title=\"Protected property\">visible</span>: []
      #<span class=sf-dump-protected title=\"Protected property\">fillable</span>: <span class=sf-dump-note>array:37</span> [ &#8230;37]
      #<span class=sf-dump-protected title=\"Protected property\">guarded</span>: <span class=sf-dump-note>array:1</span> [ &#8230;1]
    </samp>}
    <span class=sf-dump-index>7</span> => <span class=sf-dump-note title=\"App\\Models\\HotelRestaurant\\HotelRestaurant
\"><span class=\"sf-dump-ellipsis sf-dump-ellipsis-note\">App\\Models\\HotelRestaurant</span><span class=\"sf-dump-ellipsis sf-dump-ellipsis-note\">\\</span>HotelRestaurant</span> {<a class=sf-dump-ref>#2176</a><samp data-depth=3 class=sf-dump-compact>
      #<span class=sf-dump-protected title=\"Protected property\">connection</span>: \"<span class=sf-dump-str title=\"5 characters\">mysql</span>\"
      #<span class=sf-dump-protected title=\"Protected property\">table</span>: \"<span class=sf-dump-str title=\"17 characters\">hotel_restaurants</span>\"
      #<span class=sf-dump-protected title=\"Protected property\">primaryKey</span>: \"<span class=sf-dump-str title=\"2 characters\">id</span>\"
      #<span class=sf-dump-protected title=\"Protected property\">keyType</span>: \"<span class=sf-dump-str title=\"3 characters\">int</span>\"
      +<span class=sf-dump-public title=\"Public property\">incrementing</span>: <span class=sf-dump-const>true</span>
      #<span class=sf-dump-protected title=\"Protected property\">with</span>: []
      #<span class=sf-dump-protected title=\"Protected property\">withCount</span>: []
      +<span class=sf-dump-public title=\"Public property\">preventsLazyLoading</span>: <span class=sf-dump-const>false</span>
      #<span class=sf-dump-protected title=\"Protected property\">perPage</span>: <span class=sf-dump-num>15</span>
      +<span class=sf-dump-public title=\"Public property\">exists</span>: <span class=sf-dump-const>true</span>
      +<span class=sf-dump-public title=\"Public property\">wasRecentlyCreated</span>: <span class=sf-dump-const>false</span>
      #<span class=sf-dump-protected title=\"Protected property\">escapeWhenCastingToString</span>: <span class=sf-dump-const>false</span>
      #<span class=sf-dump-protected title=\"Protected property\">attributes</span>: <span class=sf-dump-note>array:46</span> [ &#8230;46]
      #<span class=sf-dump-protected title=\"Protected property\">original</span>: <span class=sf-dump-note>array:46</span> [ &#8230;46]
      #<span class=sf-dump-protected title=\"Protected property\">changes</span>: []
      #<span class=sf-dump-protected title=\"Protected property\">casts</span>: []
      #<span class=sf-dump-protected title=\"Protected property\">classCastCache</span>: []
      #<span class=sf-dump-protected title=\"Protected property\">attributeCastCache</span>: []
      #<span class=sf-dump-protected title=\"Protected property\">dates</span>: []
      #<span class=sf-dump-protected title=\"Protected property\">dateFormat</span>: <span class=sf-dump-const>null</span>
      #<span class=sf-dump-protected title=\"Protected property\">appends</span>: []
      #<span class=sf-dump-protected title=\"Protected property\">dispatchesEvents</span>: []
      #<span class=sf-dump-protected title=\"Protected property\">observables</span>: []
      #<span class=sf-dump-protected title=\"Protected property\">relations</span>: <span class=sf-dump-note>array:3</span> [ &#8230;3]
      #<span class=sf-dump-protected title=\"Protected property\">touches</span>: []
      +<span class=sf-dump-public title=\"Public property\">timestamps</span>: <span class=sf-dump-const>true</span>
      #<span class=sf-dump-protected title=\"Protected property\">hidden</span>: []
      #<span class=sf-dump-protected title=\"Protected property\">visible</span>: []
      #<span class=sf-dump-protected title=\"Protected property\">fillable</span>: <span class=sf-dump-note>array:37</span> [ &#8230;37]
      #<span class=sf-dump-protected title=\"Protected property\">guarded</span>: <span class=sf-dump-note>array:1</span> [ &#8230;1]
    </samp>}
    <span class=sf-dump-index>8</span> => <span class=sf-dump-note title=\"App\\Models\\HotelRestaurant\\HotelRestaurant
\"><span class=\"sf-dump-ellipsis sf-dump-ellipsis-note\">App\\Models\\HotelRestaurant</span><span class=\"sf-dump-ellipsis sf-dump-ellipsis-note\">\\</span>HotelRestaurant</span> {<a class=sf-dump-ref>#2177</a><samp data-depth=3 class=sf-dump-compact>
      #<span class=sf-dump-protected title=\"Protected property\">connection</span>: \"<span class=sf-dump-str title=\"5 characters\">mysql</span>\"
      #<span class=sf-dump-protected title=\"Protected property\">table</span>: \"<span class=sf-dump-str title=\"17 characters\">hotel_restaurants</span>\"
      #<span class=sf-dump-protected title=\"Protected property\">primaryKey</span>: \"<span class=sf-dump-str title=\"2 characters\">id</span>\"
      #<span class=sf-dump-protected title=\"Protected property\">keyType</span>: \"<span class=sf-dump-str title=\"3 characters\">int</span>\"
      +<span class=sf-dump-public title=\"Public property\">incrementing</span>: <span class=sf-dump-const>true</span>
      #<span class=sf-dump-protected title=\"Protected property\">with</span>: []
      #<span class=sf-dump-protected title=\"Protected property\">withCount</span>: []
      +<span class=sf-dump-public title=\"Public property\">preventsLazyLoading</span>: <span class=sf-dump-const>false</span>
      #<span class=sf-dump-protected title=\"Protected property\">perPage</span>: <span class=sf-dump-num>15</span>
      +<span class=sf-dump-public title=\"Public property\">exists</span>: <span class=sf-dump-const>true</span>
      +<span class=sf-dump-public title=\"Public property\">wasRecentlyCreated</span>: <span class=sf-dump-const>false</span>
      #<span class=sf-dump-protected title=\"Protected property\">escapeWhenCastingToString</span>: <span class=sf-dump-const>false</span>
      #<span class=sf-dump-protected title=\"Protected property\">attributes</span>: <span class=sf-dump-note>array:46</span> [ &#8230;46]
      #<span class=sf-dump-protected title=\"Protected property\">original</span>: <span class=sf-dump-note>array:46</span> [ &#8230;46]
      #<span class=sf-dump-protected title=\"Protected property\">changes</span>: []
      #<span class=sf-dump-protected title=\"Protected property\">casts</span>: []
      #<span class=sf-dump-protected title=\"Protected property\">classCastCache</span>: []
      #<span class=sf-dump-protected title=\"Protected property\">attributeCastCache</span>: []
      #<span class=sf-dump-protected title=\"Protected property\">dates</span>: []
      #<span class=sf-dump-protected title=\"Protected property\">dateFormat</span>: <span class=sf-dump-const>null</span>
      #<span class=sf-dump-protected title=\"Protected property\">appends</span>: []
      #<span class=sf-dump-protected title=\"Protected property\">dispatchesEvents</span>: []
      #<span class=sf-dump-protected title=\"Protected property\">observables</span>: []
      #<span class=sf-dump-protected title=\"Protected property\">relations</span>: <span class=sf-dump-note>array:3</span> [ &#8230;3]
      #<span class=sf-dump-protected title=\"Protected property\">touches</span>: []
      +<span class=sf-dump-public title=\"Public property\">timestamps</span>: <span class=sf-dump-const>true</span>
      #<span class=sf-dump-protected title=\"Protected property\">hidden</span>: []
      #<span class=sf-dump-protected title=\"Protected property\">visible</span>: []
      #<span class=sf-dump-protected title=\"Protected property\">fillable</span>: <span class=sf-dump-note>array:37</span> [ &#8230;37]
      #<span class=sf-dump-protected title=\"Protected property\">guarded</span>: <span class=sf-dump-note>array:1</span> [ &#8230;1]
    </samp>}
    <span class=sf-dump-index>9</span> => <span class=sf-dump-note title=\"App\\Models\\HotelRestaurant\\HotelRestaurant
\"><span class=\"sf-dump-ellipsis sf-dump-ellipsis-note\">App\\Models\\HotelRestaurant</span><span class=\"sf-dump-ellipsis sf-dump-ellipsis-note\">\\</span>HotelRestaurant</span> {<a class=sf-dump-ref>#2178</a><samp data-depth=3 class=sf-dump-compact>
      #<span class=sf-dump-protected title=\"Protected property\">connection</span>: \"<span class=sf-dump-str title=\"5 characters\">mysql</span>\"
      #<span class=sf-dump-protected title=\"Protected property\">table</span>: \"<span class=sf-dump-str title=\"17 characters\">hotel_restaurants</span>\"
      #<span class=sf-dump-protected title=\"Protected property\">primaryKey</span>: \"<span class=sf-dump-str title=\"2 characters\">id</span>\"
      #<span class=sf-dump-protected title=\"Protected property\">keyType</span>: \"<span class=sf-dump-str title=\"3 characters\">int</span>\"
      +<span class=sf-dump-public title=\"Public property\">incrementing</span>: <span class=sf-dump-const>true</span>
      #<span class=sf-dump-protected title=\"Protected property\">with</span>: []
      #<span class=sf-dump-protected title=\"Protected property\">withCount</span>: []
      +<span class=sf-dump-public title=\"Public property\">preventsLazyLoading</span>: <span class=sf-dump-const>false</span>
      #<span class=sf-dump-protected title=\"Protected property\">perPage</span>: <span class=sf-dump-num>15</span>
      +<span class=sf-dump-public title=\"Public property\">exists</span>: <span class=sf-dump-const>true</span>
      +<span class=sf-dump-public title=\"Public property\">wasRecentlyCreated</span>: <span class=sf-dump-const>false</span>
      #<span class=sf-dump-protected title=\"Protected property\">escapeWhenCastingToString</span>: <span class=sf-dump-const>false</span>
      #<span class=sf-dump-protected title=\"Protected property\">attributes</span>: <span class=sf-dump-note>array:46</span> [ &#8230;46]
      #<span class=sf-dump-protected title=\"Protected property\">original</span>: <span class=sf-dump-note>array:46</span> [ &#8230;46]
      #<span class=sf-dump-protected title=\"Protected property\">changes</span>: []
      #<span class=sf-dump-protected title=\"Protected property\">casts</span>: []
      #<span class=sf-dump-protected title=\"Protected property\">classCastCache</span>: []
      #<span class=sf-dump-protected title=\"Protected property\">attributeCastCache</span>: []
      #<span class=sf-dump-protected title=\"Protected property\">dates</span>: []
      #<span class=sf-dump-protected title=\"Protected property\">dateFormat</span>: <span class=sf-dump-const>null</span>
      #<span class=sf-dump-protected title=\"Protected property\">appends</span>: []
      #<span class=sf-dump-protected title=\"Protected property\">dispatchesEvents</span>: []
      #<span class=sf-dump-protected title=\"Protected property\">observables</span>: []
      #<span class=sf-dump-protected title=\"Protected property\">relations</span>: <span class=sf-dump-note>array:3</span> [ &#8230;3]
      #<span class=sf-dump-protected title=\"Protected property\">touches</span>: []
      +<span class=sf-dump-public title=\"Public property\">timestamps</span>: <span class=sf-dump-const>true</span>
      #<span class=sf-dump-protected title=\"Protected property\">hidden</span>: []
      #<span class=sf-dump-protected title=\"Protected property\">visible</span>: []
      #<span class=sf-dump-protected title=\"Protected property\">fillable</span>: <span class=sf-dump-note>array:37</span> [ &#8230;37]
      #<span class=sf-dump-protected title=\"Protected property\">guarded</span>: <span class=sf-dump-note>array:1</span> [ &#8230;1]
    </samp>}
    <span class=sf-dump-index>10</span> => <span class=sf-dump-note title=\"App\\Models\\HotelRestaurant\\HotelRestaurant
\"><span class=\"sf-dump-ellipsis sf-dump-ellipsis-note\">App\\Models\\HotelRestaurant</span><span class=\"sf-dump-ellipsis sf-dump-ellipsis-note\">\\</span>HotelRestaurant</span> {<a class=sf-dump-ref>#2179</a><samp data-depth=3 class=sf-dump-compact>
      #<span class=sf-dump-protected title=\"Protected property\">connection</span>: \"<span class=sf-dump-str title=\"5 characters\">mysql</span>\"
      #<span class=sf-dump-protected title=\"Protected property\">table</span>: \"<span class=sf-dump-str title=\"17 characters\">hotel_restaurants</span>\"
      #<span class=sf-dump-protected title=\"Protected property\">primaryKey</span>: \"<span class=sf-dump-str title=\"2 characters\">id</span>\"
      #<span class=sf-dump-protected title=\"Protected property\">keyType</span>: \"<span class=sf-dump-str title=\"3 characters\">int</span>\"
      +<span class=sf-dump-public title=\"Public property\">incrementing</span>: <span class=sf-dump-const>true</span>
      #<span class=sf-dump-protected title=\"Protected property\">with</span>: []
      #<span class=sf-dump-protected title=\"Protected property\">withCount</span>: []
      +<span class=sf-dump-public title=\"Public property\">preventsLazyLoading</span>: <span class=sf-dump-const>false</span>
      #<span class=sf-dump-protected title=\"Protected property\">perPage</span>: <span class=sf-dump-num>15</span>
      +<span class=sf-dump-public title=\"Public property\">exists</span>: <span class=sf-dump-const>true</span>
      +<span class=sf-dump-public title=\"Public property\">wasRecentlyCreated</span>: <span class=sf-dump-const>false</span>
      #<span class=sf-dump-protected title=\"Protected property\">escapeWhenCastingToString</span>: <span class=sf-dump-const>false</span>
      #<span class=sf-dump-protected title=\"Protected property\">attributes</span>: <span class=sf-dump-note>array:46</span> [ &#8230;46]
      #<span class=sf-dump-protected title=\"Protected property\">original</span>: <span class=sf-dump-note>array:46</span> [ &#8230;46]
      #<span class=sf-dump-protected title=\"Protected property\">changes</span>: []
      #<span class=sf-dump-protected title=\"Protected property\">casts</span>: []
      #<span class=sf-dump-protected title=\"Protected property\">classCastCache</span>: []
      #<span class=sf-dump-protected title=\"Protected property\">attributeCastCache</span>: []
      #<span class=sf-dump-protected title=\"Protected property\">dates</span>: []
      #<span class=sf-dump-protected title=\"Protected property\">dateFormat</span>: <span class=sf-dump-const>null</span>
      #<span class=sf-dump-protected title=\"Protected property\">appends</span>: []
      #<span class=sf-dump-protected title=\"Protected property\">dispatchesEvents</span>: []
      #<span class=sf-dump-protected title=\"Protected property\">observables</span>: []
      #<span class=sf-dump-protected title=\"Protected property\">relations</span>: <span class=sf-dump-note>array:3</span> [ &#8230;3]
      #<span class=sf-dump-protected title=\"Protected property\">touches</span>: []
      +<span class=sf-dump-public title=\"Public property\">timestamps</span>: <span class=sf-dump-const>true</span>
      #<span class=sf-dump-protected title=\"Protected property\">hidden</span>: []
      #<span class=sf-dump-protected title=\"Protected property\">visible</span>: []
      #<span class=sf-dump-protected title=\"Protected property\">fillable</span>: <span class=sf-dump-note>array:37</span> [ &#8230;37]
      #<span class=sf-dump-protected title=\"Protected property\">guarded</span>: <span class=sf-dump-note>array:1</span> [ &#8230;1]
    </samp>}
    <span class=sf-dump-index>11</span> => <span class=sf-dump-note title=\"App\\Models\\HotelRestaurant\\HotelRestaurant
\"><span class=\"sf-dump-ellipsis sf-dump-ellipsis-note\">App\\Models\\HotelRestaurant</span><span class=\"sf-dump-ellipsis sf-dump-ellipsis-note\">\\</span>HotelRestaurant</span> {<a class=sf-dump-ref>#2180</a><samp data-depth=3 class=sf-dump-compact>
      #<span class=sf-dump-protected title=\"Protected property\">connection</span>: \"<span class=sf-dump-str title=\"5 characters\">mysql</span>\"
      #<span class=sf-dump-protected title=\"Protected property\">table</span>: \"<span class=sf-dump-str title=\"17 characters\">hotel_restaurants</span>\"
      #<span class=sf-dump-protected title=\"Protected property\">primaryKey</span>: \"<span class=sf-dump-str title=\"2 characters\">id</span>\"
      #<span class=sf-dump-protected title=\"Protected property\">keyType</span>: \"<span class=sf-dump-str title=\"3 characters\">int</span>\"
      +<span class=sf-dump-public title=\"Public property\">incrementing</span>: <span class=sf-dump-const>true</span>
      #<span class=sf-dump-protected title=\"Protected property\">with</span>: []
      #<span class=sf-dump-protected title=\"Protected property\">withCount</span>: []
      +<span class=sf-dump-public title=\"Public property\">preventsLazyLoading</span>: <span class=sf-dump-const>false</span>
      #<span class=sf-dump-protected title=\"Protected property\">perPage</span>: <span class=sf-dump-num>15</span>
      +<span class=sf-dump-public title=\"Public property\">exists</span>: <span class=sf-dump-const>true</span>
      +<span class=sf-dump-public title=\"Public property\">wasRecentlyCreated</span>: <span class=sf-dump-const>false</span>
      #<span class=sf-dump-protected title=\"Protected property\">escapeWhenCastingToString</span>: <span class=sf-dump-const>false</span>
      #<span class=sf-dump-protected title=\"Protected property\">attributes</span>: <span class=sf-dump-note>array:46</span> [ &#8230;46]
      #<span class=sf-dump-protected title=\"Protected property\">original</span>: <span class=sf-dump-note>array:46</span> [ &#8230;46]
      #<span class=sf-dump-protected title=\"Protected property\">changes</span>: []
      #<span class=sf-dump-protected title=\"Protected property\">casts</span>: []
      #<span class=sf-dump-protected title=\"Protected property\">classCastCache</span>: []
      #<span class=sf-dump-protected title=\"Protected property\">attributeCastCache</span>: []
      #<span class=sf-dump-protected title=\"Protected property\">dates</span>: []
      #<span class=sf-dump-protected title=\"Protected property\">dateFormat</span>: <span class=sf-dump-const>null</span>
      #<span class=sf-dump-protected title=\"Protected property\">appends</span>: []
      #<span class=sf-dump-protected title=\"Protected property\">dispatchesEvents</span>: []
      #<span class=sf-dump-protected title=\"Protected property\">observables</span>: []
      #<span class=sf-dump-protected title=\"Protected property\">relations</span>: <span class=sf-dump-note>array:2</span> [ &#8230;2]
      #<span class=sf-dump-protected title=\"Protected property\">touches</span>: []
      +<span class=sf-dump-public title=\"Public property\">timestamps</span>: <span class=sf-dump-const>true</span>
      #<span class=sf-dump-protected title=\"Protected property\">hidden</span>: []
      #<span class=sf-dump-protected title=\"Protected property\">visible</span>: []
      #<span class=sf-dump-protected title=\"Protected property\">fillable</span>: <span class=sf-dump-note>array:37</span> [ &#8230;37]
      #<span class=sf-dump-protected title=\"Protected property\">guarded</span>: <span class=sf-dump-note>array:1</span> [ &#8230;1]
    </samp>}
  </samp>]
  #<span class=sf-dump-protected title=\"Protected property\">escapeWhenCastingToString</span>: <span class=sf-dump-const>false</span>
</samp>}
</pre><script>Sfdump(\"sf-dump-784611896\", {\"maxDepth\":3,\"maxStringLength\":160})</script>
"}},"userId":1,"exception":"[object] (Facade\\Ignition\\Exceptions\\ViewException(code: 0): Attempt to read property \"en_name\" on null (View: C:\\xampp\\htdocs\\Cioas\\resources\\views\\backend\\pages\\hotel-restaurant\\index.blade.php) at C:\\xampp\\htdocs\\Cioas\\resources\\views/backend/pages/hotel-restaurant/index.blade.php:108)
[stacktrace]
#0 C:\\xampp\\htdocs\\Cioas\\resources\\views/backend/pages/hotel-restaurant/index.blade.php(108): Illuminate\\Foundation\\Bootstrap\\HandleExceptions->handleError(2, 'Attempt to read...', 'C:\\\\xampp\\\\htdocs...', 107)
#1 C:\\xampp\\htdocs\\Cioas\\vendor\\laravel\\framework\\src\\Illuminate\\Filesystem\\Filesystem.php(107): require('C:\\\\xampp\\\\htdocs...')
#2 C:\\xampp\\htdocs\\Cioas\\vendor\\laravel\\framework\\src\\Illuminate\\Filesystem\\Filesystem.php(108): Illuminate\\Filesystem\\Filesystem::Illuminate\\Filesystem\\{closure}()
#3 C:\\xampp\\htdocs\\Cioas\\vendor\\laravel\\framework\\src\\Illuminate\\View\\Engines\\PhpEngine.php(58): Illuminate\\Filesystem\\Filesystem->getRequire('C:\\\\xampp\\\\htdocs...', Array)
#4 C:\\xampp\\htdocs\\Cioas\\vendor\\laravel\\framework\\src\\Illuminate\\View\\Engines\\CompilerEngine.php(61): Illuminate\\View\\Engines\\PhpEngine->evaluatePath('C:\\\\xampp\\\\htdocs...', Array)
#5 C:\\xampp\\htdocs\\Cioas\\vendor\\facade\\ignition\\src\\Views\\Engines\\CompilerEngine.php(37): Illuminate\\View\\Engines\\CompilerEngine->get('C:\\\\xampp\\\\htdocs...', Array)
#6 C:\\xampp\\htdocs\\Cioas\\vendor\\laravel\\framework\\src\\Illuminate\\View\\View.php(139): Facade\\Ignition\\Views\\Engines\\CompilerEngine->get('C:\\\\xampp\\\\htdocs...', Array)
#7 C:\\xampp\\htdocs\\Cioas\\vendor\\laravel\\framework\\src\\Illuminate\\View\\View.php(122): Illuminate\\View\\View->getContents()
#8 C:\\xampp\\htdocs\\Cioas\\vendor\\laravel\\framework\\src\\Illuminate\\View\\View.php(91): Illuminate\\View\\View->renderContents()
#9 C:\\xampp\\htdocs\\Cioas\\vendor\\laravel\\framework\\src\\Illuminate\\Http\\Response.php(69): Illuminate\\View\\View->render()
#10 C:\\xampp\\htdocs\\Cioas\\vendor\\laravel\\framework\\src\\Illuminate\\Http\\Response.php(35): Illuminate\\Http\\Response->setContent(Object(Illuminate\\View\\View))
#11 C:\\xampp\\htdocs\\Cioas\\vendor\\laravel\\framework\\src\\Illuminate\\Routing\\Router.php(820): Illuminate\\Http\\Response->__construct(Object(Illuminate\\View\\View), 200, Array)
#12 C:\\xampp\\htdocs\\Cioas\\vendor\\laravel\\framework\\src\\Illuminate\\Routing\\Router.php(789): Illuminate\\Routing\\Router::toResponse(Object(Illuminate\\Http\\Request), Object(Illuminate\\View\\View))
#13 C:\\xampp\\htdocs\\Cioas\\vendor\\laravel\\framework\\src\\Illuminate\\Routing\\Router.php(720): Illuminate\\Routing\\Router->prepareResponse(Object(Illuminate\\Http\\Request), Object(Illuminate\\View\\View))
#14 C:\\xampp\\htdocs\\Cioas\\vendor\\laravel\\framework\\src\\Illuminate\\Pipeline\\Pipeline.php(128): Illuminate\\Routing\\Router->Illuminate\\Routing\\{closure}(Object(Illuminate\\Http\\Request))
#15 C:\\xampp\\htdocs\\Cioas\\vendor\\laravel\\framework\\src\\Illuminate\\Routing\\Middleware\\SubstituteBindings.php(50): Illuminate\\Pipeline\\Pipeline->Illuminate\\Pipeline\\{closure}(Object(Illuminate\\Http\\Request))
#16 C:\\xampp\\htdocs\\Cioas\\vendor\\laravel\\framework\\src\\Illuminate\\Pipeline\\Pipeline.php(167): Illuminate\\Routing\\Middleware\\SubstituteBindings->handle(Object(Illuminate\\Http\\Request), Object(Closure))
#17 C:\\xampp\\htdocs\\Cioas\\vendor\\laravel\\framework\\src\\Illuminate\\Auth\\Middleware\\Authenticate.php(44): Illuminate\\Pipeline\\Pipeline->Illuminate\\Pipeline\\{closure}(Object(Illuminate\\Http\\Request))
#18 C:\\xampp\\htdocs\\Cioas\\vendor\\laravel\\framework\\src\\Illuminate\\Pipeline\\Pipeline.php(167): Illuminate\\Auth\\Middleware\\Authenticate->handle(Object(Illuminate\\Http\\Request), Object(Closure))
#19 C:\\xampp\\htdocs\\Cioas\\vendor\\laravel\\framework\\src\\Illuminate\\Foundation\\Http\\Middleware\\VerifyCsrfToken.php(78): Illuminate\\Pipeline\\Pipeline->Illuminate\\Pipeline\\{closure}(Object(Illuminate\\Http\\Request))
#20 C:\\xampp\\htdocs\\Cioas\\vendor\\laravel\\framework\\src\\Illuminate\\Pipeline\\Pipeline.php(167): Illuminate\\Foundation\\Http\\Middleware\\VerifyCsrfToken->handle(Object(Illuminate\\Http\\Request), Object(Closure))
#21 C:\\xampp\\htdocs\\Cioas\\vendor\\laravel\\framework\\src\\Illuminate\\View\\Middleware\\ShareErrorsFromSession.php(49): Illuminate\\Pipeline\\Pipeline->Illuminate\\Pipeline\\{closure}(Object(Illuminate\\Http\\Request))
#22 C:\\xampp\\htdocs\\Cioas\\vendor\\laravel\\framework\\src\\Illuminate\\Pipeline\\Pipeline.php(167): Illuminate\\View\\Middleware\\ShareErrorsFromSession->handle(Object(Illuminate\\Http\\Request), Object(Closure))
#23 C:\\xampp\\htdocs\\Cioas\\vendor\\laravel\\framework\\src\\Illuminate\\Session\\Middleware\\StartSession.php(121): Illuminate\\Pipeline\\Pipeline->Illuminate\\Pipeline\\{closure}(Object(Illuminate\\Http\\Request))
#24 C:\\xampp\\htdocs\\Cioas\\vendor\\laravel\\framework\\src\\Illuminate\\Session\\Middleware\\StartSession.php(64): Illuminate\\Session\\Middleware\\StartSession->handleStatefulRequest(Object(Illuminate\\Http\\Request), Object(Illuminate\\Session\\Store), Object(Closure))
#25 C:\\xampp\\htdocs\\Cioas\\vendor\\laravel\\framework\\src\\Illuminate\\Pipeline\\Pipeline.php(167): Illuminate\\Session\\Middleware\\StartSession->handle(Object(Illuminate\\Http\\Request), Object(Closure))
#26 C:\\xampp\\htdocs\\Cioas\\vendor\\laravel\\framework\\src\\Illuminate\\Cookie\\Middleware\\AddQueuedCookiesToResponse.php(37): Illuminate\\Pipeline\\Pipeline->Illuminate\\Pipeline\\{closure}(Object(Illuminate\\Http\\Request))
#27 C:\\xampp\\htdocs\\Cioas\\vendor\\laravel\\framework\\src\\Illuminate\\Pipeline\\Pipeline.php(167): Illuminate\\Cookie\\Middleware\\AddQueuedCookiesToResponse->handle(Object(Illuminate\\Http\\Request), Object(Closure))
#28 C:\\xampp\\htdocs\\Cioas\\vendor\\laravel\\framework\\src\\Illuminate\\Cookie\\Middleware\\EncryptCookies.php(67): Illuminate\\Pipeline\\Pipeline->Illuminate\\Pipeline\\{closure}(Object(Illuminate\\Http\\Request))
#29 C:\\xampp\\htdocs\\Cioas\\vendor\\laravel\\framework\\src\\Illuminate\\Pipeline\\Pipeline.php(167): Illuminate\\Cookie\\Middleware\\EncryptCookies->handle(Object(Illuminate\\Http\\Request), Object(Closure))
#30 C:\\xampp\\htdocs\\Cioas\\vendor\\laravel\\framework\\src\\Illuminate\\Pipeline\\Pipeline.php(103): Illuminate\\Pipeline\\Pipeline->Illuminate\\Pipeline\\{closure}(Object(Illuminate\\Http\\Request))
#31 C:\\xampp\\htdocs\\Cioas\\vendor\\laravel\\framework\\src\\Illuminate\\Routing\\Router.php(719): Illuminate\\Pipeline\\Pipeline->then(Object(Closure))
#32 C:\\xampp\\htdocs\\Cioas\\vendor\\laravel\\framework\\src\\Illuminate\\Routing\\Router.php(698): Illuminate\\Routing\\Router->runRouteWithinStack(Object(Illuminate\\Routing\\Route), Object(Illuminate\\Http\\Request))
#33 C:\\xampp\\htdocs\\Cioas\\vendor\\laravel\\framework\\src\\Illuminate\\Routing\\Router.php(662): Illuminate\\Routing\\Router->runRoute(Object(Illuminate\\Http\\Request), Object(Illuminate\\Routing\\Route))
#34 C:\\xampp\\htdocs\\Cioas\\vendor\\laravel\\framework\\src\\Illuminate\\Routing\\Router.php(651): Illuminate\\Routing\\Router->dispatchToRoute(Object(Illuminate\\Http\\Request))
#35 C:\\xampp\\htdocs\\Cioas\\vendor\\laravel\\framework\\src\\Illuminate\\Foundation\\Http\\Kernel.php(167): Illuminate\\Routing\\Router->dispatch(Object(Illuminate\\Http\\Request))
#36 C:\\xampp\\htdocs\\Cioas\\vendor\\laravel\\framework\\src\\Illuminate\\Pipeline\\Pipeline.php(128): Illuminate\\Foundation\\Http\\Kernel->Illuminate\\Foundation\\Http\\{closure}(Object(Illuminate\\Http\\Request))
#37 C:\\xampp\\htdocs\\Cioas\\vendor\\laravel\\framework\\src\\Illuminate\\Foundation\\Http\\Middleware\\TransformsRequest.php(21): Illuminate\\Pipeline\\Pipeline->Illuminate\\Pipeline\\{closure}(Object(Illuminate\\Http\\Request))
#38 C:\\xampp\\htdocs\\Cioas\\vendor\\laravel\\framework\\src\\Illuminate\\Foundation\\Http\\Middleware\\ConvertEmptyStringsToNull.php(31): Illuminate\\Foundation\\Http\\Middleware\\TransformsRequest->handle(Object(Illuminate\\Http\\Request), Object(Closure))
#39 C:\\xampp\\htdocs\\Cioas\\vendor\\laravel\\framework\\src\\Illuminate\\Pipeline\\Pipeline.php(167): Illuminate\\Foundation\\Http\\Middleware\\ConvertEmptyStringsToNull->handle(Object(Illuminate\\Http\\Request), Object(Closure))
#40 C:\\xampp\\htdocs\\Cioas\\vendor\\laravel\\framework\\src\\Illuminate\\Foundation\\Http\\Middleware\\TransformsRequest.php(21): Illuminate\\Pipeline\\Pipeline->Illuminate\\Pipeline\\{closure}(Object(Illuminate\\Http\\Request))
#41 C:\\xampp\\htdocs\\Cioas\\vendor\\laravel\\framework\\src\\Illuminate\\Foundation\\Http\\Middleware\\TrimStrings.php(40): Illuminate\\Foundation\\Http\\Middleware\\TransformsRequest->handle(Object(Illuminate\\Http\\Request), Object(Closure))
#42 C:\\xampp\\htdocs\\Cioas\\vendor\\laravel\\framework\\src\\Illuminate\\Pipeline\\Pipeline.php(167): Illuminate\\Foundation\\Http\\Middleware\\TrimStrings->handle(Object(Illuminate\\Http\\Request), Object(Closure))
#43 C:\\xampp\\htdocs\\Cioas\\vendor\\laravel\\framework\\src\\Illuminate\\Foundation\\Http\\Middleware\\ValidatePostSize.php(27): Illuminate\\Pipeline\\Pipeline->Illuminate\\Pipeline\\{closure}(Object(Illuminate\\Http\\Request))
#44 C:\\xampp\\htdocs\\Cioas\\vendor\\laravel\\framework\\src\\Illuminate\\Pipeline\\Pipeline.php(167): Illuminate\\Foundation\\Http\\Middleware\\ValidatePostSize->handle(Object(Illuminate\\Http\\Request), Object(Closure))
#45 C:\\xampp\\htdocs\\Cioas\\vendor\\laravel\\framework\\src\\Illuminate\\Foundation\\Http\\Middleware\\PreventRequestsDuringMaintenance.php(86): Illuminate\\Pipeline\\Pipeline->Illuminate\\Pipeline\\{closure}(Object(Illuminate\\Http\\Request))
#46 C:\\xampp\\htdocs\\Cioas\\vendor\\laravel\\framework\\src\\Illuminate\\Pipeline\\Pipeline.php(167): Illuminate\\Foundation\\Http\\Middleware\\PreventRequestsDuringMaintenance->handle(Object(Illuminate\\Http\\Request), Object(Closure))
#47 C:\\xampp\\htdocs\\Cioas\\vendor\\fruitcake\\laravel-cors\\src\\HandleCors.php(38): Illuminate\\Pipeline\\Pipeline->Illuminate\\Pipeline\\{closure}(Object(Illuminate\\Http\\Request))
#48 C:\\xampp\\htdocs\\Cioas\\vendor\\laravel\\framework\\src\\Illuminate\\Pipeline\\Pipeline.php(167): Fruitcake\\Cors\\HandleCors->handle(Object(Illuminate\\Http\\Request), Object(Closure))
#49 C:\\xampp\\htdocs\\Cioas\\vendor\\laravel\\framework\\src\\Illuminate\\Http\\Middleware\\TrustProxies.php(39): Illuminate\\Pipeline\\Pipeline->Illuminate\\Pipeline\\{closure}(Object(Illuminate\\Http\\Request))
#50 C:\\xampp\\htdocs\\Cioas\\vendor\\laravel\\framework\\src\\Illuminate\\Pipeline\\Pipeline.php(167): Illuminate\\Http\\Middleware\\TrustProxies->handle(Object(Illuminate\\Http\\Request), Object(Closure))
#51 C:\\xampp\\htdocs\\Cioas\\vendor\\laravel\\framework\\src\\Illuminate\\Pipeline\\Pipeline.php(103): Illuminate\\Pipeline\\Pipeline->Illuminate\\Pipeline\\{closure}(Object(Illuminate\\Http\\Request))
#52 C:\\xampp\\htdocs\\Cioas\\vendor\\laravel\\framework\\src\\Illuminate\\Foundation\\Http\\Kernel.php(142): Illuminate\\Pipeline\\Pipeline->then(Object(Closure))
#53 C:\\xampp\\htdocs\\Cioas\\vendor\\laravel\\framework\\src\\Illuminate\\Foundation\\Http\\Kernel.php(111): Illuminate\\Foundation\\Http\\Kernel->sendRequestThroughRouter(Object(Illuminate\\Http\\Request))
#54 C:\\xampp\\htdocs\\Cioas\\public\\index.php(51): Illuminate\\Foundation\\Http\\Kernel->handle(Object(Illuminate\\Http\\Request))
#55 C:\\xampp\\htdocs\\Cioas\\server.php(21): require_once('C:\\\\xampp\\\\htdocs...')
#56 {main}

[previous exception] [object] (ErrorException(code: 0): Attempt to read property \"en_name\" on null at C:\\xampp\\htdocs\\Cioas\\storage\\framework\\views\\8afc16f06c989179bba32e58dd7c40b5fc5882fe.php:107)
[stacktrace]
#0 C:\\xampp\\htdocs\\Cioas\\storage\\framework\\views\\8afc16f06c989179bba32e58dd7c40b5fc5882fe.php(107): Illuminate\\Foundation\\Bootstrap\\HandleExceptions->handleError(2, 'Attempt to read...', 'C:\\\\xampp\\\\htdocs...', 107)
#1 C:\\xampp\\htdocs\\Cioas\\vendor\\laravel\\framework\\src\\Illuminate\\Filesystem\\Filesystem.php(107): require('C:\\\\xampp\\\\htdocs...')
#2 C:\\xampp\\htdocs\\Cioas\\vendor\\laravel\\framework\\src\\Illuminate\\Filesystem\\Filesystem.php(108): Illuminate\\Filesystem\\Filesystem::Illuminate\\Filesystem\\{closure}()
#3 C:\\xampp\\htdocs\\Cioas\\vendor\\laravel\\framework\\src\\Illuminate\\View\\Engines\\PhpEngine.php(58): Illuminate\\Filesystem\\Filesystem->getRequire('C:\\\\xampp\\\\htdocs...', Array)
#4 C:\\xampp\\htdocs\\Cioas\\vendor\\laravel\\framework\\src\\Illuminate\\View\\Engines\\CompilerEngine.php(61): Illuminate\\View\\Engines\\PhpEngine->evaluatePath('C:\\\\xampp\\\\htdocs...', Array)
#5 C:\\xampp\\htdocs\\Cioas\\vendor\\facade\\ignition\\src\\Views\\Engines\\CompilerEngine.php(37): Illuminate\\View\\Engines\\CompilerEngine->get('C:\\\\xampp\\\\htdocs...', Array)
#6 C:\\xampp\\htdocs\\Cioas\\vendor\\laravel\\framework\\src\\Illuminate\\View\\View.php(139): Facade\\Ignition\\Views\\Engines\\CompilerEngine->get('C:\\\\xampp\\\\htdocs...', Array)
#7 C:\\xampp\\htdocs\\Cioas\\vendor\\laravel\\framework\\src\\Illuminate\\View\\View.php(122): Illuminate\\View\\View->getContents()
#8 C:\\xampp\\htdocs\\Cioas\\vendor\\laravel\\framework\\src\\Illuminate\\View\\View.php(91): Illuminate\\View\\View->renderContents()
#9 C:\\xampp\\htdocs\\Cioas\\vendor\\laravel\\framework\\src\\Illuminate\\Http\\Response.php(69): Illuminate\\View\\View->render()
#10 C:\\xampp\\htdocs\\Cioas\\vendor\\laravel\\framework\\src\\Illuminate\\Http\\Response.php(35): Illuminate\\Http\\Response->setContent(Object(Illuminate\\View\\View))
#11 C:\\xampp\\htdocs\\Cioas\\vendor\\laravel\\framework\\src\\Illuminate\\Routing\\Router.php(820): Illuminate\\Http\\Response->__construct(Object(Illuminate\\View\\View), 200, Array)
#12 C:\\xampp\\htdocs\\Cioas\\vendor\\laravel\\framework\\src\\Illuminate\\Routing\\Router.php(789): Illuminate\\Routing\\Router::toResponse(Object(Illuminate\\Http\\Request), Object(Illuminate\\View\\View))
#13 C:\\xampp\\htdocs\\Cioas\\vendor\\laravel\\framework\\src\\Illuminate\\Routing\\Router.php(720): Illuminate\\Routing\\Router->prepareResponse(Object(Illuminate\\Http\\Request), Object(Illuminate\\View\\View))
#14 C:\\xampp\\htdocs\\Cioas\\vendor\\laravel\\framework\\src\\Illuminate\\Pipeline\\Pipeline.php(128): Illuminate\\Routing\\Router->Illuminate\\Routing\\{closure}(Object(Illuminate\\Http\\Request))
#15 C:\\xampp\\htdocs\\Cioas\\vendor\\laravel\\framework\\src\\Illuminate\\Routing\\Middleware\\SubstituteBindings.php(50): Illuminate\\Pipeline\\Pipeline->Illuminate\\Pipeline\\{closure}(Object(Illuminate\\Http\\Request))
#16 C:\\xampp\\htdocs\\Cioas\\vendor\\laravel\\framework\\src\\Illuminate\\Pipeline\\Pipeline.php(167): Illuminate\\Routing\\Middleware\\SubstituteBindings->handle(Object(Illuminate\\Http\\Request), Object(Closure))
#17 C:\\xampp\\htdocs\\Cioas\\vendor\\laravel\\framework\\src\\Illuminate\\Auth\\Middleware\\Authenticate.php(44): Illuminate\\Pipeline\\Pipeline->Illuminate\\Pipeline\\{closure}(Object(Illuminate\\Http\\Request))
#18 C:\\xampp\\htdocs\\Cioas\\vendor\\laravel\\framework\\src\\Illuminate\\Pipeline\\Pipeline.php(167): Illuminate\\Auth\\Middleware\\Authenticate->handle(Object(Illuminate\\Http\\Request), Object(Closure))
#19 C:\\xampp\\htdocs\\Cioas\\vendor\\laravel\\framework\\src\\Illuminate\\Foundation\\Http\\Middleware\\VerifyCsrfToken.php(78): Illuminate\\Pipeline\\Pipeline->Illuminate\\Pipeline\\{closure}(Object(Illuminate\\Http\\Request))
#20 C:\\xampp\\htdocs\\Cioas\\vendor\\laravel\\framework\\src\\Illuminate\\Pipeline\\Pipeline.php(167): Illuminate\\Foundation\\Http\\Middleware\\VerifyCsrfToken->handle(Object(Illuminate\\Http\\Request), Object(Closure))
#21 C:\\xampp\\htdocs\\Cioas\\vendor\\laravel\\framework\\src\\Illuminate\\View\\Middleware\\ShareErrorsFromSession.php(49): Illuminate\\Pipeline\\Pipeline->Illuminate\\Pipeline\\{closure}(Object(Illuminate\\Http\\Request))
#22 C:\\xampp\\htdocs\\Cioas\\vendor\\laravel\\framework\\src\\Illuminate\\Pipeline\\Pipeline.php(167): Illuminate\\View\\Middleware\\ShareErrorsFromSession->handle(Object(Illuminate\\Http\\Request), Object(Closure))
#23 C:\\xampp\\htdocs\\Cioas\\vendor\\laravel\\framework\\src\\Illuminate\\Session\\Middleware\\StartSession.php(121): Illuminate\\Pipeline\\Pipeline->Illuminate\\Pipeline\\{closure}(Object(Illuminate\\Http\\Request))
#24 C:\\xampp\\htdocs\\Cioas\\vendor\\laravel\\framework\\src\\Illuminate\\Session\\Middleware\\StartSession.php(64): Illuminate\\Session\\Middleware\\StartSession->handleStatefulRequest(Object(Illuminate\\Http\\Request), Object(Illuminate\\Session\\Store), Object(Closure))
#25 C:\\xampp\\htdocs\\Cioas\\vendor\\laravel\\framework\\src\\Illuminate\\Pipeline\\Pipeline.php(167): Illuminate\\Session\\Middleware\\StartSession->handle(Object(Illuminate\\Http\\Request), Object(Closure))
#26 C:\\xampp\\htdocs\\Cioas\\vendor\\laravel\\framework\\src\\Illuminate\\Cookie\\Middleware\\AddQueuedCookiesToResponse.php(37): Illuminate\\Pipeline\\Pipeline->Illuminate\\Pipeline\\{closure}(Object(Illuminate\\Http\\Request))
#27 C:\\xampp\\htdocs\\Cioas\\vendor\\laravel\\framework\\src\\Illuminate\\Pipeline\\Pipeline.php(167): Illuminate\\Cookie\\Middleware\\AddQueuedCookiesToResponse->handle(Object(Illuminate\\Http\\Request), Object(Closure))
#28 C:\\xampp\\htdocs\\Cioas\\vendor\\laravel\\framework\\src\\Illuminate\\Cookie\\Middleware\\EncryptCookies.php(67): Illuminate\\Pipeline\\Pipeline->Illuminate\\Pipeline\\{closure}(Object(Illuminate\\Http\\Request))
#29 C:\\xampp\\htdocs\\Cioas\\vendor\\laravel\\framework\\src\\Illuminate\\Pipeline\\Pipeline.php(167): Illuminate\\Cookie\\Middleware\\EncryptCookies->handle(Object(Illuminate\\Http\\Request), Object(Closure))
#30 C:\\xampp\\htdocs\\Cioas\\vendor\\laravel\\framework\\src\\Illuminate\\Pipeline\\Pipeline.php(103): Illuminate\\Pipeline\\Pipeline->Illuminate\\Pipeline\\{closure}(Object(Illuminate\\Http\\Request))
#31 C:\\xampp\\htdocs\\Cioas\\vendor\\laravel\\framework\\src\\Illuminate\\Routing\\Router.php(719): Illuminate\\Pipeline\\Pipeline->then(Object(Closure))
#32 C:\\xampp\\htdocs\\Cioas\\vendor\\laravel\\framework\\src\\Illuminate\\Routing\\Router.php(698): Illuminate\\Routing\\Router->runRouteWithinStack(Object(Illuminate\\Routing\\Route), Object(Illuminate\\Http\\Request))
#33 C:\\xampp\\htdocs\\Cioas\\vendor\\laravel\\framework\\src\\Illuminate\\Routing\\Router.php(662): Illuminate\\Routing\\Router->runRoute(Object(Illuminate\\Http\\Request), Object(Illuminate\\Routing\\Route))
#34 C:\\xampp\\htdocs\\Cioas\\vendor\\laravel\\framework\\src\\Illuminate\\Routing\\Router.php(651): Illuminate\\Routing\\Router->dispatchToRoute(Object(Illuminate\\Http\\Request))
#35 C:\\xampp\\htdocs\\Cioas\\vendor\\laravel\\framework\\src\\Illuminate\\Foundation\\Http\\Kernel.php(167): Illuminate\\Routing\\Router->dispatch(Object(Illuminate\\Http\\Request))
#36 C:\\xampp\\htdocs\\Cioas\\vendor\\laravel\\framework\\src\\Illuminate\\Pipeline\\Pipeline.php(128): Illuminate\\Foundation\\Http\\Kernel->Illuminate\\Foundation\\Http\\{closure}(Object(Illuminate\\Http\\Request))
#37 C:\\xampp\\htdocs\\Cioas\\vendor\\laravel\\framework\\src\\Illuminate\\Foundation\\Http\\Middleware\\TransformsRequest.php(21): Illuminate\\Pipeline\\Pipeline->Illuminate\\Pipeline\\{closure}(Object(Illuminate\\Http\\Request))
#38 C:\\xampp\\htdocs\\Cioas\\vendor\\laravel\\framework\\src\\Illuminate\\Foundation\\Http\\Middleware\\ConvertEmptyStringsToNull.php(31): Illuminate\\Foundation\\Http\\Middleware\\TransformsRequest->handle(Object(Illuminate\\Http\\Request), Object(Closure))
#39 C:\\xampp\\htdocs\\Cioas\\vendor\\laravel\\framework\\src\\Illuminate\\Pipeline\\Pipeline.php(167): Illuminate\\Foundation\\Http\\Middleware\\ConvertEmptyStringsToNull->handle(Object(Illuminate\\Http\\Request), Object(Closure))
#40 C:\\xampp\\htdocs\\Cioas\\vendor\\laravel\\framework\\src\\Illuminate\\Foundation\\Http\\Middleware\\TransformsRequest.php(21): Illuminate\\Pipeline\\Pipeline->Illuminate\\Pipeline\\{closure}(Object(Illuminate\\Http\\Request))
#41 C:\\xampp\\htdocs\\Cioas\\vendor\\laravel\\framework\\src\\Illuminate\\Foundation\\Http\\Middleware\\TrimStrings.php(40): Illuminate\\Foundation\\Http\\Middleware\\TransformsRequest->handle(Object(Illuminate\\Http\\Request), Object(Closure))
#42 C:\\xampp\\htdocs\\Cioas\\vendor\\laravel\\framework\\src\\Illuminate\\Pipeline\\Pipeline.php(167): Illuminate\\Foundation\\Http\\Middleware\\TrimStrings->handle(Object(Illuminate\\Http\\Request), Object(Closure))
#43 C:\\xampp\\htdocs\\Cioas\\vendor\\laravel\\framework\\src\\Illuminate\\Foundation\\Http\\Middleware\\ValidatePostSize.php(27): Illuminate\\Pipeline\\Pipeline->Illuminate\\Pipeline\\{closure}(Object(Illuminate\\Http\\Request))
#44 C:\\xampp\\htdocs\\Cioas\\vendor\\laravel\\framework\\src\\Illuminate\\Pipeline\\Pipeline.php(167): Illuminate\\Foundation\\Http\\Middleware\\ValidatePostSize->handle(Object(Illuminate\\Http\\Request), Object(Closure))
#45 C:\\xampp\\htdocs\\Cioas\\vendor\\laravel\\framework\\src\\Illuminate\\Foundation\\Http\\Middleware\\PreventRequestsDuringMaintenance.php(86): Illuminate\\Pipeline\\Pipeline->Illuminate\\Pipeline\\{closure}(Object(Illuminate\\Http\\Request))
#46 C:\\xampp\\htdocs\\Cioas\\vendor\\laravel\\framework\\src\\Illuminate\\Pipeline\\Pipeline.php(167): Illuminate\\Foundation\\Http\\Middleware\\PreventRequestsDuringMaintenance->handle(Object(Illuminate\\Http\\Request), Object(Closure))
#47 C:\\xampp\\htdocs\\Cioas\\vendor\\fruitcake\\laravel-cors\\src\\HandleCors.php(38): Illuminate\\Pipeline\\Pipeline->Illuminate\\Pipeline\\{closure}(Object(Illuminate\\Http\\Request))
#48 C:\\xampp\\htdocs\\Cioas\\vendor\\laravel\\framework\\src\\Illuminate\\Pipeline\\Pipeline.php(167): Fruitcake\\Cors\\HandleCors->handle(Object(Illuminate\\Http\\Request), Object(Closure))
#49 C:\\xampp\\htdocs\\Cioas\\vendor\\laravel\\framework\\src\\Illuminate\\Http\\Middleware\\TrustProxies.php(39): Illuminate\\Pipeline\\Pipeline->Illuminate\\Pipeline\\{closure}(Object(Illuminate\\Http\\Request))
#50 C:\\xampp\\htdocs\\Cioas\\vendor\\laravel\\framework\\src\\Illuminate\\Pipeline\\Pipeline.php(167): Illuminate\\Http\\Middleware\\TrustProxies->handle(Object(Illuminate\\Http\\Request), Object(Closure))
#51 C:\\xampp\\htdocs\\Cioas\\vendor\\laravel\\framework\\src\\Illuminate\\Pipeline\\Pipeline.php(103): Illuminate\\Pipeline\\Pipeline->Illuminate\\Pipeline\\{closure}(Object(Illuminate\\Http\\Request))
#52 C:\\xampp\\htdocs\\Cioas\\vendor\\laravel\\framework\\src\\Illuminate\\Foundation\\Http\\Kernel.php(142): Illuminate\\Pipeline\\Pipeline->then(Object(Closure))
#53 C:\\xampp\\htdocs\\Cioas\\vendor\\laravel\\framework\\src\\Illuminate\\Foundation\\Http\\Kernel.php(111): Illuminate\\Foundation\\Http\\Kernel->sendRequestThroughRouter(Object(Illuminate\\Http\\Request))
#54 C:\\xampp\\htdocs\\Cioas\\public\\index.php(51): Illuminate\\Foundation\\Http\\Kernel->handle(Object(Illuminate\\Http\\Request))
#55 C:\\xampp\\htdocs\\Cioas\\server.php(21): require_once('C:\\\\xampp\\\\htdocs...')
#56 {main}
"} 
[2026-05-06 07:31:29] local.ERROR: Attempt to read property "en_name" on null (View: C:\xampp\htdocs\Cioas\resources\views\backend\pages\hotel-restaurant\index.blade.php) {"view":{"view":"C:\\xampp\\htdocs\\Cioas\\resources\\views/backend/pages/hotel-restaurant/index.blade.php","data":{"errors":"<pre class=sf-dump id=sf-dump-701942625 data-indent-pad=\"  \"><span class=sf-dump-note>Illuminate\\Support\\ViewErrorBag</span> {<a class=sf-dump-ref>#2123</a><samp data-depth=1 class=sf-dump-expanded>
  #<span class=sf-dump-protected title=\"Protected property\">bags</span>: []
</samp>}
</pre><script>Sfdump(\"sf-dump-701942625\", {\"maxDepth\":3,\"maxStringLength\":160})</script>
","organizations":"<pre class=sf-dump id=sf-dump-94780301 data-indent-pad=\"  \"><span class=sf-dump-note>Illuminate\\Database\\Eloquent\\Collection</span> {<a class=sf-dump-ref>#2162</a><samp data-depth=1 class=sf-dump-expanded>
  #<span class=sf-dump-protected title=\"Protected property\">items</span>: <span class=sf-dump-note>array:12</span> [<samp data-depth=2 class=sf-dump-compact>
    <span class=sf-dump-index>0</span> => <span class=sf-dump-note title=\"App\\Models\\HotelRestaurant\\HotelRestaurant
\"><span class=\"sf-dump-ellipsis sf-dump-ellipsis-note\">App\\Models\\HotelRestaurant</span><span class=\"sf-dump-ellipsis sf-dump-ellipsis-note\">\\</span>HotelRestaurant</span> {<a class=sf-dump-ref>#2169</a><samp data-depth=3 class=sf-dump-compact>
      #<span class=sf-dump-protected title=\"Protected property\">connection</span>: \"<span class=sf-dump-str title=\"5 characters\">mysql</span>\"
      #<span class=sf-dump-protected title=\"Protected property\">table</span>: \"<span class=sf-dump-str title=\"17 characters\">hotel_restaurants</span>\"
      #<span class=sf-dump-protected title=\"Protected property\">primaryKey</span>: \"<span class=sf-dump-str title=\"2 characters\">id</span>\"
      #<span class=sf-dump-protected title=\"Protected property\">keyType</span>: \"<span class=sf-dump-str title=\"3 characters\">int</span>\"
      +<span class=sf-dump-public title=\"Public property\">incrementing</span>: <span class=sf-dump-const>true</span>
      #<span class=sf-dump-protected title=\"Protected property\">with</span>: []
      #<span class=sf-dump-protected title=\"Protected property\">withCount</span>: []
      +<span class=sf-dump-public title=\"Public property\">preventsLazyLoading</span>: <span class=sf-dump-const>false</span>
      #<span class=sf-dump-protected title=\"Protected property\">perPage</span>: <span class=sf-dump-num>15</span>
      +<span class=sf-dump-public title=\"Public property\">exists</span>: <span class=sf-dump-const>true</span>
      +<span class=sf-dump-public title=\"Public property\">wasRecentlyCreated</span>: <span class=sf-dump-const>false</span>
      #<span class=sf-dump-protected title=\"Protected property\">escapeWhenCastingToString</span>: <span class=sf-dump-const>false</span>
      #<span class=sf-dump-protected title=\"Protected property\">attributes</span>: <span class=sf-dump-note>array:46</span> [ &#8230;46]
      #<span class=sf-dump-protected title=\"Protected property\">original</span>: <span class=sf-dump-note>array:46</span> [ &#8230;46]
      #<span class=sf-dump-protected title=\"Protected property\">changes</span>: []
      #<span class=sf-dump-protected title=\"Protected property\">casts</span>: []
      #<span class=sf-dump-protected title=\"Protected property\">classCastCache</span>: []
      #<span class=sf-dump-protected title=\"Protected property\">attributeCastCache</span>: []
      #<span class=sf-dump-protected title=\"Protected property\">dates</span>: []
      #<span class=sf-dump-protected title=\"Protected property\">dateFormat</span>: <span class=sf-dump-const>null</span>
      #<span class=sf-dump-protected title=\"Protected property\">appends</span>: []
      #<span class=sf-dump-protected title=\"Protected property\">dispatchesEvents</span>: []
      #<span class=sf-dump-protected title=\"Protected property\">observables</span>: []
      #<span class=sf-dump-protected title=\"Protected property\">relations</span>: <span class=sf-dump-note>array:3</span> [ &#8230;3]
      #<span class=sf-dump-protected title=\"Protected property\">touches</span>: []
      +<span class=sf-dump-public title=\"Public property\">timestamps</span>: <span class=sf-dump-const>true</span>
      #<span class=sf-dump-protected title=\"Protected property\">hidden</span>: []
      #<span class=sf-dump-protected title=\"Protected property\">visible</span>: []
      #<span class=sf-dump-protected title=\"Protected property\">fillable</span>: <span class=sf-dump-note>array:37</span> [ &#8230;37]
      #<span class=sf-dump-protected title=\"Protected property\">guarded</span>: <span class=sf-dump-note>array:1</span> [ &#8230;1]
    </samp>}
    <span class=sf-dump-index>1</span> => <span class=sf-dump-note title=\"App\\Models\\HotelRestaurant\\HotelRestaurant
\"><span class=\"sf-dump-ellipsis sf-dump-ellipsis-note\">App\\Models\\HotelRestaurant</span><span class=\"sf-dump-ellipsis sf-dump-ellipsis-note\">\\</span>HotelRestaurant</span> {<a class=sf-dump-ref>#2170</a><samp data-depth=3 class=sf-dump-compact>
      #<span class=sf-dump-protected title=\"Protected property\">connection</span>: \"<span class=sf-dump-str title=\"5 characters\">mysql</span>\"
      #<span class=sf-dump-protected title=\"Protected property\">table</span>: \"<span class=sf-dump-str title=\"17 characters\">hotel_restaurants</span>\"
      #<span class=sf-dump-protected title=\"Protected property\">primaryKey</span>: \"<span class=sf-dump-str title=\"2 characters\">id</span>\"
      #<span class=sf-dump-protected title=\"Protected property\">keyType</span>: \"<span class=sf-dump-str title=\"3 characters\">int</span>\"
      +<span class=sf-dump-public title=\"Public property\">incrementing</span>: <span class=sf-dump-const>true</span>
      #<span class=sf-dump-protected title=\"Protected property\">with</span>: []
      #<span class=sf-dump-protected title=\"Protected property\">withCount</span>: []
      +<span class=sf-dump-public title=\"Public property\">preventsLazyLoading</span>: <span class=sf-dump-const>false</span>
      #<span class=sf-dump-protected title=\"Protected property\">perPage</span>: <span class=sf-dump-num>15</span>
      +<span class=sf-dump-public title=\"Public property\">exists</span>: <span class=sf-dump-const>true</span>
      +<span class=sf-dump-public title=\"Public property\">wasRecentlyCreated</span>: <span class=sf-dump-const>false</span>
      #<span class=sf-dump-protected title=\"Protected property\">escapeWhenCastingToString</span>: <span class=sf-dump-const>false</span>
      #<span class=sf-dump-protected title=\"Protected property\">attributes</span>: <span class=sf-dump-note>array:46</span> [ &#8230;46]
      #<span class=sf-dump-protected title=\"Protected property\">original</span>: <span class=sf-dump-note>array:46</span> [ &#8230;46]
      #<span class=sf-dump-protected title=\"Protected property\">changes</span>: []
      #<span class=sf-dump-protected title=\"Protected property\">casts</span>: []
      #<span class=sf-dump-protected title=\"Protected property\">classCastCache</span>: []
      #<span class=sf-dump-protected title=\"Protected property\">attributeCastCache</span>: []
      #<span class=sf-dump-protected title=\"Protected property\">dates</span>: []
      #<span class=sf-dump-protected title=\"Protected property\">dateFormat</span>: <span class=sf-dump-const>null</span>
      #<span class=sf-dump-protected title=\"Protected property\">appends</span>: []
      #<span class=sf-dump-protected title=\"Protected property\">dispatchesEvents</span>: []
      #<span class=sf-dump-protected title=\"Protected property\">observables</span>: []
      #<span class=sf-dump-protected title=\"Protected property\">relations</span>: <span class=sf-dump-note>array:3</span> [ &#8230;3]
      #<span class=sf-dump-protected title=\"Protected property\">touches</span>: []
      +<span class=sf-dump-public title=\"Public property\">timestamps</span>: <span class=sf-dump-const>true</span>
      #<span class=sf-dump-protected title=\"Protected property\">hidden</span>: []
      #<span class=sf-dump-protected title=\"Protected property\">visible</span>: []
      #<span class=sf-dump-protected title=\"Protected property\">fillable</span>: <span class=sf-dump-note>array:37</span> [ &#8230;37]
      #<span class=sf-dump-protected title=\"Protected property\">guarded</span>: <span class=sf-dump-note>array:1</span> [ &#8230;1]
    </samp>}
    <span class=sf-dump-index>2</span> => <span class=sf-dump-note title=\"App\\Models\\HotelRestaurant\\HotelRestaurant
\"><span class=\"sf-dump-ellipsis sf-dump-ellipsis-note\">App\\Models\\HotelRestaurant</span><span class=\"sf-dump-ellipsis sf-dump-ellipsis-note\">\\</span>HotelRestaurant</span> {<a class=sf-dump-ref>#2171</a><samp data-depth=3 class=sf-dump-compact>
      #<span class=sf-dump-protected title=\"Protected property\">connection</span>: \"<span class=sf-dump-str title=\"5 characters\">mysql</span>\"
      #<span class=sf-dump-protected title=\"Protected property\">table</span>: \"<span class=sf-dump-str title=\"17 characters\">hotel_restaurants</span>\"
      #<span class=sf-dump-protected title=\"Protected property\">primaryKey</span>: \"<span class=sf-dump-str title=\"2 characters\">id</span>\"
      #<span class=sf-dump-protected title=\"Protected property\">keyType</span>: \"<span class=sf-dump-str title=\"3 characters\">int</span>\"
      +<span class=sf-dump-public title=\"Public property\">incrementing</span>: <span class=sf-dump-const>true</span>
      #<span class=sf-dump-protected title=\"Protected property\">with</span>: []
      #<span class=sf-dump-protected title=\"Protected property\">withCount</span>: []
      +<span class=sf-dump-public title=\"Public property\">preventsLazyLoading</span>: <span class=sf-dump-const>false</span>
      #<span class=sf-dump-protected title=\"Protected property\">perPage</span>: <span class=sf-dump-num>15</span>
      +<span class=sf-dump-public title=\"Public property\">exists</span>: <span class=sf-dump-const>true</span>
      +<span class=sf-dump-public title=\"Public property\">wasRecentlyCreated</span>: <span class=sf-dump-const>false</span>
      #<span class=sf-dump-protected title=\"Protected property\">escapeWhenCastingToString</span>: <span class=sf-dump-const>false</span>
      #<span class=sf-dump-protected title=\"Protected property\">attributes</span>: <span class=sf-dump-note>array:46</span> [ &#8230;46]
      #<span class=sf-dump-protected title=\"Protected property\">original</span>: <span class=sf-dump-note>array:46</span> [ &#8230;46]
      #<span class=sf-dump-protected title=\"Protected property\">changes</span>: []
      #<span class=sf-dump-protected title=\"Protected property\">casts</span>: []
      #<span class=sf-dump-protected title=\"Protected property\">classCastCache</span>: []
      #<span class=sf-dump-protected title=\"Protected property\">attributeCastCache</span>: []
      #<span class=sf-dump-protected title=\"Protected property\">dates</span>: []
      #<span class=sf-dump-protected title=\"Protected property\">dateFormat</span>: <span class=sf-dump-const>null</span>
      #<span class=sf-dump-protected title=\"Protected property\">appends</span>: []
      #<span class=sf-dump-protected title=\"Protected property\">dispatchesEvents</span>: []
      #<span class=sf-dump-protected title=\"Protected property\">observables</span>: []
      #<span class=sf-dump-protected title=\"Protected property\">relations</span>: <span class=sf-dump-note>array:3</span> [ &#8230;3]
      #<span class=sf-dump-protected title=\"Protected property\">touches</span>: []
      +<span class=sf-dump-public title=\"Public property\">timestamps</span>: <span class=sf-dump-const>true</span>
      #<span class=sf-dump-protected title=\"Protected property\">hidden</span>: []
      #<span class=sf-dump-protected title=\"Protected property\">visible</span>: []
      #<span class=sf-dump-protected title=\"Protected property\">fillable</span>: <span class=sf-dump-note>array:37</span> [ &#8230;37]
      #<span class=sf-dump-protected title=\"Protected property\">guarded</span>: <span class=sf-dump-note>array:1</span> [ &#8230;1]
    </samp>}
    <span class=sf-dump-index>3</span> => <span class=sf-dump-note title=\"App\\Models\\HotelRestaurant\\HotelRestaurant
\"><span class=\"sf-dump-ellipsis sf-dump-ellipsis-note\">App\\Models\\HotelRestaurant</span><span class=\"sf-dump-ellipsis sf-dump-ellipsis-note\">\\</span>HotelRestaurant</span> {<a class=sf-dump-ref>#2172</a><samp data-depth=3 class=sf-dump-compact>
      #<span class=sf-dump-protected title=\"Protected property\">connection</span>: \"<span class=sf-dump-str title=\"5 characters\">mysql</span>\"
      #<span class=sf-dump-protected title=\"Protected property\">table</span>: \"<span class=sf-dump-str title=\"17 characters\">hotel_restaurants</span>\"
      #<span class=sf-dump-protected title=\"Protected property\">primaryKey</span>: \"<span class=sf-dump-str title=\"2 characters\">id</span>\"
      #<span class=sf-dump-protected title=\"Protected property\">keyType</span>: \"<span class=sf-dump-str title=\"3 characters\">int</span>\"
      +<span class=sf-dump-public title=\"Public property\">incrementing</span>: <span class=sf-dump-const>true</span>
      #<span class=sf-dump-protected title=\"Protected property\">with</span>: []
      #<span class=sf-dump-protected title=\"Protected property\">withCount</span>: []
      +<span class=sf-dump-public title=\"Public property\">preventsLazyLoading</span>: <span class=sf-dump-const>false</span>
      #<span class=sf-dump-protected title=\"Protected property\">perPage</span>: <span class=sf-dump-num>15</span>
      +<span class=sf-dump-public title=\"Public property\">exists</span>: <span class=sf-dump-const>true</span>
      +<span class=sf-dump-public title=\"Public property\">wasRecentlyCreated</span>: <span class=sf-dump-const>false</span>
      #<span class=sf-dump-protected title=\"Protected property\">escapeWhenCastingToString</span>: <span class=sf-dump-const>false</span>
      #<span class=sf-dump-protected title=\"Protected property\">attributes</span>: <span class=sf-dump-note>array:46</span> [ &#8230;46]
      #<span class=sf-dump-protected title=\"Protected property\">original</span>: <span class=sf-dump-note>array:46</span> [ &#8230;46]
      #<span class=sf-dump-protected title=\"Protected property\">changes</span>: []
      #<span class=sf-dump-protected title=\"Protected property\">casts</span>: []
      #<span class=sf-dump-protected title=\"Protected property\">classCastCache</span>: []
      #<span class=sf-dump-protected title=\"Protected property\">attributeCastCache</span>: []
      #<span class=sf-dump-protected title=\"Protected property\">dates</span>: []
      #<span class=sf-dump-protected title=\"Protected property\">dateFormat</span>: <span class=sf-dump-const>null</span>
      #<span class=sf-dump-protected title=\"Protected property\">appends</span>: []
      #<span class=sf-dump-protected title=\"Protected property\">dispatchesEvents</span>: []
      #<span class=sf-dump-protected title=\"Protected property\">observables</span>: []
      #<span class=sf-dump-protected title=\"Protected property\">relations</span>: <span class=sf-dump-note>array:3</span> [ &#8230;3]
      #<span class=sf-dump-protected title=\"Protected property\">touches</span>: []
      +<span class=sf-dump-public title=\"Public property\">timestamps</span>: <span class=sf-dump-const>true</span>
      #<span class=sf-dump-protected title=\"Protected property\">hidden</span>: []
      #<span class=sf-dump-protected title=\"Protected property\">visible</span>: []
      #<span class=sf-dump-protected title=\"Protected property\">fillable</span>: <span class=sf-dump-note>array:37</span> [ &#8230;37]
      #<span class=sf-dump-protected title=\"Protected property\">guarded</span>: <span class=sf-dump-note>array:1</span> [ &#8230;1]
    </samp>}
    <span class=sf-dump-index>4</span> => <span class=sf-dump-note title=\"App\\Models\\HotelRestaurant\\HotelRestaurant
\"><span class=\"sf-dump-ellipsis sf-dump-ellipsis-note\">App\\Models\\HotelRestaurant</span><span class=\"sf-dump-ellipsis sf-dump-ellipsis-note\">\\</span>HotelRestaurant</span> {<a class=sf-dump-ref>#2173</a><samp data-depth=3 class=sf-dump-compact>
      #<span class=sf-dump-protected title=\"Protected property\">connection</span>: \"<span class=sf-dump-str title=\"5 characters\">mysql</span>\"
      #<span class=sf-dump-protected title=\"Protected property\">table</span>: \"<span class=sf-dump-str title=\"17 characters\">hotel_restaurants</span>\"
      #<span class=sf-dump-protected title=\"Protected property\">primaryKey</span>: \"<span class=sf-dump-str title=\"2 characters\">id</span>\"
      #<span class=sf-dump-protected title=\"Protected property\">keyType</span>: \"<span class=sf-dump-str title=\"3 characters\">int</span>\"
      +<span class=sf-dump-public title=\"Public property\">incrementing</span>: <span class=sf-dump-const>true</span>
      #<span class=sf-dump-protected title=\"Protected property\">with</span>: []
      #<span class=sf-dump-protected title=\"Protected property\">withCount</span>: []
      +<span class=sf-dump-public title=\"Public property\">preventsLazyLoading</span>: <span class=sf-dump-const>false</span>
      #<span class=sf-dump-protected title=\"Protected property\">perPage</span>: <span class=sf-dump-num>15</span>
      +<span class=sf-dump-public title=\"Public property\">exists</span>: <span class=sf-dump-const>true</span>
      +<span class=sf-dump-public title=\"Public property\">wasRecentlyCreated</span>: <span class=sf-dump-const>false</span>
      #<span class=sf-dump-protected title=\"Protected property\">escapeWhenCastingToString</span>: <span class=sf-dump-const>false</span>
      #<span class=sf-dump-protected title=\"Protected property\">attributes</span>: <span class=sf-dump-note>array:46</span> [ &#8230;46]
      #<span class=sf-dump-protected title=\"Protected property\">original</span>: <span class=sf-dump-note>array:46</span> [ &#8230;46]
      #<span class=sf-dump-protected title=\"Protected property\">changes</span>: []
      #<span class=sf-dump-protected title=\"Protected property\">casts</span>: []
      #<span class=sf-dump-protected title=\"Protected property\">classCastCache</span>: []
      #<span class=sf-dump-protected title=\"Protected property\">attributeCastCache</span>: []
      #<span class=sf-dump-protected title=\"Protected property\">dates</span>: []
      #<span class=sf-dump-protected title=\"Protected property\">dateFormat</span>: <span class=sf-dump-const>null</span>
      #<span class=sf-dump-protected title=\"Protected property\">appends</span>: []
      #<span class=sf-dump-protected title=\"Protected property\">dispatchesEvents</span>: []
      #<span class=sf-dump-protected title=\"Protected property\">observables</span>: []
      #<span class=sf-dump-protected title=\"Protected property\">relations</span>: <span class=sf-dump-note>array:3</span> [ &#8230;3]
      #<span class=sf-dump-protected title=\"Protected property\">touches</span>: []
      +<span class=sf-dump-public title=\"Public property\">timestamps</span>: <span class=sf-dump-const>true</span>
      #<span class=sf-dump-protected title=\"Protected property\">hidden</span>: []
      #<span class=sf-dump-protected title=\"Protected property\">visible</span>: []
      #<span class=sf-dump-protected title=\"Protected property\">fillable</span>: <span class=sf-dump-note>array:37</span> [ &#8230;37]
      #<span class=sf-dump-protected title=\"Protected property\">guarded</span>: <span class=sf-dump-note>array:1</span> [ &#8230;1]
    </samp>}
    <span class=sf-dump-index>5</span> => <span class=sf-dump-note title=\"App\\Models\\HotelRestaurant\\HotelRestaurant
\"><span class=\"sf-dump-ellipsis sf-dump-ellipsis-note\">App\\Models\\HotelRestaurant</span><span class=\"sf-dump-ellipsis sf-dump-ellipsis-note\">\\</span>HotelRestaurant</span> {<a class=sf-dump-ref>#2174</a><samp data-depth=3 class=sf-dump-compact>
      #<span class=sf-dump-protected title=\"Protected property\">connection</span>: \"<span class=sf-dump-str title=\"5 characters\">mysql</span>\"
      #<span class=sf-dump-protected title=\"Protected property\">table</span>: \"<span class=sf-dump-str title=\"17 characters\">hotel_restaurants</span>\"
      #<span class=sf-dump-protected title=\"Protected property\">primaryKey</span>: \"<span class=sf-dump-str title=\"2 characters\">id</span>\"
      #<span class=sf-dump-protected title=\"Protected property\">keyType</span>: \"<span class=sf-dump-str title=\"3 characters\">int</span>\"
      +<span class=sf-dump-public title=\"Public property\">incrementing</span>: <span class=sf-dump-const>true</span>
      #<span class=sf-dump-protected title=\"Protected property\">with</span>: []
      #<span class=sf-dump-protected title=\"Protected property\">withCount</span>: []
      +<span class=sf-dump-public title=\"Public property\">preventsLazyLoading</span>: <span class=sf-dump-const>false</span>
      #<span class=sf-dump-protected title=\"Protected property\">perPage</span>: <span class=sf-dump-num>15</span>
      +<span class=sf-dump-public title=\"Public property\">exists</span>: <span class=sf-dump-const>true</span>
      +<span class=sf-dump-public title=\"Public property\">wasRecentlyCreated</span>: <span class=sf-dump-const>false</span>
      #<span class=sf-dump-protected title=\"Protected property\">escapeWhenCastingToString</span>: <span class=sf-dump-const>false</span>
      #<span class=sf-dump-protected title=\"Protected property\">attributes</span>: <span class=sf-dump-note>array:46</span> [ &#8230;46]
      #<span class=sf-dump-protected title=\"Protected property\">original</span>: <span class=sf-dump-note>array:46</span> [ &#8230;46]
      #<span class=sf-dump-protected title=\"Protected property\">changes</span>: []
      #<span class=sf-dump-protected title=\"Protected property\">casts</span>: []
      #<span class=sf-dump-protected title=\"Protected property\">classCastCache</span>: []
      #<span class=sf-dump-protected title=\"Protected property\">attributeCastCache</span>: []
      #<span class=sf-dump-protected title=\"Protected property\">dates</span>: []
      #<span class=sf-dump-protected title=\"Protected property\">dateFormat</span>: <span class=sf-dump-const>null</span>
      #<span class=sf-dump-protected title=\"Protected property\">appends</span>: []
      #<span class=sf-dump-protected title=\"Protected property\">dispatchesEvents</span>: []
      #<span class=sf-dump-protected title=\"Protected property\">observables</span>: []
      #<span class=sf-dump-protected title=\"Protected property\">relations</span>: <span class=sf-dump-note>array:3</span> [ &#8230;3]
      #<span class=sf-dump-protected title=\"Protected property\">touches</span>: []
      +<span class=sf-dump-public title=\"Public property\">timestamps</span>: <span class=sf-dump-const>true</span>
      #<span class=sf-dump-protected title=\"Protected property\">hidden</span>: []
      #<span class=sf-dump-protected title=\"Protected property\">visible</span>: []
      #<span class=sf-dump-protected title=\"Protected property\">fillable</span>: <span class=sf-dump-note>array:37</span> [ &#8230;37]
      #<span class=sf-dump-protected title=\"Protected property\">guarded</span>: <span class=sf-dump-note>array:1</span> [ &#8230;1]
    </samp>}
    <span class=sf-dump-index>6</span> => <span class=sf-dump-note title=\"App\\Models\\HotelRestaurant\\HotelRestaurant
\"><span class=\"sf-dump-ellipsis sf-dump-ellipsis-note\">App\\Models\\HotelRestaurant</span><span class=\"sf-dump-ellipsis sf-dump-ellipsis-note\">\\</span>HotelRestaurant</span> {<a class=sf-dump-ref>#2175</a><samp data-depth=3 class=sf-dump-compact>
      #<span class=sf-dump-protected title=\"Protected property\">connection</span>: \"<span class=sf-dump-str title=\"5 characters\">mysql</span>\"
      #<span class=sf-dump-protected title=\"Protected property\">table</span>: \"<span class=sf-dump-str title=\"17 characters\">hotel_restaurants</span>\"
      #<span class=sf-dump-protected title=\"Protected property\">primaryKey</span>: \"<span class=sf-dump-str title=\"2 characters\">id</span>\"
      #<span class=sf-dump-protected title=\"Protected property\">keyType</span>: \"<span class=sf-dump-str title=\"3 characters\">int</span>\"
      +<span class=sf-dump-public title=\"Public property\">incrementing</span>: <span class=sf-dump-const>true</span>
      #<span class=sf-dump-protected title=\"Protected property\">with</span>: []
      #<span class=sf-dump-protected title=\"Protected property\">withCount</span>: []
      +<span class=sf-dump-public title=\"Public property\">preventsLazyLoading</span>: <span class=sf-dump-const>false</span>
      #<span class=sf-dump-protected title=\"Protected property\">perPage</span>: <span class=sf-dump-num>15</span>
      +<span class=sf-dump-public title=\"Public property\">exists</span>: <span class=sf-dump-const>true</span>
      +<span class=sf-dump-public title=\"Public property\">wasRecentlyCreated</span>: <span class=sf-dump-const>false</span>
      #<span class=sf-dump-protected title=\"Protected property\">escapeWhenCastingToString</span>: <span class=sf-dump-const>false</span>
      #<span class=sf-dump-protected title=\"Protected property\">attributes</span>: <span class=sf-dump-note>array:46</span> [ &#8230;46]
      #<span class=sf-dump-protected title=\"Protected property\">original</span>: <span class=sf-dump-note>array:46</span> [ &#8230;46]
      #<span class=sf-dump-protected title=\"Protected property\">changes</span>: []
      #<span class=sf-dump-protected title=\"Protected property\">casts</span>: []
      #<span class=sf-dump-protected title=\"Protected property\">classCastCache</span>: []
      #<span class=sf-dump-protected title=\"Protected property\">attributeCastCache</span>: []
      #<span class=sf-dump-protected title=\"Protected property\">dates</span>: []
      #<span class=sf-dump-protected title=\"Protected property\">dateFormat</span>: <span class=sf-dump-const>null</span>
      #<span class=sf-dump-protected title=\"Protected property\">appends</span>: []
      #<span class=sf-dump-protected title=\"Protected property\">dispatchesEvents</span>: []
      #<span class=sf-dump-protected title=\"Protected property\">observables</span>: []
      #<span class=sf-dump-protected title=\"Protected property\">relations</span>: <span class=sf-dump-note>array:3</span> [ &#8230;3]
      #<span class=sf-dump-protected title=\"Protected property\">touches</span>: []
      +<span class=sf-dump-public title=\"Public property\">timestamps</span>: <span class=sf-dump-const>true</span>
      #<span class=sf-dump-protected title=\"Protected property\">hidden</span>: []
      #<span class=sf-dump-protected title=\"Protected property\">visible</span>: []
      #<span class=sf-dump-protected title=\"Protected property\">fillable</span>: <span class=sf-dump-note>array:37</span> [ &#8230;37]
      #<span class=sf-dump-protected title=\"Protected property\">guarded</span>: <span class=sf-dump-note>array:1</span> [ &#8230;1]
    </samp>}
    <span class=sf-dump-index>7</span> => <span class=sf-dump-note title=\"App\\Models\\HotelRestaurant\\HotelRestaurant
\"><span class=\"sf-dump-ellipsis sf-dump-ellipsis-note\">App\\Models\\HotelRestaurant</span><span class=\"sf-dump-ellipsis sf-dump-ellipsis-note\">\\</span>HotelRestaurant</span> {<a class=sf-dump-ref>#2176</a><samp data-depth=3 class=sf-dump-compact>
      #<span class=sf-dump-protected title=\"Protected property\">connection</span>: \"<span class=sf-dump-str title=\"5 characters\">mysql</span>\"
      #<span class=sf-dump-protected title=\"Protected property\">table</span>: \"<span class=sf-dump-str title=\"17 characters\">hotel_restaurants</span>\"
      #<span class=sf-dump-protected title=\"Protected property\">primaryKey</span>: \"<span class=sf-dump-str title=\"2 characters\">id</span>\"
      #<span class=sf-dump-protected title=\"Protected property\">keyType</span>: \"<span class=sf-dump-str title=\"3 characters\">int</span>\"
      +<span class=sf-dump-public title=\"Public property\">incrementing</span>: <span class=sf-dump-const>true</span>
      #<span class=sf-dump-protected title=\"Protected property\">with</span>: []
      #<span class=sf-dump-protected title=\"Protected property\">withCount</span>: []
      +<span class=sf-dump-public title=\"Public property\">preventsLazyLoading</span>: <span class=sf-dump-const>false</span>
      #<span class=sf-dump-protected title=\"Protected property\">perPage</span>: <span class=sf-dump-num>15</span>
      +<span class=sf-dump-public title=\"Public property\">exists</span>: <span class=sf-dump-const>true</span>
      +<span class=sf-dump-public title=\"Public property\">wasRecentlyCreated</span>: <span class=sf-dump-const>false</span>
      #<span class=sf-dump-protected title=\"Protected property\">escapeWhenCastingToString</span>: <span class=sf-dump-const>false</span>
      #<span class=sf-dump-protected title=\"Protected property\">attributes</span>: <span class=sf-dump-note>array:46</span> [ &#8230;46]
      #<span class=sf-dump-protected title=\"Protected property\">original</span>: <span class=sf-dump-note>array:46</span> [ &#8230;46]
      #<span class=sf-dump-protected title=\"Protected property\">changes</span>: []
      #<span class=sf-dump-protected title=\"Protected property\">casts</span>: []
      #<span class=sf-dump-protected title=\"Protected property\">classCastCache</span>: []
      #<span class=sf-dump-protected title=\"Protected property\">attributeCastCache</span>: []
      #<span class=sf-dump-protected title=\"Protected property\">dates</span>: []
      #<span class=sf-dump-protected title=\"Protected property\">dateFormat</span>: <span class=sf-dump-const>null</span>
      #<span class=sf-dump-protected title=\"Protected property\">appends</span>: []
      #<span class=sf-dump-protected title=\"Protected property\">dispatchesEvents</span>: []
      #<span class=sf-dump-protected title=\"Protected property\">observables</span>: []
      #<span class=sf-dump-protected title=\"Protected property\">relations</span>: <span class=sf-dump-note>array:3</span> [ &#8230;3]
      #<span class=sf-dump-protected title=\"Protected property\">touches</span>: []
      +<span class=sf-dump-public title=\"Public property\">timestamps</span>: <span class=sf-dump-const>true</span>
      #<span class=sf-dump-protected title=\"Protected property\">hidden</span>: []
      #<span class=sf-dump-protected title=\"Protected property\">visible</span>: []
      #<span class=sf-dump-protected title=\"Protected property\">fillable</span>: <span class=sf-dump-note>array:37</span> [ &#8230;37]
      #<span class=sf-dump-protected title=\"Protected property\">guarded</span>: <span class=sf-dump-note>array:1</span> [ &#8230;1]
    </samp>}
    <span class=sf-dump-index>8</span> => <span class=sf-dump-note title=\"App\\Models\\HotelRestaurant\\HotelRestaurant
\"><span class=\"sf-dump-ellipsis sf-dump-ellipsis-note\">App\\Models\\HotelRestaurant</span><span class=\"sf-dump-ellipsis sf-dump-ellipsis-note\">\\</span>HotelRestaurant</span> {<a class=sf-dump-ref>#2177</a><samp data-depth=3 class=sf-dump-compact>
      #<span class=sf-dump-protected title=\"Protected property\">connection</span>: \"<span class=sf-dump-str title=\"5 characters\">mysql</span>\"
      #<span class=sf-dump-protected title=\"Protected property\">table</span>: \"<span class=sf-dump-str title=\"17 characters\">hotel_restaurants</span>\"
      #<span class=sf-dump-protected title=\"Protected property\">primaryKey</span>: \"<span class=sf-dump-str title=\"2 characters\">id</span>\"
      #<span class=sf-dump-protected title=\"Protected property\">keyType</span>: \"<span class=sf-dump-str title=\"3 characters\">int</span>\"
      +<span class=sf-dump-public title=\"Public property\">incrementing</span>: <span class=sf-dump-const>true</span>
      #<span class=sf-dump-protected title=\"Protected property\">with</span>: []
      #<span class=sf-dump-protected title=\"Protected property\">withCount</span>: []
      +<span class=sf-dump-public title=\"Public property\">preventsLazyLoading</span>: <span class=sf-dump-const>false</span>
      #<span class=sf-dump-protected title=\"Protected property\">perPage</span>: <span class=sf-dump-num>15</span>
      +<span class=sf-dump-public title=\"Public property\">exists</span>: <span class=sf-dump-const>true</span>
      +<span class=sf-dump-public title=\"Public property\">wasRecentlyCreated</span>: <span class=sf-dump-const>false</span>
      #<span class=sf-dump-protected title=\"Protected property\">escapeWhenCastingToString</span>: <span class=sf-dump-const>false</span>
      #<span class=sf-dump-protected title=\"Protected property\">attributes</span>: <span class=sf-dump-note>array:46</span> [ &#8230;46]
      #<span class=sf-dump-protected title=\"Protected property\">original</span>: <span class=sf-dump-note>array:46</span> [ &#8230;46]
      #<span class=sf-dump-protected title=\"Protected property\">changes</span>: []
      #<span class=sf-dump-protected title=\"Protected property\">casts</span>: []
      #<span class=sf-dump-protected title=\"Protected property\">classCastCache</span>: []
      #<span class=sf-dump-protected title=\"Protected property\">attributeCastCache</span>: []
      #<span class=sf-dump-protected title=\"Protected property\">dates</span>: []
      #<span class=sf-dump-protected title=\"Protected property\">dateFormat</span>: <span class=sf-dump-const>null</span>
      #<span class=sf-dump-protected title=\"Protected property\">appends</span>: []
      #<span class=sf-dump-protected title=\"Protected property\">dispatchesEvents</span>: []
      #<span class=sf-dump-protected title=\"Protected property\">observables</span>: []
      #<span class=sf-dump-protected title=\"Protected property\">relations</span>: <span class=sf-dump-note>array:3</span> [ &#8230;3]
      #<span class=sf-dump-protected title=\"Protected property\">touches</span>: []
      +<span class=sf-dump-public title=\"Public property\">timestamps</span>: <span class=sf-dump-const>true</span>
      #<span class=sf-dump-protected title=\"Protected property\">hidden</span>: []
      #<span class=sf-dump-protected title=\"Protected property\">visible</span>: []
      #<span class=sf-dump-protected title=\"Protected property\">fillable</span>: <span class=sf-dump-note>array:37</span> [ &#8230;37]
      #<span class=sf-dump-protected title=\"Protected property\">guarded</span>: <span class=sf-dump-note>array:1</span> [ &#8230;1]
    </samp>}
    <span class=sf-dump-index>9</span> => <span class=sf-dump-note title=\"App\\Models\\HotelRestaurant\\HotelRestaurant
\"><span class=\"sf-dump-ellipsis sf-dump-ellipsis-note\">App\\Models\\HotelRestaurant</span><span class=\"sf-dump-ellipsis sf-dump-ellipsis-note\">\\</span>HotelRestaurant</span> {<a class=sf-dump-ref>#2178</a><samp data-depth=3 class=sf-dump-compact>
      #<span class=sf-dump-protected title=\"Protected property\">connection</span>: \"<span class=sf-dump-str title=\"5 characters\">mysql</span>\"
      #<span class=sf-dump-protected title=\"Protected property\">table</span>: \"<span class=sf-dump-str title=\"17 characters\">hotel_restaurants</span>\"
      #<span class=sf-dump-protected title=\"Protected property\">primaryKey</span>: \"<span class=sf-dump-str title=\"2 characters\">id</span>\"
      #<span class=sf-dump-protected title=\"Protected property\">keyType</span>: \"<span class=sf-dump-str title=\"3 characters\">int</span>\"
      +<span class=sf-dump-public title=\"Public property\">incrementing</span>: <span class=sf-dump-const>true</span>
      #<span class=sf-dump-protected title=\"Protected property\">with</span>: []
      #<span class=sf-dump-protected title=\"Protected property\">withCount</span>: []
      +<span class=sf-dump-public title=\"Public property\">preventsLazyLoading</span>: <span class=sf-dump-const>false</span>
      #<span class=sf-dump-protected title=\"Protected property\">perPage</span>: <span class=sf-dump-num>15</span>
      +<span class=sf-dump-public title=\"Public property\">exists</span>: <span class=sf-dump-const>true</span>
      +<span class=sf-dump-public title=\"Public property\">wasRecentlyCreated</span>: <span class=sf-dump-const>false</span>
      #<span class=sf-dump-protected title=\"Protected property\">escapeWhenCastingToString</span>: <span class=sf-dump-const>false</span>
      #<span class=sf-dump-protected title=\"Protected property\">attributes</span>: <span class=sf-dump-note>array:46</span> [ &#8230;46]
      #<span class=sf-dump-protected title=\"Protected property\">original</span>: <span class=sf-dump-note>array:46</span> [ &#8230;46]
      #<span class=sf-dump-protected title=\"Protected property\">changes</span>: []
      #<span class=sf-dump-protected title=\"Protected property\">casts</span>: []
      #<span class=sf-dump-protected title=\"Protected property\">classCastCache</span>: []
      #<span class=sf-dump-protected title=\"Protected property\">attributeCastCache</span>: []
      #<span class=sf-dump-protected title=\"Protected property\">dates</span>: []
      #<span class=sf-dump-protected title=\"Protected property\">dateFormat</span>: <span class=sf-dump-const>null</span>
      #<span class=sf-dump-protected title=\"Protected property\">appends</span>: []
      #<span class=sf-dump-protected title=\"Protected property\">dispatchesEvents</span>: []
      #<span class=sf-dump-protected title=\"Protected property\">observables</span>: []
      #<span class=sf-dump-protected title=\"Protected property\">relations</span>: <span class=sf-dump-note>array:3</span> [ &#8230;3]
      #<span class=sf-dump-protected title=\"Protected property\">touches</span>: []
      +<span class=sf-dump-public title=\"Public property\">timestamps</span>: <span class=sf-dump-const>true</span>
      #<span class=sf-dump-protected title=\"Protected property\">hidden</span>: []
      #<span class=sf-dump-protected title=\"Protected property\">visible</span>: []
      #<span class=sf-dump-protected title=\"Protected property\">fillable</span>: <span class=sf-dump-note>array:37</span> [ &#8230;37]
      #<span class=sf-dump-protected title=\"Protected property\">guarded</span>: <span class=sf-dump-note>array:1</span> [ &#8230;1]
    </samp>}
    <span class=sf-dump-index>10</span> => <span class=sf-dump-note title=\"App\\Models\\HotelRestaurant\\HotelRestaurant
\"><span class=\"sf-dump-ellipsis sf-dump-ellipsis-note\">App\\Models\\HotelRestaurant</span><span class=\"sf-dump-ellipsis sf-dump-ellipsis-note\">\\</span>HotelRestaurant</span> {<a class=sf-dump-ref>#2179</a><samp data-depth=3 class=sf-dump-compact>
      #<span class=sf-dump-protected title=\"Protected property\">connection</span>: \"<span class=sf-dump-str title=\"5 characters\">mysql</span>\"
      #<span class=sf-dump-protected title=\"Protected property\">table</span>: \"<span class=sf-dump-str title=\"17 characters\">hotel_restaurants</span>\"
      #<span class=sf-dump-protected title=\"Protected property\">primaryKey</span>: \"<span class=sf-dump-str title=\"2 characters\">id</span>\"
      #<span class=sf-dump-protected title=\"Protected property\">keyType</span>: \"<span class=sf-dump-str title=\"3 characters\">int</span>\"
      +<span class=sf-dump-public title=\"Public property\">incrementing</span>: <span class=sf-dump-const>true</span>
      #<span class=sf-dump-protected title=\"Protected property\">with</span>: []
      #<span class=sf-dump-protected title=\"Protected property\">withCount</span>: []
      +<span class=sf-dump-public title=\"Public property\">preventsLazyLoading</span>: <span class=sf-dump-const>false</span>
      #<span class=sf-dump-protected title=\"Protected property\">perPage</span>: <span class=sf-dump-num>15</span>
      +<span class=sf-dump-public title=\"Public property\">exists</span>: <span class=sf-dump-const>true</span>
      +<span class=sf-dump-public title=\"Public property\">wasRecentlyCreated</span>: <span class=sf-dump-const>false</span>
      #<span class=sf-dump-protected title=\"Protected property\">escapeWhenCastingToString</span>: <span class=sf-dump-const>false</span>
      #<span class=sf-dump-protected title=\"Protected property\">attributes</span>: <span class=sf-dump-note>array:46</span> [ &#8230;46]
      #<span class=sf-dump-protected title=\"Protected property\">original</span>: <span class=sf-dump-note>array:46</span> [ &#8230;46]
      #<span class=sf-dump-protected title=\"Protected property\">changes</span>: []
      #<span class=sf-dump-protected title=\"Protected property\">casts</span>: []
      #<span class=sf-dump-protected title=\"Protected property\">classCastCache</span>: []
      #<span class=sf-dump-protected title=\"Protected property\">attributeCastCache</span>: []
      #<span class=sf-dump-protected title=\"Protected property\">dates</span>: []
      #<span class=sf-dump-protected title=\"Protected property\">dateFormat</span>: <span class=sf-dump-const>null</span>
      #<span class=sf-dump-protected title=\"Protected property\">appends</span>: []
      #<span class=sf-dump-protected title=\"Protected property\">dispatchesEvents</span>: []
      #<span class=sf-dump-protected title=\"Protected property\">observables</span>: []
      #<span class=sf-dump-protected title=\"Protected property\">relations</span>: <span class=sf-dump-note>array:3</span> [ &#8230;3]
      #<span class=sf-dump-protected title=\"Protected property\">touches</span>: []
      +<span class=sf-dump-public title=\"Public property\">timestamps</span>: <span class=sf-dump-const>true</span>
      #<span class=sf-dump-protected title=\"Protected property\">hidden</span>: []
      #<span class=sf-dump-protected title=\"Protected property\">visible</span>: []
      #<span class=sf-dump-protected title=\"Protected property\">fillable</span>: <span class=sf-dump-note>array:37</span> [ &#8230;37]
      #<span class=sf-dump-protected title=\"Protected property\">guarded</span>: <span class=sf-dump-note>array:1</span> [ &#8230;1]
    </samp>}
    <span class=sf-dump-index>11</span> => <span class=sf-dump-note title=\"App\\Models\\HotelRestaurant\\HotelRestaurant
\"><span class=\"sf-dump-ellipsis sf-dump-ellipsis-note\">App\\Models\\HotelRestaurant</span><span class=\"sf-dump-ellipsis sf-dump-ellipsis-note\">\\</span>HotelRestaurant</span> {<a class=sf-dump-ref>#2180</a><samp data-depth=3 class=sf-dump-compact>
      #<span class=sf-dump-protected title=\"Protected property\">connection</span>: \"<span class=sf-dump-str title=\"5 characters\">mysql</span>\"
      #<span class=sf-dump-protected title=\"Protected property\">table</span>: \"<span class=sf-dump-str title=\"17 characters\">hotel_restaurants</span>\"
      #<span class=sf-dump-protected title=\"Protected property\">primaryKey</span>: \"<span class=sf-dump-str title=\"2 characters\">id</span>\"
      #<span class=sf-dump-protected title=\"Protected property\">keyType</span>: \"<span class=sf-dump-str title=\"3 characters\">int</span>\"
      +<span class=sf-dump-public title=\"Public property\">incrementing</span>: <span class=sf-dump-const>true</span>
      #<span class=sf-dump-protected title=\"Protected property\">with</span>: []
      #<span class=sf-dump-protected title=\"Protected property\">withCount</span>: []
      +<span class=sf-dump-public title=\"Public property\">preventsLazyLoading</span>: <span class=sf-dump-const>false</span>
      #<span class=sf-dump-protected title=\"Protected property\">perPage</span>: <span class=sf-dump-num>15</span>
      +<span class=sf-dump-public title=\"Public property\">exists</span>: <span class=sf-dump-const>true</span>
      +<span class=sf-dump-public title=\"Public property\">wasRecentlyCreated</span>: <span class=sf-dump-const>false</span>
      #<span class=sf-dump-protected title=\"Protected property\">escapeWhenCastingToString</span>: <span class=sf-dump-const>false</span>
      #<span class=sf-dump-protected title=\"Protected property\">attributes</span>: <span class=sf-dump-note>array:46</span> [ &#8230;46]
      #<span class=sf-dump-protected title=\"Protected property\">original</span>: <span class=sf-dump-note>array:46</span> [ &#8230;46]
      #<span class=sf-dump-protected title=\"Protected property\">changes</span>: []
      #<span class=sf-dump-protected title=\"Protected property\">casts</span>: []
      #<span class=sf-dump-protected title=\"Protected property\">classCastCache</span>: []
      #<span class=sf-dump-protected title=\"Protected property\">attributeCastCache</span>: []
      #<span class=sf-dump-protected title=\"Protected property\">dates</span>: []
      #<span class=sf-dump-protected title=\"Protected property\">dateFormat</span>: <span class=sf-dump-const>null</span>
      #<span class=sf-dump-protected title=\"Protected property\">appends</span>: []
      #<span class=sf-dump-protected title=\"Protected property\">dispatchesEvents</span>: []
      #<span class=sf-dump-protected title=\"Protected property\">observables</span>: []
      #<span class=sf-dump-protected title=\"Protected property\">relations</span>: <span class=sf-dump-note>array:2</span> [ &#8230;2]
      #<span class=sf-dump-protected title=\"Protected property\">touches</span>: []
      +<span class=sf-dump-public title=\"Public property\">timestamps</span>: <span class=sf-dump-const>true</span>
      #<span class=sf-dump-protected title=\"Protected property\">hidden</span>: []
      #<span class=sf-dump-protected title=\"Protected property\">visible</span>: []
      #<span class=sf-dump-protected title=\"Protected property\">fillable</span>: <span class=sf-dump-note>array:37</span> [ &#8230;37]
      #<span class=sf-dump-protected title=\"Protected property\">guarded</span>: <span class=sf-dump-note>array:1</span> [ &#8230;1]
    </samp>}
  </samp>]
  #<span class=sf-dump-protected title=\"Protected property\">escapeWhenCastingToString</span>: <span class=sf-dump-const>false</span>
</samp>}
</pre><script>Sfdump(\"sf-dump-94780301\", {\"maxDepth\":3,\"maxStringLength\":160})</script>
"}},"userId":1,"exception":"[object] (Facade\\Ignition\\Exceptions\\ViewException(code: 0): Attempt to read property \"en_name\" on null (View: C:\\xampp\\htdocs\\Cioas\\resources\\views\\backend\\pages\\hotel-restaurant\\index.blade.php) at C:\\xampp\\htdocs\\Cioas\\resources\\views/backend/pages/hotel-restaurant/index.blade.php:108)
[stacktrace]
#0 C:\\xampp\\htdocs\\Cioas\\resources\\views/backend/pages/hotel-restaurant/index.blade.php(108): Illuminate\\Foundation\\Bootstrap\\HandleExceptions->handleError(2, 'Attempt to read...', 'C:\\\\xampp\\\\htdocs...', 107)
#1 C:\\xampp\\htdocs\\Cioas\\vendor\\laravel\\framework\\src\\Illuminate\\Filesystem\\Filesystem.php(107): require('C:\\\\xampp\\\\htdocs...')
#2 C:\\xampp\\htdocs\\Cioas\\vendor\\laravel\\framework\\src\\Illuminate\\Filesystem\\Filesystem.php(108): Illuminate\\Filesystem\\Filesystem::Illuminate\\Filesystem\\{closure}()
#3 C:\\xampp\\htdocs\\Cioas\\vendor\\laravel\\framework\\src\\Illuminate\\View\\Engines\\PhpEngine.php(58): Illuminate\\Filesystem\\Filesystem->getRequire('C:\\\\xampp\\\\htdocs...', Array)
#4 C:\\xampp\\htdocs\\Cioas\\vendor\\laravel\\framework\\src\\Illuminate\\View\\Engines\\CompilerEngine.php(61): Illuminate\\View\\Engines\\PhpEngine->evaluatePath('C:\\\\xampp\\\\htdocs...', Array)
#5 C:\\xampp\\htdocs\\Cioas\\vendor\\facade\\ignition\\src\\Views\\Engines\\CompilerEngine.php(37): Illuminate\\View\\Engines\\CompilerEngine->get('C:\\\\xampp\\\\htdocs...', Array)
#6 C:\\xampp\\htdocs\\Cioas\\vendor\\laravel\\framework\\src\\Illuminate\\View\\View.php(139): Facade\\Ignition\\Views\\Engines\\CompilerEngine->get('C:\\\\xampp\\\\htdocs...', Array)
#7 C:\\xampp\\htdocs\\Cioas\\vendor\\laravel\\framework\\src\\Illuminate\\View\\View.php(122): Illuminate\\View\\View->getContents()
#8 C:\\xampp\\htdocs\\Cioas\\vendor\\laravel\\framework\\src\\Illuminate\\View\\View.php(91): Illuminate\\View\\View->renderContents()
#9 C:\\xampp\\htdocs\\Cioas\\vendor\\laravel\\framework\\src\\Illuminate\\Http\\Response.php(69): Illuminate\\View\\View->render()
#10 C:\\xampp\\htdocs\\Cioas\\vendor\\laravel\\framework\\src\\Illuminate\\Http\\Response.php(35): Illuminate\\Http\\Response->setContent(Object(Illuminate\\View\\View))
#11 C:\\xampp\\htdocs\\Cioas\\vendor\\laravel\\framework\\src\\Illuminate\\Routing\\Router.php(820): Illuminate\\Http\\Response->__construct(Object(Illuminate\\View\\View), 200, Array)
#12 C:\\xampp\\htdocs\\Cioas\\vendor\\laravel\\framework\\src\\Illuminate\\Routing\\Router.php(789): Illuminate\\Routing\\Router::toResponse(Object(Illuminate\\Http\\Request), Object(Illuminate\\View\\View))
#13 C:\\xampp\\htdocs\\Cioas\\vendor\\laravel\\framework\\src\\Illuminate\\Routing\\Router.php(720): Illuminate\\Routing\\Router->prepareResponse(Object(Illuminate\\Http\\Request), Object(Illuminate\\View\\View))
#14 C:\\xampp\\htdocs\\Cioas\\vendor\\laravel\\framework\\src\\Illuminate\\Pipeline\\Pipeline.php(128): Illuminate\\Routing\\Router->Illuminate\\Routing\\{closure}(Object(Illuminate\\Http\\Request))
#15 C:\\xampp\\htdocs\\Cioas\\vendor\\laravel\\framework\\src\\Illuminate\\Routing\\Middleware\\SubstituteBindings.php(50): Illuminate\\Pipeline\\Pipeline->Illuminate\\Pipeline\\{closure}(Object(Illuminate\\Http\\Request))
#16 C:\\xampp\\htdocs\\Cioas\\vendor\\laravel\\framework\\src\\Illuminate\\Pipeline\\Pipeline.php(167): Illuminate\\Routing\\Middleware\\SubstituteBindings->handle(Object(Illuminate\\Http\\Request), Object(Closure))
#17 C:\\xampp\\htdocs\\Cioas\\vendor\\laravel\\framework\\src\\Illuminate\\Auth\\Middleware\\Authenticate.php(44): Illuminate\\Pipeline\\Pipeline->Illuminate\\Pipeline\\{closure}(Object(Illuminate\\Http\\Request))
#18 C:\\xampp\\htdocs\\Cioas\\vendor\\laravel\\framework\\src\\Illuminate\\Pipeline\\Pipeline.php(167): Illuminate\\Auth\\Middleware\\Authenticate->handle(Object(Illuminate\\Http\\Request), Object(Closure))
#19 C:\\xampp\\htdocs\\Cioas\\vendor\\laravel\\framework\\src\\Illuminate\\Foundation\\Http\\Middleware\\VerifyCsrfToken.php(78): Illuminate\\Pipeline\\Pipeline->Illuminate\\Pipeline\\{closure}(Object(Illuminate\\Http\\Request))
#20 C:\\xampp\\htdocs\\Cioas\\vendor\\laravel\\framework\\src\\Illuminate\\Pipeline\\Pipeline.php(167): Illuminate\\Foundation\\Http\\Middleware\\VerifyCsrfToken->handle(Object(Illuminate\\Http\\Request), Object(Closure))
#21 C:\\xampp\\htdocs\\Cioas\\vendor\\laravel\\framework\\src\\Illuminate\\View\\Middleware\\ShareErrorsFromSession.php(49): Illuminate\\Pipeline\\Pipeline->Illuminate\\Pipeline\\{closure}(Object(Illuminate\\Http\\Request))
#22 C:\\xampp\\htdocs\\Cioas\\vendor\\laravel\\framework\\src\\Illuminate\\Pipeline\\Pipeline.php(167): Illuminate\\View\\Middleware\\ShareErrorsFromSession->handle(Object(Illuminate\\Http\\Request), Object(Closure))
#23 C:\\xampp\\htdocs\\Cioas\\vendor\\laravel\\framework\\src\\Illuminate\\Session\\Middleware\\StartSession.php(121): Illuminate\\Pipeline\\Pipeline->Illuminate\\Pipeline\\{closure}(Object(Illuminate\\Http\\Request))
#24 C:\\xampp\\htdocs\\Cioas\\vendor\\laravel\\framework\\src\\Illuminate\\Session\\Middleware\\StartSession.php(64): Illuminate\\Session\\Middleware\\StartSession->handleStatefulRequest(Object(Illuminate\\Http\\Request), Object(Illuminate\\Session\\Store), Object(Closure))
#25 C:\\xampp\\htdocs\\Cioas\\vendor\\laravel\\framework\\src\\Illuminate\\Pipeline\\Pipeline.php(167): Illuminate\\Session\\Middleware\\StartSession->handle(Object(Illuminate\\Http\\Request), Object(Closure))
#26 C:\\xampp\\htdocs\\Cioas\\vendor\\laravel\\framework\\src\\Illuminate\\Cookie\\Middleware\\AddQueuedCookiesToResponse.php(37): Illuminate\\Pipeline\\Pipeline->Illuminate\\Pipeline\\{closure}(Object(Illuminate\\Http\\Request))
#27 C:\\xampp\\htdocs\\Cioas\\vendor\\laravel\\framework\\src\\Illuminate\\Pipeline\\Pipeline.php(167): Illuminate\\Cookie\\Middleware\\AddQueuedCookiesToResponse->handle(Object(Illuminate\\Http\\Request), Object(Closure))
#28 C:\\xampp\\htdocs\\Cioas\\vendor\\laravel\\framework\\src\\Illuminate\\Cookie\\Middleware\\EncryptCookies.php(67): Illuminate\\Pipeline\\Pipeline->Illuminate\\Pipeline\\{closure}(Object(Illuminate\\Http\\Request))
#29 C:\\xampp\\htdocs\\Cioas\\vendor\\laravel\\framework\\src\\Illuminate\\Pipeline\\Pipeline.php(167): Illuminate\\Cookie\\Middleware\\EncryptCookies->handle(Object(Illuminate\\Http\\Request), Object(Closure))
#30 C:\\xampp\\htdocs\\Cioas\\vendor\\laravel\\framework\\src\\Illuminate\\Pipeline\\Pipeline.php(103): Illuminate\\Pipeline\\Pipeline->Illuminate\\Pipeline\\{closure}(Object(Illuminate\\Http\\Request))
#31 C:\\xampp\\htdocs\\Cioas\\vendor\\laravel\\framework\\src\\Illuminate\\Routing\\Router.php(719): Illuminate\\Pipeline\\Pipeline->then(Object(Closure))
#32 C:\\xampp\\htdocs\\Cioas\\vendor\\laravel\\framework\\src\\Illuminate\\Routing\\Router.php(698): Illuminate\\Routing\\Router->runRouteWithinStack(Object(Illuminate\\Routing\\Route), Object(Illuminate\\Http\\Request))
#33 C:\\xampp\\htdocs\\Cioas\\vendor\\laravel\\framework\\src\\Illuminate\\Routing\\Router.php(662): Illuminate\\Routing\\Router->runRoute(Object(Illuminate\\Http\\Request), Object(Illuminate\\Routing\\Route))
#34 C:\\xampp\\htdocs\\Cioas\\vendor\\laravel\\framework\\src\\Illuminate\\Routing\\Router.php(651): Illuminate\\Routing\\Router->dispatchToRoute(Object(Illuminate\\Http\\Request))
#35 C:\\xampp\\htdocs\\Cioas\\vendor\\laravel\\framework\\src\\Illuminate\\Foundation\\Http\\Kernel.php(167): Illuminate\\Routing\\Router->dispatch(Object(Illuminate\\Http\\Request))
#36 C:\\xampp\\htdocs\\Cioas\\vendor\\laravel\\framework\\src\\Illuminate\\Pipeline\\Pipeline.php(128): Illuminate\\Foundation\\Http\\Kernel->Illuminate\\Foundation\\Http\\{closure}(Object(Illuminate\\Http\\Request))
#37 C:\\xampp\\htdocs\\Cioas\\vendor\\laravel\\framework\\src\\Illuminate\\Foundation\\Http\\Middleware\\TransformsRequest.php(21): Illuminate\\Pipeline\\Pipeline->Illuminate\\Pipeline\\{closure}(Object(Illuminate\\Http\\Request))
#38 C:\\xampp\\htdocs\\Cioas\\vendor\\laravel\\framework\\src\\Illuminate\\Foundation\\Http\\Middleware\\ConvertEmptyStringsToNull.php(31): Illuminate\\Foundation\\Http\\Middleware\\TransformsRequest->handle(Object(Illuminate\\Http\\Request), Object(Closure))
#39 C:\\xampp\\htdocs\\Cioas\\vendor\\laravel\\framework\\src\\Illuminate\\Pipeline\\Pipeline.php(167): Illuminate\\Foundation\\Http\\Middleware\\ConvertEmptyStringsToNull->handle(Object(Illuminate\\Http\\Request), Object(Closure))
#40 C:\\xampp\\htdocs\\Cioas\\vendor\\laravel\\framework\\src\\Illuminate\\Foundation\\Http\\Middleware\\TransformsRequest.php(21): Illuminate\\Pipeline\\Pipeline->Illuminate\\Pipeline\\{closure}(Object(Illuminate\\Http\\Request))
#41 C:\\xampp\\htdocs\\Cioas\\vendor\\laravel\\framework\\src\\Illuminate\\Foundation\\Http\\Middleware\\TrimStrings.php(40): Illuminate\\Foundation\\Http\\Middleware\\TransformsRequest->handle(Object(Illuminate\\Http\\Request), Object(Closure))
#42 C:\\xampp\\htdocs\\Cioas\\vendor\\laravel\\framework\\src\\Illuminate\\Pipeline\\Pipeline.php(167): Illuminate\\Foundation\\Http\\Middleware\\TrimStrings->handle(Object(Illuminate\\Http\\Request), Object(Closure))
#43 C:\\xampp\\htdocs\\Cioas\\vendor\\laravel\\framework\\src\\Illuminate\\Foundation\\Http\\Middleware\\ValidatePostSize.php(27): Illuminate\\Pipeline\\Pipeline->Illuminate\\Pipeline\\{closure}(Object(Illuminate\\Http\\Request))
#44 C:\\xampp\\htdocs\\Cioas\\vendor\\laravel\\framework\\src\\Illuminate\\Pipeline\\Pipeline.php(167): Illuminate\\Foundation\\Http\\Middleware\\ValidatePostSize->handle(Object(Illuminate\\Http\\Request), Object(Closure))
#45 C:\\xampp\\htdocs\\Cioas\\vendor\\laravel\\framework\\src\\Illuminate\\Foundation\\Http\\Middleware\\PreventRequestsDuringMaintenance.php(86): Illuminate\\Pipeline\\Pipeline->Illuminate\\Pipeline\\{closure}(Object(Illuminate\\Http\\Request))
#46 C:\\xampp\\htdocs\\Cioas\\vendor\\laravel\\framework\\src\\Illuminate\\Pipeline\\Pipeline.php(167): Illuminate\\Foundation\\Http\\Middleware\\PreventRequestsDuringMaintenance->handle(Object(Illuminate\\Http\\Request), Object(Closure))
#47 C:\\xampp\\htdocs\\Cioas\\vendor\\fruitcake\\laravel-cors\\src\\HandleCors.php(38): Illuminate\\Pipeline\\Pipeline->Illuminate\\Pipeline\\{closure}(Object(Illuminate\\Http\\Request))
#48 C:\\xampp\\htdocs\\Cioas\\vendor\\laravel\\framework\\src\\Illuminate\\Pipeline\\Pipeline.php(167): Fruitcake\\Cors\\HandleCors->handle(Object(Illuminate\\Http\\Request), Object(Closure))
#49 C:\\xampp\\htdocs\\Cioas\\vendor\\laravel\\framework\\src\\Illuminate\\Http\\Middleware\\TrustProxies.php(39): Illuminate\\Pipeline\\Pipeline->Illuminate\\Pipeline\\{closure}(Object(Illuminate\\Http\\Request))
#50 C:\\xampp\\htdocs\\Cioas\\vendor\\laravel\\framework\\src\\Illuminate\\Pipeline\\Pipeline.php(167): Illuminate\\Http\\Middleware\\TrustProxies->handle(Object(Illuminate\\Http\\Request), Object(Closure))
#51 C:\\xampp\\htdocs\\Cioas\\vendor\\laravel\\framework\\src\\Illuminate\\Pipeline\\Pipeline.php(103): Illuminate\\Pipeline\\Pipeline->Illuminate\\Pipeline\\{closure}(Object(Illuminate\\Http\\Request))
#52 C:\\xampp\\htdocs\\Cioas\\vendor\\laravel\\framework\\src\\Illuminate\\Foundation\\Http\\Kernel.php(142): Illuminate\\Pipeline\\Pipeline->then(Object(Closure))
#53 C:\\xampp\\htdocs\\Cioas\\vendor\\laravel\\framework\\src\\Illuminate\\Foundation\\Http\\Kernel.php(111): Illuminate\\Foundation\\Http\\Kernel->sendRequestThroughRouter(Object(Illuminate\\Http\\Request))
#54 C:\\xampp\\htdocs\\Cioas\\public\\index.php(51): Illuminate\\Foundation\\Http\\Kernel->handle(Object(Illuminate\\Http\\Request))
#55 C:\\xampp\\htdocs\\Cioas\\server.php(21): require_once('C:\\\\xampp\\\\htdocs...')
#56 {main}

[previous exception] [object] (ErrorException(code: 0): Attempt to read property \"en_name\" on null at C:\\xampp\\htdocs\\Cioas\\storage\\framework\\views\\8afc16f06c989179bba32e58dd7c40b5fc5882fe.php:107)
[stacktrace]
#0 C:\\xampp\\htdocs\\Cioas\\storage\\framework\\views\\8afc16f06c989179bba32e58dd7c40b5fc5882fe.php(107): Illuminate\\Foundation\\Bootstrap\\HandleExceptions->handleError(2, 'Attempt to read...', 'C:\\\\xampp\\\\htdocs...', 107)
#1 C:\\xampp\\htdocs\\Cioas\\vendor\\laravel\\framework\\src\\Illuminate\\Filesystem\\Filesystem.php(107): require('C:\\\\xampp\\\\htdocs...')
#2 C:\\xampp\\htdocs\\Cioas\\vendor\\laravel\\framework\\src\\Illuminate\\Filesystem\\Filesystem.php(108): Illuminate\\Filesystem\\Filesystem::Illuminate\\Filesystem\\{closure}()
#3 C:\\xampp\\htdocs\\Cioas\\vendor\\laravel\\framework\\src\\Illuminate\\View\\Engines\\PhpEngine.php(58): Illuminate\\Filesystem\\Filesystem->getRequire('C:\\\\xampp\\\\htdocs...', Array)
#4 C:\\xampp\\htdocs\\Cioas\\vendor\\laravel\\framework\\src\\Illuminate\\View\\Engines\\CompilerEngine.php(61): Illuminate\\View\\Engines\\PhpEngine->evaluatePath('C:\\\\xampp\\\\htdocs...', Array)
#5 C:\\xampp\\htdocs\\Cioas\\vendor\\facade\\ignition\\src\\Views\\Engines\\CompilerEngine.php(37): Illuminate\\View\\Engines\\CompilerEngine->get('C:\\\\xampp\\\\htdocs...', Array)
#6 C:\\xampp\\htdocs\\Cioas\\vendor\\laravel\\framework\\src\\Illuminate\\View\\View.php(139): Facade\\Ignition\\Views\\Engines\\CompilerEngine->get('C:\\\\xampp\\\\htdocs...', Array)
#7 C:\\xampp\\htdocs\\Cioas\\vendor\\laravel\\framework\\src\\Illuminate\\View\\View.php(122): Illuminate\\View\\View->getContents()
#8 C:\\xampp\\htdocs\\Cioas\\vendor\\laravel\\framework\\src\\Illuminate\\View\\View.php(91): Illuminate\\View\\View->renderContents()
#9 C:\\xampp\\htdocs\\Cioas\\vendor\\laravel\\framework\\src\\Illuminate\\Http\\Response.php(69): Illuminate\\View\\View->render()
#10 C:\\xampp\\htdocs\\Cioas\\vendor\\laravel\\framework\\src\\Illuminate\\Http\\Response.php(35): Illuminate\\Http\\Response->setContent(Object(Illuminate\\View\\View))
#11 C:\\xampp\\htdocs\\Cioas\\vendor\\laravel\\framework\\src\\Illuminate\\Routing\\Router.php(820): Illuminate\\Http\\Response->__construct(Object(Illuminate\\View\\View), 200, Array)
#12 C:\\xampp\\htdocs\\Cioas\\vendor\\laravel\\framework\\src\\Illuminate\\Routing\\Router.php(789): Illuminate\\Routing\\Router::toResponse(Object(Illuminate\\Http\\Request), Object(Illuminate\\View\\View))
#13 C:\\xampp\\htdocs\\Cioas\\vendor\\laravel\\framework\\src\\Illuminate\\Routing\\Router.php(720): Illuminate\\Routing\\Router->prepareResponse(Object(Illuminate\\Http\\Request), Object(Illuminate\\View\\View))
#14 C:\\xampp\\htdocs\\Cioas\\vendor\\laravel\\framework\\src\\Illuminate\\Pipeline\\Pipeline.php(128): Illuminate\\Routing\\Router->Illuminate\\Routing\\{closure}(Object(Illuminate\\Http\\Request))
#15 C:\\xampp\\htdocs\\Cioas\\vendor\\laravel\\framework\\src\\Illuminate\\Routing\\Middleware\\SubstituteBindings.php(50): Illuminate\\Pipeline\\Pipeline->Illuminate\\Pipeline\\{closure}(Object(Illuminate\\Http\\Request))
#16 C:\\xampp\\htdocs\\Cioas\\vendor\\laravel\\framework\\src\\Illuminate\\Pipeline\\Pipeline.php(167): Illuminate\\Routing\\Middleware\\SubstituteBindings->handle(Object(Illuminate\\Http\\Request), Object(Closure))
#17 C:\\xampp\\htdocs\\Cioas\\vendor\\laravel\\framework\\src\\Illuminate\\Auth\\Middleware\\Authenticate.php(44): Illuminate\\Pipeline\\Pipeline->Illuminate\\Pipeline\\{closure}(Object(Illuminate\\Http\\Request))
#18 C:\\xampp\\htdocs\\Cioas\\vendor\\laravel\\framework\\src\\Illuminate\\Pipeline\\Pipeline.php(167): Illuminate\\Auth\\Middleware\\Authenticate->handle(Object(Illuminate\\Http\\Request), Object(Closure))
#19 C:\\xampp\\htdocs\\Cioas\\vendor\\laravel\\framework\\src\\Illuminate\\Foundation\\Http\\Middleware\\VerifyCsrfToken.php(78): Illuminate\\Pipeline\\Pipeline->Illuminate\\Pipeline\\{closure}(Object(Illuminate\\Http\\Request))
#20 C:\\xampp\\htdocs\\Cioas\\vendor\\laravel\\framework\\src\\Illuminate\\Pipeline\\Pipeline.php(167): Illuminate\\Foundation\\Http\\Middleware\\VerifyCsrfToken->handle(Object(Illuminate\\Http\\Request), Object(Closure))
#21 C:\\xampp\\htdocs\\Cioas\\vendor\\laravel\\framework\\src\\Illuminate\\View\\Middleware\\ShareErrorsFromSession.php(49): Illuminate\\Pipeline\\Pipeline->Illuminate\\Pipeline\\{closure}(Object(Illuminate\\Http\\Request))
#22 C:\\xampp\\htdocs\\Cioas\\vendor\\laravel\\framework\\src\\Illuminate\\Pipeline\\Pipeline.php(167): Illuminate\\View\\Middleware\\ShareErrorsFromSession->handle(Object(Illuminate\\Http\\Request), Object(Closure))
#23 C:\\xampp\\htdocs\\Cioas\\vendor\\laravel\\framework\\src\\Illuminate\\Session\\Middleware\\StartSession.php(121): Illuminate\\Pipeline\\Pipeline->Illuminate\\Pipeline\\{closure}(Object(Illuminate\\Http\\Request))
#24 C:\\xampp\\htdocs\\Cioas\\vendor\\laravel\\framework\\src\\Illuminate\\Session\\Middleware\\StartSession.php(64): Illuminate\\Session\\Middleware\\StartSession->handleStatefulRequest(Object(Illuminate\\Http\\Request), Object(Illuminate\\Session\\Store), Object(Closure))
#25 C:\\xampp\\htdocs\\Cioas\\vendor\\laravel\\framework\\src\\Illuminate\\Pipeline\\Pipeline.php(167): Illuminate\\Session\\Middleware\\StartSession->handle(Object(Illuminate\\Http\\Request), Object(Closure))
#26 C:\\xampp\\htdocs\\Cioas\\vendor\\laravel\\framework\\src\\Illuminate\\Cookie\\Middleware\\AddQueuedCookiesToResponse.php(37): Illuminate\\Pipeline\\Pipeline->Illuminate\\Pipeline\\{closure}(Object(Illuminate\\Http\\Request))
#27 C:\\xampp\\htdocs\\Cioas\\vendor\\laravel\\framework\\src\\Illuminate\\Pipeline\\Pipeline.php(167): Illuminate\\Cookie\\Middleware\\AddQueuedCookiesToResponse->handle(Object(Illuminate\\Http\\Request), Object(Closure))
#28 C:\\xampp\\htdocs\\Cioas\\vendor\\laravel\\framework\\src\\Illuminate\\Cookie\\Middleware\\EncryptCookies.php(67): Illuminate\\Pipeline\\Pipeline->Illuminate\\Pipeline\\{closure}(Object(Illuminate\\Http\\Request))
#29 C:\\xampp\\htdocs\\Cioas\\vendor\\laravel\\framework\\src\\Illuminate\\Pipeline\\Pipeline.php(167): Illuminate\\Cookie\\Middleware\\EncryptCookies->handle(Object(Illuminate\\Http\\Request), Object(Closure))
#30 C:\\xampp\\htdocs\\Cioas\\vendor\\laravel\\framework\\src\\Illuminate\\Pipeline\\Pipeline.php(103): Illuminate\\Pipeline\\Pipeline->Illuminate\\Pipeline\\{closure}(Object(Illuminate\\Http\\Request))
#31 C:\\xampp\\htdocs\\Cioas\\vendor\\laravel\\framework\\src\\Illuminate\\Routing\\Router.php(719): Illuminate\\Pipeline\\Pipeline->then(Object(Closure))
#32 C:\\xampp\\htdocs\\Cioas\\vendor\\laravel\\framework\\src\\Illuminate\\Routing\\Router.php(698): Illuminate\\Routing\\Router->runRouteWithinStack(Object(Illuminate\\Routing\\Route), Object(Illuminate\\Http\\Request))
#33 C:\\xampp\\htdocs\\Cioas\\vendor\\laravel\\framework\\src\\Illuminate\\Routing\\Router.php(662): Illuminate\\Routing\\Router->runRoute(Object(Illuminate\\Http\\Request), Object(Illuminate\\Routing\\Route))
#34 C:\\xampp\\htdocs\\Cioas\\vendor\\laravel\\framework\\src\\Illuminate\\Routing\\Router.php(651): Illuminate\\Routing\\Router->dispatchToRoute(Object(Illuminate\\Http\\Request))
#35 C:\\xampp\\htdocs\\Cioas\\vendor\\laravel\\framework\\src\\Illuminate\\Foundation\\Http\\Kernel.php(167): Illuminate\\Routing\\Router->dispatch(Object(Illuminate\\Http\\Request))
#36 C:\\xampp\\htdocs\\Cioas\\vendor\\laravel\\framework\\src\\Illuminate\\Pipeline\\Pipeline.php(128): Illuminate\\Foundation\\Http\\Kernel->Illuminate\\Foundation\\Http\\{closure}(Object(Illuminate\\Http\\Request))
#37 C:\\xampp\\htdocs\\Cioas\\vendor\\laravel\\framework\\src\\Illuminate\\Foundation\\Http\\Middleware\\TransformsRequest.php(21): Illuminate\\Pipeline\\Pipeline->Illuminate\\Pipeline\\{closure}(Object(Illuminate\\Http\\Request))
#38 C:\\xampp\\htdocs\\Cioas\\vendor\\laravel\\framework\\src\\Illuminate\\Foundation\\Http\\Middleware\\ConvertEmptyStringsToNull.php(31): Illuminate\\Foundation\\Http\\Middleware\\TransformsRequest->handle(Object(Illuminate\\Http\\Request), Object(Closure))
#39 C:\\xampp\\htdocs\\Cioas\\vendor\\laravel\\framework\\src\\Illuminate\\Pipeline\\Pipeline.php(167): Illuminate\\Foundation\\Http\\Middleware\\ConvertEmptyStringsToNull->handle(Object(Illuminate\\Http\\Request), Object(Closure))
#40 C:\\xampp\\htdocs\\Cioas\\vendor\\laravel\\framework\\src\\Illuminate\\Foundation\\Http\\Middleware\\TransformsRequest.php(21): Illuminate\\Pipeline\\Pipeline->Illuminate\\Pipeline\\{closure}(Object(Illuminate\\Http\\Request))
#41 C:\\xampp\\htdocs\\Cioas\\vendor\\laravel\\framework\\src\\Illuminate\\Foundation\\Http\\Middleware\\TrimStrings.php(40): Illuminate\\Foundation\\Http\\Middleware\\TransformsRequest->handle(Object(Illuminate\\Http\\Request), Object(Closure))
#42 C:\\xampp\\htdocs\\Cioas\\vendor\\laravel\\framework\\src\\Illuminate\\Pipeline\\Pipeline.php(167): Illuminate\\Foundation\\Http\\Middleware\\TrimStrings->handle(Object(Illuminate\\Http\\Request), Object(Closure))
#43 C:\\xampp\\htdocs\\Cioas\\vendor\\laravel\\framework\\src\\Illuminate\\Foundation\\Http\\Middleware\\ValidatePostSize.php(27): Illuminate\\Pipeline\\Pipeline->Illuminate\\Pipeline\\{closure}(Object(Illuminate\\Http\\Request))
#44 C:\\xampp\\htdocs\\Cioas\\vendor\\laravel\\framework\\src\\Illuminate\\Pipeline\\Pipeline.php(167): Illuminate\\Foundation\\Http\\Middleware\\ValidatePostSize->handle(Object(Illuminate\\Http\\Request), Object(Closure))
#45 C:\\xampp\\htdocs\\Cioas\\vendor\\laravel\\framework\\src\\Illuminate\\Foundation\\Http\\Middleware\\PreventRequestsDuringMaintenance.php(86): Illuminate\\Pipeline\\Pipeline->Illuminate\\Pipeline\\{closure}(Object(Illuminate\\Http\\Request))
#46 C:\\xampp\\htdocs\\Cioas\\vendor\\laravel\\framework\\src\\Illuminate\\Pipeline\\Pipeline.php(167): Illuminate\\Foundation\\Http\\Middleware\\PreventRequestsDuringMaintenance->handle(Object(Illuminate\\Http\\Request), Object(Closure))
#47 C:\\xampp\\htdocs\\Cioas\\vendor\\fruitcake\\laravel-cors\\src\\HandleCors.php(38): Illuminate\\Pipeline\\Pipeline->Illuminate\\Pipeline\\{closure}(Object(Illuminate\\Http\\Request))
#48 C:\\xampp\\htdocs\\Cioas\\vendor\\laravel\\framework\\src\\Illuminate\\Pipeline\\Pipeline.php(167): Fruitcake\\Cors\\HandleCors->handle(Object(Illuminate\\Http\\Request), Object(Closure))
#49 C:\\xampp\\htdocs\\Cioas\\vendor\\laravel\\framework\\src\\Illuminate\\Http\\Middleware\\TrustProxies.php(39): Illuminate\\Pipeline\\Pipeline->Illuminate\\Pipeline\\{closure}(Object(Illuminate\\Http\\Request))
#50 C:\\xampp\\htdocs\\Cioas\\vendor\\laravel\\framework\\src\\Illuminate\\Pipeline\\Pipeline.php(167): Illuminate\\Http\\Middleware\\TrustProxies->handle(Object(Illuminate\\Http\\Request), Object(Closure))
#51 C:\\xampp\\htdocs\\Cioas\\vendor\\laravel\\framework\\src\\Illuminate\\Pipeline\\Pipeline.php(103): Illuminate\\Pipeline\\Pipeline->Illuminate\\Pipeline\\{closure}(Object(Illuminate\\Http\\Request))
#52 C:\\xampp\\htdocs\\Cioas\\vendor\\laravel\\framework\\src\\Illuminate\\Foundation\\Http\\Kernel.php(142): Illuminate\\Pipeline\\Pipeline->then(Object(Closure))
#53 C:\\xampp\\htdocs\\Cioas\\vendor\\laravel\\framework\\src\\Illuminate\\Foundation\\Http\\Kernel.php(111): Illuminate\\Foundation\\Http\\Kernel->sendRequestThroughRouter(Object(Illuminate\\Http\\Request))
#54 C:\\xampp\\htdocs\\Cioas\\public\\index.php(51): Illuminate\\Foundation\\Http\\Kernel->handle(Object(Illuminate\\Http\\Request))
#55 C:\\xampp\\htdocs\\Cioas\\server.php(21): require_once('C:\\\\xampp\\\\htdocs...')
#56 {main}
"} 
[2026-05-06 07:32:01] local.ERROR: Uncaught ErrorException: include(C:\xampp\htdocs\Cioas\vendor\composer/../../app/Models/HotelRestaurant.php): Failed to open stream: No such file or directory in C:\xampp\htdocs\Cioas\vendor\composer\ClassLoader.php:576
Stack trace:
#0 C:\xampp\htdocs\Cioas\vendor\composer\ClassLoader.php(576): Illuminate\Foundation\Bootstrap\HandleExceptions->handleError(2, 'include(C:\\xamp...', 'C:\\xampp\\htdocs...', 576)
#1 C:\xampp\htdocs\Cioas\vendor\composer\ClassLoader.php(576): include()
#2 C:\xampp\htdocs\Cioas\vendor\composer\ClassLoader.php(427): Composer\Autoload\{closure}('C:\\xampp\\htdocs...')
#3 [internal function]: Composer\Autoload\ClassLoader->loadClass('App\\Models\\Hote...')
#4 Command line code(1): class_exists('App\\Models\\Hote...')
#5 [internal function]: {closure}('App\\Models\\Hote...')
#6 Command line code(1): array_filter(Array, Object(Closure))
#7 {main}
  thrown {"exception":"[object] (Symfony\\Component\\ErrorHandler\\Error\\FatalError(code: 0): Uncaught ErrorException: include(C:\\xampp\\htdocs\\Cioas\\vendor\\composer/../../app/Models/HotelRestaurant.php): Failed to open stream: No such file or directory in C:\\xampp\\htdocs\\Cioas\\vendor\\composer\\ClassLoader.php:576
Stack trace:
#0 C:\\xampp\\htdocs\\Cioas\\vendor\\composer\\ClassLoader.php(576): Illuminate\\Foundation\\Bootstrap\\HandleExceptions->handleError(2, 'include(C:\\\\xamp...', 'C:\\\\xampp\\\\htdocs...', 576)
#1 C:\\xampp\\htdocs\\Cioas\\vendor\\composer\\ClassLoader.php(576): include()
#2 C:\\xampp\\htdocs\\Cioas\\vendor\\composer\\ClassLoader.php(427): Composer\\Autoload\\{closure}('C:\\\\xampp\\\\htdocs...')
#3 [internal function]: Composer\\Autoload\\ClassLoader->loadClass('App\\\\Models\\\\Hote...')
#4 Command line code(1): class_exists('App\\\\Models\\\\Hote...')
#5 [internal function]: {closure}('App\\\\Models\\\\Hote...')
#6 Command line code(1): array_filter(Array, Object(Closure))
#7 {main}
  thrown at C:\\xampp\\htdocs\\Cioas\\vendor\\composer\\ClassLoader.php:576)
[stacktrace]
#0 {main}
"} 
[2026-05-06 07:33:01] local.ERROR: Uncaught ErrorException: include(C:\xampp\htdocs\Cioas\vendor\composer/../../app/Models/HotelRestaurant.php): Failed to open stream: No such file or directory in C:\xampp\htdocs\Cioas\vendor\composer\ClassLoader.php:576
Stack trace:
#0 C:\xampp\htdocs\Cioas\vendor\composer\ClassLoader.php(576): Illuminate\Foundation\Bootstrap\HandleExceptions->handleError(2, 'include(C:\\xamp...', 'C:\\xampp\\htdocs...', 576)
#1 C:\xampp\htdocs\Cioas\vendor\composer\ClassLoader.php(576): include()
#2 C:\xampp\htdocs\Cioas\vendor\composer\ClassLoader.php(427): Composer\Autoload\{closure}('C:\\xampp\\htdocs...')
#3 [internal function]: Composer\Autoload\ClassLoader->loadClass('App\\Models\\Hote...')
#4 Command line code(1): class_exists('App\\Models\\Hote...')
#5 [internal function]: {closure}('App\\Models\\Hote...')
#6 Command line code(1): array_filter(Array, Object(Closure))
#7 {main}
  thrown {"exception":"[object] (Symfony\\Component\\ErrorHandler\\Error\\FatalError(code: 0): Uncaught ErrorException: include(C:\\xampp\\htdocs\\Cioas\\vendor\\composer/../../app/Models/HotelRestaurant.php): Failed to open stream: No such file or directory in C:\\xampp\\htdocs\\Cioas\\vendor\\composer\\ClassLoader.php:576
Stack trace:
#0 C:\\xampp\\htdocs\\Cioas\\vendor\\composer\\ClassLoader.php(576): Illuminate\\Foundation\\Bootstrap\\HandleExceptions->handleError(2, 'include(C:\\\\xamp...', 'C:\\\\xampp\\\\htdocs...', 576)
#1 C:\\xampp\\htdocs\\Cioas\\vendor\\composer\\ClassLoader.php(576): include()
#2 C:\\xampp\\htdocs\\Cioas\\vendor\\composer\\ClassLoader.php(427): Composer\\Autoload\\{closure}('C:\\\\xampp\\\\htdocs...')
#3 [internal function]: Composer\\Autoload\\ClassLoader->loadClass('App\\\\Models\\\\Hote...')
#4 Command line code(1): class_exists('App\\\\Models\\\\Hote...')
#5 [internal function]: {closure}('App\\\\Models\\\\Hote...')
#6 Command line code(1): array_filter(Array, Object(Closure))
#7 {main}
  thrown at C:\\xampp\\htdocs\\Cioas\\vendor\\composer\\ClassLoader.php:576)
[stacktrace]
#0 {main}
"} 
[2026-05-06 07:34:01] local.ERROR: Uncaught ErrorException: include(C:\xampp\htdocs\Cioas\vendor\composer/../../app/Models/HotelRestaurant.php): Failed to open stream: No such file or directory in C:\xampp\htdocs\Cioas\vendor\composer\ClassLoader.php:576
Stack trace:
#0 C:\xampp\htdocs\Cioas\vendor\composer\ClassLoader.php(576): Illuminate\Foundation\Bootstrap\HandleExceptions->handleError(2, 'include(C:\\xamp...', 'C:\\xampp\\htdocs...', 576)
#1 C:\xampp\htdocs\Cioas\vendor\composer\ClassLoader.php(576): include()
#2 C:\xampp\htdocs\Cioas\vendor\composer\ClassLoader.php(427): Composer\Autoload\{closure}('C:\\xampp\\htdocs...')
#3 [internal function]: Composer\Autoload\ClassLoader->loadClass('App\\Models\\Hote...')
#4 Command line code(1): class_exists('App\\Models\\Hote...')
#5 [internal function]: {closure}('App\\Models\\Hote...')
#6 Command line code(1): array_filter(Array, Object(Closure))
#7 {main}
  thrown {"exception":"[object] (Symfony\\Component\\ErrorHandler\\Error\\FatalError(code: 0): Uncaught ErrorException: include(C:\\xampp\\htdocs\\Cioas\\vendor\\composer/../../app/Models/HotelRestaurant.php): Failed to open stream: No such file or directory in C:\\xampp\\htdocs\\Cioas\\vendor\\composer\\ClassLoader.php:576
Stack trace:
#0 C:\\xampp\\htdocs\\Cioas\\vendor\\composer\\ClassLoader.php(576): Illuminate\\Foundation\\Bootstrap\\HandleExceptions->handleError(2, 'include(C:\\\\xamp...', 'C:\\\\xampp\\\\htdocs...', 576)
#1 C:\\xampp\\htdocs\\Cioas\\vendor\\composer\\ClassLoader.php(576): include()
#2 C:\\xampp\\htdocs\\Cioas\\vendor\\composer\\ClassLoader.php(427): Composer\\Autoload\\{closure}('C:\\\\xampp\\\\htdocs...')
#3 [internal function]: Composer\\Autoload\\ClassLoader->loadClass('App\\\\Models\\\\Hote...')
#4 Command line code(1): class_exists('App\\\\Models\\\\Hote...')
#5 [internal function]: {closure}('App\\\\Models\\\\Hote...')
#6 Command line code(1): array_filter(Array, Object(Closure))
#7 {main}
  thrown at C:\\xampp\\htdocs\\Cioas\\vendor\\composer\\ClassLoader.php:576)
[stacktrace]
#0 {main}
"} 
[2026-05-06 07:35:01] local.ERROR: Uncaught ErrorException: include(C:\xampp\htdocs\Cioas\vendor\composer/../../app/Models/HotelRestaurant.php): Failed to open stream: No such file or directory in C:\xampp\htdocs\Cioas\vendor\composer\ClassLoader.php:576
Stack trace:
#0 C:\xampp\htdocs\Cioas\vendor\composer\ClassLoader.php(576): Illuminate\Foundation\Bootstrap\HandleExceptions->handleError(2, 'include(C:\\xamp...', 'C:\\xampp\\htdocs...', 576)
#1 C:\xampp\htdocs\Cioas\vendor\composer\ClassLoader.php(576): include()
#2 C:\xampp\htdocs\Cioas\vendor\composer\ClassLoader.php(427): Composer\Autoload\{closure}('C:\\xampp\\htdocs...')
#3 [internal function]: Composer\Autoload\ClassLoader->loadClass('App\\Models\\Hote...')
#4 Command line code(1): class_exists('App\\Models\\Hote...')
#5 [internal function]: {closure}('App\\Models\\Hote...')
#6 Command line code(1): array_filter(Array, Object(Closure))
#7 {main}
  thrown {"exception":"[object] (Symfony\\Component\\ErrorHandler\\Error\\FatalError(code: 0): Uncaught ErrorException: include(C:\\xampp\\htdocs\\Cioas\\vendor\\composer/../../app/Models/HotelRestaurant.php): Failed to open stream: No such file or directory in C:\\xampp\\htdocs\\Cioas\\vendor\\composer\\ClassLoader.php:576
Stack trace:
#0 C:\\xampp\\htdocs\\Cioas\\vendor\\composer\\ClassLoader.php(576): Illuminate\\Foundation\\Bootstrap\\HandleExceptions->handleError(2, 'include(C:\\\\xamp...', 'C:\\\\xampp\\\\htdocs...', 576)
#1 C:\\xampp\\htdocs\\Cioas\\vendor\\composer\\ClassLoader.php(576): include()
#2 C:\\xampp\\htdocs\\Cioas\\vendor\\composer\\ClassLoader.php(427): Composer\\Autoload\\{closure}('C:\\\\xampp\\\\htdocs...')
#3 [internal function]: Composer\\Autoload\\ClassLoader->loadClass('App\\\\Models\\\\Hote...')
#4 Command line code(1): class_exists('App\\\\Models\\\\Hote...')
#5 [internal function]: {closure}('App\\\\Models\\\\Hote...')
#6 Command line code(1): array_filter(Array, Object(Closure))
#7 {main}
  thrown at C:\\xampp\\htdocs\\Cioas\\vendor\\composer\\ClassLoader.php:576)
[stacktrace]
#0 {main}
"} 
[2026-05-06 07:36:01] local.ERROR: Uncaught ErrorException: include(C:\xampp\htdocs\Cioas\vendor\composer/../../app/Models/HotelRestaurant.php): Failed to open stream: No such file or directory in C:\xampp\htdocs\Cioas\vendor\composer\ClassLoader.php:576
Stack trace:
#0 C:\xampp\htdocs\Cioas\vendor\composer\ClassLoader.php(576): Illuminate\Foundation\Bootstrap\HandleExceptions->handleError(2, 'include(C:\\xamp...', 'C:\\xampp\\htdocs...', 576)
#1 C:\xampp\htdocs\Cioas\vendor\composer\ClassLoader.php(576): include()
#2 C:\xampp\htdocs\Cioas\vendor\composer\ClassLoader.php(427): Composer\Autoload\{closure}('C:\\xampp\\htdocs...')
#3 [internal function]: Composer\Autoload\ClassLoader->loadClass('App\\Models\\Hote...')
#4 Command line code(1): class_exists('App\\Models\\Hote...')
#5 [internal function]: {closure}('App\\Models\\Hote...')
#6 Command line code(1): array_filter(Array, Object(Closure))
#7 {main}
  thrown {"exception":"[object] (Symfony\\Component\\ErrorHandler\\Error\\FatalError(code: 0): Uncaught ErrorException: include(C:\\xampp\\htdocs\\Cioas\\vendor\\composer/../../app/Models/HotelRestaurant.php): Failed to open stream: No such file or directory in C:\\xampp\\htdocs\\Cioas\\vendor\\composer\\ClassLoader.php:576
Stack trace:
#0 C:\\xampp\\htdocs\\Cioas\\vendor\\composer\\ClassLoader.php(576): Illuminate\\Foundation\\Bootstrap\\HandleExceptions->handleError(2, 'include(C:\\\\xamp...', 'C:\\\\xampp\\\\htdocs...', 576)
#1 C:\\xampp\\htdocs\\Cioas\\vendor\\composer\\ClassLoader.php(576): include()
#2 C:\\xampp\\htdocs\\Cioas\\vendor\\composer\\ClassLoader.php(427): Composer\\Autoload\\{closure}('C:\\\\xampp\\\\htdocs...')
#3 [internal function]: Composer\\Autoload\\ClassLoader->loadClass('App\\\\Models\\\\Hote...')
#4 Command line code(1): class_exists('App\\\\Models\\\\Hote...')
#5 [internal function]: {closure}('App\\\\Models\\\\Hote...')
#6 Command line code(1): array_filter(Array, Object(Closure))
#7 {main}
  thrown at C:\\xampp\\htdocs\\Cioas\\vendor\\composer\\ClassLoader.php:576)
[stacktrace]
#0 {main}
"} 
[2026-05-06 07:37:01] local.ERROR: Uncaught ErrorException: include(C:\xampp\htdocs\Cioas\vendor\composer/../../app/Models/HotelRestaurant.php): Failed to open stream: No such file or directory in C:\xampp\htdocs\Cioas\vendor\composer\ClassLoader.php:576
Stack trace:
#0 C:\xampp\htdocs\Cioas\vendor\composer\ClassLoader.php(576): Illuminate\Foundation\Bootstrap\HandleExceptions->handleError(2, 'include(C:\\xamp...', 'C:\\xampp\\htdocs...', 576)
#1 C:\xampp\htdocs\Cioas\vendor\composer\ClassLoader.php(576): include()
#2 C:\xampp\htdocs\Cioas\vendor\composer\ClassLoader.php(427): Composer\Autoload\{closure}('C:\\xampp\\htdocs...')
#3 [internal function]: Composer\Autoload\ClassLoader->loadClass('App\\Models\\Hote...')
#4 Command line code(1): class_exists('App\\Models\\Hote...')
#5 [internal function]: {closure}('App\\Models\\Hote...')
#6 Command line code(1): array_filter(Array, Object(Closure))
#7 {main}
  thrown {"exception":"[object] (Symfony\\Component\\ErrorHandler\\Error\\FatalError(code: 0): Uncaught ErrorException: include(C:\\xampp\\htdocs\\Cioas\\vendor\\composer/../../app/Models/HotelRestaurant.php): Failed to open stream: No such file or directory in C:\\xampp\\htdocs\\Cioas\\vendor\\composer\\ClassLoader.php:576
Stack trace:
#0 C:\\xampp\\htdocs\\Cioas\\vendor\\composer\\ClassLoader.php(576): Illuminate\\Foundation\\Bootstrap\\HandleExceptions->handleError(2, 'include(C:\\\\xamp...', 'C:\\\\xampp\\\\htdocs...', 576)
#1 C:\\xampp\\htdocs\\Cioas\\vendor\\composer\\ClassLoader.php(576): include()
#2 C:\\xampp\\htdocs\\Cioas\\vendor\\composer\\ClassLoader.php(427): Composer\\Autoload\\{closure}('C:\\\\xampp\\\\htdocs...')
#3 [internal function]: Composer\\Autoload\\ClassLoader->loadClass('App\\\\Models\\\\Hote...')
#4 Command line code(1): class_exists('App\\\\Models\\\\Hote...')
#5 [internal function]: {closure}('App\\\\Models\\\\Hote...')
#6 Command line code(1): array_filter(Array, Object(Closure))
#7 {main}
  thrown at C:\\xampp\\htdocs\\Cioas\\vendor\\composer\\ClassLoader.php:576)
[stacktrace]
#0 {main}
"} 
[2026-05-06 07:38:01] local.ERROR: Uncaught ErrorException: include(C:\xampp\htdocs\Cioas\vendor\composer/../../app/Models/HotelRestaurant.php): Failed to open stream: No such file or directory in C:\xampp\htdocs\Cioas\vendor\composer\ClassLoader.php:576
Stack trace:
#0 C:\xampp\htdocs\Cioas\vendor\composer\ClassLoader.php(576): Illuminate\Foundation\Bootstrap\HandleExceptions->handleError(2, 'include(C:\\xamp...', 'C:\\xampp\\htdocs...', 576)
#1 C:\xampp\htdocs\Cioas\vendor\composer\ClassLoader.php(576): include()
#2 C:\xampp\htdocs\Cioas\vendor\composer\ClassLoader.php(427): Composer\Autoload\{closure}('C:\\xampp\\htdocs...')
#3 [internal function]: Composer\Autoload\ClassLoader->loadClass('App\\Models\\Hote...')
#4 Command line code(1): class_exists('App\\Models\\Hote...')
#5 [internal function]: {closure}('App\\Models\\Hote...')
#6 Command line code(1): array_filter(Array, Object(Closure))
#7 {main}
  thrown {"exception":"[object] (Symfony\\Component\\ErrorHandler\\Error\\FatalError(code: 0): Uncaught ErrorException: include(C:\\xampp\\htdocs\\Cioas\\vendor\\composer/../../app/Models/HotelRestaurant.php): Failed to open stream: No such file or directory in C:\\xampp\\htdocs\\Cioas\\vendor\\composer\\ClassLoader.php:576
Stack trace:
#0 C:\\xampp\\htdocs\\Cioas\\vendor\\composer\\ClassLoader.php(576): Illuminate\\Foundation\\Bootstrap\\HandleExceptions->handleError(2, 'include(C:\\\\xamp...', 'C:\\\\xampp\\\\htdocs...', 576)
#1 C:\\xampp\\htdocs\\Cioas\\vendor\\composer\\ClassLoader.php(576): include()
#2 C:\\xampp\\htdocs\\Cioas\\vendor\\composer\\ClassLoader.php(427): Composer\\Autoload\\{closure}('C:\\\\xampp\\\\htdocs...')
#3 [internal function]: Composer\\Autoload\\ClassLoader->loadClass('App\\\\Models\\\\Hote...')
#4 Command line code(1): class_exists('App\\\\Models\\\\Hote...')
#5 [internal function]: {closure}('App\\\\Models\\\\Hote...')
#6 Command line code(1): array_filter(Array, Object(Closure))
#7 {main}
  thrown at C:\\xampp\\htdocs\\Cioas\\vendor\\composer\\ClassLoader.php:576)
[stacktrace]
#0 {main}
"} 
[2026-05-06 07:39:01] local.ERROR: Uncaught ErrorException: include(C:\xampp\htdocs\Cioas\vendor\composer/../../app/Models/HotelRestaurant.php): Failed to open stream: No such file or directory in C:\xampp\htdocs\Cioas\vendor\composer\ClassLoader.php:576
Stack trace:
#0 C:\xampp\htdocs\Cioas\vendor\composer\ClassLoader.php(576): Illuminate\Foundation\Bootstrap\HandleExceptions->handleError(2, 'include(C:\\xamp...', 'C:\\xampp\\htdocs...', 576)
#1 C:\xampp\htdocs\Cioas\vendor\composer\ClassLoader.php(576): include()
#2 C:\xampp\htdocs\Cioas\vendor\composer\ClassLoader.php(427): Composer\Autoload\{closure}('C:\\xampp\\htdocs...')
#3 [internal function]: Composer\Autoload\ClassLoader->loadClass('App\\Models\\Hote...')
#4 Command line code(1): class_exists('App\\Models\\Hote...')
#5 [internal function]: {closure}('App\\Models\\Hote...')
#6 Command line code(1): array_filter(Array, Object(Closure))
#7 {main}
  thrown {"exception":"[object] (Symfony\\Component\\ErrorHandler\\Error\\FatalError(code: 0): Uncaught ErrorException: include(C:\\xampp\\htdocs\\Cioas\\vendor\\composer/../../app/Models/HotelRestaurant.php): Failed to open stream: No such file or directory in C:\\xampp\\htdocs\\Cioas\\vendor\\composer\\ClassLoader.php:576
Stack trace:
#0 C:\\xampp\\htdocs\\Cioas\\vendor\\composer\\ClassLoader.php(576): Illuminate\\Foundation\\Bootstrap\\HandleExceptions->handleError(2, 'include(C:\\\\xamp...', 'C:\\\\xampp\\\\htdocs...', 576)
#1 C:\\xampp\\htdocs\\Cioas\\vendor\\composer\\ClassLoader.php(576): include()
#2 C:\\xampp\\htdocs\\Cioas\\vendor\\composer\\ClassLoader.php(427): Composer\\Autoload\\{closure}('C:\\\\xampp\\\\htdocs...')
#3 [internal function]: Composer\\Autoload\\ClassLoader->loadClass('App\\\\Models\\\\Hote...')
#4 Command line code(1): class_exists('App\\\\Models\\\\Hote...')
#5 [internal function]: {closure}('App\\\\Models\\\\Hote...')
#6 Command line code(1): array_filter(Array, Object(Closure))
#7 {main}
  thrown at C:\\xampp\\htdocs\\Cioas\\vendor\\composer\\ClassLoader.php:576)
[stacktrace]
#0 {main}
"} 
[2026-05-06 07:40:01] local.ERROR: Uncaught ErrorException: include(C:\xampp\htdocs\Cioas\vendor\composer/../../app/Models/HotelRestaurant.php): Failed to open stream: No such file or directory in C:\xampp\htdocs\Cioas\vendor\composer\ClassLoader.php:576
Stack trace:
#0 C:\xampp\htdocs\Cioas\vendor\composer\ClassLoader.php(576): Illuminate\Foundation\Bootstrap\HandleExceptions->handleError(2, 'include(C:\\xamp...', 'C:\\xampp\\htdocs...', 576)
#1 C:\xampp\htdocs\Cioas\vendor\composer\ClassLoader.php(576): include()
#2 C:\xampp\htdocs\Cioas\vendor\composer\ClassLoader.php(427): Composer\Autoload\{closure}('C:\\xampp\\htdocs...')
#3 [internal function]: Composer\Autoload\ClassLoader->loadClass('App\\Models\\Hote...')
#4 Command line code(1): class_exists('App\\Models\\Hote...')
#5 [internal function]: {closure}('App\\Models\\Hote...')
#6 Command line code(1): array_filter(Array, Object(Closure))
#7 {main}
  thrown {"exception":"[object] (Symfony\\Component\\ErrorHandler\\Error\\FatalError(code: 0): Uncaught ErrorException: include(C:\\xampp\\htdocs\\Cioas\\vendor\\composer/../../app/Models/HotelRestaurant.php): Failed to open stream: No such file or directory in C:\\xampp\\htdocs\\Cioas\\vendor\\composer\\ClassLoader.php:576
Stack trace:
#0 C:\\xampp\\htdocs\\Cioas\\vendor\\composer\\ClassLoader.php(576): Illuminate\\Foundation\\Bootstrap\\HandleExceptions->handleError(2, 'include(C:\\\\xamp...', 'C:\\\\xampp\\\\htdocs...', 576)
#1 C:\\xampp\\htdocs\\Cioas\\vendor\\composer\\ClassLoader.php(576): include()
#2 C:\\xampp\\htdocs\\Cioas\\vendor\\composer\\ClassLoader.php(427): Composer\\Autoload\\{closure}('C:\\\\xampp\\\\htdocs...')
#3 [internal function]: Composer\\Autoload\\ClassLoader->loadClass('App\\\\Models\\\\Hote...')
#4 Command line code(1): class_exists('App\\\\Models\\\\Hote...')
#5 [internal function]: {closure}('App\\\\Models\\\\Hote...')
#6 Command line code(1): array_filter(Array, Object(Closure))
#7 {main}
  thrown at C:\\xampp\\htdocs\\Cioas\\vendor\\composer\\ClassLoader.php:576)
[stacktrace]
#0 {main}
"} 
[2026-05-06 07:41:01] local.ERROR: Uncaught ErrorException: include(C:\xampp\htdocs\Cioas\vendor\composer/../../app/Models/HotelRestaurant.php): Failed to open stream: No such file or directory in C:\xampp\htdocs\Cioas\vendor\composer\ClassLoader.php:576
Stack trace:
#0 C:\xampp\htdocs\Cioas\vendor\composer\ClassLoader.php(576): Illuminate\Foundation\Bootstrap\HandleExceptions->handleError(2, 'include(C:\\xamp...', 'C:\\xampp\\htdocs...', 576)
#1 C:\xampp\htdocs\Cioas\vendor\composer\ClassLoader.php(576): include()
#2 C:\xampp\htdocs\Cioas\vendor\composer\ClassLoader.php(427): Composer\Autoload\{closure}('C:\\xampp\\htdocs...')
#3 [internal function]: Composer\Autoload\ClassLoader->loadClass('App\\Models\\Hote...')
#4 Command line code(1): class_exists('App\\Models\\Hote...')
#5 [internal function]: {closure}('App\\Models\\Hote...')
#6 Command line code(1): array_filter(Array, Object(Closure))
#7 {main}
  thrown {"exception":"[object] (Symfony\\Component\\ErrorHandler\\Error\\FatalError(code: 0): Uncaught ErrorException: include(C:\\xampp\\htdocs\\Cioas\\vendor\\composer/../../app/Models/HotelRestaurant.php): Failed to open stream: No such file or directory in C:\\xampp\\htdocs\\Cioas\\vendor\\composer\\ClassLoader.php:576
Stack trace:
#0 C:\\xampp\\htdocs\\Cioas\\vendor\\composer\\ClassLoader.php(576): Illuminate\\Foundation\\Bootstrap\\HandleExceptions->handleError(2, 'include(C:\\\\xamp...', 'C:\\\\xampp\\\\htdocs...', 576)
#1 C:\\xampp\\htdocs\\Cioas\\vendor\\composer\\ClassLoader.php(576): include()
#2 C:\\xampp\\htdocs\\Cioas\\vendor\\composer\\ClassLoader.php(427): Composer\\Autoload\\{closure}('C:\\\\xampp\\\\htdocs...')
#3 [internal function]: Composer\\Autoload\\ClassLoader->loadClass('App\\\\Models\\\\Hote...')
#4 Command line code(1): class_exists('App\\\\Models\\\\Hote...')
#5 [internal function]: {closure}('App\\\\Models\\\\Hote...')
#6 Command line code(1): array_filter(Array, Object(Closure))
#7 {main}
  thrown at C:\\xampp\\htdocs\\Cioas\\vendor\\composer\\ClassLoader.php:576)
[stacktrace]
#0 {main}
"} 
[2026-05-06 07:42:02] local.ERROR: Uncaught ErrorException: include(C:\xampp\htdocs\Cioas\vendor\composer/../../app/Models/HotelRestaurant.php): Failed to open stream: No such file or directory in C:\xampp\htdocs\Cioas\vendor\composer\ClassLoader.php:576
Stack trace:
#0 C:\xampp\htdocs\Cioas\vendor\composer\ClassLoader.php(576): Illuminate\Foundation\Bootstrap\HandleExceptions->handleError(2, 'include(C:\\xamp...', 'C:\\xampp\\htdocs...', 576)
#1 C:\xampp\htdocs\Cioas\vendor\composer\ClassLoader.php(576): include()
#2 C:\xampp\htdocs\Cioas\vendor\composer\ClassLoader.php(427): Composer\Autoload\{closure}('C:\\xampp\\htdocs...')
#3 [internal function]: Composer\Autoload\ClassLoader->loadClass('App\\Models\\Hote...')
#4 Command line code(1): class_exists('App\\Models\\Hote...')
#5 [internal function]: {closure}('App\\Models\\Hote...')
#6 Command line code(1): array_filter(Array, Object(Closure))
#7 {main}
  thrown {"exception":"[object] (Symfony\\Component\\ErrorHandler\\Error\\FatalError(code: 0): Uncaught ErrorException: include(C:\\xampp\\htdocs\\Cioas\\vendor\\composer/../../app/Models/HotelRestaurant.php): Failed to open stream: No such file or directory in C:\\xampp\\htdocs\\Cioas\\vendor\\composer\\ClassLoader.php:576
Stack trace:
#0 C:\\xampp\\htdocs\\Cioas\\vendor\\composer\\ClassLoader.php(576): Illuminate\\Foundation\\Bootstrap\\HandleExceptions->handleError(2, 'include(C:\\\\xamp...', 'C:\\\\xampp\\\\htdocs...', 576)
#1 C:\\xampp\\htdocs\\Cioas\\vendor\\composer\\ClassLoader.php(576): include()
#2 C:\\xampp\\htdocs\\Cioas\\vendor\\composer\\ClassLoader.php(427): Composer\\Autoload\\{closure}('C:\\\\xampp\\\\htdocs...')
#3 [internal function]: Composer\\Autoload\\ClassLoader->loadClass('App\\\\Models\\\\Hote...')
#4 Command line code(1): class_exists('App\\\\Models\\\\Hote...')
#5 [internal function]: {closure}('App\\\\Models\\\\Hote...')
#6 Command line code(1): array_filter(Array, Object(Closure))
#7 {main}
  thrown at C:\\xampp\\htdocs\\Cioas\\vendor\\composer\\ClassLoader.php:576)
[stacktrace]
#0 {main}
"} 
[2026-05-06 07:43:02] local.ERROR: Uncaught ErrorException: include(C:\xampp\htdocs\Cioas\vendor\composer/../../app/Models/HotelRestaurant.php): Failed to open stream: No such file or directory in C:\xampp\htdocs\Cioas\vendor\composer\ClassLoader.php:576
Stack trace:
#0 C:\xampp\htdocs\Cioas\vendor\composer\ClassLoader.php(576): Illuminate\Foundation\Bootstrap\HandleExceptions->handleError(2, 'include(C:\\xamp...', 'C:\\xampp\\htdocs...', 576)
#1 C:\xampp\htdocs\Cioas\vendor\composer\ClassLoader.php(576): include()
#2 C:\xampp\htdocs\Cioas\vendor\composer\ClassLoader.php(427): Composer\Autoload\{closure}('C:\\xampp\\htdocs...')
#3 [internal function]: Composer\Autoload\ClassLoader->loadClass('App\\Models\\Hote...')
#4 Command line code(1): class_exists('App\\Models\\Hote...')
#5 [internal function]: {closure}('App\\Models\\Hote...')
#6 Command line code(1): array_filter(Array, Object(Closure))
#7 {main}
  thrown {"exception":"[object] (Symfony\\Component\\ErrorHandler\\Error\\FatalError(code: 0): Uncaught ErrorException: include(C:\\xampp\\htdocs\\Cioas\\vendor\\composer/../../app/Models/HotelRestaurant.php): Failed to open stream: No such file or directory in C:\\xampp\\htdocs\\Cioas\\vendor\\composer\\ClassLoader.php:576
Stack trace:
#0 C:\\xampp\\htdocs\\Cioas\\vendor\\composer\\ClassLoader.php(576): Illuminate\\Foundation\\Bootstrap\\HandleExceptions->handleError(2, 'include(C:\\\\xamp...', 'C:\\\\xampp\\\\htdocs...', 576)
#1 C:\\xampp\\htdocs\\Cioas\\vendor\\composer\\ClassLoader.php(576): include()
#2 C:\\xampp\\htdocs\\Cioas\\vendor\\composer\\ClassLoader.php(427): Composer\\Autoload\\{closure}('C:\\\\xampp\\\\htdocs...')
#3 [internal function]: Composer\\Autoload\\ClassLoader->loadClass('App\\\\Models\\\\Hote...')
#4 Command line code(1): class_exists('App\\\\Models\\\\Hote...')
#5 [internal function]: {closure}('App\\\\Models\\\\Hote...')
#6 Command line code(1): array_filter(Array, Object(Closure))
#7 {main}
  thrown at C:\\xampp\\htdocs\\Cioas\\vendor\\composer\\ClassLoader.php:576)
[stacktrace]
#0 {main}
"} 
[2026-05-06 07:44:01] local.ERROR: Uncaught ErrorException: include(C:\xampp\htdocs\Cioas\vendor\composer/../../app/Models/HotelRestaurant.php): Failed to open stream: No such file or directory in C:\xampp\htdocs\Cioas\vendor\composer\ClassLoader.php:576
Stack trace:
#0 C:\xampp\htdocs\Cioas\vendor\composer\ClassLoader.php(576): Illuminate\Foundation\Bootstrap\HandleExceptions->handleError(2, 'include(C:\\xamp...', 'C:\\xampp\\htdocs...', 576)
#1 C:\xampp\htdocs\Cioas\vendor\composer\ClassLoader.php(576): include()
#2 C:\xampp\htdocs\Cioas\vendor\composer\ClassLoader.php(427): Composer\Autoload\{closure}('C:\\xampp\\htdocs...')
#3 [internal function]: Composer\Autoload\ClassLoader->loadClass('App\\Models\\Hote...')
#4 Command line code(1): class_exists('App\\Models\\Hote...')
#5 [internal function]: {closure}('App\\Models\\Hote...')
#6 Command line code(1): array_filter(Array, Object(Closure))
#7 {main}
  thrown {"exception":"[object] (Symfony\\Component\\ErrorHandler\\Error\\FatalError(code: 0): Uncaught ErrorException: include(C:\\xampp\\htdocs\\Cioas\\vendor\\composer/../../app/Models/HotelRestaurant.php): Failed to open stream: No such file or directory in C:\\xampp\\htdocs\\Cioas\\vendor\\composer\\ClassLoader.php:576
Stack trace:
#0 C:\\xampp\\htdocs\\Cioas\\vendor\\composer\\ClassLoader.php(576): Illuminate\\Foundation\\Bootstrap\\HandleExceptions->handleError(2, 'include(C:\\\\xamp...', 'C:\\\\xampp\\\\htdocs...', 576)
#1 C:\\xampp\\htdocs\\Cioas\\vendor\\composer\\ClassLoader.php(576): include()
#2 C:\\xampp\\htdocs\\Cioas\\vendor\\composer\\ClassLoader.php(427): Composer\\Autoload\\{closure}('C:\\\\xampp\\\\htdocs...')
#3 [internal function]: Composer\\Autoload\\ClassLoader->loadClass('App\\\\Models\\\\Hote...')
#4 Command line code(1): class_exists('App\\\\Models\\\\Hote...')
#5 [internal function]: {closure}('App\\\\Models\\\\Hote...')
#6 Command line code(1): array_filter(Array, Object(Closure))
#7 {main}
  thrown at C:\\xampp\\htdocs\\Cioas\\vendor\\composer\\ClassLoader.php:576)
[stacktrace]
#0 {main}
"} 
[2026-05-06 07:45:01] local.ERROR: Uncaught ErrorException: include(C:\xampp\htdocs\Cioas\vendor\composer/../../app/Models/HotelRestaurant.php): Failed to open stream: No such file or directory in C:\xampp\htdocs\Cioas\vendor\composer\ClassLoader.php:576
Stack trace:
#0 C:\xampp\htdocs\Cioas\vendor\composer\ClassLoader.php(576): Illuminate\Foundation\Bootstrap\HandleExceptions->handleError(2, 'include(C:\\xamp...', 'C:\\xampp\\htdocs...', 576)
#1 C:\xampp\htdocs\Cioas\vendor\composer\ClassLoader.php(576): include()
#2 C:\xampp\htdocs\Cioas\vendor\composer\ClassLoader.php(427): Composer\Autoload\{closure}('C:\\xampp\\htdocs...')
#3 [internal function]: Composer\Autoload\ClassLoader->loadClass('App\\Models\\Hote...')
#4 Command line code(1): class_exists('App\\Models\\Hote...')
#5 [internal function]: {closure}('App\\Models\\Hote...')
#6 Command line code(1): array_filter(Array, Object(Closure))
#7 {main}
  thrown {"exception":"[object] (Symfony\\Component\\ErrorHandler\\Error\\FatalError(code: 0): Uncaught ErrorException: include(C:\\xampp\\htdocs\\Cioas\\vendor\\composer/../../app/Models/HotelRestaurant.php): Failed to open stream: No such file or directory in C:\\xampp\\htdocs\\Cioas\\vendor\\composer\\ClassLoader.php:576
Stack trace:
#0 C:\\xampp\\htdocs\\Cioas\\vendor\\composer\\ClassLoader.php(576): Illuminate\\Foundation\\Bootstrap\\HandleExceptions->handleError(2, 'include(C:\\\\xamp...', 'C:\\\\xampp\\\\htdocs...', 576)
#1 C:\\xampp\\htdocs\\Cioas\\vendor\\composer\\ClassLoader.php(576): include()
#2 C:\\xampp\\htdocs\\Cioas\\vendor\\composer\\ClassLoader.php(427): Composer\\Autoload\\{closure}('C:\\\\xampp\\\\htdocs...')
#3 [internal function]: Composer\\Autoload\\ClassLoader->loadClass('App\\\\Models\\\\Hote...')
#4 Command line code(1): class_exists('App\\\\Models\\\\Hote...')
#5 [internal function]: {closure}('App\\\\Models\\\\Hote...')
#6 Command line code(1): array_filter(Array, Object(Closure))
#7 {main}
  thrown at C:\\xampp\\htdocs\\Cioas\\vendor\\composer\\ClassLoader.php:576)
[stacktrace]
#0 {main}
"} 
[2026-05-06 07:46:01] local.ERROR: Uncaught ErrorException: include(C:\xampp\htdocs\Cioas\vendor\composer/../../app/Models/HotelRestaurant.php): Failed to open stream: No such file or directory in C:\xampp\htdocs\Cioas\vendor\composer\ClassLoader.php:576
Stack trace:
#0 C:\xampp\htdocs\Cioas\vendor\composer\ClassLoader.php(576): Illuminate\Foundation\Bootstrap\HandleExceptions->handleError(2, 'include(C:\\xamp...', 'C:\\xampp\\htdocs...', 576)
#1 C:\xampp\htdocs\Cioas\vendor\composer\ClassLoader.php(576): include()
#2 C:\xampp\htdocs\Cioas\vendor\composer\ClassLoader.php(427): Composer\Autoload\{closure}('C:\\xampp\\htdocs...')
#3 [internal function]: Composer\Autoload\ClassLoader->loadClass('App\\Models\\Hote...')
#4 Command line code(1): class_exists('App\\Models\\Hote...')
#5 [internal function]: {closure}('App\\Models\\Hote...')
#6 Command line code(1): array_filter(Array, Object(Closure))
#7 {main}
  thrown {"exception":"[object] (Symfony\\Component\\ErrorHandler\\Error\\FatalError(code: 0): Uncaught ErrorException: include(C:\\xampp\\htdocs\\Cioas\\vendor\\composer/../../app/Models/HotelRestaurant.php): Failed to open stream: No such file or directory in C:\\xampp\\htdocs\\Cioas\\vendor\\composer\\ClassLoader.php:576
Stack trace:
#0 C:\\xampp\\htdocs\\Cioas\\vendor\\composer\\ClassLoader.php(576): Illuminate\\Foundation\\Bootstrap\\HandleExceptions->handleError(2, 'include(C:\\\\xamp...', 'C:\\\\xampp\\\\htdocs...', 576)
#1 C:\\xampp\\htdocs\\Cioas\\vendor\\composer\\ClassLoader.php(576): include()
#2 C:\\xampp\\htdocs\\Cioas\\vendor\\composer\\ClassLoader.php(427): Composer\\Autoload\\{closure}('C:\\\\xampp\\\\htdocs...')
#3 [internal function]: Composer\\Autoload\\ClassLoader->loadClass('App\\\\Models\\\\Hote...')
#4 Command line code(1): class_exists('App\\\\Models\\\\Hote...')
#5 [internal function]: {closure}('App\\\\Models\\\\Hote...')
#6 Command line code(1): array_filter(Array, Object(Closure))
#7 {main}
  thrown at C:\\xampp\\htdocs\\Cioas\\vendor\\composer\\ClassLoader.php:576)
[stacktrace]
#0 {main}
"} 
[2026-05-06 07:47:01] local.ERROR: Uncaught ErrorException: include(C:\xampp\htdocs\Cioas\vendor\composer/../../app/Models/HotelRestaurant.php): Failed to open stream: No such file or directory in C:\xampp\htdocs\Cioas\vendor\composer\ClassLoader.php:576
Stack trace:
#0 C:\xampp\htdocs\Cioas\vendor\composer\ClassLoader.php(576): Illuminate\Foundation\Bootstrap\HandleExceptions->handleError(2, 'include(C:\\xamp...', 'C:\\xampp\\htdocs...', 576)
#1 C:\xampp\htdocs\Cioas\vendor\composer\ClassLoader.php(576): include()
#2 C:\xampp\htdocs\Cioas\vendor\composer\ClassLoader.php(427): Composer\Autoload\{closure}('C:\\xampp\\htdocs...')
#3 [internal function]: Composer\Autoload\ClassLoader->loadClass('App\\Models\\Hote...')
#4 Command line code(1): class_exists('App\\Models\\Hote...')
#5 [internal function]: {closure}('App\\Models\\Hote...')
#6 Command line code(1): array_filter(Array, Object(Closure))
#7 {main}
  thrown {"exception":"[object] (Symfony\\Component\\ErrorHandler\\Error\\FatalError(code: 0): Uncaught ErrorException: include(C:\\xampp\\htdocs\\Cioas\\vendor\\composer/../../app/Models/HotelRestaurant.php): Failed to open stream: No such file or directory in C:\\xampp\\htdocs\\Cioas\\vendor\\composer\\ClassLoader.php:576
Stack trace:
#0 C:\\xampp\\htdocs\\Cioas\\vendor\\composer\\ClassLoader.php(576): Illuminate\\Foundation\\Bootstrap\\HandleExceptions->handleError(2, 'include(C:\\\\xamp...', 'C:\\\\xampp\\\\htdocs...', 576)
#1 C:\\xampp\\htdocs\\Cioas\\vendor\\composer\\ClassLoader.php(576): include()
#2 C:\\xampp\\htdocs\\Cioas\\vendor\\composer\\ClassLoader.php(427): Composer\\Autoload\\{closure}('C:\\\\xampp\\\\htdocs...')
#3 [internal function]: Composer\\Autoload\\ClassLoader->loadClass('App\\\\Models\\\\Hote...')
#4 Command line code(1): class_exists('App\\\\Models\\\\Hote...')
#5 [internal function]: {closure}('App\\\\Models\\\\Hote...')
#6 Command line code(1): array_filter(Array, Object(Closure))
#7 {main}
  thrown at C:\\xampp\\htdocs\\Cioas\\vendor\\composer\\ClassLoader.php:576)
[stacktrace]
#0 {main}
"} 
[2026-05-06 07:48:01] local.ERROR: Uncaught ErrorException: include(C:\xampp\htdocs\Cioas\vendor\composer/../../app/Models/HotelRestaurant.php): Failed to open stream: No such file or directory in C:\xampp\htdocs\Cioas\vendor\composer\ClassLoader.php:576
Stack trace:
#0 C:\xampp\htdocs\Cioas\vendor\composer\ClassLoader.php(576): Illuminate\Foundation\Bootstrap\HandleExceptions->handleError(2, 'include(C:\\xamp...', 'C:\\xampp\\htdocs...', 576)
#1 C:\xampp\htdocs\Cioas\vendor\composer\ClassLoader.php(576): include()
#2 C:\xampp\htdocs\Cioas\vendor\composer\ClassLoader.php(427): Composer\Autoload\{closure}('C:\\xampp\\htdocs...')
#3 [internal function]: Composer\Autoload\ClassLoader->loadClass('App\\Models\\Hote...')
#4 Command line code(1): class_exists('App\\Models\\Hote...')
#5 [internal function]: {closure}('App\\Models\\Hote...')
#6 Command line code(1): array_filter(Array, Object(Closure))
#7 {main}
  thrown {"exception":"[object] (Symfony\\Component\\ErrorHandler\\Error\\FatalError(code: 0): Uncaught ErrorException: include(C:\\xampp\\htdocs\\Cioas\\vendor\\composer/../../app/Models/HotelRestaurant.php): Failed to open stream: No such file or directory in C:\\xampp\\htdocs\\Cioas\\vendor\\composer\\ClassLoader.php:576
Stack trace:
#0 C:\\xampp\\htdocs\\Cioas\\vendor\\composer\\ClassLoader.php(576): Illuminate\\Foundation\\Bootstrap\\HandleExceptions->handleError(2, 'include(C:\\\\xamp...', 'C:\\\\xampp\\\\htdocs...', 576)
#1 C:\\xampp\\htdocs\\Cioas\\vendor\\composer\\ClassLoader.php(576): include()
#2 C:\\xampp\\htdocs\\Cioas\\vendor\\composer\\ClassLoader.php(427): Composer\\Autoload\\{closure}('C:\\\\xampp\\\\htdocs...')
#3 [internal function]: Composer\\Autoload\\ClassLoader->loadClass('App\\\\Models\\\\Hote...')
#4 Command line code(1): class_exists('App\\\\Models\\\\Hote...')
#5 [internal function]: {closure}('App\\\\Models\\\\Hote...')
#6 Command line code(1): array_filter(Array, Object(Closure))
#7 {main}
  thrown at C:\\xampp\\htdocs\\Cioas\\vendor\\composer\\ClassLoader.php:576)
[stacktrace]
#0 {main}
"} 
[2026-05-06 07:49:01] local.ERROR: Uncaught ErrorException: include(C:\xampp\htdocs\Cioas\vendor\composer/../../app/Models/HotelRestaurant.php): Failed to open stream: No such file or directory in C:\xampp\htdocs\Cioas\vendor\composer\ClassLoader.php:576
Stack trace:
#0 C:\xampp\htdocs\Cioas\vendor\composer\ClassLoader.php(576): Illuminate\Foundation\Bootstrap\HandleExceptions->handleError(2, 'include(C:\\xamp...', 'C:\\xampp\\htdocs...', 576)
#1 C:\xampp\htdocs\Cioas\vendor\composer\ClassLoader.php(576): include()
#2 C:\xampp\htdocs\Cioas\vendor\composer\ClassLoader.php(427): Composer\Autoload\{closure}('C:\\xampp\\htdocs...')
#3 [internal function]: Composer\Autoload\ClassLoader->loadClass('App\\Models\\Hote...')
#4 Command line code(1): class_exists('App\\Models\\Hote...')
#5 [internal function]: {closure}('App\\Models\\Hote...')
#6 Command line code(1): array_filter(Array, Object(Closure))
#7 {main}
  thrown {"exception":"[object] (Symfony\\Component\\ErrorHandler\\Error\\FatalError(code: 0): Uncaught ErrorException: include(C:\\xampp\\htdocs\\Cioas\\vendor\\composer/../../app/Models/HotelRestaurant.php): Failed to open stream: No such file or directory in C:\\xampp\\htdocs\\Cioas\\vendor\\composer\\ClassLoader.php:576
Stack trace:
#0 C:\\xampp\\htdocs\\Cioas\\vendor\\composer\\ClassLoader.php(576): Illuminate\\Foundation\\Bootstrap\\HandleExceptions->handleError(2, 'include(C:\\\\xamp...', 'C:\\\\xampp\\\\htdocs...', 576)
#1 C:\\xampp\\htdocs\\Cioas\\vendor\\composer\\ClassLoader.php(576): include()
#2 C:\\xampp\\htdocs\\Cioas\\vendor\\composer\\ClassLoader.php(427): Composer\\Autoload\\{closure}('C:\\\\xampp\\\\htdocs...')
#3 [internal function]: Composer\\Autoload\\ClassLoader->loadClass('App\\\\Models\\\\Hote...')
#4 Command line code(1): class_exists('App\\\\Models\\\\Hote...')
#5 [internal function]: {closure}('App\\\\Models\\\\Hote...')
#6 Command line code(1): array_filter(Array, Object(Closure))
#7 {main}
  thrown at C:\\xampp\\htdocs\\Cioas\\vendor\\composer\\ClassLoader.php:576)
[stacktrace]
#0 {main}
"} 
[2026-05-06 07:50:01] local.ERROR: Uncaught ErrorException: include(C:\xampp\htdocs\Cioas\vendor\composer/../../app/Models/HotelRestaurant.php): Failed to open stream: No such file or directory in C:\xampp\htdocs\Cioas\vendor\composer\ClassLoader.php:576
Stack trace:
#0 C:\xampp\htdocs\Cioas\vendor\composer\ClassLoader.php(576): Illuminate\Foundation\Bootstrap\HandleExceptions->handleError(2, 'include(C:\\xamp...', 'C:\\xampp\\htdocs...', 576)
#1 C:\xampp\htdocs\Cioas\vendor\composer\ClassLoader.php(576): include()
#2 C:\xampp\htdocs\Cioas\vendor\composer\ClassLoader.php(427): Composer\Autoload\{closure}('C:\\xampp\\htdocs...')
#3 [internal function]: Composer\Autoload\ClassLoader->loadClass('App\\Models\\Hote...')
#4 Command line code(1): class_exists('App\\Models\\Hote...')
#5 [internal function]: {closure}('App\\Models\\Hote...')
#6 Command line code(1): array_filter(Array, Object(Closure))
#7 {main}
  thrown {"exception":"[object] (Symfony\\Component\\ErrorHandler\\Error\\FatalError(code: 0): Uncaught ErrorException: include(C:\\xampp\\htdocs\\Cioas\\vendor\\composer/../../app/Models/HotelRestaurant.php): Failed to open stream: No such file or directory in C:\\xampp\\htdocs\\Cioas\\vendor\\composer\\ClassLoader.php:576
Stack trace:
#0 C:\\xampp\\htdocs\\Cioas\\vendor\\composer\\ClassLoader.php(576): Illuminate\\Foundation\\Bootstrap\\HandleExceptions->handleError(2, 'include(C:\\\\xamp...', 'C:\\\\xampp\\\\htdocs...', 576)
#1 C:\\xampp\\htdocs\\Cioas\\vendor\\composer\\ClassLoader.php(576): include()
#2 C:\\xampp\\htdocs\\Cioas\\vendor\\composer\\ClassLoader.php(427): Composer\\Autoload\\{closure}('C:\\\\xampp\\\\htdocs...')
#3 [internal function]: Composer\\Autoload\\ClassLoader->loadClass('App\\\\Models\\\\Hote...')
#4 Command line code(1): class_exists('App\\\\Models\\\\Hote...')
#5 [internal function]: {closure}('App\\\\Models\\\\Hote...')
#6 Command line code(1): array_filter(Array, Object(Closure))
#7 {main}
  thrown at C:\\xampp\\htdocs\\Cioas\\vendor\\composer\\ClassLoader.php:576)
[stacktrace]
#0 {main}
"} 
[2026-05-06 07:51:01] local.ERROR: Uncaught ErrorException: include(C:\xampp\htdocs\Cioas\vendor\composer/../../app/Models/HotelRestaurant.php): Failed to open stream: No such file or directory in C:\xampp\htdocs\Cioas\vendor\composer\ClassLoader.php:576
Stack trace:
#0 C:\xampp\htdocs\Cioas\vendor\composer\ClassLoader.php(576): Illuminate\Foundation\Bootstrap\HandleExceptions->handleError(2, 'include(C:\\xamp...', 'C:\\xampp\\htdocs...', 576)
#1 C:\xampp\htdocs\Cioas\vendor\composer\ClassLoader.php(576): include()
#2 C:\xampp\htdocs\Cioas\vendor\composer\ClassLoader.php(427): Composer\Autoload\{closure}('C:\\xampp\\htdocs...')
#3 [internal function]: Composer\Autoload\ClassLoader->loadClass('App\\Models\\Hote...')
#4 Command line code(1): class_exists('App\\Models\\Hote...')
#5 [internal function]: {closure}('App\\Models\\Hote...')
#6 Command line code(1): array_filter(Array, Object(Closure))
#7 {main}
  thrown {"exception":"[object] (Symfony\\Component\\ErrorHandler\\Error\\FatalError(code: 0): Uncaught ErrorException: include(C:\\xampp\\htdocs\\Cioas\\vendor\\composer/../../app/Models/HotelRestaurant.php): Failed to open stream: No such file or directory in C:\\xampp\\htdocs\\Cioas\\vendor\\composer\\ClassLoader.php:576
Stack trace:
#0 C:\\xampp\\htdocs\\Cioas\\vendor\\composer\\ClassLoader.php(576): Illuminate\\Foundation\\Bootstrap\\HandleExceptions->handleError(2, 'include(C:\\\\xamp...', 'C:\\\\xampp\\\\htdocs...', 576)
#1 C:\\xampp\\htdocs\\Cioas\\vendor\\composer\\ClassLoader.php(576): include()
#2 C:\\xampp\\htdocs\\Cioas\\vendor\\composer\\ClassLoader.php(427): Composer\\Autoload\\{closure}('C:\\\\xampp\\\\htdocs...')
#3 [internal function]: Composer\\Autoload\\ClassLoader->loadClass('App\\\\Models\\\\Hote...')
#4 Command line code(1): class_exists('App\\\\Models\\\\Hote...')
#5 [internal function]: {closure}('App\\\\Models\\\\Hote...')
#6 Command line code(1): array_filter(Array, Object(Closure))
#7 {main}
  thrown at C:\\xampp\\htdocs\\Cioas\\vendor\\composer\\ClassLoader.php:576)
[stacktrace]
#0 {main}
"} 
[2026-05-06 07:52:01] local.ERROR: Uncaught ErrorException: include(C:\xampp\htdocs\Cioas\vendor\composer/../../app/Models/HotelRestaurant.php): Failed to open stream: No such file or directory in C:\xampp\htdocs\Cioas\vendor\composer\ClassLoader.php:576
Stack trace:
#0 C:\xampp\htdocs\Cioas\vendor\composer\ClassLoader.php(576): Illuminate\Foundation\Bootstrap\HandleExceptions->handleError(2, 'include(C:\\xamp...', 'C:\\xampp\\htdocs...', 576)
#1 C:\xampp\htdocs\Cioas\vendor\composer\ClassLoader.php(576): include()
#2 C:\xampp\htdocs\Cioas\vendor\composer\ClassLoader.php(427): Composer\Autoload\{closure}('C:\\xampp\\htdocs...')
#3 [internal function]: Composer\Autoload\ClassLoader->loadClass('App\\Models\\Hote...')
#4 Command line code(1): class_exists('App\\Models\\Hote...')
#5 [internal function]: {closure}('App\\Models\\Hote...')
#6 Command line code(1): array_filter(Array, Object(Closure))
#7 {main}
  thrown {"exception":"[object] (Symfony\\Component\\ErrorHandler\\Error\\FatalError(code: 0): Uncaught ErrorException: include(C:\\xampp\\htdocs\\Cioas\\vendor\\composer/../../app/Models/HotelRestaurant.php): Failed to open stream: No such file or directory in C:\\xampp\\htdocs\\Cioas\\vendor\\composer\\ClassLoader.php:576
Stack trace:
#0 C:\\xampp\\htdocs\\Cioas\\vendor\\composer\\ClassLoader.php(576): Illuminate\\Foundation\\Bootstrap\\HandleExceptions->handleError(2, 'include(C:\\\\xamp...', 'C:\\\\xampp\\\\htdocs...', 576)
#1 C:\\xampp\\htdocs\\Cioas\\vendor\\composer\\ClassLoader.php(576): include()
#2 C:\\xampp\\htdocs\\Cioas\\vendor\\composer\\ClassLoader.php(427): Composer\\Autoload\\{closure}('C:\\\\xampp\\\\htdocs...')
#3 [internal function]: Composer\\Autoload\\ClassLoader->loadClass('App\\\\Models\\\\Hote...')
#4 Command line code(1): class_exists('App\\\\Models\\\\Hote...')
#5 [internal function]: {closure}('App\\\\Models\\\\Hote...')
#6 Command line code(1): array_filter(Array, Object(Closure))
#7 {main}
  thrown at C:\\xampp\\htdocs\\Cioas\\vendor\\composer\\ClassLoader.php:576)
[stacktrace]
#0 {main}
"} 
[2026-05-06 07:53:01] local.ERROR: Uncaught ErrorException: include(C:\xampp\htdocs\Cioas\vendor\composer/../../app/Models/HotelRestaurant.php): Failed to open stream: No such file or directory in C:\xampp\htdocs\Cioas\vendor\composer\ClassLoader.php:576
Stack trace:
#0 C:\xampp\htdocs\Cioas\vendor\composer\ClassLoader.php(576): Illuminate\Foundation\Bootstrap\HandleExceptions->handleError(2, 'include(C:\\xamp...', 'C:\\xampp\\htdocs...', 576)
#1 C:\xampp\htdocs\Cioas\vendor\composer\ClassLoader.php(576): include()
#2 C:\xampp\htdocs\Cioas\vendor\composer\ClassLoader.php(427): Composer\Autoload\{closure}('C:\\xampp\\htdocs...')
#3 [internal function]: Composer\Autoload\ClassLoader->loadClass('App\\Models\\Hote...')
#4 Command line code(1): class_exists('App\\Models\\Hote...')
#5 [internal function]: {closure}('App\\Models\\Hote...')
#6 Command line code(1): array_filter(Array, Object(Closure))
#7 {main}
  thrown {"exception":"[object] (Symfony\\Component\\ErrorHandler\\Error\\FatalError(code: 0): Uncaught ErrorException: include(C:\\xampp\\htdocs\\Cioas\\vendor\\composer/../../app/Models/HotelRestaurant.php): Failed to open stream: No such file or directory in C:\\xampp\\htdocs\\Cioas\\vendor\\composer\\ClassLoader.php:576
Stack trace:
#0 C:\\xampp\\htdocs\\Cioas\\vendor\\composer\\ClassLoader.php(576): Illuminate\\Foundation\\Bootstrap\\HandleExceptions->handleError(2, 'include(C:\\\\xamp...', 'C:\\\\xampp\\\\htdocs...', 576)
#1 C:\\xampp\\htdocs\\Cioas\\vendor\\composer\\ClassLoader.php(576): include()
#2 C:\\xampp\\htdocs\\Cioas\\vendor\\composer\\ClassLoader.php(427): Composer\\Autoload\\{closure}('C:\\\\xampp\\\\htdocs...')
#3 [internal function]: Composer\\Autoload\\ClassLoader->loadClass('App\\\\Models\\\\Hote...')
#4 Command line code(1): class_exists('App\\\\Models\\\\Hote...')
#5 [internal function]: {closure}('App\\\\Models\\\\Hote...')
#6 Command line code(1): array_filter(Array, Object(Closure))
#7 {main}
  thrown at C:\\xampp\\htdocs\\Cioas\\vendor\\composer\\ClassLoader.php:576)
[stacktrace]
#0 {main}
"} 
[2026-05-06 07:54:01] local.ERROR: Uncaught ErrorException: include(C:\xampp\htdocs\Cioas\vendor\composer/../../app/Models/HotelRestaurant.php): Failed to open stream: No such file or directory in C:\xampp\htdocs\Cioas\vendor\composer\ClassLoader.php:576
Stack trace:
#0 C:\xampp\htdocs\Cioas\vendor\composer\ClassLoader.php(576): Illuminate\Foundation\Bootstrap\HandleExceptions->handleError(2, 'include(C:\\xamp...', 'C:\\xampp\\htdocs...', 576)
#1 C:\xampp\htdocs\Cioas\vendor\composer\ClassLoader.php(576): include()
#2 C:\xampp\htdocs\Cioas\vendor\composer\ClassLoader.php(427): Composer\Autoload\{closure}('C:\\xampp\\htdocs...')
#3 [internal function]: Composer\Autoload\ClassLoader->loadClass('App\\Models\\Hote...')
#4 Command line code(1): class_exists('App\\Models\\Hote...')
#5 [internal function]: {closure}('App\\Models\\Hote...')
#6 Command line code(1): array_filter(Array, Object(Closure))
#7 {main}
  thrown {"exception":"[object] (Symfony\\Component\\ErrorHandler\\Error\\FatalError(code: 0): Uncaught ErrorException: include(C:\\xampp\\htdocs\\Cioas\\vendor\\composer/../../app/Models/HotelRestaurant.php): Failed to open stream: No such file or directory in C:\\xampp\\htdocs\\Cioas\\vendor\\composer\\ClassLoader.php:576
Stack trace:
#0 C:\\xampp\\htdocs\\Cioas\\vendor\\composer\\ClassLoader.php(576): Illuminate\\Foundation\\Bootstrap\\HandleExceptions->handleError(2, 'include(C:\\\\xamp...', 'C:\\\\xampp\\\\htdocs...', 576)
#1 C:\\xampp\\htdocs\\Cioas\\vendor\\composer\\ClassLoader.php(576): include()
#2 C:\\xampp\\htdocs\\Cioas\\vendor\\composer\\ClassLoader.php(427): Composer\\Autoload\\{closure}('C:\\\\xampp\\\\htdocs...')
#3 [internal function]: Composer\\Autoload\\ClassLoader->loadClass('App\\\\Models\\\\Hote...')
#4 Command line code(1): class_exists('App\\\\Models\\\\Hote...')
#5 [internal function]: {closure}('App\\\\Models\\\\Hote...')
#6 Command line code(1): array_filter(Array, Object(Closure))
#7 {main}
  thrown at C:\\xampp\\htdocs\\Cioas\\vendor\\composer\\ClassLoader.php:576)
[stacktrace]
#0 {main}
"} 
[2026-05-06 07:55:01] local.ERROR: Uncaught ErrorException: include(C:\xampp\htdocs\Cioas\vendor\composer/../../app/Models/HotelRestaurant.php): Failed to open stream: No such file or directory in C:\xampp\htdocs\Cioas\vendor\composer\ClassLoader.php:576
Stack trace:
#0 C:\xampp\htdocs\Cioas\vendor\composer\ClassLoader.php(576): Illuminate\Foundation\Bootstrap\HandleExceptions->handleError(2, 'include(C:\\xamp...', 'C:\\xampp\\htdocs...', 576)
#1 C:\xampp\htdocs\Cioas\vendor\composer\ClassLoader.php(576): include()
#2 C:\xampp\htdocs\Cioas\vendor\composer\ClassLoader.php(427): Composer\Autoload\{closure}('C:\\xampp\\htdocs...')
#3 [internal function]: Composer\Autoload\ClassLoader->loadClass('App\\Models\\Hote...')
#4 Command line code(1): class_exists('App\\Models\\Hote...')
#5 [internal function]: {closure}('App\\Models\\Hote...')
#6 Command line code(1): array_filter(Array, Object(Closure))
#7 {main}
  thrown {"exception":"[object] (Symfony\\Component\\ErrorHandler\\Error\\FatalError(code: 0): Uncaught ErrorException: include(C:\\xampp\\htdocs\\Cioas\\vendor\\composer/../../app/Models/HotelRestaurant.php): Failed to open stream: No such file or directory in C:\\xampp\\htdocs\\Cioas\\vendor\\composer\\ClassLoader.php:576
Stack trace:
#0 C:\\xampp\\htdocs\\Cioas\\vendor\\composer\\ClassLoader.php(576): Illuminate\\Foundation\\Bootstrap\\HandleExceptions->handleError(2, 'include(C:\\\\xamp...', 'C:\\\\xampp\\\\htdocs...', 576)
#1 C:\\xampp\\htdocs\\Cioas\\vendor\\composer\\ClassLoader.php(576): include()
#2 C:\\xampp\\htdocs\\Cioas\\vendor\\composer\\ClassLoader.php(427): Composer\\Autoload\\{closure}('C:\\\\xampp\\\\htdocs...')
#3 [internal function]: Composer\\Autoload\\ClassLoader->loadClass('App\\\\Models\\\\Hote...')
#4 Command line code(1): class_exists('App\\\\Models\\\\Hote...')
#5 [internal function]: {closure}('App\\\\Models\\\\Hote...')
#6 Command line code(1): array_filter(Array, Object(Closure))
#7 {main}
  thrown at C:\\xampp\\htdocs\\Cioas\\vendor\\composer\\ClassLoader.php:576)
[stacktrace]
#0 {main}
"} 
[2026-05-06 07:56:01] local.ERROR: Uncaught ErrorException: include(C:\xampp\htdocs\Cioas\vendor\composer/../../app/Models/HotelRestaurant.php): Failed to open stream: No such file or directory in C:\xampp\htdocs\Cioas\vendor\composer\ClassLoader.php:576
Stack trace:
#0 C:\xampp\htdocs\Cioas\vendor\composer\ClassLoader.php(576): Illuminate\Foundation\Bootstrap\HandleExceptions->handleError(2, 'include(C:\\xamp...', 'C:\\xampp\\htdocs...', 576)
#1 C:\xampp\htdocs\Cioas\vendor\composer\ClassLoader.php(576): include()
#2 C:\xampp\htdocs\Cioas\vendor\composer\ClassLoader.php(427): Composer\Autoload\{closure}('C:\\xampp\\htdocs...')
#3 [internal function]: Composer\Autoload\ClassLoader->loadClass('App\\Models\\Hote...')
#4 Command line code(1): class_exists('App\\Models\\Hote...')
#5 [internal function]: {closure}('App\\Models\\Hote...')
#6 Command line code(1): array_filter(Array, Object(Closure))
#7 {main}
  thrown {"exception":"[object] (Symfony\\Component\\ErrorHandler\\Error\\FatalError(code: 0): Uncaught ErrorException: include(C:\\xampp\\htdocs\\Cioas\\vendor\\composer/../../app/Models/HotelRestaurant.php): Failed to open stream: No such file or directory in C:\\xampp\\htdocs\\Cioas\\vendor\\composer\\ClassLoader.php:576
Stack trace:
#0 C:\\xampp\\htdocs\\Cioas\\vendor\\composer\\ClassLoader.php(576): Illuminate\\Foundation\\Bootstrap\\HandleExceptions->handleError(2, 'include(C:\\\\xamp...', 'C:\\\\xampp\\\\htdocs...', 576)
#1 C:\\xampp\\htdocs\\Cioas\\vendor\\composer\\ClassLoader.php(576): include()
#2 C:\\xampp\\htdocs\\Cioas\\vendor\\composer\\ClassLoader.php(427): Composer\\Autoload\\{closure}('C:\\\\xampp\\\\htdocs...')
#3 [internal function]: Composer\\Autoload\\ClassLoader->loadClass('App\\\\Models\\\\Hote...')
#4 Command line code(1): class_exists('App\\\\Models\\\\Hote...')
#5 [internal function]: {closure}('App\\\\Models\\\\Hote...')
#6 Command line code(1): array_filter(Array, Object(Closure))
#7 {main}
  thrown at C:\\xampp\\htdocs\\Cioas\\vendor\\composer\\ClassLoader.php:576)
[stacktrace]
#0 {main}
"} 
[2026-05-06 07:57:01] local.ERROR: Uncaught ErrorException: include(C:\xampp\htdocs\Cioas\vendor\composer/../../app/Models/HotelRestaurant.php): Failed to open stream: No such file or directory in C:\xampp\htdocs\Cioas\vendor\composer\ClassLoader.php:576
Stack trace:
#0 C:\xampp\htdocs\Cioas\vendor\composer\ClassLoader.php(576): Illuminate\Foundation\Bootstrap\HandleExceptions->handleError(2, 'include(C:\\xamp...', 'C:\\xampp\\htdocs...', 576)
#1 C:\xampp\htdocs\Cioas\vendor\composer\ClassLoader.php(576): include()
#2 C:\xampp\htdocs\Cioas\vendor\composer\ClassLoader.php(427): Composer\Autoload\{closure}('C:\\xampp\\htdocs...')
#3 [internal function]: Composer\Autoload\ClassLoader->loadClass('App\\Models\\Hote...')
#4 Command line code(1): class_exists('App\\Models\\Hote...')
#5 [internal function]: {closure}('App\\Models\\Hote...')
#6 Command line code(1): array_filter(Array, Object(Closure))
#7 {main}
  thrown {"exception":"[object] (Symfony\\Component\\ErrorHandler\\Error\\FatalError(code: 0): Uncaught ErrorException: include(C:\\xampp\\htdocs\\Cioas\\vendor\\composer/../../app/Models/HotelRestaurant.php): Failed to open stream: No such file or directory in C:\\xampp\\htdocs\\Cioas\\vendor\\composer\\ClassLoader.php:576
Stack trace:
#0 C:\\xampp\\htdocs\\Cioas\\vendor\\composer\\ClassLoader.php(576): Illuminate\\Foundation\\Bootstrap\\HandleExceptions->handleError(2, 'include(C:\\\\xamp...', 'C:\\\\xampp\\\\htdocs...', 576)
#1 C:\\xampp\\htdocs\\Cioas\\vendor\\composer\\ClassLoader.php(576): include()
#2 C:\\xampp\\htdocs\\Cioas\\vendor\\composer\\ClassLoader.php(427): Composer\\Autoload\\{closure}('C:\\\\xampp\\\\htdocs...')
#3 [internal function]: Composer\\Autoload\\ClassLoader->loadClass('App\\\\Models\\\\Hote...')
#4 Command line code(1): class_exists('App\\\\Models\\\\Hote...')
#5 [internal function]: {closure}('App\\\\Models\\\\Hote...')
#6 Command line code(1): array_filter(Array, Object(Closure))
#7 {main}
  thrown at C:\\xampp\\htdocs\\Cioas\\vendor\\composer\\ClassLoader.php:576)
[stacktrace]
#0 {main}
"} 
[2026-05-06 07:58:01] local.ERROR: Uncaught ErrorException: include(C:\xampp\htdocs\Cioas\vendor\composer/../../app/Models/HotelRestaurant.php): Failed to open stream: No such file or directory in C:\xampp\htdocs\Cioas\vendor\composer\ClassLoader.php:576
Stack trace:
#0 C:\xampp\htdocs\Cioas\vendor\composer\ClassLoader.php(576): Illuminate\Foundation\Bootstrap\HandleExceptions->handleError(2, 'include(C:\\xamp...', 'C:\\xampp\\htdocs...', 576)
#1 C:\xampp\htdocs\Cioas\vendor\composer\ClassLoader.php(576): include()
#2 C:\xampp\htdocs\Cioas\vendor\composer\ClassLoader.php(427): Composer\Autoload\{closure}('C:\\xampp\\htdocs...')
#3 [internal function]: Composer\Autoload\ClassLoader->loadClass('App\\Models\\Hote...')
#4 Command line code(1): class_exists('App\\Models\\Hote...')
#5 [internal function]: {closure}('App\\Models\\Hote...')
#6 Command line code(1): array_filter(Array, Object(Closure))
#7 {main}
  thrown {"exception":"[object] (Symfony\\Component\\ErrorHandler\\Error\\FatalError(code: 0): Uncaught ErrorException: include(C:\\xampp\\htdocs\\Cioas\\vendor\\composer/../../app/Models/HotelRestaurant.php): Failed to open stream: No such file or directory in C:\\xampp\\htdocs\\Cioas\\vendor\\composer\\ClassLoader.php:576
Stack trace:
#0 C:\\xampp\\htdocs\\Cioas\\vendor\\composer\\ClassLoader.php(576): Illuminate\\Foundation\\Bootstrap\\HandleExceptions->handleError(2, 'include(C:\\\\xamp...', 'C:\\\\xampp\\\\htdocs...', 576)
#1 C:\\xampp\\htdocs\\Cioas\\vendor\\composer\\ClassLoader.php(576): include()
#2 C:\\xampp\\htdocs\\Cioas\\vendor\\composer\\ClassLoader.php(427): Composer\\Autoload\\{closure}('C:\\\\xampp\\\\htdocs...')
#3 [internal function]: Composer\\Autoload\\ClassLoader->loadClass('App\\\\Models\\\\Hote...')
#4 Command line code(1): class_exists('App\\\\Models\\\\Hote...')
#5 [internal function]: {closure}('App\\\\Models\\\\Hote...')
#6 Command line code(1): array_filter(Array, Object(Closure))
#7 {main}
  thrown at C:\\xampp\\htdocs\\Cioas\\vendor\\composer\\ClassLoader.php:576)
[stacktrace]
#0 {main}
"} 
[2026-05-06 07:59:01] local.ERROR: Uncaught ErrorException: include(C:\xampp\htdocs\Cioas\vendor\composer/../../app/Models/HotelRestaurant.php): Failed to open stream: No such file or directory in C:\xampp\htdocs\Cioas\vendor\composer\ClassLoader.php:576
Stack trace:
#0 C:\xampp\htdocs\Cioas\vendor\composer\ClassLoader.php(576): Illuminate\Foundation\Bootstrap\HandleExceptions->handleError(2, 'include(C:\\xamp...', 'C:\\xampp\\htdocs...', 576)
#1 C:\xampp\htdocs\Cioas\vendor\composer\ClassLoader.php(576): include()
#2 C:\xampp\htdocs\Cioas\vendor\composer\ClassLoader.php(427): Composer\Autoload\{closure}('C:\\xampp\\htdocs...')
#3 [internal function]: Composer\Autoload\ClassLoader->loadClass('App\\Models\\Hote...')
#4 Command line code(1): class_exists('App\\Models\\Hote...')
#5 [internal function]: {closure}('App\\Models\\Hote...')
#6 Command line code(1): array_filter(Array, Object(Closure))
#7 {main}
  thrown {"exception":"[object] (Symfony\\Component\\ErrorHandler\\Error\\FatalError(code: 0): Uncaught ErrorException: include(C:\\xampp\\htdocs\\Cioas\\vendor\\composer/../../app/Models/HotelRestaurant.php): Failed to open stream: No such file or directory in C:\\xampp\\htdocs\\Cioas\\vendor\\composer\\ClassLoader.php:576
Stack trace:
#0 C:\\xampp\\htdocs\\Cioas\\vendor\\composer\\ClassLoader.php(576): Illuminate\\Foundation\\Bootstrap\\HandleExceptions->handleError(2, 'include(C:\\\\xamp...', 'C:\\\\xampp\\\\htdocs...', 576)
#1 C:\\xampp\\htdocs\\Cioas\\vendor\\composer\\ClassLoader.php(576): include()
#2 C:\\xampp\\htdocs\\Cioas\\vendor\\composer\\ClassLoader.php(427): Composer\\Autoload\\{closure}('C:\\\\xampp\\\\htdocs...')
#3 [internal function]: Composer\\Autoload\\ClassLoader->loadClass('App\\\\Models\\\\Hote...')
#4 Command line code(1): class_exists('App\\\\Models\\\\Hote...')
#5 [internal function]: {closure}('App\\\\Models\\\\Hote...')
#6 Command line code(1): array_filter(Array, Object(Closure))
#7 {main}
  thrown at C:\\xampp\\htdocs\\Cioas\\vendor\\composer\\ClassLoader.php:576)
[stacktrace]
#0 {main}
"} 
[2026-05-06 08:00:01] local.ERROR: Uncaught ErrorException: include(C:\xampp\htdocs\Cioas\vendor\composer/../../app/Models/HotelRestaurant.php): Failed to open stream: No such file or directory in C:\xampp\htdocs\Cioas\vendor\composer\ClassLoader.php:576
Stack trace:
#0 C:\xampp\htdocs\Cioas\vendor\composer\ClassLoader.php(576): Illuminate\Foundation\Bootstrap\HandleExceptions->handleError(2, 'include(C:\\xamp...', 'C:\\xampp\\htdocs...', 576)
#1 C:\xampp\htdocs\Cioas\vendor\composer\ClassLoader.php(576): include()
#2 C:\xampp\htdocs\Cioas\vendor\composer\ClassLoader.php(427): Composer\Autoload\{closure}('C:\\xampp\\htdocs...')
#3 [internal function]: Composer\Autoload\ClassLoader->loadClass('App\\Models\\Hote...')
#4 Command line code(1): class_exists('App\\Models\\Hote...')
#5 [internal function]: {closure}('App\\Models\\Hote...')
#6 Command line code(1): array_filter(Array, Object(Closure))
#7 {main}
  thrown {"exception":"[object] (Symfony\\Component\\ErrorHandler\\Error\\FatalError(code: 0): Uncaught ErrorException: include(C:\\xampp\\htdocs\\Cioas\\vendor\\composer/../../app/Models/HotelRestaurant.php): Failed to open stream: No such file or directory in C:\\xampp\\htdocs\\Cioas\\vendor\\composer\\ClassLoader.php:576
Stack trace:
#0 C:\\xampp\\htdocs\\Cioas\\vendor\\composer\\ClassLoader.php(576): Illuminate\\Foundation\\Bootstrap\\HandleExceptions->handleError(2, 'include(C:\\\\xamp...', 'C:\\\\xampp\\\\htdocs...', 576)
#1 C:\\xampp\\htdocs\\Cioas\\vendor\\composer\\ClassLoader.php(576): include()
#2 C:\\xampp\\htdocs\\Cioas\\vendor\\composer\\ClassLoader.php(427): Composer\\Autoload\\{closure}('C:\\\\xampp\\\\htdocs...')
#3 [internal function]: Composer\\Autoload\\ClassLoader->loadClass('App\\\\Models\\\\Hote...')
#4 Command line code(1): class_exists('App\\\\Models\\\\Hote...')
#5 [internal function]: {closure}('App\\\\Models\\\\Hote...')
#6 Command line code(1): array_filter(Array, Object(Closure))
#7 {main}
  thrown at C:\\xampp\\htdocs\\Cioas\\vendor\\composer\\ClassLoader.php:576)
[stacktrace]
#0 {main}
"} 
[2026-05-06 08:01:01] local.ERROR: Uncaught ErrorException: include(C:\xampp\htdocs\Cioas\vendor\composer/../../app/Models/HotelRestaurant.php): Failed to open stream: No such file or directory in C:\xampp\htdocs\Cioas\vendor\composer\ClassLoader.php:576
Stack trace:
#0 C:\xampp\htdocs\Cioas\vendor\composer\ClassLoader.php(576): Illuminate\Foundation\Bootstrap\HandleExceptions->handleError(2, 'include(C:\\xamp...', 'C:\\xampp\\htdocs...', 576)
#1 C:\xampp\htdocs\Cioas\vendor\composer\ClassLoader.php(576): include()
#2 C:\xampp\htdocs\Cioas\vendor\composer\ClassLoader.php(427): Composer\Autoload\{closure}('C:\\xampp\\htdocs...')
#3 [internal function]: Composer\Autoload\ClassLoader->loadClass('App\\Models\\Hote...')
#4 Command line code(1): class_exists('App\\Models\\Hote...')
#5 [internal function]: {closure}('App\\Models\\Hote...')
#6 Command line code(1): array_filter(Array, Object(Closure))
#7 {main}
  thrown {"exception":"[object] (Symfony\\Component\\ErrorHandler\\Error\\FatalError(code: 0): Uncaught ErrorException: include(C:\\xampp\\htdocs\\Cioas\\vendor\\composer/../../app/Models/HotelRestaurant.php): Failed to open stream: No such file or directory in C:\\xampp\\htdocs\\Cioas\\vendor\\composer\\ClassLoader.php:576
Stack trace:
#0 C:\\xampp\\htdocs\\Cioas\\vendor\\composer\\ClassLoader.php(576): Illuminate\\Foundation\\Bootstrap\\HandleExceptions->handleError(2, 'include(C:\\\\xamp...', 'C:\\\\xampp\\\\htdocs...', 576)
#1 C:\\xampp\\htdocs\\Cioas\\vendor\\composer\\ClassLoader.php(576): include()
#2 C:\\xampp\\htdocs\\Cioas\\vendor\\composer\\ClassLoader.php(427): Composer\\Autoload\\{closure}('C:\\\\xampp\\\\htdocs...')
#3 [internal function]: Composer\\Autoload\\ClassLoader->loadClass('App\\\\Models\\\\Hote...')
#4 Command line code(1): class_exists('App\\\\Models\\\\Hote...')
#5 [internal function]: {closure}('App\\\\Models\\\\Hote...')
#6 Command line code(1): array_filter(Array, Object(Closure))
#7 {main}
  thrown at C:\\xampp\\htdocs\\Cioas\\vendor\\composer\\ClassLoader.php:576)
[stacktrace]
#0 {main}
"} 
[2026-05-06 08:02:01] local.ERROR: Uncaught ErrorException: include(C:\xampp\htdocs\Cioas\vendor\composer/../../app/Models/HotelRestaurant.php): Failed to open stream: No such file or directory in C:\xampp\htdocs\Cioas\vendor\composer\ClassLoader.php:576
Stack trace:
#0 C:\xampp\htdocs\Cioas\vendor\composer\ClassLoader.php(576): Illuminate\Foundation\Bootstrap\HandleExceptions->handleError(2, 'include(C:\\xamp...', 'C:\\xampp\\htdocs...', 576)
#1 C:\xampp\htdocs\Cioas\vendor\composer\ClassLoader.php(576): include()
#2 C:\xampp\htdocs\Cioas\vendor\composer\ClassLoader.php(427): Composer\Autoload\{closure}('C:\\xampp\\htdocs...')
#3 [internal function]: Composer\Autoload\ClassLoader->loadClass('App\\Models\\Hote...')
#4 Command line code(1): class_exists('App\\Models\\Hote...')
#5 [internal function]: {closure}('App\\Models\\Hote...')
#6 Command line code(1): array_filter(Array, Object(Closure))
#7 {main}
  thrown {"exception":"[object] (Symfony\\Component\\ErrorHandler\\Error\\FatalError(code: 0): Uncaught ErrorException: include(C:\\xampp\\htdocs\\Cioas\\vendor\\composer/../../app/Models/HotelRestaurant.php): Failed to open stream: No such file or directory in C:\\xampp\\htdocs\\Cioas\\vendor\\composer\\ClassLoader.php:576
Stack trace:
#0 C:\\xampp\\htdocs\\Cioas\\vendor\\composer\\ClassLoader.php(576): Illuminate\\Foundation\\Bootstrap\\HandleExceptions->handleError(2, 'include(C:\\\\xamp...', 'C:\\\\xampp\\\\htdocs...', 576)
#1 C:\\xampp\\htdocs\\Cioas\\vendor\\composer\\ClassLoader.php(576): include()
#2 C:\\xampp\\htdocs\\Cioas\\vendor\\composer\\ClassLoader.php(427): Composer\\Autoload\\{closure}('C:\\\\xampp\\\\htdocs...')
#3 [internal function]: Composer\\Autoload\\ClassLoader->loadClass('App\\\\Models\\\\Hote...')
#4 Command line code(1): class_exists('App\\\\Models\\\\Hote...')
#5 [internal function]: {closure}('App\\\\Models\\\\Hote...')
#6 Command line code(1): array_filter(Array, Object(Closure))
#7 {main}
  thrown at C:\\xampp\\htdocs\\Cioas\\vendor\\composer\\ClassLoader.php:576)
[stacktrace]
#0 {main}
"} 
[2026-05-06 08:02:21] local.ERROR: Target class [App\Http\Controllers\BasicSettings\CityCorporationController] does not exist. {"exception":"[object] (Illuminate\\Contracts\\Container\\BindingResolutionException(code: 0): Target class [App\\Http\\Controllers\\BasicSettings\\CityCorporationController] does not exist. at C:\\xampp\\htdocs\\Cioas\\vendor\\laravel\\framework\\src\\Illuminate\\Container\\Container.php:879)
[stacktrace]
#0 C:\\xampp\\htdocs\\Cioas\\vendor\\laravel\\framework\\src\\Illuminate\\Container\\Container.php(758): Illuminate\\Container\\Container->build('App\\\\Http\\\\Contro...')
#1 C:\\xampp\\htdocs\\Cioas\\vendor\\laravel\\framework\\src\\Illuminate\\Foundation\\Application.php(853): Illuminate\\Container\\Container->resolve('App\\\\Http\\\\Contro...', Array, true)
#2 C:\\xampp\\htdocs\\Cioas\\vendor\\laravel\\framework\\src\\Illuminate\\Container\\Container.php(694): Illuminate\\Foundation\\Application->resolve('App\\\\Http\\\\Contro...', Array)
#3 C:\\xampp\\htdocs\\Cioas\\vendor\\laravel\\framework\\src\\Illuminate\\Foundation\\Application.php(838): Illuminate\\Container\\Container->make('App\\\\Http\\\\Contro...', Array)
#4 C:\\xampp\\htdocs\\Cioas\\vendor\\laravel\\framework\\src\\Illuminate\\Routing\\Route.php(276): Illuminate\\Foundation\\Application->make('App\\\\Http\\\\Contro...')
#5 C:\\xampp\\htdocs\\Cioas\\vendor\\laravel\\framework\\src\\Illuminate\\Routing\\Route.php(1080): Illuminate\\Routing\\Route->getController()
#6 C:\\xampp\\htdocs\\Cioas\\vendor\\laravel\\framework\\src\\Illuminate\\Routing\\Route.php(1023): Illuminate\\Routing\\Route->controllerMiddleware()
#7 C:\\xampp\\htdocs\\Cioas\\vendor\\laravel\\framework\\src\\Illuminate\\Routing\\Router.php(734): Illuminate\\Routing\\Route->gatherMiddleware()
#8 C:\\xampp\\htdocs\\Cioas\\vendor\\laravel\\framework\\src\\Illuminate\\Routing\\Router.php(714): Illuminate\\Routing\\Router->gatherRouteMiddleware(Object(Illuminate\\Routing\\Route))
#9 C:\\xampp\\htdocs\\Cioas\\vendor\\laravel\\framework\\src\\Illuminate\\Routing\\Router.php(698): Illuminate\\Routing\\Router->runRouteWithinStack(Object(Illuminate\\Routing\\Route), Object(Illuminate\\Http\\Request))
#10 C:\\xampp\\htdocs\\Cioas\\vendor\\laravel\\framework\\src\\Illuminate\\Routing\\Router.php(662): Illuminate\\Routing\\Router->runRoute(Object(Illuminate\\Http\\Request), Object(Illuminate\\Routing\\Route))
#11 C:\\xampp\\htdocs\\Cioas\\vendor\\laravel\\framework\\src\\Illuminate\\Routing\\Router.php(651): Illuminate\\Routing\\Router->dispatchToRoute(Object(Illuminate\\Http\\Request))
#12 C:\\xampp\\htdocs\\Cioas\\vendor\\laravel\\framework\\src\\Illuminate\\Foundation\\Http\\Kernel.php(167): Illuminate\\Routing\\Router->dispatch(Object(Illuminate\\Http\\Request))
#13 C:\\xampp\\htdocs\\Cioas\\vendor\\laravel\\framework\\src\\Illuminate\\Pipeline\\Pipeline.php(128): Illuminate\\Foundation\\Http\\Kernel->Illuminate\\Foundation\\Http\\{closure}(Object(Illuminate\\Http\\Request))
#14 C:\\xampp\\htdocs\\Cioas\\vendor\\laravel\\framework\\src\\Illuminate\\Foundation\\Http\\Middleware\\TransformsRequest.php(21): Illuminate\\Pipeline\\Pipeline->Illuminate\\Pipeline\\{closure}(Object(Illuminate\\Http\\Request))
#15 C:\\xampp\\htdocs\\Cioas\\vendor\\laravel\\framework\\src\\Illuminate\\Foundation\\Http\\Middleware\\ConvertEmptyStringsToNull.php(31): Illuminate\\Foundation\\Http\\Middleware\\TransformsRequest->handle(Object(Illuminate\\Http\\Request), Object(Closure))
#16 C:\\xampp\\htdocs\\Cioas\\vendor\\laravel\\framework\\src\\Illuminate\\Pipeline\\Pipeline.php(167): Illuminate\\Foundation\\Http\\Middleware\\ConvertEmptyStringsToNull->handle(Object(Illuminate\\Http\\Request), Object(Closure))
#17 C:\\xampp\\htdocs\\Cioas\\vendor\\laravel\\framework\\src\\Illuminate\\Foundation\\Http\\Middleware\\TransformsRequest.php(21): Illuminate\\Pipeline\\Pipeline->Illuminate\\Pipeline\\{closure}(Object(Illuminate\\Http\\Request))
#18 C:\\xampp\\htdocs\\Cioas\\vendor\\laravel\\framework\\src\\Illuminate\\Foundation\\Http\\Middleware\\TrimStrings.php(40): Illuminate\\Foundation\\Http\\Middleware\\TransformsRequest->handle(Object(Illuminate\\Http\\Request), Object(Closure))
#19 C:\\xampp\\htdocs\\Cioas\\vendor\\laravel\\framework\\src\\Illuminate\\Pipeline\\Pipeline.php(167): Illuminate\\Foundation\\Http\\Middleware\\TrimStrings->handle(Object(Illuminate\\Http\\Request), Object(Closure))
#20 C:\\xampp\\htdocs\\Cioas\\vendor\\laravel\\framework\\src\\Illuminate\\Foundation\\Http\\Middleware\\ValidatePostSize.php(27): Illuminate\\Pipeline\\Pipeline->Illuminate\\Pipeline\\{closure}(Object(Illuminate\\Http\\Request))
#21 C:\\xampp\\htdocs\\Cioas\\vendor\\laravel\\framework\\src\\Illuminate\\Pipeline\\Pipeline.php(167): Illuminate\\Foundation\\Http\\Middleware\\ValidatePostSize->handle(Object(Illuminate\\Http\\Request), Object(Closure))
#22 C:\\xampp\\htdocs\\Cioas\\vendor\\laravel\\framework\\src\\Illuminate\\Foundation\\Http\\Middleware\\PreventRequestsDuringMaintenance.php(86): Illuminate\\Pipeline\\Pipeline->Illuminate\\Pipeline\\{closure}(Object(Illuminate\\Http\\Request))
#23 C:\\xampp\\htdocs\\Cioas\\vendor\\laravel\\framework\\src\\Illuminate\\Pipeline\\Pipeline.php(167): Illuminate\\Foundation\\Http\\Middleware\\PreventRequestsDuringMaintenance->handle(Object(Illuminate\\Http\\Request), Object(Closure))
#24 C:\\xampp\\htdocs\\Cioas\\vendor\\fruitcake\\laravel-cors\\src\\HandleCors.php(38): Illuminate\\Pipeline\\Pipeline->Illuminate\\Pipeline\\{closure}(Object(Illuminate\\Http\\Request))
#25 C:\\xampp\\htdocs\\Cioas\\vendor\\laravel\\framework\\src\\Illuminate\\Pipeline\\Pipeline.php(167): Fruitcake\\Cors\\HandleCors->handle(Object(Illuminate\\Http\\Request), Object(Closure))
#26 C:\\xampp\\htdocs\\Cioas\\vendor\\laravel\\framework\\src\\Illuminate\\Http\\Middleware\\TrustProxies.php(39): Illuminate\\Pipeline\\Pipeline->Illuminate\\Pipeline\\{closure}(Object(Illuminate\\Http\\Request))
#27 C:\\xampp\\htdocs\\Cioas\\vendor\\laravel\\framework\\src\\Illuminate\\Pipeline\\Pipeline.php(167): Illuminate\\Http\\Middleware\\TrustProxies->handle(Object(Illuminate\\Http\\Request), Object(Closure))
#28 C:\\xampp\\htdocs\\Cioas\\vendor\\laravel\\framework\\src\\Illuminate\\Pipeline\\Pipeline.php(103): Illuminate\\Pipeline\\Pipeline->Illuminate\\Pipeline\\{closure}(Object(Illuminate\\Http\\Request))
#29 C:\\xampp\\htdocs\\Cioas\\vendor\\laravel\\framework\\src\\Illuminate\\Foundation\\Http\\Kernel.php(142): Illuminate\\Pipeline\\Pipeline->then(Object(Closure))
#30 C:\\xampp\\htdocs\\Cioas\\vendor\\laravel\\framework\\src\\Illuminate\\Foundation\\Http\\Kernel.php(111): Illuminate\\Foundation\\Http\\Kernel->sendRequestThroughRouter(Object(Illuminate\\Http\\Request))
#31 C:\\xampp\\htdocs\\Cioas\\public\\index.php(51): Illuminate\\Foundation\\Http\\Kernel->handle(Object(Illuminate\\Http\\Request))
#32 C:\\xampp\\htdocs\\Cioas\\server.php(21): require_once('C:\\\\xampp\\\\htdocs...')
#33 {main}

[previous exception] [object] (ReflectionException(code: -1): Class \"App\\Http\\Controllers\\BasicSettings\\CityCorporationController\" does not exist at C:\\xampp\\htdocs\\Cioas\\vendor\\laravel\\framework\\src\\Illuminate\\Container\\Container.php:877)
[stacktrace]
#0 C:\\xampp\\htdocs\\Cioas\\vendor\\laravel\\framework\\src\\Illuminate\\Container\\Container.php(877): ReflectionClass->__construct('App\\\\Http\\\\Contro...')
#1 C:\\xampp\\htdocs\\Cioas\\vendor\\laravel\\framework\\src\\Illuminate\\Container\\Container.php(758): Illuminate\\Container\\Container->build('App\\\\Http\\\\Contro...')
#2 C:\\xampp\\htdocs\\Cioas\\vendor\\laravel\\framework\\src\\Illuminate\\Foundation\\Application.php(853): Illuminate\\Container\\Container->resolve('App\\\\Http\\\\Contro...', Array, true)
#3 C:\\xampp\\htdocs\\Cioas\\vendor\\laravel\\framework\\src\\Illuminate\\Container\\Container.php(694): Illuminate\\Foundation\\Application->resolve('App\\\\Http\\\\Contro...', Array)
#4 C:\\xampp\\htdocs\\Cioas\\vendor\\laravel\\framework\\src\\Illuminate\\Foundation\\Application.php(838): Illuminate\\Container\\Container->make('App\\\\Http\\\\Contro...', Array)
#5 C:\\xampp\\htdocs\\Cioas\\vendor\\laravel\\framework\\src\\Illuminate\\Routing\\Route.php(276): Illuminate\\Foundation\\Application->make('App\\\\Http\\\\Contro...')
#6 C:\\xampp\\htdocs\\Cioas\\vendor\\laravel\\framework\\src\\Illuminate\\Routing\\Route.php(1080): Illuminate\\Routing\\Route->getController()
#7 C:\\xampp\\htdocs\\Cioas\\vendor\\laravel\\framework\\src\\Illuminate\\Routing\\Route.php(1023): Illuminate\\Routing\\Route->controllerMiddleware()
#8 C:\\xampp\\htdocs\\Cioas\\vendor\\laravel\\framework\\src\\Illuminate\\Routing\\Router.php(734): Illuminate\\Routing\\Route->gatherMiddleware()
#9 C:\\xampp\\htdocs\\Cioas\\vendor\\laravel\\framework\\src\\Illuminate\\Routing\\Router.php(714): Illuminate\\Routing\\Router->gatherRouteMiddleware(Object(Illuminate\\Routing\\Route))
#10 C:\\xampp\\htdocs\\Cioas\\vendor\\laravel\\framework\\src\\Illuminate\\Routing\\Router.php(698): Illuminate\\Routing\\Router->runRouteWithinStack(Object(Illuminate\\Routing\\Route), Object(Illuminate\\Http\\Request))
#11 C:\\xampp\\htdocs\\Cioas\\vendor\\laravel\\framework\\src\\Illuminate\\Routing\\Router.php(662): Illuminate\\Routing\\Router->runRoute(Object(Illuminate\\Http\\Request), Object(Illuminate\\Routing\\Route))
#12 C:\\xampp\\htdocs\\Cioas\\vendor\\laravel\\framework\\src\\Illuminate\\Routing\\Router.php(651): Illuminate\\Routing\\Router->dispatchToRoute(Object(Illuminate\\Http\\Request))
#13 C:\\xampp\\htdocs\\Cioas\\vendor\\laravel\\framework\\src\\Illuminate\\Foundation\\Http\\Kernel.php(167): Illuminate\\Routing\\Router->dispatch(Object(Illuminate\\Http\\Request))
#14 C:\\xampp\\htdocs\\Cioas\\vendor\\laravel\\framework\\src\\Illuminate\\Pipeline\\Pipeline.php(128): Illuminate\\Foundation\\Http\\Kernel->Illuminate\\Foundation\\Http\\{closure}(Object(Illuminate\\Http\\Request))
#15 C:\\xampp\\htdocs\\Cioas\\vendor\\laravel\\framework\\src\\Illuminate\\Foundation\\Http\\Middleware\\TransformsRequest.php(21): Illuminate\\Pipeline\\Pipeline->Illuminate\\Pipeline\\{closure}(Object(Illuminate\\Http\\Request))
#16 C:\\xampp\\htdocs\\Cioas\\vendor\\laravel\\framework\\src\\Illuminate\\Foundation\\Http\\Middleware\\ConvertEmptyStringsToNull.php(31): Illuminate\\Foundation\\Http\\Middleware\\TransformsRequest->handle(Object(Illuminate\\Http\\Request), Object(Closure))
#17 C:\\xampp\\htdocs\\Cioas\\vendor\\laravel\\framework\\src\\Illuminate\\Pipeline\\Pipeline.php(167): Illuminate\\Foundation\\Http\\Middleware\\ConvertEmptyStringsToNull->handle(Object(Illuminate\\Http\\Request), Object(Closure))
#18 C:\\xampp\\htdocs\\Cioas\\vendor\\laravel\\framework\\src\\Illuminate\\Foundation\\Http\\Middleware\\TransformsRequest.php(21): Illuminate\\Pipeline\\Pipeline->Illuminate\\Pipeline\\{closure}(Object(Illuminate\\Http\\Request))
#19 C:\\xampp\\htdocs\\Cioas\\vendor\\laravel\\framework\\src\\Illuminate\\Foundation\\Http\\Middleware\\TrimStrings.php(40): Illuminate\\Foundation\\Http\\Middleware\\TransformsRequest->handle(Object(Illuminate\\Http\\Request), Object(Closure))
#20 C:\\xampp\\htdocs\\Cioas\\vendor\\laravel\\framework\\src\\Illuminate\\Pipeline\\Pipeline.php(167): Illuminate\\Foundation\\Http\\Middleware\\TrimStrings->handle(Object(Illuminate\\Http\\Request), Object(Closure))
#21 C:\\xampp\\htdocs\\Cioas\\vendor\\laravel\\framework\\src\\Illuminate\\Foundation\\Http\\Middleware\\ValidatePostSize.php(27): Illuminate\\Pipeline\\Pipeline->Illuminate\\Pipeline\\{closure}(Object(Illuminate\\Http\\Request))
#22 C:\\xampp\\htdocs\\Cioas\\vendor\\laravel\\framework\\src\\Illuminate\\Pipeline\\Pipeline.php(167): Illuminate\\Foundation\\Http\\Middleware\\ValidatePostSize->handle(Object(Illuminate\\Http\\Request), Object(Closure))
#23 C:\\xampp\\htdocs\\Cioas\\vendor\\laravel\\framework\\src\\Illuminate\\Foundation\\Http\\Middleware\\PreventRequestsDuringMaintenance.php(86): Illuminate\\Pipeline\\Pipeline->Illuminate\\Pipeline\\{closure}(Object(Illuminate\\Http\\Request))
#24 C:\\xampp\\htdocs\\Cioas\\vendor\\laravel\\framework\\src\\Illuminate\\Pipeline\\Pipeline.php(167): Illuminate\\Foundation\\Http\\Middleware\\PreventRequestsDuringMaintenance->handle(Object(Illuminate\\Http\\Request), Object(Closure))
#25 C:\\xampp\\htdocs\\Cioas\\vendor\\fruitcake\\laravel-cors\\src\\HandleCors.php(38): Illuminate\\Pipeline\\Pipeline->Illuminate\\Pipeline\\{closure}(Object(Illuminate\\Http\\Request))
#26 C:\\xampp\\htdocs\\Cioas\\vendor\\laravel\\framework\\src\\Illuminate\\Pipeline\\Pipeline.php(167): Fruitcake\\Cors\\HandleCors->handle(Object(Illuminate\\Http\\Request), Object(Closure))
#27 C:\\xampp\\htdocs\\Cioas\\vendor\\laravel\\framework\\src\\Illuminate\\Http\\Middleware\\TrustProxies.php(39): Illuminate\\Pipeline\\Pipeline->Illuminate\\Pipeline\\{closure}(Object(Illuminate\\Http\\Request))
#28 C:\\xampp\\htdocs\\Cioas\\vendor\\laravel\\framework\\src\\Illuminate\\Pipeline\\Pipeline.php(167): Illuminate\\Http\\Middleware\\TrustProxies->handle(Object(Illuminate\\Http\\Request), Object(Closure))
#29 C:\\xampp\\htdocs\\Cioas\\vendor\\laravel\\framework\\src\\Illuminate\\Pipeline\\Pipeline.php(103): Illuminate\\Pipeline\\Pipeline->Illuminate\\Pipeline\\{closure}(Object(Illuminate\\Http\\Request))
#30 C:\\xampp\\htdocs\\Cioas\\vendor\\laravel\\framework\\src\\Illuminate\\Foundation\\Http\\Kernel.php(142): Illuminate\\Pipeline\\Pipeline->then(Object(Closure))
#31 C:\\xampp\\htdocs\\Cioas\\vendor\\laravel\\framework\\src\\Illuminate\\Foundation\\Http\\Kernel.php(111): Illuminate\\Foundation\\Http\\Kernel->sendRequestThroughRouter(Object(Illuminate\\Http\\Request))
#32 C:\\xampp\\htdocs\\Cioas\\public\\index.php(51): Illuminate\\Foundation\\Http\\Kernel->handle(Object(Illuminate\\Http\\Request))
#33 C:\\xampp\\htdocs\\Cioas\\server.php(21): require_once('C:\\\\xampp\\\\htdocs...')
#34 {main}
"} 
[2026-05-06 08:03:01] local.ERROR: Uncaught ErrorException: include(C:\xampp\htdocs\Cioas\vendor\composer/../../app/Models/HotelRestaurant.php): Failed to open stream: No such file or directory in C:\xampp\htdocs\Cioas\vendor\composer\ClassLoader.php:576
Stack trace:
#0 C:\xampp\htdocs\Cioas\vendor\composer\ClassLoader.php(576): Illuminate\Foundation\Bootstrap\HandleExceptions->handleError(2, 'include(C:\\xamp...', 'C:\\xampp\\htdocs...', 576)
#1 C:\xampp\htdocs\Cioas\vendor\composer\ClassLoader.php(576): include()
#2 C:\xampp\htdocs\Cioas\vendor\composer\ClassLoader.php(427): Composer\Autoload\{closure}('C:\\xampp\\htdocs...')
#3 [internal function]: Composer\Autoload\ClassLoader->loadClass('App\\Models\\Hote...')
#4 Command line code(1): class_exists('App\\Models\\Hote...')
#5 [internal function]: {closure}('App\\Models\\Hote...')
#6 Command line code(1): array_filter(Array, Object(Closure))
#7 {main}
  thrown {"exception":"[object] (Symfony\\Component\\ErrorHandler\\Error\\FatalError(code: 0): Uncaught ErrorException: include(C:\\xampp\\htdocs\\Cioas\\vendor\\composer/../../app/Models/HotelRestaurant.php): Failed to open stream: No such file or directory in C:\\xampp\\htdocs\\Cioas\\vendor\\composer\\ClassLoader.php:576
Stack trace:
#0 C:\\xampp\\htdocs\\Cioas\\vendor\\composer\\ClassLoader.php(576): Illuminate\\Foundation\\Bootstrap\\HandleExceptions->handleError(2, 'include(C:\\\\xamp...', 'C:\\\\xampp\\\\htdocs...', 576)
#1 C:\\xampp\\htdocs\\Cioas\\vendor\\composer\\ClassLoader.php(576): include()
#2 C:\\xampp\\htdocs\\Cioas\\vendor\\composer\\ClassLoader.php(427): Composer\\Autoload\\{closure}('C:\\\\xampp\\\\htdocs...')
#3 [internal function]: Composer\\Autoload\\ClassLoader->loadClass('App\\\\Models\\\\Hote...')
#4 Command line code(1): class_exists('App\\\\Models\\\\Hote...')
#5 [internal function]: {closure}('App\\\\Models\\\\Hote...')
#6 Command line code(1): array_filter(Array, Object(Closure))
#7 {main}
  thrown at C:\\xampp\\htdocs\\Cioas\\vendor\\composer\\ClassLoader.php:576)
[stacktrace]
#0 {main}
"} 
[2026-05-06 08:04:01] local.ERROR: Uncaught ErrorException: include(C:\xampp\htdocs\Cioas\vendor\composer/../../app/Models/HotelRestaurant.php): Failed to open stream: No such file or directory in C:\xampp\htdocs\Cioas\vendor\composer\ClassLoader.php:576
Stack trace:
#0 C:\xampp\htdocs\Cioas\vendor\composer\ClassLoader.php(576): Illuminate\Foundation\Bootstrap\HandleExceptions->handleError(2, 'include(C:\\xamp...', 'C:\\xampp\\htdocs...', 576)
#1 C:\xampp\htdocs\Cioas\vendor\composer\ClassLoader.php(576): include()
#2 C:\xampp\htdocs\Cioas\vendor\composer\ClassLoader.php(427): Composer\Autoload\{closure}('C:\\xampp\\htdocs...')
#3 [internal function]: Composer\Autoload\ClassLoader->loadClass('App\\Models\\Hote...')
#4 Command line code(1): class_exists('App\\Models\\Hote...')
#5 [internal function]: {closure}('App\\Models\\Hote...')
#6 Command line code(1): array_filter(Array, Object(Closure))
#7 {main}
  thrown {"exception":"[object] (Symfony\\Component\\ErrorHandler\\Error\\FatalError(code: 0): Uncaught ErrorException: include(C:\\xampp\\htdocs\\Cioas\\vendor\\composer/../../app/Models/HotelRestaurant.php): Failed to open stream: No such file or directory in C:\\xampp\\htdocs\\Cioas\\vendor\\composer\\ClassLoader.php:576
Stack trace:
#0 C:\\xampp\\htdocs\\Cioas\\vendor\\composer\\ClassLoader.php(576): Illuminate\\Foundation\\Bootstrap\\HandleExceptions->handleError(2, 'include(C:\\\\xamp...', 'C:\\\\xampp\\\\htdocs...', 576)
#1 C:\\xampp\\htdocs\\Cioas\\vendor\\composer\\ClassLoader.php(576): include()
#2 C:\\xampp\\htdocs\\Cioas\\vendor\\composer\\ClassLoader.php(427): Composer\\Autoload\\{closure}('C:\\\\xampp\\\\htdocs...')
#3 [internal function]: Composer\\Autoload\\ClassLoader->loadClass('App\\\\Models\\\\Hote...')
#4 Command line code(1): class_exists('App\\\\Models\\\\Hote...')
#5 [internal function]: {closure}('App\\\\Models\\\\Hote...')
#6 Command line code(1): array_filter(Array, Object(Closure))
#7 {main}
  thrown at C:\\xampp\\htdocs\\Cioas\\vendor\\composer\\ClassLoader.php:576)
[stacktrace]
#0 {main}
"} 
[2026-05-06 08:05:01] local.ERROR: Uncaught ErrorException: include(C:\xampp\htdocs\Cioas\vendor\composer/../../app/Models/HotelRestaurant.php): Failed to open stream: No such file or directory in C:\xampp\htdocs\Cioas\vendor\composer\ClassLoader.php:576
Stack trace:
#0 C:\xampp\htdocs\Cioas\vendor\composer\ClassLoader.php(576): Illuminate\Foundation\Bootstrap\HandleExceptions->handleError(2, 'include(C:\\xamp...', 'C:\\xampp\\htdocs...', 576)
#1 C:\xampp\htdocs\Cioas\vendor\composer\ClassLoader.php(576): include()
#2 C:\xampp\htdocs\Cioas\vendor\composer\ClassLoader.php(427): Composer\Autoload\{closure}('C:\\xampp\\htdocs...')
#3 [internal function]: Composer\Autoload\ClassLoader->loadClass('App\\Models\\Hote...')
#4 Command line code(1): class_exists('App\\Models\\Hote...')
#5 [internal function]: {closure}('App\\Models\\Hote...')
#6 Command line code(1): array_filter(Array, Object(Closure))
#7 {main}
  thrown {"exception":"[object] (Symfony\\Component\\ErrorHandler\\Error\\FatalError(code: 0): Uncaught ErrorException: include(C:\\xampp\\htdocs\\Cioas\\vendor\\composer/../../app/Models/HotelRestaurant.php): Failed to open stream: No such file or directory in C:\\xampp\\htdocs\\Cioas\\vendor\\composer\\ClassLoader.php:576
Stack trace:
#0 C:\\xampp\\htdocs\\Cioas\\vendor\\composer\\ClassLoader.php(576): Illuminate\\Foundation\\Bootstrap\\HandleExceptions->handleError(2, 'include(C:\\\\xamp...', 'C:\\\\xampp\\\\htdocs...', 576)
#1 C:\\xampp\\htdocs\\Cioas\\vendor\\composer\\ClassLoader.php(576): include()
#2 C:\\xampp\\htdocs\\Cioas\\vendor\\composer\\ClassLoader.php(427): Composer\\Autoload\\{closure}('C:\\\\xampp\\\\htdocs...')
#3 [internal function]: Composer\\Autoload\\ClassLoader->loadClass('App\\\\Models\\\\Hote...')
#4 Command line code(1): class_exists('App\\\\Models\\\\Hote...')
#5 [internal function]: {closure}('App\\\\Models\\\\Hote...')
#6 Command line code(1): array_filter(Array, Object(Closure))
#7 {main}
  thrown at C:\\xampp\\htdocs\\Cioas\\vendor\\composer\\ClassLoader.php:576)
[stacktrace]
#0 {main}
"} 
[2026-05-06 08:06:01] local.ERROR: Uncaught ErrorException: include(C:\xampp\htdocs\Cioas\vendor\composer/../../app/Models/HotelRestaurant.php): Failed to open stream: No such file or directory in C:\xampp\htdocs\Cioas\vendor\composer\ClassLoader.php:576
Stack trace:
#0 C:\xampp\htdocs\Cioas\vendor\composer\ClassLoader.php(576): Illuminate\Foundation\Bootstrap\HandleExceptions->handleError(2, 'include(C:\\xamp...', 'C:\\xampp\\htdocs...', 576)
#1 C:\xampp\htdocs\Cioas\vendor\composer\ClassLoader.php(576): include()
#2 C:\xampp\htdocs\Cioas\vendor\composer\ClassLoader.php(427): Composer\Autoload\{closure}('C:\\xampp\\htdocs...')
#3 [internal function]: Composer\Autoload\ClassLoader->loadClass('App\\Models\\Hote...')
#4 Command line code(1): class_exists('App\\Models\\Hote...')
#5 [internal function]: {closure}('App\\Models\\Hote...')
#6 Command line code(1): array_filter(Array, Object(Closure))
#7 {main}
  thrown {"exception":"[object] (Symfony\\Component\\ErrorHandler\\Error\\FatalError(code: 0): Uncaught ErrorException: include(C:\\xampp\\htdocs\\Cioas\\vendor\\composer/../../app/Models/HotelRestaurant.php): Failed to open stream: No such file or directory in C:\\xampp\\htdocs\\Cioas\\vendor\\composer\\ClassLoader.php:576
Stack trace:
#0 C:\\xampp\\htdocs\\Cioas\\vendor\\composer\\ClassLoader.php(576): Illuminate\\Foundation\\Bootstrap\\HandleExceptions->handleError(2, 'include(C:\\\\xamp...', 'C:\\\\xampp\\\\htdocs...', 576)
#1 C:\\xampp\\htdocs\\Cioas\\vendor\\composer\\ClassLoader.php(576): include()
#2 C:\\xampp\\htdocs\\Cioas\\vendor\\composer\\ClassLoader.php(427): Composer\\Autoload\\{closure}('C:\\\\xampp\\\\htdocs...')
#3 [internal function]: Composer\\Autoload\\ClassLoader->loadClass('App\\\\Models\\\\Hote...')
#4 Command line code(1): class_exists('App\\\\Models\\\\Hote...')
#5 [internal function]: {closure}('App\\\\Models\\\\Hote...')
#6 Command line code(1): array_filter(Array, Object(Closure))
#7 {main}
  thrown at C:\\xampp\\htdocs\\Cioas\\vendor\\composer\\ClassLoader.php:576)
[stacktrace]
#0 {main}
"} 
[2026-05-06 08:07:01] local.ERROR: Uncaught ErrorException: include(C:\xampp\htdocs\Cioas\vendor\composer/../../app/Models/HotelRestaurant.php): Failed to open stream: No such file or directory in C:\xampp\htdocs\Cioas\vendor\composer\ClassLoader.php:576
Stack trace:
#0 C:\xampp\htdocs\Cioas\vendor\composer\ClassLoader.php(576): Illuminate\Foundation\Bootstrap\HandleExceptions->handleError(2, 'include(C:\\xamp...', 'C:\\xampp\\htdocs...', 576)
#1 C:\xampp\htdocs\Cioas\vendor\composer\ClassLoader.php(576): include()
#2 C:\xampp\htdocs\Cioas\vendor\composer\ClassLoader.php(427): Composer\Autoload\{closure}('C:\\xampp\\htdocs...')
#3 [internal function]: Composer\Autoload\ClassLoader->loadClass('App\\Models\\Hote...')
#4 Command line code(1): class_exists('App\\Models\\Hote...')
#5 [internal function]: {closure}('App\\Models\\Hote...')
#6 Command line code(1): array_filter(Array, Object(Closure))
#7 {main}
  thrown {"exception":"[object] (Symfony\\Component\\ErrorHandler\\Error\\FatalError(code: 0): Uncaught ErrorException: include(C:\\xampp\\htdocs\\Cioas\\vendor\\composer/../../app/Models/HotelRestaurant.php): Failed to open stream: No such file or directory in C:\\xampp\\htdocs\\Cioas\\vendor\\composer\\ClassLoader.php:576
Stack trace:
#0 C:\\xampp\\htdocs\\Cioas\\vendor\\composer\\ClassLoader.php(576): Illuminate\\Foundation\\Bootstrap\\HandleExceptions->handleError(2, 'include(C:\\\\xamp...', 'C:\\\\xampp\\\\htdocs...', 576)
#1 C:\\xampp\\htdocs\\Cioas\\vendor\\composer\\ClassLoader.php(576): include()
#2 C:\\xampp\\htdocs\\Cioas\\vendor\\composer\\ClassLoader.php(427): Composer\\Autoload\\{closure}('C:\\\\xampp\\\\htdocs...')
#3 [internal function]: Composer\\Autoload\\ClassLoader->loadClass('App\\\\Models\\\\Hote...')
#4 Command line code(1): class_exists('App\\\\Models\\\\Hote...')
#5 [internal function]: {closure}('App\\\\Models\\\\Hote...')
#6 Command line code(1): array_filter(Array, Object(Closure))
#7 {main}
  thrown at C:\\xampp\\htdocs\\Cioas\\vendor\\composer\\ClassLoader.php:576)
[stacktrace]
#0 {main}
"} 
[2026-05-06 08:08:01] local.ERROR: Uncaught ErrorException: include(C:\xampp\htdocs\Cioas\vendor\composer/../../app/Models/HotelRestaurant.php): Failed to open stream: No such file or directory in C:\xampp\htdocs\Cioas\vendor\composer\ClassLoader.php:576
Stack trace:
#0 C:\xampp\htdocs\Cioas\vendor\composer\ClassLoader.php(576): Illuminate\Foundation\Bootstrap\HandleExceptions->handleError(2, 'include(C:\\xamp...', 'C:\\xampp\\htdocs...', 576)
#1 C:\xampp\htdocs\Cioas\vendor\composer\ClassLoader.php(576): include()
#2 C:\xampp\htdocs\Cioas\vendor\composer\ClassLoader.php(427): Composer\Autoload\{closure}('C:\\xampp\\htdocs...')
#3 [internal function]: Composer\Autoload\ClassLoader->loadClass('App\\Models\\Hote...')
#4 Command line code(1): class_exists('App\\Models\\Hote...')
#5 [internal function]: {closure}('App\\Models\\Hote...')
#6 Command line code(1): array_filter(Array, Object(Closure))
#7 {main}
  thrown {"exception":"[object] (Symfony\\Component\\ErrorHandler\\Error\\FatalError(code: 0): Uncaught ErrorException: include(C:\\xampp\\htdocs\\Cioas\\vendor\\composer/../../app/Models/HotelRestaurant.php): Failed to open stream: No such file or directory in C:\\xampp\\htdocs\\Cioas\\vendor\\composer\\ClassLoader.php:576
Stack trace:
#0 C:\\xampp\\htdocs\\Cioas\\vendor\\composer\\ClassLoader.php(576): Illuminate\\Foundation\\Bootstrap\\HandleExceptions->handleError(2, 'include(C:\\\\xamp...', 'C:\\\\xampp\\\\htdocs...', 576)
#1 C:\\xampp\\htdocs\\Cioas\\vendor\\composer\\ClassLoader.php(576): include()
#2 C:\\xampp\\htdocs\\Cioas\\vendor\\composer\\ClassLoader.php(427): Composer\\Autoload\\{closure}('C:\\\\xampp\\\\htdocs...')
#3 [internal function]: Composer\\Autoload\\ClassLoader->loadClass('App\\\\Models\\\\Hote...')
#4 Command line code(1): class_exists('App\\\\Models\\\\Hote...')
#5 [internal function]: {closure}('App\\\\Models\\\\Hote...')
#6 Command line code(1): array_filter(Array, Object(Closure))
#7 {main}
  thrown at C:\\xampp\\htdocs\\Cioas\\vendor\\composer\\ClassLoader.php:576)
[stacktrace]
#0 {main}
"} 
[2026-05-06 08:09:01] local.ERROR: Uncaught ErrorException: include(C:\xampp\htdocs\Cioas\vendor\composer/../../app/Models/HotelRestaurant.php): Failed to open stream: No such file or directory in C:\xampp\htdocs\Cioas\vendor\composer\ClassLoader.php:576
Stack trace:
#0 C:\xampp\htdocs\Cioas\vendor\composer\ClassLoader.php(576): Illuminate\Foundation\Bootstrap\HandleExceptions->handleError(2, 'include(C:\\xamp...', 'C:\\xampp\\htdocs...', 576)
#1 C:\xampp\htdocs\Cioas\vendor\composer\ClassLoader.php(576): include()
#2 C:\xampp\htdocs\Cioas\vendor\composer\ClassLoader.php(427): Composer\Autoload\{closure}('C:\\xampp\\htdocs...')
#3 [internal function]: Composer\Autoload\ClassLoader->loadClass('App\\Models\\Hote...')
#4 Command line code(1): class_exists('App\\Models\\Hote...')
#5 [internal function]: {closure}('App\\Models\\Hote...')
#6 Command line code(1): array_filter(Array, Object(Closure))
#7 {main}
  thrown {"exception":"[object] (Symfony\\Component\\ErrorHandler\\Error\\FatalError(code: 0): Uncaught ErrorException: include(C:\\xampp\\htdocs\\Cioas\\vendor\\composer/../../app/Models/HotelRestaurant.php): Failed to open stream: No such file or directory in C:\\xampp\\htdocs\\Cioas\\vendor\\composer\\ClassLoader.php:576
Stack trace:
#0 C:\\xampp\\htdocs\\Cioas\\vendor\\composer\\ClassLoader.php(576): Illuminate\\Foundation\\Bootstrap\\HandleExceptions->handleError(2, 'include(C:\\\\xamp...', 'C:\\\\xampp\\\\htdocs...', 576)
#1 C:\\xampp\\htdocs\\Cioas\\vendor\\composer\\ClassLoader.php(576): include()
#2 C:\\xampp\\htdocs\\Cioas\\vendor\\composer\\ClassLoader.php(427): Composer\\Autoload\\{closure}('C:\\\\xampp\\\\htdocs...')
#3 [internal function]: Composer\\Autoload\\ClassLoader->loadClass('App\\\\Models\\\\Hote...')
#4 Command line code(1): class_exists('App\\\\Models\\\\Hote...')
#5 [internal function]: {closure}('App\\\\Models\\\\Hote...')
#6 Command line code(1): array_filter(Array, Object(Closure))
#7 {main}
  thrown at C:\\xampp\\htdocs\\Cioas\\vendor\\composer\\ClassLoader.php:576)
[stacktrace]
#0 {main}
"} 
[2026-05-06 08:10:01] local.ERROR: Uncaught ErrorException: include(C:\xampp\htdocs\Cioas\vendor\composer/../../app/Models/HotelRestaurant.php): Failed to open stream: No such file or directory in C:\xampp\htdocs\Cioas\vendor\composer\ClassLoader.php:576
Stack trace:
#0 C:\xampp\htdocs\Cioas\vendor\composer\ClassLoader.php(576): Illuminate\Foundation\Bootstrap\HandleExceptions->handleError(2, 'include(C:\\xamp...', 'C:\\xampp\\htdocs...', 576)
#1 C:\xampp\htdocs\Cioas\vendor\composer\ClassLoader.php(576): include()
#2 C:\xampp\htdocs\Cioas\vendor\composer\ClassLoader.php(427): Composer\Autoload\{closure}('C:\\xampp\\htdocs...')
#3 [internal function]: Composer\Autoload\ClassLoader->loadClass('App\\Models\\Hote...')
#4 Command line code(1): class_exists('App\\Models\\Hote...')
#5 [internal function]: {closure}('App\\Models\\Hote...')
#6 Command line code(1): array_filter(Array, Object(Closure))
#7 {main}
  thrown {"exception":"[object] (Symfony\\Component\\ErrorHandler\\Error\\FatalError(code: 0): Uncaught ErrorException: include(C:\\xampp\\htdocs\\Cioas\\vendor\\composer/../../app/Models/HotelRestaurant.php): Failed to open stream: No such file or directory in C:\\xampp\\htdocs\\Cioas\\vendor\\composer\\ClassLoader.php:576
Stack trace:
#0 C:\\xampp\\htdocs\\Cioas\\vendor\\composer\\ClassLoader.php(576): Illuminate\\Foundation\\Bootstrap\\HandleExceptions->handleError(2, 'include(C:\\\\xamp...', 'C:\\\\xampp\\\\htdocs...', 576)
#1 C:\\xampp\\htdocs\\Cioas\\vendor\\composer\\ClassLoader.php(576): include()
#2 C:\\xampp\\htdocs\\Cioas\\vendor\\composer\\ClassLoader.php(427): Composer\\Autoload\\{closure}('C:\\\\xampp\\\\htdocs...')
#3 [internal function]: Composer\\Autoload\\ClassLoader->loadClass('App\\\\Models\\\\Hote...')
#4 Command line code(1): class_exists('App\\\\Models\\\\Hote...')
#5 [internal function]: {closure}('App\\\\Models\\\\Hote...')
#6 Command line code(1): array_filter(Array, Object(Closure))
#7 {main}
  thrown at C:\\xampp\\htdocs\\Cioas\\vendor\\composer\\ClassLoader.php:576)
[stacktrace]
#0 {main}
"} 
[2026-05-06 08:11:01] local.ERROR: Uncaught ErrorException: include(C:\xampp\htdocs\Cioas\vendor\composer/../../app/Models/HotelRestaurant.php): Failed to open stream: No such file or directory in C:\xampp\htdocs\Cioas\vendor\composer\ClassLoader.php:576
Stack trace:
#0 C:\xampp\htdocs\Cioas\vendor\composer\ClassLoader.php(576): Illuminate\Foundation\Bootstrap\HandleExceptions->handleError(2, 'include(C:\\xamp...', 'C:\\xampp\\htdocs...', 576)
#1 C:\xampp\htdocs\Cioas\vendor\composer\ClassLoader.php(576): include()
#2 C:\xampp\htdocs\Cioas\vendor\composer\ClassLoader.php(427): Composer\Autoload\{closure}('C:\\xampp\\htdocs...')
#3 [internal function]: Composer\Autoload\ClassLoader->loadClass('App\\Models\\Hote...')
#4 Command line code(1): class_exists('App\\Models\\Hote...')
#5 [internal function]: {closure}('App\\Models\\Hote...')
#6 Command line code(1): array_filter(Array, Object(Closure))
#7 {main}
  thrown {"exception":"[object] (Symfony\\Component\\ErrorHandler\\Error\\FatalError(code: 0): Uncaught ErrorException: include(C:\\xampp\\htdocs\\Cioas\\vendor\\composer/../../app/Models/HotelRestaurant.php): Failed to open stream: No such file or directory in C:\\xampp\\htdocs\\Cioas\\vendor\\composer\\ClassLoader.php:576
Stack trace:
#0 C:\\xampp\\htdocs\\Cioas\\vendor\\composer\\ClassLoader.php(576): Illuminate\\Foundation\\Bootstrap\\HandleExceptions->handleError(2, 'include(C:\\\\xamp...', 'C:\\\\xampp\\\\htdocs...', 576)
#1 C:\\xampp\\htdocs\\Cioas\\vendor\\composer\\ClassLoader.php(576): include()
#2 C:\\xampp\\htdocs\\Cioas\\vendor\\composer\\ClassLoader.php(427): Composer\\Autoload\\{closure}('C:\\\\xampp\\\\htdocs...')
#3 [internal function]: Composer\\Autoload\\ClassLoader->loadClass('App\\\\Models\\\\Hote...')
#4 Command line code(1): class_exists('App\\\\Models\\\\Hote...')
#5 [internal function]: {closure}('App\\\\Models\\\\Hote...')
#6 Command line code(1): array_filter(Array, Object(Closure))
#7 {main}
  thrown at C:\\xampp\\htdocs\\Cioas\\vendor\\composer\\ClassLoader.php:576)
[stacktrace]
#0 {main}
"} 
[2026-05-06 08:12:01] local.ERROR: Uncaught ErrorException: include(C:\xampp\htdocs\Cioas\vendor\composer/../../app/Models/HotelRestaurant.php): Failed to open stream: No such file or directory in C:\xampp\htdocs\Cioas\vendor\composer\ClassLoader.php:576
Stack trace:
#0 C:\xampp\htdocs\Cioas\vendor\composer\ClassLoader.php(576): Illuminate\Foundation\Bootstrap\HandleExceptions->handleError(2, 'include(C:\\xamp...', 'C:\\xampp\\htdocs...', 576)
#1 C:\xampp\htdocs\Cioas\vendor\composer\ClassLoader.php(576): include()
#2 C:\xampp\htdocs\Cioas\vendor\composer\ClassLoader.php(427): Composer\Autoload\{closure}('C:\\xampp\\htdocs...')
#3 [internal function]: Composer\Autoload\ClassLoader->loadClass('App\\Models\\Hote...')
#4 Command line code(1): class_exists('App\\Models\\Hote...')
#5 [internal function]: {closure}('App\\Models\\Hote...')
#6 Command line code(1): array_filter(Array, Object(Closure))
#7 {main}
  thrown {"exception":"[object] (Symfony\\Component\\ErrorHandler\\Error\\FatalError(code: 0): Uncaught ErrorException: include(C:\\xampp\\htdocs\\Cioas\\vendor\\composer/../../app/Models/HotelRestaurant.php): Failed to open stream: No such file or directory in C:\\xampp\\htdocs\\Cioas\\vendor\\composer\\ClassLoader.php:576
Stack trace:
#0 C:\\xampp\\htdocs\\Cioas\\vendor\\composer\\ClassLoader.php(576): Illuminate\\Foundation\\Bootstrap\\HandleExceptions->handleError(2, 'include(C:\\\\xamp...', 'C:\\\\xampp\\\\htdocs...', 576)
#1 C:\\xampp\\htdocs\\Cioas\\vendor\\composer\\ClassLoader.php(576): include()
#2 C:\\xampp\\htdocs\\Cioas\\vendor\\composer\\ClassLoader.php(427): Composer\\Autoload\\{closure}('C:\\\\xampp\\\\htdocs...')
#3 [internal function]: Composer\\Autoload\\ClassLoader->loadClass('App\\\\Models\\\\Hote...')
#4 Command line code(1): class_exists('App\\\\Models\\\\Hote...')
#5 [internal function]: {closure}('App\\\\Models\\\\Hote...')
#6 Command line code(1): array_filter(Array, Object(Closure))
#7 {main}
  thrown at C:\\xampp\\htdocs\\Cioas\\vendor\\composer\\ClassLoader.php:576)
[stacktrace]
#0 {main}
"} 
[2026-05-06 08:13:01] local.ERROR: Uncaught ErrorException: include(C:\xampp\htdocs\Cioas\vendor\composer/../../app/Models/HotelRestaurant.php): Failed to open stream: No such file or directory in C:\xampp\htdocs\Cioas\vendor\composer\ClassLoader.php:576
Stack trace:
#0 C:\xampp\htdocs\Cioas\vendor\composer\ClassLoader.php(576): Illuminate\Foundation\Bootstrap\HandleExceptions->handleError(2, 'include(C:\\xamp...', 'C:\\xampp\\htdocs...', 576)
#1 C:\xampp\htdocs\Cioas\vendor\composer\ClassLoader.php(576): include()
#2 C:\xampp\htdocs\Cioas\vendor\composer\ClassLoader.php(427): Composer\Autoload\{closure}('C:\\xampp\\htdocs...')
#3 [internal function]: Composer\Autoload\ClassLoader->loadClass('App\\Models\\Hote...')
#4 Command line code(1): class_exists('App\\Models\\Hote...')
#5 [internal function]: {closure}('App\\Models\\Hote...')
#6 Command line code(1): array_filter(Array, Object(Closure))
#7 {main}
  thrown {"exception":"[object] (Symfony\\Component\\ErrorHandler\\Error\\FatalError(code: 0): Uncaught ErrorException: include(C:\\xampp\\htdocs\\Cioas\\vendor\\composer/../../app/Models/HotelRestaurant.php): Failed to open stream: No such file or directory in C:\\xampp\\htdocs\\Cioas\\vendor\\composer\\ClassLoader.php:576
Stack trace:
#0 C:\\xampp\\htdocs\\Cioas\\vendor\\composer\\ClassLoader.php(576): Illuminate\\Foundation\\Bootstrap\\HandleExceptions->handleError(2, 'include(C:\\\\xamp...', 'C:\\\\xampp\\\\htdocs...', 576)
#1 C:\\xampp\\htdocs\\Cioas\\vendor\\composer\\ClassLoader.php(576): include()
#2 C:\\xampp\\htdocs\\Cioas\\vendor\\composer\\ClassLoader.php(427): Composer\\Autoload\\{closure}('C:\\\\xampp\\\\htdocs...')
#3 [internal function]: Composer\\Autoload\\ClassLoader->loadClass('App\\\\Models\\\\Hote...')
#4 Command line code(1): class_exists('App\\\\Models\\\\Hote...')
#5 [internal function]: {closure}('App\\\\Models\\\\Hote...')
#6 Command line code(1): array_filter(Array, Object(Closure))
#7 {main}
  thrown at C:\\xampp\\htdocs\\Cioas\\vendor\\composer\\ClassLoader.php:576)
[stacktrace]
#0 {main}
"} 
[2026-05-06 08:14:01] local.ERROR: Uncaught ErrorException: include(C:\xampp\htdocs\Cioas\vendor\composer/../../app/Models/HotelRestaurant.php): Failed to open stream: No such file or directory in C:\xampp\htdocs\Cioas\vendor\composer\ClassLoader.php:576
Stack trace:
#0 C:\xampp\htdocs\Cioas\vendor\composer\ClassLoader.php(576): Illuminate\Foundation\Bootstrap\HandleExceptions->handleError(2, 'include(C:\\xamp...', 'C:\\xampp\\htdocs...', 576)
#1 C:\xampp\htdocs\Cioas\vendor\composer\ClassLoader.php(576): include()
#2 C:\xampp\htdocs\Cioas\vendor\composer\ClassLoader.php(427): Composer\Autoload\{closure}('C:\\xampp\\htdocs...')
#3 [internal function]: Composer\Autoload\ClassLoader->loadClass('App\\Models\\Hote...')
#4 Command line code(1): class_exists('App\\Models\\Hote...')
#5 [internal function]: {closure}('App\\Models\\Hote...')
#6 Command line code(1): array_filter(Array, Object(Closure))
#7 {main}
  thrown {"exception":"[object] (Symfony\\Component\\ErrorHandler\\Error\\FatalError(code: 0): Uncaught ErrorException: include(C:\\xampp\\htdocs\\Cioas\\vendor\\composer/../../app/Models/HotelRestaurant.php): Failed to open stream: No such file or directory in C:\\xampp\\htdocs\\Cioas\\vendor\\composer\\ClassLoader.php:576
Stack trace:
#0 C:\\xampp\\htdocs\\Cioas\\vendor\\composer\\ClassLoader.php(576): Illuminate\\Foundation\\Bootstrap\\HandleExceptions->handleError(2, 'include(C:\\\\xamp...', 'C:\\\\xampp\\\\htdocs...', 576)
#1 C:\\xampp\\htdocs\\Cioas\\vendor\\composer\\ClassLoader.php(576): include()
#2 C:\\xampp\\htdocs\\Cioas\\vendor\\composer\\ClassLoader.php(427): Composer\\Autoload\\{closure}('C:\\\\xampp\\\\htdocs...')
#3 [internal function]: Composer\\Autoload\\ClassLoader->loadClass('App\\\\Models\\\\Hote...')
#4 Command line code(1): class_exists('App\\\\Models\\\\Hote...')
#5 [internal function]: {closure}('App\\\\Models\\\\Hote...')
#6 Command line code(1): array_filter(Array, Object(Closure))
#7 {main}
  thrown at C:\\xampp\\htdocs\\Cioas\\vendor\\composer\\ClassLoader.php:576)
[stacktrace]
#0 {main}
"} 
[2026-05-06 08:15:01] local.ERROR: Uncaught ErrorException: include(C:\xampp\htdocs\Cioas\vendor\composer/../../app/Models/HotelRestaurant.php): Failed to open stream: No such file or directory in C:\xampp\htdocs\Cioas\vendor\composer\ClassLoader.php:576
Stack trace:
#0 C:\xampp\htdocs\Cioas\vendor\composer\ClassLoader.php(576): Illuminate\Foundation\Bootstrap\HandleExceptions->handleError(2, 'include(C:\\xamp...', 'C:\\xampp\\htdocs...', 576)
#1 C:\xampp\htdocs\Cioas\vendor\composer\ClassLoader.php(576): include()
#2 C:\xampp\htdocs\Cioas\vendor\composer\ClassLoader.php(427): Composer\Autoload\{closure}('C:\\xampp\\htdocs...')
#3 [internal function]: Composer\Autoload\ClassLoader->loadClass('App\\Models\\Hote...')
#4 Command line code(1): class_exists('App\\Models\\Hote...')
#5 [internal function]: {closure}('App\\Models\\Hote...')
#6 Command line code(1): array_filter(Array, Object(Closure))
#7 {main}
  thrown {"exception":"[object] (Symfony\\Component\\ErrorHandler\\Error\\FatalError(code: 0): Uncaught ErrorException: include(C:\\xampp\\htdocs\\Cioas\\vendor\\composer/../../app/Models/HotelRestaurant.php): Failed to open stream: No such file or directory in C:\\xampp\\htdocs\\Cioas\\vendor\\composer\\ClassLoader.php:576
Stack trace:
#0 C:\\xampp\\htdocs\\Cioas\\vendor\\composer\\ClassLoader.php(576): Illuminate\\Foundation\\Bootstrap\\HandleExceptions->handleError(2, 'include(C:\\\\xamp...', 'C:\\\\xampp\\\\htdocs...', 576)
#1 C:\\xampp\\htdocs\\Cioas\\vendor\\composer\\ClassLoader.php(576): include()
#2 C:\\xampp\\htdocs\\Cioas\\vendor\\composer\\ClassLoader.php(427): Composer\\Autoload\\{closure}('C:\\\\xampp\\\\htdocs...')
#3 [internal function]: Composer\\Autoload\\ClassLoader->loadClass('App\\\\Models\\\\Hote...')
#4 Command line code(1): class_exists('App\\\\Models\\\\Hote...')
#5 [internal function]: {closure}('App\\\\Models\\\\Hote...')
#6 Command line code(1): array_filter(Array, Object(Closure))
#7 {main}
  thrown at C:\\xampp\\htdocs\\Cioas\\vendor\\composer\\ClassLoader.php:576)
[stacktrace]
#0 {main}
"} 
[2026-05-06 08:16:01] local.ERROR: Uncaught ErrorException: include(C:\xampp\htdocs\Cioas\vendor\composer/../../app/Models/HotelRestaurant.php): Failed to open stream: No such file or directory in C:\xampp\htdocs\Cioas\vendor\composer\ClassLoader.php:576
Stack trace:
#0 C:\xampp\htdocs\Cioas\vendor\composer\ClassLoader.php(576): Illuminate\Foundation\Bootstrap\HandleExceptions->handleError(2, 'include(C:\\xamp...', 'C:\\xampp\\htdocs...', 576)
#1 C:\xampp\htdocs\Cioas\vendor\composer\ClassLoader.php(576): include()
#2 C:\xampp\htdocs\Cioas\vendor\composer\ClassLoader.php(427): Composer\Autoload\{closure}('C:\\xampp\\htdocs...')
#3 [internal function]: Composer\Autoload\ClassLoader->loadClass('App\\Models\\Hote...')
#4 Command line code(1): class_exists('App\\Models\\Hote...')
#5 [internal function]: {closure}('App\\Models\\Hote...')
#6 Command line code(1): array_filter(Array, Object(Closure))
#7 {main}
  thrown {"exception":"[object] (Symfony\\Component\\ErrorHandler\\Error\\FatalError(code: 0): Uncaught ErrorException: include(C:\\xampp\\htdocs\\Cioas\\vendor\\composer/../../app/Models/HotelRestaurant.php): Failed to open stream: No such file or directory in C:\\xampp\\htdocs\\Cioas\\vendor\\composer\\ClassLoader.php:576
Stack trace:
#0 C:\\xampp\\htdocs\\Cioas\\vendor\\composer\\ClassLoader.php(576): Illuminate\\Foundation\\Bootstrap\\HandleExceptions->handleError(2, 'include(C:\\\\xamp...', 'C:\\\\xampp\\\\htdocs...', 576)
#1 C:\\xampp\\htdocs\\Cioas\\vendor\\composer\\ClassLoader.php(576): include()
#2 C:\\xampp\\htdocs\\Cioas\\vendor\\composer\\ClassLoader.php(427): Composer\\Autoload\\{closure}('C:\\\\xampp\\\\htdocs...')
#3 [internal function]: Composer\\Autoload\\ClassLoader->loadClass('App\\\\Models\\\\Hote...')
#4 Command line code(1): class_exists('App\\\\Models\\\\Hote...')
#5 [internal function]: {closure}('App\\\\Models\\\\Hote...')
#6 Command line code(1): array_filter(Array, Object(Closure))
#7 {main}
  thrown at C:\\xampp\\htdocs\\Cioas\\vendor\\composer\\ClassLoader.php:576)
[stacktrace]
#0 {main}
"} 
[2026-05-06 08:17:01] local.ERROR: Uncaught ErrorException: include(C:\xampp\htdocs\Cioas\vendor\composer/../../app/Models/HotelRestaurant.php): Failed to open stream: No such file or directory in C:\xampp\htdocs\Cioas\vendor\composer\ClassLoader.php:576
Stack trace:
#0 C:\xampp\htdocs\Cioas\vendor\composer\ClassLoader.php(576): Illuminate\Foundation\Bootstrap\HandleExceptions->handleError(2, 'include(C:\\xamp...', 'C:\\xampp\\htdocs...', 576)
#1 C:\xampp\htdocs\Cioas\vendor\composer\ClassLoader.php(576): include()
#2 C:\xampp\htdocs\Cioas\vendor\composer\ClassLoader.php(427): Composer\Autoload\{closure}('C:\\xampp\\htdocs...')
#3 [internal function]: Composer\Autoload\ClassLoader->loadClass('App\\Models\\Hote...')
#4 Command line code(1): class_exists('App\\Models\\Hote...')
#5 [internal function]: {closure}('App\\Models\\Hote...')
#6 Command line code(1): array_filter(Array, Object(Closure))
#7 {main}
  thrown {"exception":"[object] (Symfony\\Component\\ErrorHandler\\Error\\FatalError(code: 0): Uncaught ErrorException: include(C:\\xampp\\htdocs\\Cioas\\vendor\\composer/../../app/Models/HotelRestaurant.php): Failed to open stream: No such file or directory in C:\\xampp\\htdocs\\Cioas\\vendor\\composer\\ClassLoader.php:576
Stack trace:
#0 C:\\xampp\\htdocs\\Cioas\\vendor\\composer\\ClassLoader.php(576): Illuminate\\Foundation\\Bootstrap\\HandleExceptions->handleError(2, 'include(C:\\\\xamp...', 'C:\\\\xampp\\\\htdocs...', 576)
#1 C:\\xampp\\htdocs\\Cioas\\vendor\\composer\\ClassLoader.php(576): include()
#2 C:\\xampp\\htdocs\\Cioas\\vendor\\composer\\ClassLoader.php(427): Composer\\Autoload\\{closure}('C:\\\\xampp\\\\htdocs...')
#3 [internal function]: Composer\\Autoload\\ClassLoader->loadClass('App\\\\Models\\\\Hote...')
#4 Command line code(1): class_exists('App\\\\Models\\\\Hote...')
#5 [internal function]: {closure}('App\\\\Models\\\\Hote...')
#6 Command line code(1): array_filter(Array, Object(Closure))
#7 {main}
  thrown at C:\\xampp\\htdocs\\Cioas\\vendor\\composer\\ClassLoader.php:576)
[stacktrace]
#0 {main}
"} 
[2026-05-06 08:18:01] local.ERROR: Uncaught ErrorException: include(C:\xampp\htdocs\Cioas\vendor\composer/../../app/Models/HotelRestaurant.php): Failed to open stream: No such file or directory in C:\xampp\htdocs\Cioas\vendor\composer\ClassLoader.php:576
Stack trace:
#0 C:\xampp\htdocs\Cioas\vendor\composer\ClassLoader.php(576): Illuminate\Foundation\Bootstrap\HandleExceptions->handleError(2, 'include(C:\\xamp...', 'C:\\xampp\\htdocs...', 576)
#1 C:\xampp\htdocs\Cioas\vendor\composer\ClassLoader.php(576): include()
#2 C:\xampp\htdocs\Cioas\vendor\composer\ClassLoader.php(427): Composer\Autoload\{closure}('C:\\xampp\\htdocs...')
#3 [internal function]: Composer\Autoload\ClassLoader->loadClass('App\\Models\\Hote...')
#4 Command line code(1): class_exists('App\\Models\\Hote...')
#5 [internal function]: {closure}('App\\Models\\Hote...')
#6 Command line code(1): array_filter(Array, Object(Closure))
#7 {main}
  thrown {"exception":"[object] (Symfony\\Component\\ErrorHandler\\Error\\FatalError(code: 0): Uncaught ErrorException: include(C:\\xampp\\htdocs\\Cioas\\vendor\\composer/../../app/Models/HotelRestaurant.php): Failed to open stream: No such file or directory in C:\\xampp\\htdocs\\Cioas\\vendor\\composer\\ClassLoader.php:576
Stack trace:
#0 C:\\xampp\\htdocs\\Cioas\\vendor\\composer\\ClassLoader.php(576): Illuminate\\Foundation\\Bootstrap\\HandleExceptions->handleError(2, 'include(C:\\\\xamp...', 'C:\\\\xampp\\\\htdocs...', 576)
#1 C:\\xampp\\htdocs\\Cioas\\vendor\\composer\\ClassLoader.php(576): include()
#2 C:\\xampp\\htdocs\\Cioas\\vendor\\composer\\ClassLoader.php(427): Composer\\Autoload\\{closure}('C:\\\\xampp\\\\htdocs...')
#3 [internal function]: Composer\\Autoload\\ClassLoader->loadClass('App\\\\Models\\\\Hote...')
#4 Command line code(1): class_exists('App\\\\Models\\\\Hote...')
#5 [internal function]: {closure}('App\\\\Models\\\\Hote...')
#6 Command line code(1): array_filter(Array, Object(Closure))
#7 {main}
  thrown at C:\\xampp\\htdocs\\Cioas\\vendor\\composer\\ClassLoader.php:576)
[stacktrace]
#0 {main}
"} 
[2026-05-06 08:19:01] local.ERROR: Uncaught ErrorException: include(C:\xampp\htdocs\Cioas\vendor\composer/../../app/Models/HotelRestaurant.php): Failed to open stream: No such file or directory in C:\xampp\htdocs\Cioas\vendor\composer\ClassLoader.php:576
Stack trace:
#0 C:\xampp\htdocs\Cioas\vendor\composer\ClassLoader.php(576): Illuminate\Foundation\Bootstrap\HandleExceptions->handleError(2, 'include(C:\\xamp...', 'C:\\xampp\\htdocs...', 576)
#1 C:\xampp\htdocs\Cioas\vendor\composer\ClassLoader.php(576): include()
#2 C:\xampp\htdocs\Cioas\vendor\composer\ClassLoader.php(427): Composer\Autoload\{closure}('C:\\xampp\\htdocs...')
#3 [internal function]: Composer\Autoload\ClassLoader->loadClass('App\\Models\\Hote...')
#4 Command line code(1): class_exists('App\\Models\\Hote...')
#5 [internal function]: {closure}('App\\Models\\Hote...')
#6 Command line code(1): array_filter(Array, Object(Closure))
#7 {main}
  thrown {"exception":"[object] (Symfony\\Component\\ErrorHandler\\Error\\FatalError(code: 0): Uncaught ErrorException: include(C:\\xampp\\htdocs\\Cioas\\vendor\\composer/../../app/Models/HotelRestaurant.php): Failed to open stream: No such file or directory in C:\\xampp\\htdocs\\Cioas\\vendor\\composer\\ClassLoader.php:576
Stack trace:
#0 C:\\xampp\\htdocs\\Cioas\\vendor\\composer\\ClassLoader.php(576): Illuminate\\Foundation\\Bootstrap\\HandleExceptions->handleError(2, 'include(C:\\\\xamp...', 'C:\\\\xampp\\\\htdocs...', 576)
#1 C:\\xampp\\htdocs\\Cioas\\vendor\\composer\\ClassLoader.php(576): include()
#2 C:\\xampp\\htdocs\\Cioas\\vendor\\composer\\ClassLoader.php(427): Composer\\Autoload\\{closure}('C:\\\\xampp\\\\htdocs...')
#3 [internal function]: Composer\\Autoload\\ClassLoader->loadClass('App\\\\Models\\\\Hote...')
#4 Command line code(1): class_exists('App\\\\Models\\\\Hote...')
#5 [internal function]: {closure}('App\\\\Models\\\\Hote...')
#6 Command line code(1): array_filter(Array, Object(Closure))
#7 {main}
  thrown at C:\\xampp\\htdocs\\Cioas\\vendor\\composer\\ClassLoader.php:576)
[stacktrace]
#0 {main}
"} 
[2026-05-06 08:20:01] local.ERROR: Uncaught ErrorException: include(C:\xampp\htdocs\Cioas\vendor\composer/../../app/Models/HotelRestaurant.php): Failed to open stream: No such file or directory in C:\xampp\htdocs\Cioas\vendor\composer\ClassLoader.php:576
Stack trace:
#0 C:\xampp\htdocs\Cioas\vendor\composer\ClassLoader.php(576): Illuminate\Foundation\Bootstrap\HandleExceptions->handleError(2, 'include(C:\\xamp...', 'C:\\xampp\\htdocs...', 576)
#1 C:\xampp\htdocs\Cioas\vendor\composer\ClassLoader.php(576): include()
#2 C:\xampp\htdocs\Cioas\vendor\composer\ClassLoader.php(427): Composer\Autoload\{closure}('C:\\xampp\\htdocs...')
#3 [internal function]: Composer\Autoload\ClassLoader->loadClass('App\\Models\\Hote...')
#4 Command line code(1): class_exists('App\\Models\\Hote...')
#5 [internal function]: {closure}('App\\Models\\Hote...')
#6 Command line code(1): array_filter(Array, Object(Closure))
#7 {main}
  thrown {"exception":"[object] (Symfony\\Component\\ErrorHandler\\Error\\FatalError(code: 0): Uncaught ErrorException: include(C:\\xampp\\htdocs\\Cioas\\vendor\\composer/../../app/Models/HotelRestaurant.php): Failed to open stream: No such file or directory in C:\\xampp\\htdocs\\Cioas\\vendor\\composer\\ClassLoader.php:576
Stack trace:
#0 C:\\xampp\\htdocs\\Cioas\\vendor\\composer\\ClassLoader.php(576): Illuminate\\Foundation\\Bootstrap\\HandleExceptions->handleError(2, 'include(C:\\\\xamp...', 'C:\\\\xampp\\\\htdocs...', 576)
#1 C:\\xampp\\htdocs\\Cioas\\vendor\\composer\\ClassLoader.php(576): include()
#2 C:\\xampp\\htdocs\\Cioas\\vendor\\composer\\ClassLoader.php(427): Composer\\Autoload\\{closure}('C:\\\\xampp\\\\htdocs...')
#3 [internal function]: Composer\\Autoload\\ClassLoader->loadClass('App\\\\Models\\\\Hote...')
#4 Command line code(1): class_exists('App\\\\Models\\\\Hote...')
#5 [internal function]: {closure}('App\\\\Models\\\\Hote...')
#6 Command line code(1): array_filter(Array, Object(Closure))
#7 {main}
  thrown at C:\\xampp\\htdocs\\Cioas\\vendor\\composer\\ClassLoader.php:576)
[stacktrace]
#0 {main}
"} 
[2026-05-06 08:21:01] local.ERROR: Uncaught ErrorException: include(C:\xampp\htdocs\Cioas\vendor\composer/../../app/Models/HotelRestaurant.php): Failed to open stream: No such file or directory in C:\xampp\htdocs\Cioas\vendor\composer\ClassLoader.php:576
Stack trace:
#0 C:\xampp\htdocs\Cioas\vendor\composer\ClassLoader.php(576): Illuminate\Foundation\Bootstrap\HandleExceptions->handleError(2, 'include(C:\\xamp...', 'C:\\xampp\\htdocs...', 576)
#1 C:\xampp\htdocs\Cioas\vendor\composer\ClassLoader.php(576): include()
#2 C:\xampp\htdocs\Cioas\vendor\composer\ClassLoader.php(427): Composer\Autoload\{closure}('C:\\xampp\\htdocs...')
#3 [internal function]: Composer\Autoload\ClassLoader->loadClass('App\\Models\\Hote...')
#4 Command line code(1): class_exists('App\\Models\\Hote...')
#5 [internal function]: {closure}('App\\Models\\Hote...')
#6 Command line code(1): array_filter(Array, Object(Closure))
#7 {main}
  thrown {"exception":"[object] (Symfony\\Component\\ErrorHandler\\Error\\FatalError(code: 0): Uncaught ErrorException: include(C:\\xampp\\htdocs\\Cioas\\vendor\\composer/../../app/Models/HotelRestaurant.php): Failed to open stream: No such file or directory in C:\\xampp\\htdocs\\Cioas\\vendor\\composer\\ClassLoader.php:576
Stack trace:
#0 C:\\xampp\\htdocs\\Cioas\\vendor\\composer\\ClassLoader.php(576): Illuminate\\Foundation\\Bootstrap\\HandleExceptions->handleError(2, 'include(C:\\\\xamp...', 'C:\\\\xampp\\\\htdocs...', 576)
#1 C:\\xampp\\htdocs\\Cioas\\vendor\\composer\\ClassLoader.php(576): include()
#2 C:\\xampp\\htdocs\\Cioas\\vendor\\composer\\ClassLoader.php(427): Composer\\Autoload\\{closure}('C:\\\\xampp\\\\htdocs...')
#3 [internal function]: Composer\\Autoload\\ClassLoader->loadClass('App\\\\Models\\\\Hote...')
#4 Command line code(1): class_exists('App\\\\Models\\\\Hote...')
#5 [internal function]: {closure}('App\\\\Models\\\\Hote...')
#6 Command line code(1): array_filter(Array, Object(Closure))
#7 {main}
  thrown at C:\\xampp\\htdocs\\Cioas\\vendor\\composer\\ClassLoader.php:576)
[stacktrace]
#0 {main}
"} 
[2026-05-06 08:22:01] local.ERROR: Uncaught ErrorException: include(C:\xampp\htdocs\Cioas\vendor\composer/../../app/Models/HotelRestaurant.php): Failed to open stream: No such file or directory in C:\xampp\htdocs\Cioas\vendor\composer\ClassLoader.php:576
Stack trace:
#0 C:\xampp\htdocs\Cioas\vendor\composer\ClassLoader.php(576): Illuminate\Foundation\Bootstrap\HandleExceptions->handleError(2, 'include(C:\\xamp...', 'C:\\xampp\\htdocs...', 576)
#1 C:\xampp\htdocs\Cioas\vendor\composer\ClassLoader.php(576): include()
#2 C:\xampp\htdocs\Cioas\vendor\composer\ClassLoader.php(427): Composer\Autoload\{closure}('C:\\xampp\\htdocs...')
#3 [internal function]: Composer\Autoload\ClassLoader->loadClass('App\\Models\\Hote...')
#4 Command line code(1): class_exists('App\\Models\\Hote...')
#5 [internal function]: {closure}('App\\Models\\Hote...')
#6 Command line code(1): array_filter(Array, Object(Closure))
#7 {main}
  thrown {"exception":"[object] (Symfony\\Component\\ErrorHandler\\Error\\FatalError(code: 0): Uncaught ErrorException: include(C:\\xampp\\htdocs\\Cioas\\vendor\\composer/../../app/Models/HotelRestaurant.php): Failed to open stream: No such file or directory in C:\\xampp\\htdocs\\Cioas\\vendor\\composer\\ClassLoader.php:576
Stack trace:
#0 C:\\xampp\\htdocs\\Cioas\\vendor\\composer\\ClassLoader.php(576): Illuminate\\Foundation\\Bootstrap\\HandleExceptions->handleError(2, 'include(C:\\\\xamp...', 'C:\\\\xampp\\\\htdocs...', 576)
#1 C:\\xampp\\htdocs\\Cioas\\vendor\\composer\\ClassLoader.php(576): include()
#2 C:\\xampp\\htdocs\\Cioas\\vendor\\composer\\ClassLoader.php(427): Composer\\Autoload\\{closure}('C:\\\\xampp\\\\htdocs...')
#3 [internal function]: Composer\\Autoload\\ClassLoader->loadClass('App\\\\Models\\\\Hote...')
#4 Command line code(1): class_exists('App\\\\Models\\\\Hote...')
#5 [internal function]: {closure}('App\\\\Models\\\\Hote...')
#6 Command line code(1): array_filter(Array, Object(Closure))
#7 {main}
  thrown at C:\\xampp\\htdocs\\Cioas\\vendor\\composer\\ClassLoader.php:576)
[stacktrace]
#0 {main}
"} 
[2026-05-06 08:23:01] local.ERROR: Uncaught ErrorException: include(C:\xampp\htdocs\Cioas\vendor\composer/../../app/Models/HotelRestaurant.php): Failed to open stream: No such file or directory in C:\xampp\htdocs\Cioas\vendor\composer\ClassLoader.php:576
Stack trace:
#0 C:\xampp\htdocs\Cioas\vendor\composer\ClassLoader.php(576): Illuminate\Foundation\Bootstrap\HandleExceptions->handleError(2, 'include(C:\\xamp...', 'C:\\xampp\\htdocs...', 576)
#1 C:\xampp\htdocs\Cioas\vendor\composer\ClassLoader.php(576): include()
#2 C:\xampp\htdocs\Cioas\vendor\composer\ClassLoader.php(427): Composer\Autoload\{closure}('C:\\xampp\\htdocs...')
#3 [internal function]: Composer\Autoload\ClassLoader->loadClass('App\\Models\\Hote...')
#4 Command line code(1): class_exists('App\\Models\\Hote...')
#5 [internal function]: {closure}('App\\Models\\Hote...')
#6 Command line code(1): array_filter(Array, Object(Closure))
#7 {main}
  thrown {"exception":"[object] (Symfony\\Component\\ErrorHandler\\Error\\FatalError(code: 0): Uncaught ErrorException: include(C:\\xampp\\htdocs\\Cioas\\vendor\\composer/../../app/Models/HotelRestaurant.php): Failed to open stream: No such file or directory in C:\\xampp\\htdocs\\Cioas\\vendor\\composer\\ClassLoader.php:576
Stack trace:
#0 C:\\xampp\\htdocs\\Cioas\\vendor\\composer\\ClassLoader.php(576): Illuminate\\Foundation\\Bootstrap\\HandleExceptions->handleError(2, 'include(C:\\\\xamp...', 'C:\\\\xampp\\\\htdocs...', 576)
#1 C:\\xampp\\htdocs\\Cioas\\vendor\\composer\\ClassLoader.php(576): include()
#2 C:\\xampp\\htdocs\\Cioas\\vendor\\composer\\ClassLoader.php(427): Composer\\Autoload\\{closure}('C:\\\\xampp\\\\htdocs...')
#3 [internal function]: Composer\\Autoload\\ClassLoader->loadClass('App\\\\Models\\\\Hote...')
#4 Command line code(1): class_exists('App\\\\Models\\\\Hote...')
#5 [internal function]: {closure}('App\\\\Models\\\\Hote...')
#6 Command line code(1): array_filter(Array, Object(Closure))
#7 {main}
  thrown at C:\\xampp\\htdocs\\Cioas\\vendor\\composer\\ClassLoader.php:576)
[stacktrace]
#0 {main}
"} 
[2026-05-06 08:24:01] local.ERROR: Uncaught ErrorException: include(C:\xampp\htdocs\Cioas\vendor\composer/../../app/Models/HotelRestaurant.php): Failed to open stream: No such file or directory in C:\xampp\htdocs\Cioas\vendor\composer\ClassLoader.php:576
Stack trace:
#0 C:\xampp\htdocs\Cioas\vendor\composer\ClassLoader.php(576): Illuminate\Foundation\Bootstrap\HandleExceptions->handleError(2, 'include(C:\\xamp...', 'C:\\xampp\\htdocs...', 576)
#1 C:\xampp\htdocs\Cioas\vendor\composer\ClassLoader.php(576): include()
#2 C:\xampp\htdocs\Cioas\vendor\composer\ClassLoader.php(427): Composer\Autoload\{closure}('C:\\xampp\\htdocs...')
#3 [internal function]: Composer\Autoload\ClassLoader->loadClass('App\\Models\\Hote...')
#4 Command line code(1): class_exists('App\\Models\\Hote...')
#5 [internal function]: {closure}('App\\Models\\Hote...')
#6 Command line code(1): array_filter(Array, Object(Closure))
#7 {main}
  thrown {"exception":"[object] (Symfony\\Component\\ErrorHandler\\Error\\FatalError(code: 0): Uncaught ErrorException: include(C:\\xampp\\htdocs\\Cioas\\vendor\\composer/../../app/Models/HotelRestaurant.php): Failed to open stream: No such file or directory in C:\\xampp\\htdocs\\Cioas\\vendor\\composer\\ClassLoader.php:576
Stack trace:
#0 C:\\xampp\\htdocs\\Cioas\\vendor\\composer\\ClassLoader.php(576): Illuminate\\Foundation\\Bootstrap\\HandleExceptions->handleError(2, 'include(C:\\\\xamp...', 'C:\\\\xampp\\\\htdocs...', 576)
#1 C:\\xampp\\htdocs\\Cioas\\vendor\\composer\\ClassLoader.php(576): include()
#2 C:\\xampp\\htdocs\\Cioas\\vendor\\composer\\ClassLoader.php(427): Composer\\Autoload\\{closure}('C:\\\\xampp\\\\htdocs...')
#3 [internal function]: Composer\\Autoload\\ClassLoader->loadClass('App\\\\Models\\\\Hote...')
#4 Command line code(1): class_exists('App\\\\Models\\\\Hote...')
#5 [internal function]: {closure}('App\\\\Models\\\\Hote...')
#6 Command line code(1): array_filter(Array, Object(Closure))
#7 {main}
  thrown at C:\\xampp\\htdocs\\Cioas\\vendor\\composer\\ClassLoader.php:576)
[stacktrace]
#0 {main}
"} 
[2026-05-06 08:25:01] local.ERROR: Uncaught ErrorException: include(C:\xampp\htdocs\Cioas\vendor\composer/../../app/Models/HotelRestaurant.php): Failed to open stream: No such file or directory in C:\xampp\htdocs\Cioas\vendor\composer\ClassLoader.php:576
Stack trace:
#0 C:\xampp\htdocs\Cioas\vendor\composer\ClassLoader.php(576): Illuminate\Foundation\Bootstrap\HandleExceptions->handleError(2, 'include(C:\\xamp...', 'C:\\xampp\\htdocs...', 576)
#1 C:\xampp\htdocs\Cioas\vendor\composer\ClassLoader.php(576): include()
#2 C:\xampp\htdocs\Cioas\vendor\composer\ClassLoader.php(427): Composer\Autoload\{closure}('C:\\xampp\\htdocs...')
#3 [internal function]: Composer\Autoload\ClassLoader->loadClass('App\\Models\\Hote...')
#4 Command line code(1): class_exists('App\\Models\\Hote...')
#5 [internal function]: {closure}('App\\Models\\Hote...')
#6 Command line code(1): array_filter(Array, Object(Closure))
#7 {main}
  thrown {"exception":"[object] (Symfony\\Component\\ErrorHandler\\Error\\FatalError(code: 0): Uncaught ErrorException: include(C:\\xampp\\htdocs\\Cioas\\vendor\\composer/../../app/Models/HotelRestaurant.php): Failed to open stream: No such file or directory in C:\\xampp\\htdocs\\Cioas\\vendor\\composer\\ClassLoader.php:576
Stack trace:
#0 C:\\xampp\\htdocs\\Cioas\\vendor\\composer\\ClassLoader.php(576): Illuminate\\Foundation\\Bootstrap\\HandleExceptions->handleError(2, 'include(C:\\\\xamp...', 'C:\\\\xampp\\\\htdocs...', 576)
#1 C:\\xampp\\htdocs\\Cioas\\vendor\\composer\\ClassLoader.php(576): include()
#2 C:\\xampp\\htdocs\\Cioas\\vendor\\composer\\ClassLoader.php(427): Composer\\Autoload\\{closure}('C:\\\\xampp\\\\htdocs...')
#3 [internal function]: Composer\\Autoload\\ClassLoader->loadClass('App\\\\Models\\\\Hote...')
#4 Command line code(1): class_exists('App\\\\Models\\\\Hote...')
#5 [internal function]: {closure}('App\\\\Models\\\\Hote...')
#6 Command line code(1): array_filter(Array, Object(Closure))
#7 {main}
  thrown at C:\\xampp\\htdocs\\Cioas\\vendor\\composer\\ClassLoader.php:576)
[stacktrace]
#0 {main}
"} 
[2026-05-06 08:26:01] local.ERROR: Uncaught ErrorException: include(C:\xampp\htdocs\Cioas\vendor\composer/../../app/Models/HotelRestaurant.php): Failed to open stream: No such file or directory in C:\xampp\htdocs\Cioas\vendor\composer\ClassLoader.php:576
Stack trace:
#0 C:\xampp\htdocs\Cioas\vendor\composer\ClassLoader.php(576): Illuminate\Foundation\Bootstrap\HandleExceptions->handleError(2, 'include(C:\\xamp...', 'C:\\xampp\\htdocs...', 576)
#1 C:\xampp\htdocs\Cioas\vendor\composer\ClassLoader.php(576): include()
#2 C:\xampp\htdocs\Cioas\vendor\composer\ClassLoader.php(427): Composer\Autoload\{closure}('C:\\xampp\\htdocs...')
#3 [internal function]: Composer\Autoload\ClassLoader->loadClass('App\\Models\\Hote...')
#4 Command line code(1): class_exists('App\\Models\\Hote...')
#5 [internal function]: {closure}('App\\Models\\Hote...')
#6 Command line code(1): array_filter(Array, Object(Closure))
#7 {main}
  thrown {"exception":"[object] (Symfony\\Component\\ErrorHandler\\Error\\FatalError(code: 0): Uncaught ErrorException: include(C:\\xampp\\htdocs\\Cioas\\vendor\\composer/../../app/Models/HotelRestaurant.php): Failed to open stream: No such file or directory in C:\\xampp\\htdocs\\Cioas\\vendor\\composer\\ClassLoader.php:576
Stack trace:
#0 C:\\xampp\\htdocs\\Cioas\\vendor\\composer\\ClassLoader.php(576): Illuminate\\Foundation\\Bootstrap\\HandleExceptions->handleError(2, 'include(C:\\\\xamp...', 'C:\\\\xampp\\\\htdocs...', 576)
#1 C:\\xampp\\htdocs\\Cioas\\vendor\\composer\\ClassLoader.php(576): include()
#2 C:\\xampp\\htdocs\\Cioas\\vendor\\composer\\ClassLoader.php(427): Composer\\Autoload\\{closure}('C:\\\\xampp\\\\htdocs...')
#3 [internal function]: Composer\\Autoload\\ClassLoader->loadClass('App\\\\Models\\\\Hote...')
#4 Command line code(1): class_exists('App\\\\Models\\\\Hote...')
#5 [internal function]: {closure}('App\\\\Models\\\\Hote...')
#6 Command line code(1): array_filter(Array, Object(Closure))
#7 {main}
  thrown at C:\\xampp\\htdocs\\Cioas\\vendor\\composer\\ClassLoader.php:576)
[stacktrace]
#0 {main}
"} 
[2026-05-06 08:27:01] local.ERROR: Uncaught ErrorException: include(C:\xampp\htdocs\Cioas\vendor\composer/../../app/Models/HotelRestaurant.php): Failed to open stream: No such file or directory in C:\xampp\htdocs\Cioas\vendor\composer\ClassLoader.php:576
Stack trace:
#0 C:\xampp\htdocs\Cioas\vendor\composer\ClassLoader.php(576): Illuminate\Foundation\Bootstrap\HandleExceptions->handleError(2, 'include(C:\\xamp...', 'C:\\xampp\\htdocs...', 576)
#1 C:\xampp\htdocs\Cioas\vendor\composer\ClassLoader.php(576): include()
#2 C:\xampp\htdocs\Cioas\vendor\composer\ClassLoader.php(427): Composer\Autoload\{closure}('C:\\xampp\\htdocs...')
#3 [internal function]: Composer\Autoload\ClassLoader->loadClass('App\\Models\\Hote...')
#4 Command line code(1): class_exists('App\\Models\\Hote...')
#5 [internal function]: {closure}('App\\Models\\Hote...')
#6 Command line code(1): array_filter(Array, Object(Closure))
#7 {main}
  thrown {"exception":"[object] (Symfony\\Component\\ErrorHandler\\Error\\FatalError(code: 0): Uncaught ErrorException: include(C:\\xampp\\htdocs\\Cioas\\vendor\\composer/../../app/Models/HotelRestaurant.php): Failed to open stream: No such file or directory in C:\\xampp\\htdocs\\Cioas\\vendor\\composer\\ClassLoader.php:576
Stack trace:
#0 C:\\xampp\\htdocs\\Cioas\\vendor\\composer\\ClassLoader.php(576): Illuminate\\Foundation\\Bootstrap\\HandleExceptions->handleError(2, 'include(C:\\\\xamp...', 'C:\\\\xampp\\\\htdocs...', 576)
#1 C:\\xampp\\htdocs\\Cioas\\vendor\\composer\\ClassLoader.php(576): include()
#2 C:\\xampp\\htdocs\\Cioas\\vendor\\composer\\ClassLoader.php(427): Composer\\Autoload\\{closure}('C:\\\\xampp\\\\htdocs...')
#3 [internal function]: Composer\\Autoload\\ClassLoader->loadClass('App\\\\Models\\\\Hote...')
#4 Command line code(1): class_exists('App\\\\Models\\\\Hote...')
#5 [internal function]: {closure}('App\\\\Models\\\\Hote...')
#6 Command line code(1): array_filter(Array, Object(Closure))
#7 {main}
  thrown at C:\\xampp\\htdocs\\Cioas\\vendor\\composer\\ClassLoader.php:576)
[stacktrace]
#0 {main}
"} 
[2026-05-06 08:28:01] local.ERROR: Uncaught ErrorException: include(C:\xampp\htdocs\Cioas\vendor\composer/../../app/Models/HotelRestaurant.php): Failed to open stream: No such file or directory in C:\xampp\htdocs\Cioas\vendor\composer\ClassLoader.php:576
Stack trace:
#0 C:\xampp\htdocs\Cioas\vendor\composer\ClassLoader.php(576): Illuminate\Foundation\Bootstrap\HandleExceptions->handleError(2, 'include(C:\\xamp...', 'C:\\xampp\\htdocs...', 576)
#1 C:\xampp\htdocs\Cioas\vendor\composer\ClassLoader.php(576): include()
#2 C:\xampp\htdocs\Cioas\vendor\composer\ClassLoader.php(427): Composer\Autoload\{closure}('C:\\xampp\\htdocs...')
#3 [internal function]: Composer\Autoload\ClassLoader->loadClass('App\\Models\\Hote...')
#4 Command line code(1): class_exists('App\\Models\\Hote...')
#5 [internal function]: {closure}('App\\Models\\Hote...')
#6 Command line code(1): array_filter(Array, Object(Closure))
#7 {main}
  thrown {"exception":"[object] (Symfony\\Component\\ErrorHandler\\Error\\FatalError(code: 0): Uncaught ErrorException: include(C:\\xampp\\htdocs\\Cioas\\vendor\\composer/../../app/Models/HotelRestaurant.php): Failed to open stream: No such file or directory in C:\\xampp\\htdocs\\Cioas\\vendor\\composer\\ClassLoader.php:576
Stack trace:
#0 C:\\xampp\\htdocs\\Cioas\\vendor\\composer\\ClassLoader.php(576): Illuminate\\Foundation\\Bootstrap\\HandleExceptions->handleError(2, 'include(C:\\\\xamp...', 'C:\\\\xampp\\\\htdocs...', 576)
#1 C:\\xampp\\htdocs\\Cioas\\vendor\\composer\\ClassLoader.php(576): include()
#2 C:\\xampp\\htdocs\\Cioas\\vendor\\composer\\ClassLoader.php(427): Composer\\Autoload\\{closure}('C:\\\\xampp\\\\htdocs...')
#3 [internal function]: Composer\\Autoload\\ClassLoader->loadClass('App\\\\Models\\\\Hote...')
#4 Command line code(1): class_exists('App\\\\Models\\\\Hote...')
#5 [internal function]: {closure}('App\\\\Models\\\\Hote...')
#6 Command line code(1): array_filter(Array, Object(Closure))
#7 {main}
  thrown at C:\\xampp\\htdocs\\Cioas\\vendor\\composer\\ClassLoader.php:576)
[stacktrace]
#0 {main}
"} 
[2026-05-06 08:29:01] local.ERROR: Uncaught ErrorException: include(C:\xampp\htdocs\Cioas\vendor\composer/../../app/Models/HotelRestaurant.php): Failed to open stream: No such file or directory in C:\xampp\htdocs\Cioas\vendor\composer\ClassLoader.php:576
Stack trace:
#0 C:\xampp\htdocs\Cioas\vendor\composer\ClassLoader.php(576): Illuminate\Foundation\Bootstrap\HandleExceptions->handleError(2, 'include(C:\\xamp...', 'C:\\xampp\\htdocs...', 576)
#1 C:\xampp\htdocs\Cioas\vendor\composer\ClassLoader.php(576): include()
#2 C:\xampp\htdocs\Cioas\vendor\composer\ClassLoader.php(427): Composer\Autoload\{closure}('C:\\xampp\\htdocs...')
#3 [internal function]: Composer\Autoload\ClassLoader->loadClass('App\\Models\\Hote...')
#4 Command line code(1): class_exists('App\\Models\\Hote...')
#5 [internal function]: {closure}('App\\Models\\Hote...')
#6 Command line code(1): array_filter(Array, Object(Closure))
#7 {main}
  thrown {"exception":"[object] (Symfony\\Component\\ErrorHandler\\Error\\FatalError(code: 0): Uncaught ErrorException: include(C:\\xampp\\htdocs\\Cioas\\vendor\\composer/../../app/Models/HotelRestaurant.php): Failed to open stream: No such file or directory in C:\\xampp\\htdocs\\Cioas\\vendor\\composer\\ClassLoader.php:576
Stack trace:
#0 C:\\xampp\\htdocs\\Cioas\\vendor\\composer\\ClassLoader.php(576): Illuminate\\Foundation\\Bootstrap\\HandleExceptions->handleError(2, 'include(C:\\\\xamp...', 'C:\\\\xampp\\\\htdocs...', 576)
#1 C:\\xampp\\htdocs\\Cioas\\vendor\\composer\\ClassLoader.php(576): include()
#2 C:\\xampp\\htdocs\\Cioas\\vendor\\composer\\ClassLoader.php(427): Composer\\Autoload\\{closure}('C:\\\\xampp\\\\htdocs...')
#3 [internal function]: Composer\\Autoload\\ClassLoader->loadClass('App\\\\Models\\\\Hote...')
#4 Command line code(1): class_exists('App\\\\Models\\\\Hote...')
#5 [internal function]: {closure}('App\\\\Models\\\\Hote...')
#6 Command line code(1): array_filter(Array, Object(Closure))
#7 {main}
  thrown at C:\\xampp\\htdocs\\Cioas\\vendor\\composer\\ClassLoader.php:576)
[stacktrace]
#0 {main}
"} 
[2026-05-06 08:30:01] local.ERROR: Uncaught ErrorException: include(C:\xampp\htdocs\Cioas\vendor\composer/../../app/Models/HotelRestaurant.php): Failed to open stream: No such file or directory in C:\xampp\htdocs\Cioas\vendor\composer\ClassLoader.php:576
Stack trace:
#0 C:\xampp\htdocs\Cioas\vendor\composer\ClassLoader.php(576): Illuminate\Foundation\Bootstrap\HandleExceptions->handleError(2, 'include(C:\\xamp...', 'C:\\xampp\\htdocs...', 576)
#1 C:\xampp\htdocs\Cioas\vendor\composer\ClassLoader.php(576): include()
#2 C:\xampp\htdocs\Cioas\vendor\composer\ClassLoader.php(427): Composer\Autoload\{closure}('C:\\xampp\\htdocs...')
#3 [internal function]: Composer\Autoload\ClassLoader->loadClass('App\\Models\\Hote...')
#4 Command line code(1): class_exists('App\\Models\\Hote...')
#5 [internal function]: {closure}('App\\Models\\Hote...')
#6 Command line code(1): array_filter(Array, Object(Closure))
#7 {main}
  thrown {"exception":"[object] (Symfony\\Component\\ErrorHandler\\Error\\FatalError(code: 0): Uncaught ErrorException: include(C:\\xampp\\htdocs\\Cioas\\vendor\\composer/../../app/Models/HotelRestaurant.php): Failed to open stream: No such file or directory in C:\\xampp\\htdocs\\Cioas\\vendor\\composer\\ClassLoader.php:576
Stack trace:
#0 C:\\xampp\\htdocs\\Cioas\\vendor\\composer\\ClassLoader.php(576): Illuminate\\Foundation\\Bootstrap\\HandleExceptions->handleError(2, 'include(C:\\\\xamp...', 'C:\\\\xampp\\\\htdocs...', 576)
#1 C:\\xampp\\htdocs\\Cioas\\vendor\\composer\\ClassLoader.php(576): include()
#2 C:\\xampp\\htdocs\\Cioas\\vendor\\composer\\ClassLoader.php(427): Composer\\Autoload\\{closure}('C:\\\\xampp\\\\htdocs...')
#3 [internal function]: Composer\\Autoload\\ClassLoader->loadClass('App\\\\Models\\\\Hote...')
#4 Command line code(1): class_exists('App\\\\Models\\\\Hote...')
#5 [internal function]: {closure}('App\\\\Models\\\\Hote...')
#6 Command line code(1): array_filter(Array, Object(Closure))
#7 {main}
  thrown at C:\\xampp\\htdocs\\Cioas\\vendor\\composer\\ClassLoader.php:576)
[stacktrace]
#0 {main}
"} 
[2026-05-06 08:31:01] local.ERROR: Uncaught ErrorException: include(C:\xampp\htdocs\Cioas\vendor\composer/../../app/Models/HotelRestaurant.php): Failed to open stream: No such file or directory in C:\xampp\htdocs\Cioas\vendor\composer\ClassLoader.php:576
Stack trace:
#0 C:\xampp\htdocs\Cioas\vendor\composer\ClassLoader.php(576): Illuminate\Foundation\Bootstrap\HandleExceptions->handleError(2, 'include(C:\\xamp...', 'C:\\xampp\\htdocs...', 576)
#1 C:\xampp\htdocs\Cioas\vendor\composer\ClassLoader.php(576): include()
#2 C:\xampp\htdocs\Cioas\vendor\composer\ClassLoader.php(427): Composer\Autoload\{closure}('C:\\xampp\\htdocs...')
#3 [internal function]: Composer\Autoload\ClassLoader->loadClass('App\\Models\\Hote...')
#4 Command line code(1): class_exists('App\\Models\\Hote...')
#5 [internal function]: {closure}('App\\Models\\Hote...')
#6 Command line code(1): array_filter(Array, Object(Closure))
#7 {main}
  thrown {"exception":"[object] (Symfony\\Component\\ErrorHandler\\Error\\FatalError(code: 0): Uncaught ErrorException: include(C:\\xampp\\htdocs\\Cioas\\vendor\\composer/../../app/Models/HotelRestaurant.php): Failed to open stream: No such file or directory in C:\\xampp\\htdocs\\Cioas\\vendor\\composer\\ClassLoader.php:576
Stack trace:
#0 C:\\xampp\\htdocs\\Cioas\\vendor\\composer\\ClassLoader.php(576): Illuminate\\Foundation\\Bootstrap\\HandleExceptions->handleError(2, 'include(C:\\\\xamp...', 'C:\\\\xampp\\\\htdocs...', 576)
#1 C:\\xampp\\htdocs\\Cioas\\vendor\\composer\\ClassLoader.php(576): include()
#2 C:\\xampp\\htdocs\\Cioas\\vendor\\composer\\ClassLoader.php(427): Composer\\Autoload\\{closure}('C:\\\\xampp\\\\htdocs...')
#3 [internal function]: Composer\\Autoload\\ClassLoader->loadClass('App\\\\Models\\\\Hote...')
#4 Command line code(1): class_exists('App\\\\Models\\\\Hote...')
#5 [internal function]: {closure}('App\\\\Models\\\\Hote...')
#6 Command line code(1): array_filter(Array, Object(Closure))
#7 {main}
  thrown at C:\\xampp\\htdocs\\Cioas\\vendor\\composer\\ClassLoader.php:576)
[stacktrace]
#0 {main}
"} 
[2026-05-06 08:32:01] local.ERROR: Uncaught ErrorException: include(C:\xampp\htdocs\Cioas\vendor\composer/../../app/Models/HotelRestaurant.php): Failed to open stream: No such file or directory in C:\xampp\htdocs\Cioas\vendor\composer\ClassLoader.php:576
Stack trace:
#0 C:\xampp\htdocs\Cioas\vendor\composer\ClassLoader.php(576): Illuminate\Foundation\Bootstrap\HandleExceptions->handleError(2, 'include(C:\\xamp...', 'C:\\xampp\\htdocs...', 576)
#1 C:\xampp\htdocs\Cioas\vendor\composer\ClassLoader.php(576): include()
#2 C:\xampp\htdocs\Cioas\vendor\composer\ClassLoader.php(427): Composer\Autoload\{closure}('C:\\xampp\\htdocs...')
#3 [internal function]: Composer\Autoload\ClassLoader->loadClass('App\\Models\\Hote...')
#4 Command line code(1): class_exists('App\\Models\\Hote...')
#5 [internal function]: {closure}('App\\Models\\Hote...')
#6 Command line code(1): array_filter(Array, Object(Closure))
#7 {main}
  thrown {"exception":"[object] (Symfony\\Component\\ErrorHandler\\Error\\FatalError(code: 0): Uncaught ErrorException: include(C:\\xampp\\htdocs\\Cioas\\vendor\\composer/../../app/Models/HotelRestaurant.php): Failed to open stream: No such file or directory in C:\\xampp\\htdocs\\Cioas\\vendor\\composer\\ClassLoader.php:576
Stack trace:
#0 C:\\xampp\\htdocs\\Cioas\\vendor\\composer\\ClassLoader.php(576): Illuminate\\Foundation\\Bootstrap\\HandleExceptions->handleError(2, 'include(C:\\\\xamp...', 'C:\\\\xampp\\\\htdocs...', 576)
#1 C:\\xampp\\htdocs\\Cioas\\vendor\\composer\\ClassLoader.php(576): include()
#2 C:\\xampp\\htdocs\\Cioas\\vendor\\composer\\ClassLoader.php(427): Composer\\Autoload\\{closure}('C:\\\\xampp\\\\htdocs...')
#3 [internal function]: Composer\\Autoload\\ClassLoader->loadClass('App\\\\Models\\\\Hote...')
#4 Command line code(1): class_exists('App\\\\Models\\\\Hote...')
#5 [internal function]: {closure}('App\\\\Models\\\\Hote...')
#6 Command line code(1): array_filter(Array, Object(Closure))
#7 {main}
  thrown at C:\\xampp\\htdocs\\Cioas\\vendor\\composer\\ClassLoader.php:576)
[stacktrace]
#0 {main}
"} 
[2026-05-06 08:33:01] local.ERROR: Uncaught ErrorException: include(C:\xampp\htdocs\Cioas\vendor\composer/../../app/Models/HotelRestaurant.php): Failed to open stream: No such file or directory in C:\xampp\htdocs\Cioas\vendor\composer\ClassLoader.php:576
Stack trace:
#0 C:\xampp\htdocs\Cioas\vendor\composer\ClassLoader.php(576): Illuminate\Foundation\Bootstrap\HandleExceptions->handleError(2, 'include(C:\\xamp...', 'C:\\xampp\\htdocs...', 576)
#1 C:\xampp\htdocs\Cioas\vendor\composer\ClassLoader.php(576): include()
#2 C:\xampp\htdocs\Cioas\vendor\composer\ClassLoader.php(427): Composer\Autoload\{closure}('C:\\xampp\\htdocs...')
#3 [internal function]: Composer\Autoload\ClassLoader->loadClass('App\\Models\\Hote...')
#4 Command line code(1): class_exists('App\\Models\\Hote...')
#5 [internal function]: {closure}('App\\Models\\Hote...')
#6 Command line code(1): array_filter(Array, Object(Closure))
#7 {main}
  thrown {"exception":"[object] (Symfony\\Component\\ErrorHandler\\Error\\FatalError(code: 0): Uncaught ErrorException: include(C:\\xampp\\htdocs\\Cioas\\vendor\\composer/../../app/Models/HotelRestaurant.php): Failed to open stream: No such file or directory in C:\\xampp\\htdocs\\Cioas\\vendor\\composer\\ClassLoader.php:576
Stack trace:
#0 C:\\xampp\\htdocs\\Cioas\\vendor\\composer\\ClassLoader.php(576): Illuminate\\Foundation\\Bootstrap\\HandleExceptions->handleError(2, 'include(C:\\\\xamp...', 'C:\\\\xampp\\\\htdocs...', 576)
#1 C:\\xampp\\htdocs\\Cioas\\vendor\\composer\\ClassLoader.php(576): include()
#2 C:\\xampp\\htdocs\\Cioas\\vendor\\composer\\ClassLoader.php(427): Composer\\Autoload\\{closure}('C:\\\\xampp\\\\htdocs...')
#3 [internal function]: Composer\\Autoload\\ClassLoader->loadClass('App\\\\Models\\\\Hote...')
#4 Command line code(1): class_exists('App\\\\Models\\\\Hote...')
#5 [internal function]: {closure}('App\\\\Models\\\\Hote...')
#6 Command line code(1): array_filter(Array, Object(Closure))
#7 {main}
  thrown at C:\\xampp\\htdocs\\Cioas\\vendor\\composer\\ClassLoader.php:576)
[stacktrace]
#0 {main}
"} 
[2026-05-06 08:34:01] local.ERROR: Uncaught ErrorException: include(C:\xampp\htdocs\Cioas\vendor\composer/../../app/Models/HotelRestaurant.php): Failed to open stream: No such file or directory in C:\xampp\htdocs\Cioas\vendor\composer\ClassLoader.php:576
Stack trace:
#0 C:\xampp\htdocs\Cioas\vendor\composer\ClassLoader.php(576): Illuminate\Foundation\Bootstrap\HandleExceptions->handleError(2, 'include(C:\\xamp...', 'C:\\xampp\\htdocs...', 576)
#1 C:\xampp\htdocs\Cioas\vendor\composer\ClassLoader.php(576): include()
#2 C:\xampp\htdocs\Cioas\vendor\composer\ClassLoader.php(427): Composer\Autoload\{closure}('C:\\xampp\\htdocs...')
#3 [internal function]: Composer\Autoload\ClassLoader->loadClass('App\\Models\\Hote...')
#4 Command line code(1): class_exists('App\\Models\\Hote...')
#5 [internal function]: {closure}('App\\Models\\Hote...')
#6 Command line code(1): array_filter(Array, Object(Closure))
#7 {main}
  thrown {"exception":"[object] (Symfony\\Component\\ErrorHandler\\Error\\FatalError(code: 0): Uncaught ErrorException: include(C:\\xampp\\htdocs\\Cioas\\vendor\\composer/../../app/Models/HotelRestaurant.php): Failed to open stream: No such file or directory in C:\\xampp\\htdocs\\Cioas\\vendor\\composer\\ClassLoader.php:576
Stack trace:
#0 C:\\xampp\\htdocs\\Cioas\\vendor\\composer\\ClassLoader.php(576): Illuminate\\Foundation\\Bootstrap\\HandleExceptions->handleError(2, 'include(C:\\\\xamp...', 'C:\\\\xampp\\\\htdocs...', 576)
#1 C:\\xampp\\htdocs\\Cioas\\vendor\\composer\\ClassLoader.php(576): include()
#2 C:\\xampp\\htdocs\\Cioas\\vendor\\composer\\ClassLoader.php(427): Composer\\Autoload\\{closure}('C:\\\\xampp\\\\htdocs...')
#3 [internal function]: Composer\\Autoload\\ClassLoader->loadClass('App\\\\Models\\\\Hote...')
#4 Command line code(1): class_exists('App\\\\Models\\\\Hote...')
#5 [internal function]: {closure}('App\\\\Models\\\\Hote...')
#6 Command line code(1): array_filter(Array, Object(Closure))
#7 {main}
  thrown at C:\\xampp\\htdocs\\Cioas\\vendor\\composer\\ClassLoader.php:576)
[stacktrace]
#0 {main}
"} 
[2026-05-06 08:35:01] local.ERROR: Uncaught ErrorException: include(C:\xampp\htdocs\Cioas\vendor\composer/../../app/Models/HotelRestaurant.php): Failed to open stream: No such file or directory in C:\xampp\htdocs\Cioas\vendor\composer\ClassLoader.php:576
Stack trace:
#0 C:\xampp\htdocs\Cioas\vendor\composer\ClassLoader.php(576): Illuminate\Foundation\Bootstrap\HandleExceptions->handleError(2, 'include(C:\\xamp...', 'C:\\xampp\\htdocs...', 576)
#1 C:\xampp\htdocs\Cioas\vendor\composer\ClassLoader.php(576): include()
#2 C:\xampp\htdocs\Cioas\vendor\composer\ClassLoader.php(427): Composer\Autoload\{closure}('C:\\xampp\\htdocs...')
#3 [internal function]: Composer\Autoload\ClassLoader->loadClass('App\\Models\\Hote...')
#4 Command line code(1): class_exists('App\\Models\\Hote...')
#5 [internal function]: {closure}('App\\Models\\Hote...')
#6 Command line code(1): array_filter(Array, Object(Closure))
#7 {main}
  thrown {"exception":"[object] (Symfony\\Component\\ErrorHandler\\Error\\FatalError(code: 0): Uncaught ErrorException: include(C:\\xampp\\htdocs\\Cioas\\vendor\\composer/../../app/Models/HotelRestaurant.php): Failed to open stream: No such file or directory in C:\\xampp\\htdocs\\Cioas\\vendor\\composer\\ClassLoader.php:576
Stack trace:
#0 C:\\xampp\\htdocs\\Cioas\\vendor\\composer\\ClassLoader.php(576): Illuminate\\Foundation\\Bootstrap\\HandleExceptions->handleError(2, 'include(C:\\\\xamp...', 'C:\\\\xampp\\\\htdocs...', 576)
#1 C:\\xampp\\htdocs\\Cioas\\vendor\\composer\\ClassLoader.php(576): include()
#2 C:\\xampp\\htdocs\\Cioas\\vendor\\composer\\ClassLoader.php(427): Composer\\Autoload\\{closure}('C:\\\\xampp\\\\htdocs...')
#3 [internal function]: Composer\\Autoload\\ClassLoader->loadClass('App\\\\Models\\\\Hote...')
#4 Command line code(1): class_exists('App\\\\Models\\\\Hote...')
#5 [internal function]: {closure}('App\\\\Models\\\\Hote...')
#6 Command line code(1): array_filter(Array, Object(Closure))
#7 {main}
  thrown at C:\\xampp\\htdocs\\Cioas\\vendor\\composer\\ClassLoader.php:576)
[stacktrace]
#0 {main}
"} 
[2026-05-06 08:36:01] local.ERROR: Uncaught ErrorException: include(C:\xampp\htdocs\Cioas\vendor\composer/../../app/Models/HotelRestaurant.php): Failed to open stream: No such file or directory in C:\xampp\htdocs\Cioas\vendor\composer\ClassLoader.php:576
Stack trace:
#0 C:\xampp\htdocs\Cioas\vendor\composer\ClassLoader.php(576): Illuminate\Foundation\Bootstrap\HandleExceptions->handleError(2, 'include(C:\\xamp...', 'C:\\xampp\\htdocs...', 576)
#1 C:\xampp\htdocs\Cioas\vendor\composer\ClassLoader.php(576): include()
#2 C:\xampp\htdocs\Cioas\vendor\composer\ClassLoader.php(427): Composer\Autoload\{closure}('C:\\xampp\\htdocs...')
#3 [internal function]: Composer\Autoload\ClassLoader->loadClass('App\\Models\\Hote...')
#4 Command line code(1): class_exists('App\\Models\\Hote...')
#5 [internal function]: {closure}('App\\Models\\Hote...')
#6 Command line code(1): array_filter(Array, Object(Closure))
#7 {main}
  thrown {"exception":"[object] (Symfony\\Component\\ErrorHandler\\Error\\FatalError(code: 0): Uncaught ErrorException: include(C:\\xampp\\htdocs\\Cioas\\vendor\\composer/../../app/Models/HotelRestaurant.php): Failed to open stream: No such file or directory in C:\\xampp\\htdocs\\Cioas\\vendor\\composer\\ClassLoader.php:576
Stack trace:
#0 C:\\xampp\\htdocs\\Cioas\\vendor\\composer\\ClassLoader.php(576): Illuminate\\Foundation\\Bootstrap\\HandleExceptions->handleError(2, 'include(C:\\\\xamp...', 'C:\\\\xampp\\\\htdocs...', 576)
#1 C:\\xampp\\htdocs\\Cioas\\vendor\\composer\\ClassLoader.php(576): include()
#2 C:\\xampp\\htdocs\\Cioas\\vendor\\composer\\ClassLoader.php(427): Composer\\Autoload\\{closure}('C:\\\\xampp\\\\htdocs...')
#3 [internal function]: Composer\\Autoload\\ClassLoader->loadClass('App\\\\Models\\\\Hote...')
#4 Command line code(1): class_exists('App\\\\Models\\\\Hote...')
#5 [internal function]: {closure}('App\\\\Models\\\\Hote...')
#6 Command line code(1): array_filter(Array, Object(Closure))
#7 {main}
  thrown at C:\\xampp\\htdocs\\Cioas\\vendor\\composer\\ClassLoader.php:576)
[stacktrace]
#0 {main}
"} 
[2026-05-06 08:37:01] local.ERROR: Uncaught ErrorException: include(C:\xampp\htdocs\Cioas\vendor\composer/../../app/Models/HotelRestaurant.php): Failed to open stream: No such file or directory in C:\xampp\htdocs\Cioas\vendor\composer\ClassLoader.php:576
Stack trace:
#0 C:\xampp\htdocs\Cioas\vendor\composer\ClassLoader.php(576): Illuminate\Foundation\Bootstrap\HandleExceptions->handleError(2, 'include(C:\\xamp...', 'C:\\xampp\\htdocs...', 576)
#1 C:\xampp\htdocs\Cioas\vendor\composer\ClassLoader.php(576): include()
#2 C:\xampp\htdocs\Cioas\vendor\composer\ClassLoader.php(427): Composer\Autoload\{closure}('C:\\xampp\\htdocs...')
#3 [internal function]: Composer\Autoload\ClassLoader->loadClass('App\\Models\\Hote...')
#4 Command line code(1): class_exists('App\\Models\\Hote...')
#5 [internal function]: {closure}('App\\Models\\Hote...')
#6 Command line code(1): array_filter(Array, Object(Closure))
#7 {main}
  thrown {"exception":"[object] (Symfony\\Component\\ErrorHandler\\Error\\FatalError(code: 0): Uncaught ErrorException: include(C:\\xampp\\htdocs\\Cioas\\vendor\\composer/../../app/Models/HotelRestaurant.php): Failed to open stream: No such file or directory in C:\\xampp\\htdocs\\Cioas\\vendor\\composer\\ClassLoader.php:576
Stack trace:
#0 C:\\xampp\\htdocs\\Cioas\\vendor\\composer\\ClassLoader.php(576): Illuminate\\Foundation\\Bootstrap\\HandleExceptions->handleError(2, 'include(C:\\\\xamp...', 'C:\\\\xampp\\\\htdocs...', 576)
#1 C:\\xampp\\htdocs\\Cioas\\vendor\\composer\\ClassLoader.php(576): include()
#2 C:\\xampp\\htdocs\\Cioas\\vendor\\composer\\ClassLoader.php(427): Composer\\Autoload\\{closure}('C:\\\\xampp\\\\htdocs...')
#3 [internal function]: Composer\\Autoload\\ClassLoader->loadClass('App\\\\Models\\\\Hote...')
#4 Command line code(1): class_exists('App\\\\Models\\\\Hote...')
#5 [internal function]: {closure}('App\\\\Models\\\\Hote...')
#6 Command line code(1): array_filter(Array, Object(Closure))
#7 {main}
  thrown at C:\\xampp\\htdocs\\Cioas\\vendor\\composer\\ClassLoader.php:576)
[stacktrace]
#0 {main}
"} 
[2026-05-06 08:38:02] local.ERROR: Uncaught ErrorException: include(C:\xampp\htdocs\Cioas\vendor\composer/../../app/Models/HotelRestaurant.php): Failed to open stream: No such file or directory in C:\xampp\htdocs\Cioas\vendor\composer\ClassLoader.php:576
Stack trace:
#0 C:\xampp\htdocs\Cioas\vendor\composer\ClassLoader.php(576): Illuminate\Foundation\Bootstrap\HandleExceptions->handleError(2, 'include(C:\\xamp...', 'C:\\xampp\\htdocs...', 576)
#1 C:\xampp\htdocs\Cioas\vendor\composer\ClassLoader.php(576): include()
#2 C:\xampp\htdocs\Cioas\vendor\composer\ClassLoader.php(427): Composer\Autoload\{closure}('C:\\xampp\\htdocs...')
#3 [internal function]: Composer\Autoload\ClassLoader->loadClass('App\\Models\\Hote...')
#4 Command line code(1): class_exists('App\\Models\\Hote...')
#5 [internal function]: {closure}('App\\Models\\Hote...')
#6 Command line code(1): array_filter(Array, Object(Closure))
#7 {main}
  thrown {"exception":"[object] (Symfony\\Component\\ErrorHandler\\Error\\FatalError(code: 0): Uncaught ErrorException: include(C:\\xampp\\htdocs\\Cioas\\vendor\\composer/../../app/Models/HotelRestaurant.php): Failed to open stream: No such file or directory in C:\\xampp\\htdocs\\Cioas\\vendor\\composer\\ClassLoader.php:576
Stack trace:
#0 C:\\xampp\\htdocs\\Cioas\\vendor\\composer\\ClassLoader.php(576): Illuminate\\Foundation\\Bootstrap\\HandleExceptions->handleError(2, 'include(C:\\\\xamp...', 'C:\\\\xampp\\\\htdocs...', 576)
#1 C:\\xampp\\htdocs\\Cioas\\vendor\\composer\\ClassLoader.php(576): include()
#2 C:\\xampp\\htdocs\\Cioas\\vendor\\composer\\ClassLoader.php(427): Composer\\Autoload\\{closure}('C:\\\\xampp\\\\htdocs...')
#3 [internal function]: Composer\\Autoload\\ClassLoader->loadClass('App\\\\Models\\\\Hote...')
#4 Command line code(1): class_exists('App\\\\Models\\\\Hote...')
#5 [internal function]: {closure}('App\\\\Models\\\\Hote...')
#6 Command line code(1): array_filter(Array, Object(Closure))
#7 {main}
  thrown at C:\\xampp\\htdocs\\Cioas\\vendor\\composer\\ClassLoader.php:576)
[stacktrace]
#0 {main}
"} 
[2026-05-06 08:39:01] local.ERROR: Uncaught ErrorException: include(C:\xampp\htdocs\Cioas\vendor\composer/../../app/Models/HotelRestaurant.php): Failed to open stream: No such file or directory in C:\xampp\htdocs\Cioas\vendor\composer\ClassLoader.php:576
Stack trace:
#0 C:\xampp\htdocs\Cioas\vendor\composer\ClassLoader.php(576): Illuminate\Foundation\Bootstrap\HandleExceptions->handleError(2, 'include(C:\\xamp...', 'C:\\xampp\\htdocs...', 576)
#1 C:\xampp\htdocs\Cioas\vendor\composer\ClassLoader.php(576): include()
#2 C:\xampp\htdocs\Cioas\vendor\composer\ClassLoader.php(427): Composer\Autoload\{closure}('C:\\xampp\\htdocs...')
#3 [internal function]: Composer\Autoload\ClassLoader->loadClass('App\\Models\\Hote...')
#4 Command line code(1): class_exists('App\\Models\\Hote...')
#5 [internal function]: {closure}('App\\Models\\Hote...')
#6 Command line code(1): array_filter(Array, Object(Closure))
#7 {main}
  thrown {"exception":"[object] (Symfony\\Component\\ErrorHandler\\Error\\FatalError(code: 0): Uncaught ErrorException: include(C:\\xampp\\htdocs\\Cioas\\vendor\\composer/../../app/Models/HotelRestaurant.php): Failed to open stream: No such file or directory in C:\\xampp\\htdocs\\Cioas\\vendor\\composer\\ClassLoader.php:576
Stack trace:
#0 C:\\xampp\\htdocs\\Cioas\\vendor\\composer\\ClassLoader.php(576): Illuminate\\Foundation\\Bootstrap\\HandleExceptions->handleError(2, 'include(C:\\\\xamp...', 'C:\\\\xampp\\\\htdocs...', 576)
#1 C:\\xampp\\htdocs\\Cioas\\vendor\\composer\\ClassLoader.php(576): include()
#2 C:\\xampp\\htdocs\\Cioas\\vendor\\composer\\ClassLoader.php(427): Composer\\Autoload\\{closure}('C:\\\\xampp\\\\htdocs...')
#3 [internal function]: Composer\\Autoload\\ClassLoader->loadClass('App\\\\Models\\\\Hote...')
#4 Command line code(1): class_exists('App\\\\Models\\\\Hote...')
#5 [internal function]: {closure}('App\\\\Models\\\\Hote...')
#6 Command line code(1): array_filter(Array, Object(Closure))
#7 {main}
  thrown at C:\\xampp\\htdocs\\Cioas\\vendor\\composer\\ClassLoader.php:576)
[stacktrace]
#0 {main}
"} 
[2026-05-06 08:40:01] local.ERROR: Uncaught ErrorException: include(C:\xampp\htdocs\Cioas\vendor\composer/../../app/Models/HotelRestaurant.php): Failed to open stream: No such file or directory in C:\xampp\htdocs\Cioas\vendor\composer\ClassLoader.php:576
Stack trace:
#0 C:\xampp\htdocs\Cioas\vendor\composer\ClassLoader.php(576): Illuminate\Foundation\Bootstrap\HandleExceptions->handleError(2, 'include(C:\\xamp...', 'C:\\xampp\\htdocs...', 576)
#1 C:\xampp\htdocs\Cioas\vendor\composer\ClassLoader.php(576): include()
#2 C:\xampp\htdocs\Cioas\vendor\composer\ClassLoader.php(427): Composer\Autoload\{closure}('C:\\xampp\\htdocs...')
#3 [internal function]: Composer\Autoload\ClassLoader->loadClass('App\\Models\\Hote...')
#4 Command line code(1): class_exists('App\\Models\\Hote...')
#5 [internal function]: {closure}('App\\Models\\Hote...')
#6 Command line code(1): array_filter(Array, Object(Closure))
#7 {main}
  thrown {"exception":"[object] (Symfony\\Component\\ErrorHandler\\Error\\FatalError(code: 0): Uncaught ErrorException: include(C:\\xampp\\htdocs\\Cioas\\vendor\\composer/../../app/Models/HotelRestaurant.php): Failed to open stream: No such file or directory in C:\\xampp\\htdocs\\Cioas\\vendor\\composer\\ClassLoader.php:576
Stack trace:
#0 C:\\xampp\\htdocs\\Cioas\\vendor\\composer\\ClassLoader.php(576): Illuminate\\Foundation\\Bootstrap\\HandleExceptions->handleError(2, 'include(C:\\\\xamp...', 'C:\\\\xampp\\\\htdocs...', 576)
#1 C:\\xampp\\htdocs\\Cioas\\vendor\\composer\\ClassLoader.php(576): include()
#2 C:\\xampp\\htdocs\\Cioas\\vendor\\composer\\ClassLoader.php(427): Composer\\Autoload\\{closure}('C:\\\\xampp\\\\htdocs...')
#3 [internal function]: Composer\\Autoload\\ClassLoader->loadClass('App\\\\Models\\\\Hote...')
#4 Command line code(1): class_exists('App\\\\Models\\\\Hote...')
#5 [internal function]: {closure}('App\\\\Models\\\\Hote...')
#6 Command line code(1): array_filter(Array, Object(Closure))
#7 {main}
  thrown at C:\\xampp\\htdocs\\Cioas\\vendor\\composer\\ClassLoader.php:576)
[stacktrace]
#0 {main}
"} 
[2026-05-06 08:41:01] local.ERROR: Uncaught ErrorException: include(C:\xampp\htdocs\Cioas\vendor\composer/../../app/Models/HotelRestaurant.php): Failed to open stream: No such file or directory in C:\xampp\htdocs\Cioas\vendor\composer\ClassLoader.php:576
Stack trace:
#0 C:\xampp\htdocs\Cioas\vendor\composer\ClassLoader.php(576): Illuminate\Foundation\Bootstrap\HandleExceptions->handleError(2, 'include(C:\\xamp...', 'C:\\xampp\\htdocs...', 576)
#1 C:\xampp\htdocs\Cioas\vendor\composer\ClassLoader.php(576): include()
#2 C:\xampp\htdocs\Cioas\vendor\composer\ClassLoader.php(427): Composer\Autoload\{closure}('C:\\xampp\\htdocs...')
#3 [internal function]: Composer\Autoload\ClassLoader->loadClass('App\\Models\\Hote...')
#4 Command line code(1): class_exists('App\\Models\\Hote...')
#5 [internal function]: {closure}('App\\Models\\Hote...')
#6 Command line code(1): array_filter(Array, Object(Closure))
#7 {main}
  thrown {"exception":"[object] (Symfony\\Component\\ErrorHandler\\Error\\FatalError(code: 0): Uncaught ErrorException: include(C:\\xampp\\htdocs\\Cioas\\vendor\\composer/../../app/Models/HotelRestaurant.php): Failed to open stream: No such file or directory in C:\\xampp\\htdocs\\Cioas\\vendor\\composer\\ClassLoader.php:576
Stack trace:
#0 C:\\xampp\\htdocs\\Cioas\\vendor\\composer\\ClassLoader.php(576): Illuminate\\Foundation\\Bootstrap\\HandleExceptions->handleError(2, 'include(C:\\\\xamp...', 'C:\\\\xampp\\\\htdocs...', 576)
#1 C:\\xampp\\htdocs\\Cioas\\vendor\\composer\\ClassLoader.php(576): include()
#2 C:\\xampp\\htdocs\\Cioas\\vendor\\composer\\ClassLoader.php(427): Composer\\Autoload\\{closure}('C:\\\\xampp\\\\htdocs...')
#3 [internal function]: Composer\\Autoload\\ClassLoader->loadClass('App\\\\Models\\\\Hote...')
#4 Command line code(1): class_exists('App\\\\Models\\\\Hote...')
#5 [internal function]: {closure}('App\\\\Models\\\\Hote...')
#6 Command line code(1): array_filter(Array, Object(Closure))
#7 {main}
  thrown at C:\\xampp\\htdocs\\Cioas\\vendor\\composer\\ClassLoader.php:576)
[stacktrace]
#0 {main}
"} 
[2026-05-06 08:42:01] local.ERROR: Uncaught ErrorException: include(C:\xampp\htdocs\Cioas\vendor\composer/../../app/Models/HotelRestaurant.php): Failed to open stream: No such file or directory in C:\xampp\htdocs\Cioas\vendor\composer\ClassLoader.php:576
Stack trace:
#0 C:\xampp\htdocs\Cioas\vendor\composer\ClassLoader.php(576): Illuminate\Foundation\Bootstrap\HandleExceptions->handleError(2, 'include(C:\\xamp...', 'C:\\xampp\\htdocs...', 576)
#1 C:\xampp\htdocs\Cioas\vendor\composer\ClassLoader.php(576): include()
#2 C:\xampp\htdocs\Cioas\vendor\composer\ClassLoader.php(427): Composer\Autoload\{closure}('C:\\xampp\\htdocs...')
#3 [internal function]: Composer\Autoload\ClassLoader->loadClass('App\\Models\\Hote...')
#4 Command line code(1): class_exists('App\\Models\\Hote...')
#5 [internal function]: {closure}('App\\Models\\Hote...')
#6 Command line code(1): array_filter(Array, Object(Closure))
#7 {main}
  thrown {"exception":"[object] (Symfony\\Component\\ErrorHandler\\Error\\FatalError(code: 0): Uncaught ErrorException: include(C:\\xampp\\htdocs\\Cioas\\vendor\\composer/../../app/Models/HotelRestaurant.php): Failed to open stream: No such file or directory in C:\\xampp\\htdocs\\Cioas\\vendor\\composer\\ClassLoader.php:576
Stack trace:
#0 C:\\xampp\\htdocs\\Cioas\\vendor\\composer\\ClassLoader.php(576): Illuminate\\Foundation\\Bootstrap\\HandleExceptions->handleError(2, 'include(C:\\\\xamp...', 'C:\\\\xampp\\\\htdocs...', 576)
#1 C:\\xampp\\htdocs\\Cioas\\vendor\\composer\\ClassLoader.php(576): include()
#2 C:\\xampp\\htdocs\\Cioas\\vendor\\composer\\ClassLoader.php(427): Composer\\Autoload\\{closure}('C:\\\\xampp\\\\htdocs...')
#3 [internal function]: Composer\\Autoload\\ClassLoader->loadClass('App\\\\Models\\\\Hote...')
#4 Command line code(1): class_exists('App\\\\Models\\\\Hote...')
#5 [internal function]: {closure}('App\\\\Models\\\\Hote...')
#6 Command line code(1): array_filter(Array, Object(Closure))
#7 {main}
  thrown at C:\\xampp\\htdocs\\Cioas\\vendor\\composer\\ClassLoader.php:576)
[stacktrace]
#0 {main}
"} 
[2026-05-06 08:43:01] local.ERROR: Uncaught ErrorException: include(C:\xampp\htdocs\Cioas\vendor\composer/../../app/Models/HotelRestaurant.php): Failed to open stream: No such file or directory in C:\xampp\htdocs\Cioas\vendor\composer\ClassLoader.php:576
Stack trace:
#0 C:\xampp\htdocs\Cioas\vendor\composer\ClassLoader.php(576): Illuminate\Foundation\Bootstrap\HandleExceptions->handleError(2, 'include(C:\\xamp...', 'C:\\xampp\\htdocs...', 576)
#1 C:\xampp\htdocs\Cioas\vendor\composer\ClassLoader.php(576): include()
#2 C:\xampp\htdocs\Cioas\vendor\composer\ClassLoader.php(427): Composer\Autoload\{closure}('C:\\xampp\\htdocs...')
#3 [internal function]: Composer\Autoload\ClassLoader->loadClass('App\\Models\\Hote...')
#4 Command line code(1): class_exists('App\\Models\\Hote...')
#5 [internal function]: {closure}('App\\Models\\Hote...')
#6 Command line code(1): array_filter(Array, Object(Closure))
#7 {main}
  thrown {"exception":"[object] (Symfony\\Component\\ErrorHandler\\Error\\FatalError(code: 0): Uncaught ErrorException: include(C:\\xampp\\htdocs\\Cioas\\vendor\\composer/../../app/Models/HotelRestaurant.php): Failed to open stream: No such file or directory in C:\\xampp\\htdocs\\Cioas\\vendor\\composer\\ClassLoader.php:576
Stack trace:
#0 C:\\xampp\\htdocs\\Cioas\\vendor\\composer\\ClassLoader.php(576): Illuminate\\Foundation\\Bootstrap\\HandleExceptions->handleError(2, 'include(C:\\\\xamp...', 'C:\\\\xampp\\\\htdocs...', 576)
#1 C:\\xampp\\htdocs\\Cioas\\vendor\\composer\\ClassLoader.php(576): include()
#2 C:\\xampp\\htdocs\\Cioas\\vendor\\composer\\ClassLoader.php(427): Composer\\Autoload\\{closure}('C:\\\\xampp\\\\htdocs...')
#3 [internal function]: Composer\\Autoload\\ClassLoader->loadClass('App\\\\Models\\\\Hote...')
#4 Command line code(1): class_exists('App\\\\Models\\\\Hote...')
#5 [internal function]: {closure}('App\\\\Models\\\\Hote...')
#6 Command line code(1): array_filter(Array, Object(Closure))
#7 {main}
  thrown at C:\\xampp\\htdocs\\Cioas\\vendor\\composer\\ClassLoader.php:576)
[stacktrace]
#0 {main}
"} 
[2026-05-06 08:44:01] local.ERROR: Uncaught ErrorException: include(C:\xampp\htdocs\Cioas\vendor\composer/../../app/Models/HotelRestaurant.php): Failed to open stream: No such file or directory in C:\xampp\htdocs\Cioas\vendor\composer\ClassLoader.php:576
Stack trace:
#0 C:\xampp\htdocs\Cioas\vendor\composer\ClassLoader.php(576): Illuminate\Foundation\Bootstrap\HandleExceptions->handleError(2, 'include(C:\\xamp...', 'C:\\xampp\\htdocs...', 576)
#1 C:\xampp\htdocs\Cioas\vendor\composer\ClassLoader.php(576): include()
#2 C:\xampp\htdocs\Cioas\vendor\composer\ClassLoader.php(427): Composer\Autoload\{closure}('C:\\xampp\\htdocs...')
#3 [internal function]: Composer\Autoload\ClassLoader->loadClass('App\\Models\\Hote...')
#4 Command line code(1): class_exists('App\\Models\\Hote...')
#5 [internal function]: {closure}('App\\Models\\Hote...')
#6 Command line code(1): array_filter(Array, Object(Closure))
#7 {main}
  thrown {"exception":"[object] (Symfony\\Component\\ErrorHandler\\Error\\FatalError(code: 0): Uncaught ErrorException: include(C:\\xampp\\htdocs\\Cioas\\vendor\\composer/../../app/Models/HotelRestaurant.php): Failed to open stream: No such file or directory in C:\\xampp\\htdocs\\Cioas\\vendor\\composer\\ClassLoader.php:576
Stack trace:
#0 C:\\xampp\\htdocs\\Cioas\\vendor\\composer\\ClassLoader.php(576): Illuminate\\Foundation\\Bootstrap\\HandleExceptions->handleError(2, 'include(C:\\\\xamp...', 'C:\\\\xampp\\\\htdocs...', 576)
#1 C:\\xampp\\htdocs\\Cioas\\vendor\\composer\\ClassLoader.php(576): include()
#2 C:\\xampp\\htdocs\\Cioas\\vendor\\composer\\ClassLoader.php(427): Composer\\Autoload\\{closure}('C:\\\\xampp\\\\htdocs...')
#3 [internal function]: Composer\\Autoload\\ClassLoader->loadClass('App\\\\Models\\\\Hote...')
#4 Command line code(1): class_exists('App\\\\Models\\\\Hote...')
#5 [internal function]: {closure}('App\\\\Models\\\\Hote...')
#6 Command line code(1): array_filter(Array, Object(Closure))
#7 {main}
  thrown at C:\\xampp\\htdocs\\Cioas\\vendor\\composer\\ClassLoader.php:576)
[stacktrace]
#0 {main}
"} 
[2026-05-06 08:45:01] local.ERROR: Uncaught ErrorException: include(C:\xampp\htdocs\Cioas\vendor\composer/../../app/Models/HotelRestaurant.php): Failed to open stream: No such file or directory in C:\xampp\htdocs\Cioas\vendor\composer\ClassLoader.php:576
Stack trace:
#0 C:\xampp\htdocs\Cioas\vendor\composer\ClassLoader.php(576): Illuminate\Foundation\Bootstrap\HandleExceptions->handleError(2, 'include(C:\\xamp...', 'C:\\xampp\\htdocs...', 576)
#1 C:\xampp\htdocs\Cioas\vendor\composer\ClassLoader.php(576): include()
#2 C:\xampp\htdocs\Cioas\vendor\composer\ClassLoader.php(427): Composer\Autoload\{closure}('C:\\xampp\\htdocs...')
#3 [internal function]: Composer\Autoload\ClassLoader->loadClass('App\\Models\\Hote...')
#4 Command line code(1): class_exists('App\\Models\\Hote...')
#5 [internal function]: {closure}('App\\Models\\Hote...')
#6 Command line code(1): array_filter(Array, Object(Closure))
#7 {main}
  thrown {"exception":"[object] (Symfony\\Component\\ErrorHandler\\Error\\FatalError(code: 0): Uncaught ErrorException: include(C:\\xampp\\htdocs\\Cioas\\vendor\\composer/../../app/Models/HotelRestaurant.php): Failed to open stream: No such file or directory in C:\\xampp\\htdocs\\Cioas\\vendor\\composer\\ClassLoader.php:576
Stack trace:
#0 C:\\xampp\\htdocs\\Cioas\\vendor\\composer\\ClassLoader.php(576): Illuminate\\Foundation\\Bootstrap\\HandleExceptions->handleError(2, 'include(C:\\\\xamp...', 'C:\\\\xampp\\\\htdocs...', 576)
#1 C:\\xampp\\htdocs\\Cioas\\vendor\\composer\\ClassLoader.php(576): include()
#2 C:\\xampp\\htdocs\\Cioas\\vendor\\composer\\ClassLoader.php(427): Composer\\Autoload\\{closure}('C:\\\\xampp\\\\htdocs...')
#3 [internal function]: Composer\\Autoload\\ClassLoader->loadClass('App\\\\Models\\\\Hote...')
#4 Command line code(1): class_exists('App\\\\Models\\\\Hote...')
#5 [internal function]: {closure}('App\\\\Models\\\\Hote...')
#6 Command line code(1): array_filter(Array, Object(Closure))
#7 {main}
  thrown at C:\\xampp\\htdocs\\Cioas\\vendor\\composer\\ClassLoader.php:576)
[stacktrace]
#0 {main}
"} 
[2026-05-06 08:46:01] local.ERROR: Uncaught ErrorException: include(C:\xampp\htdocs\Cioas\vendor\composer/../../app/Models/HotelRestaurant.php): Failed to open stream: No such file or directory in C:\xampp\htdocs\Cioas\vendor\composer\ClassLoader.php:576
Stack trace:
#0 C:\xampp\htdocs\Cioas\vendor\composer\ClassLoader.php(576): Illuminate\Foundation\Bootstrap\HandleExceptions->handleError(2, 'include(C:\\xamp...', 'C:\\xampp\\htdocs...', 576)
#1 C:\xampp\htdocs\Cioas\vendor\composer\ClassLoader.php(576): include()
#2 C:\xampp\htdocs\Cioas\vendor\composer\ClassLoader.php(427): Composer\Autoload\{closure}('C:\\xampp\\htdocs...')
#3 [internal function]: Composer\Autoload\ClassLoader->loadClass('App\\Models\\Hote...')
#4 Command line code(1): class_exists('App\\Models\\Hote...')
#5 [internal function]: {closure}('App\\Models\\Hote...')
#6 Command line code(1): array_filter(Array, Object(Closure))
#7 {main}
  thrown {"exception":"[object] (Symfony\\Component\\ErrorHandler\\Error\\FatalError(code: 0): Uncaught ErrorException: include(C:\\xampp\\htdocs\\Cioas\\vendor\\composer/../../app/Models/HotelRestaurant.php): Failed to open stream: No such file or directory in C:\\xampp\\htdocs\\Cioas\\vendor\\composer\\ClassLoader.php:576
Stack trace:
#0 C:\\xampp\\htdocs\\Cioas\\vendor\\composer\\ClassLoader.php(576): Illuminate\\Foundation\\Bootstrap\\HandleExceptions->handleError(2, 'include(C:\\\\xamp...', 'C:\\\\xampp\\\\htdocs...', 576)
#1 C:\\xampp\\htdocs\\Cioas\\vendor\\composer\\ClassLoader.php(576): include()
#2 C:\\xampp\\htdocs\\Cioas\\vendor\\composer\\ClassLoader.php(427): Composer\\Autoload\\{closure}('C:\\\\xampp\\\\htdocs...')
#3 [internal function]: Composer\\Autoload\\ClassLoader->loadClass('App\\\\Models\\\\Hote...')
#4 Command line code(1): class_exists('App\\\\Models\\\\Hote...')
#5 [internal function]: {closure}('App\\\\Models\\\\Hote...')
#6 Command line code(1): array_filter(Array, Object(Closure))
#7 {main}
  thrown at C:\\xampp\\htdocs\\Cioas\\vendor\\composer\\ClassLoader.php:576)
[stacktrace]
#0 {main}
"} 
[2026-05-06 08:47:01] local.ERROR: Uncaught ErrorException: include(C:\xampp\htdocs\Cioas\vendor\composer/../../app/Models/HotelRestaurant.php): Failed to open stream: No such file or directory in C:\xampp\htdocs\Cioas\vendor\composer\ClassLoader.php:576
Stack trace:
#0 C:\xampp\htdocs\Cioas\vendor\composer\ClassLoader.php(576): Illuminate\Foundation\Bootstrap\HandleExceptions->handleError(2, 'include(C:\\xamp...', 'C:\\xampp\\htdocs...', 576)
#1 C:\xampp\htdocs\Cioas\vendor\composer\ClassLoader.php(576): include()
#2 C:\xampp\htdocs\Cioas\vendor\composer\ClassLoader.php(427): Composer\Autoload\{closure}('C:\\xampp\\htdocs...')
#3 [internal function]: Composer\Autoload\ClassLoader->loadClass('App\\Models\\Hote...')
#4 Command line code(1): class_exists('App\\Models\\Hote...')
#5 [internal function]: {closure}('App\\Models\\Hote...')
#6 Command line code(1): array_filter(Array, Object(Closure))
#7 {main}
  thrown {"exception":"[object] (Symfony\\Component\\ErrorHandler\\Error\\FatalError(code: 0): Uncaught ErrorException: include(C:\\xampp\\htdocs\\Cioas\\vendor\\composer/../../app/Models/HotelRestaurant.php): Failed to open stream: No such file or directory in C:\\xampp\\htdocs\\Cioas\\vendor\\composer\\ClassLoader.php:576
Stack trace:
#0 C:\\xampp\\htdocs\\Cioas\\vendor\\composer\\ClassLoader.php(576): Illuminate\\Foundation\\Bootstrap\\HandleExceptions->handleError(2, 'include(C:\\\\xamp...', 'C:\\\\xampp\\\\htdocs...', 576)
#1 C:\\xampp\\htdocs\\Cioas\\vendor\\composer\\ClassLoader.php(576): include()
#2 C:\\xampp\\htdocs\\Cioas\\vendor\\composer\\ClassLoader.php(427): Composer\\Autoload\\{closure}('C:\\\\xampp\\\\htdocs...')
#3 [internal function]: Composer\\Autoload\\ClassLoader->loadClass('App\\\\Models\\\\Hote...')
#4 Command line code(1): class_exists('App\\\\Models\\\\Hote...')
#5 [internal function]: {closure}('App\\\\Models\\\\Hote...')
#6 Command line code(1): array_filter(Array, Object(Closure))
#7 {main}
  thrown at C:\\xampp\\htdocs\\Cioas\\vendor\\composer\\ClassLoader.php:576)
[stacktrace]
#0 {main}
"} 
[2026-05-06 08:48:01] local.ERROR: Uncaught ErrorException: include(C:\xampp\htdocs\Cioas\vendor\composer/../../app/Models/HotelRestaurant.php): Failed to open stream: No such file or directory in C:\xampp\htdocs\Cioas\vendor\composer\ClassLoader.php:576
Stack trace:
#0 C:\xampp\htdocs\Cioas\vendor\composer\ClassLoader.php(576): Illuminate\Foundation\Bootstrap\HandleExceptions->handleError(2, 'include(C:\\xamp...', 'C:\\xampp\\htdocs...', 576)
#1 C:\xampp\htdocs\Cioas\vendor\composer\ClassLoader.php(576): include()
#2 C:\xampp\htdocs\Cioas\vendor\composer\ClassLoader.php(427): Composer\Autoload\{closure}('C:\\xampp\\htdocs...')
#3 [internal function]: Composer\Autoload\ClassLoader->loadClass('App\\Models\\Hote...')
#4 Command line code(1): class_exists('App\\Models\\Hote...')
#5 [internal function]: {closure}('App\\Models\\Hote...')
#6 Command line code(1): array_filter(Array, Object(Closure))
#7 {main}
  thrown {"exception":"[object] (Symfony\\Component\\ErrorHandler\\Error\\FatalError(code: 0): Uncaught ErrorException: include(C:\\xampp\\htdocs\\Cioas\\vendor\\composer/../../app/Models/HotelRestaurant.php): Failed to open stream: No such file or directory in C:\\xampp\\htdocs\\Cioas\\vendor\\composer\\ClassLoader.php:576
Stack trace:
#0 C:\\xampp\\htdocs\\Cioas\\vendor\\composer\\ClassLoader.php(576): Illuminate\\Foundation\\Bootstrap\\HandleExceptions->handleError(2, 'include(C:\\\\xamp...', 'C:\\\\xampp\\\\htdocs...', 576)
#1 C:\\xampp\\htdocs\\Cioas\\vendor\\composer\\ClassLoader.php(576): include()
#2 C:\\xampp\\htdocs\\Cioas\\vendor\\composer\\ClassLoader.php(427): Composer\\Autoload\\{closure}('C:\\\\xampp\\\\htdocs...')
#3 [internal function]: Composer\\Autoload\\ClassLoader->loadClass('App\\\\Models\\\\Hote...')
#4 Command line code(1): class_exists('App\\\\Models\\\\Hote...')
#5 [internal function]: {closure}('App\\\\Models\\\\Hote...')
#6 Command line code(1): array_filter(Array, Object(Closure))
#7 {main}
  thrown at C:\\xampp\\htdocs\\Cioas\\vendor\\composer\\ClassLoader.php:576)
[stacktrace]
#0 {main}
"} 
[2026-05-06 08:49:01] local.ERROR: Uncaught ErrorException: include(C:\xampp\htdocs\Cioas\vendor\composer/../../app/Models/HotelRestaurant.php): Failed to open stream: No such file or directory in C:\xampp\htdocs\Cioas\vendor\composer\ClassLoader.php:576
Stack trace:
#0 C:\xampp\htdocs\Cioas\vendor\composer\ClassLoader.php(576): Illuminate\Foundation\Bootstrap\HandleExceptions->handleError(2, 'include(C:\\xamp...', 'C:\\xampp\\htdocs...', 576)
#1 C:\xampp\htdocs\Cioas\vendor\composer\ClassLoader.php(576): include()
#2 C:\xampp\htdocs\Cioas\vendor\composer\ClassLoader.php(427): Composer\Autoload\{closure}('C:\\xampp\\htdocs...')
#3 [internal function]: Composer\Autoload\ClassLoader->loadClass('App\\Models\\Hote...')
#4 Command line code(1): class_exists('App\\Models\\Hote...')
#5 [internal function]: {closure}('App\\Models\\Hote...')
#6 Command line code(1): array_filter(Array, Object(Closure))
#7 {main}
  thrown {"exception":"[object] (Symfony\\Component\\ErrorHandler\\Error\\FatalError(code: 0): Uncaught ErrorException: include(C:\\xampp\\htdocs\\Cioas\\vendor\\composer/../../app/Models/HotelRestaurant.php): Failed to open stream: No such file or directory in C:\\xampp\\htdocs\\Cioas\\vendor\\composer\\ClassLoader.php:576
Stack trace:
#0 C:\\xampp\\htdocs\\Cioas\\vendor\\composer\\ClassLoader.php(576): Illuminate\\Foundation\\Bootstrap\\HandleExceptions->handleError(2, 'include(C:\\\\xamp...', 'C:\\\\xampp\\\\htdocs...', 576)
#1 C:\\xampp\\htdocs\\Cioas\\vendor\\composer\\ClassLoader.php(576): include()
#2 C:\\xampp\\htdocs\\Cioas\\vendor\\composer\\ClassLoader.php(427): Composer\\Autoload\\{closure}('C:\\\\xampp\\\\htdocs...')
#3 [internal function]: Composer\\Autoload\\ClassLoader->loadClass('App\\\\Models\\\\Hote...')
#4 Command line code(1): class_exists('App\\\\Models\\\\Hote...')
#5 [internal function]: {closure}('App\\\\Models\\\\Hote...')
#6 Command line code(1): array_filter(Array, Object(Closure))
#7 {main}
  thrown at C:\\xampp\\htdocs\\Cioas\\vendor\\composer\\ClassLoader.php:576)
[stacktrace]
#0 {main}
"} 
[2026-05-06 08:50:01] local.ERROR: Uncaught ErrorException: include(C:\xampp\htdocs\Cioas\vendor\composer/../../app/Models/HotelRestaurant.php): Failed to open stream: No such file or directory in C:\xampp\htdocs\Cioas\vendor\composer\ClassLoader.php:576
Stack trace:
#0 C:\xampp\htdocs\Cioas\vendor\composer\ClassLoader.php(576): Illuminate\Foundation\Bootstrap\HandleExceptions->handleError(2, 'include(C:\\xamp...', 'C:\\xampp\\htdocs...', 576)
#1 C:\xampp\htdocs\Cioas\vendor\composer\ClassLoader.php(576): include()
#2 C:\xampp\htdocs\Cioas\vendor\composer\ClassLoader.php(427): Composer\Autoload\{closure}('C:\\xampp\\htdocs...')
#3 [internal function]: Composer\Autoload\ClassLoader->loadClass('App\\Models\\Hote...')
#4 Command line code(1): class_exists('App\\Models\\Hote...')
#5 [internal function]: {closure}('App\\Models\\Hote...')
#6 Command line code(1): array_filter(Array, Object(Closure))
#7 {main}
  thrown {"exception":"[object] (Symfony\\Component\\ErrorHandler\\Error\\FatalError(code: 0): Uncaught ErrorException: include(C:\\xampp\\htdocs\\Cioas\\vendor\\composer/../../app/Models/HotelRestaurant.php): Failed to open stream: No such file or directory in C:\\xampp\\htdocs\\Cioas\\vendor\\composer\\ClassLoader.php:576
Stack trace:
#0 C:\\xampp\\htdocs\\Cioas\\vendor\\composer\\ClassLoader.php(576): Illuminate\\Foundation\\Bootstrap\\HandleExceptions->handleError(2, 'include(C:\\\\xamp...', 'C:\\\\xampp\\\\htdocs...', 576)
#1 C:\\xampp\\htdocs\\Cioas\\vendor\\composer\\ClassLoader.php(576): include()
#2 C:\\xampp\\htdocs\\Cioas\\vendor\\composer\\ClassLoader.php(427): Composer\\Autoload\\{closure}('C:\\\\xampp\\\\htdocs...')
#3 [internal function]: Composer\\Autoload\\ClassLoader->loadClass('App\\\\Models\\\\Hote...')
#4 Command line code(1): class_exists('App\\\\Models\\\\Hote...')
#5 [internal function]: {closure}('App\\\\Models\\\\Hote...')
#6 Command line code(1): array_filter(Array, Object(Closure))
#7 {main}
  thrown at C:\\xampp\\htdocs\\Cioas\\vendor\\composer\\ClassLoader.php:576)
[stacktrace]
#0 {main}
"} 
[2026-05-06 08:51:01] local.ERROR: Uncaught ErrorException: include(C:\xampp\htdocs\Cioas\vendor\composer/../../app/Models/HotelRestaurant.php): Failed to open stream: No such file or directory in C:\xampp\htdocs\Cioas\vendor\composer\ClassLoader.php:576
Stack trace:
#0 C:\xampp\htdocs\Cioas\vendor\composer\ClassLoader.php(576): Illuminate\Foundation\Bootstrap\HandleExceptions->handleError(2, 'include(C:\\xamp...', 'C:\\xampp\\htdocs...', 576)
#1 C:\xampp\htdocs\Cioas\vendor\composer\ClassLoader.php(576): include()
#2 C:\xampp\htdocs\Cioas\vendor\composer\ClassLoader.php(427): Composer\Autoload\{closure}('C:\\xampp\\htdocs...')
#3 [internal function]: Composer\Autoload\ClassLoader->loadClass('App\\Models\\Hote...')
#4 Command line code(1): class_exists('App\\Models\\Hote...')
#5 [internal function]: {closure}('App\\Models\\Hote...')
#6 Command line code(1): array_filter(Array, Object(Closure))
#7 {main}
  thrown {"exception":"[object] (Symfony\\Component\\ErrorHandler\\Error\\FatalError(code: 0): Uncaught ErrorException: include(C:\\xampp\\htdocs\\Cioas\\vendor\\composer/../../app/Models/HotelRestaurant.php): Failed to open stream: No such file or directory in C:\\xampp\\htdocs\\Cioas\\vendor\\composer\\ClassLoader.php:576
Stack trace:
#0 C:\\xampp\\htdocs\\Cioas\\vendor\\composer\\ClassLoader.php(576): Illuminate\\Foundation\\Bootstrap\\HandleExceptions->handleError(2, 'include(C:\\\\xamp...', 'C:\\\\xampp\\\\htdocs...', 576)
#1 C:\\xampp\\htdocs\\Cioas\\vendor\\composer\\ClassLoader.php(576): include()
#2 C:\\xampp\\htdocs\\Cioas\\vendor\\composer\\ClassLoader.php(427): Composer\\Autoload\\{closure}('C:\\\\xampp\\\\htdocs...')
#3 [internal function]: Composer\\Autoload\\ClassLoader->loadClass('App\\\\Models\\\\Hote...')
#4 Command line code(1): class_exists('App\\\\Models\\\\Hote...')
#5 [internal function]: {closure}('App\\\\Models\\\\Hote...')
#6 Command line code(1): array_filter(Array, Object(Closure))
#7 {main}
  thrown at C:\\xampp\\htdocs\\Cioas\\vendor\\composer\\ClassLoader.php:576)
[stacktrace]
#0 {main}
"} 
[2026-05-06 08:52:01] local.ERROR: Uncaught ErrorException: include(C:\xampp\htdocs\Cioas\vendor\composer/../../app/Models/HotelRestaurant.php): Failed to open stream: No such file or directory in C:\xampp\htdocs\Cioas\vendor\composer\ClassLoader.php:576
Stack trace:
#0 C:\xampp\htdocs\Cioas\vendor\composer\ClassLoader.php(576): Illuminate\Foundation\Bootstrap\HandleExceptions->handleError(2, 'include(C:\\xamp...', 'C:\\xampp\\htdocs...', 576)
#1 C:\xampp\htdocs\Cioas\vendor\composer\ClassLoader.php(576): include()
#2 C:\xampp\htdocs\Cioas\vendor\composer\ClassLoader.php(427): Composer\Autoload\{closure}('C:\\xampp\\htdocs...')
#3 [internal function]: Composer\Autoload\ClassLoader->loadClass('App\\Models\\Hote...')
#4 Command line code(1): class_exists('App\\Models\\Hote...')
#5 [internal function]: {closure}('App\\Models\\Hote...')
#6 Command line code(1): array_filter(Array, Object(Closure))
#7 {main}
  thrown {"exception":"[object] (Symfony\\Component\\ErrorHandler\\Error\\FatalError(code: 0): Uncaught ErrorException: include(C:\\xampp\\htdocs\\Cioas\\vendor\\composer/../../app/Models/HotelRestaurant.php): Failed to open stream: No such file or directory in C:\\xampp\\htdocs\\Cioas\\vendor\\composer\\ClassLoader.php:576
Stack trace:
#0 C:\\xampp\\htdocs\\Cioas\\vendor\\composer\\ClassLoader.php(576): Illuminate\\Foundation\\Bootstrap\\HandleExceptions->handleError(2, 'include(C:\\\\xamp...', 'C:\\\\xampp\\\\htdocs...', 576)
#1 C:\\xampp\\htdocs\\Cioas\\vendor\\composer\\ClassLoader.php(576): include()
#2 C:\\xampp\\htdocs\\Cioas\\vendor\\composer\\ClassLoader.php(427): Composer\\Autoload\\{closure}('C:\\\\xampp\\\\htdocs...')
#3 [internal function]: Composer\\Autoload\\ClassLoader->loadClass('App\\\\Models\\\\Hote...')
#4 Command line code(1): class_exists('App\\\\Models\\\\Hote...')
#5 [internal function]: {closure}('App\\\\Models\\\\Hote...')
#6 Command line code(1): array_filter(Array, Object(Closure))
#7 {main}
  thrown at C:\\xampp\\htdocs\\Cioas\\vendor\\composer\\ClassLoader.php:576)
[stacktrace]
#0 {main}
"} 
[2026-05-06 08:53:01] local.ERROR: Uncaught ErrorException: include(C:\xampp\htdocs\Cioas\vendor\composer/../../app/Models/HotelRestaurant.php): Failed to open stream: No such file or directory in C:\xampp\htdocs\Cioas\vendor\composer\ClassLoader.php:576
Stack trace:
#0 C:\xampp\htdocs\Cioas\vendor\composer\ClassLoader.php(576): Illuminate\Foundation\Bootstrap\HandleExceptions->handleError(2, 'include(C:\\xamp...', 'C:\\xampp\\htdocs...', 576)
#1 C:\xampp\htdocs\Cioas\vendor\composer\ClassLoader.php(576): include()
#2 C:\xampp\htdocs\Cioas\vendor\composer\ClassLoader.php(427): Composer\Autoload\{closure}('C:\\xampp\\htdocs...')
#3 [internal function]: Composer\Autoload\ClassLoader->loadClass('App\\Models\\Hote...')
#4 Command line code(1): class_exists('App\\Models\\Hote...')
#5 [internal function]: {closure}('App\\Models\\Hote...')
#6 Command line code(1): array_filter(Array, Object(Closure))
#7 {main}
  thrown {"exception":"[object] (Symfony\\Component\\ErrorHandler\\Error\\FatalError(code: 0): Uncaught ErrorException: include(C:\\xampp\\htdocs\\Cioas\\vendor\\composer/../../app/Models/HotelRestaurant.php): Failed to open stream: No such file or directory in C:\\xampp\\htdocs\\Cioas\\vendor\\composer\\ClassLoader.php:576
Stack trace:
#0 C:\\xampp\\htdocs\\Cioas\\vendor\\composer\\ClassLoader.php(576): Illuminate\\Foundation\\Bootstrap\\HandleExceptions->handleError(2, 'include(C:\\\\xamp...', 'C:\\\\xampp\\\\htdocs...', 576)
#1 C:\\xampp\\htdocs\\Cioas\\vendor\\composer\\ClassLoader.php(576): include()
#2 C:\\xampp\\htdocs\\Cioas\\vendor\\composer\\ClassLoader.php(427): Composer\\Autoload\\{closure}('C:\\\\xampp\\\\htdocs...')
#3 [internal function]: Composer\\Autoload\\ClassLoader->loadClass('App\\\\Models\\\\Hote...')
#4 Command line code(1): class_exists('App\\\\Models\\\\Hote...')
#5 [internal function]: {closure}('App\\\\Models\\\\Hote...')
#6 Command line code(1): array_filter(Array, Object(Closure))
#7 {main}
  thrown at C:\\xampp\\htdocs\\Cioas\\vendor\\composer\\ClassLoader.php:576)
[stacktrace]
#0 {main}
"} 
[2026-05-06 08:54:01] local.ERROR: Uncaught ErrorException: include(C:\xampp\htdocs\Cioas\vendor\composer/../../app/Models/HotelRestaurant.php): Failed to open stream: No such file or directory in C:\xampp\htdocs\Cioas\vendor\composer\ClassLoader.php:576
Stack trace:
#0 C:\xampp\htdocs\Cioas\vendor\composer\ClassLoader.php(576): Illuminate\Foundation\Bootstrap\HandleExceptions->handleError(2, 'include(C:\\xamp...', 'C:\\xampp\\htdocs...', 576)
#1 C:\xampp\htdocs\Cioas\vendor\composer\ClassLoader.php(576): include()
#2 C:\xampp\htdocs\Cioas\vendor\composer\ClassLoader.php(427): Composer\Autoload\{closure}('C:\\xampp\\htdocs...')
#3 [internal function]: Composer\Autoload\ClassLoader->loadClass('App\\Models\\Hote...')
#4 Command line code(1): class_exists('App\\Models\\Hote...')
#5 [internal function]: {closure}('App\\Models\\Hote...')
#6 Command line code(1): array_filter(Array, Object(Closure))
#7 {main}
  thrown {"exception":"[object] (Symfony\\Component\\ErrorHandler\\Error\\FatalError(code: 0): Uncaught ErrorException: include(C:\\xampp\\htdocs\\Cioas\\vendor\\composer/../../app/Models/HotelRestaurant.php): Failed to open stream: No such file or directory in C:\\xampp\\htdocs\\Cioas\\vendor\\composer\\ClassLoader.php:576
Stack trace:
#0 C:\\xampp\\htdocs\\Cioas\\vendor\\composer\\ClassLoader.php(576): Illuminate\\Foundation\\Bootstrap\\HandleExceptions->handleError(2, 'include(C:\\\\xamp...', 'C:\\\\xampp\\\\htdocs...', 576)
#1 C:\\xampp\\htdocs\\Cioas\\vendor\\composer\\ClassLoader.php(576): include()
#2 C:\\xampp\\htdocs\\Cioas\\vendor\\composer\\ClassLoader.php(427): Composer\\Autoload\\{closure}('C:\\\\xampp\\\\htdocs...')
#3 [internal function]: Composer\\Autoload\\ClassLoader->loadClass('App\\\\Models\\\\Hote...')
#4 Command line code(1): class_exists('App\\\\Models\\\\Hote...')
#5 [internal function]: {closure}('App\\\\Models\\\\Hote...')
#6 Command line code(1): array_filter(Array, Object(Closure))
#7 {main}
  thrown at C:\\xampp\\htdocs\\Cioas\\vendor\\composer\\ClassLoader.php:576)
[stacktrace]
#0 {main}
"} 
[2026-05-06 08:55:01] local.ERROR: Uncaught ErrorException: include(C:\xampp\htdocs\Cioas\vendor\composer/../../app/Models/HotelRestaurant.php): Failed to open stream: No such file or directory in C:\xampp\htdocs\Cioas\vendor\composer\ClassLoader.php:576
Stack trace:
#0 C:\xampp\htdocs\Cioas\vendor\composer\ClassLoader.php(576): Illuminate\Foundation\Bootstrap\HandleExceptions->handleError(2, 'include(C:\\xamp...', 'C:\\xampp\\htdocs...', 576)
#1 C:\xampp\htdocs\Cioas\vendor\composer\ClassLoader.php(576): include()
#2 C:\xampp\htdocs\Cioas\vendor\composer\ClassLoader.php(427): Composer\Autoload\{closure}('C:\\xampp\\htdocs...')
#3 [internal function]: Composer\Autoload\ClassLoader->loadClass('App\\Models\\Hote...')
#4 Command line code(1): class_exists('App\\Models\\Hote...')
#5 [internal function]: {closure}('App\\Models\\Hote...')
#6 Command line code(1): array_filter(Array, Object(Closure))
#7 {main}
  thrown {"exception":"[object] (Symfony\\Component\\ErrorHandler\\Error\\FatalError(code: 0): Uncaught ErrorException: include(C:\\xampp\\htdocs\\Cioas\\vendor\\composer/../../app/Models/HotelRestaurant.php): Failed to open stream: No such file or directory in C:\\xampp\\htdocs\\Cioas\\vendor\\composer\\ClassLoader.php:576
Stack trace:
#0 C:\\xampp\\htdocs\\Cioas\\vendor\\composer\\ClassLoader.php(576): Illuminate\\Foundation\\Bootstrap\\HandleExceptions->handleError(2, 'include(C:\\\\xamp...', 'C:\\\\xampp\\\\htdocs...', 576)
#1 C:\\xampp\\htdocs\\Cioas\\vendor\\composer\\ClassLoader.php(576): include()
#2 C:\\xampp\\htdocs\\Cioas\\vendor\\composer\\ClassLoader.php(427): Composer\\Autoload\\{closure}('C:\\\\xampp\\\\htdocs...')
#3 [internal function]: Composer\\Autoload\\ClassLoader->loadClass('App\\\\Models\\\\Hote...')
#4 Command line code(1): class_exists('App\\\\Models\\\\Hote...')
#5 [internal function]: {closure}('App\\\\Models\\\\Hote...')
#6 Command line code(1): array_filter(Array, Object(Closure))
#7 {main}
  thrown at C:\\xampp\\htdocs\\Cioas\\vendor\\composer\\ClassLoader.php:576)
[stacktrace]
#0 {main}
"} 
[2026-05-06 08:56:01] local.ERROR: Uncaught ErrorException: include(C:\xampp\htdocs\Cioas\vendor\composer/../../app/Models/HotelRestaurant.php): Failed to open stream: No such file or directory in C:\xampp\htdocs\Cioas\vendor\composer\ClassLoader.php:576
Stack trace:
#0 C:\xampp\htdocs\Cioas\vendor\composer\ClassLoader.php(576): Illuminate\Foundation\Bootstrap\HandleExceptions->handleError(2, 'include(C:\\xamp...', 'C:\\xampp\\htdocs...', 576)
#1 C:\xampp\htdocs\Cioas\vendor\composer\ClassLoader.php(576): include()
#2 C:\xampp\htdocs\Cioas\vendor\composer\ClassLoader.php(427): Composer\Autoload\{closure}('C:\\xampp\\htdocs...')
#3 [internal function]: Composer\Autoload\ClassLoader->loadClass('App\\Models\\Hote...')
#4 Command line code(1): class_exists('App\\Models\\Hote...')
#5 [internal function]: {closure}('App\\Models\\Hote...')
#6 Command line code(1): array_filter(Array, Object(Closure))
#7 {main}
  thrown {"exception":"[object] (Symfony\\Component\\ErrorHandler\\Error\\FatalError(code: 0): Uncaught ErrorException: include(C:\\xampp\\htdocs\\Cioas\\vendor\\composer/../../app/Models/HotelRestaurant.php): Failed to open stream: No such file or directory in C:\\xampp\\htdocs\\Cioas\\vendor\\composer\\ClassLoader.php:576
Stack trace:
#0 C:\\xampp\\htdocs\\Cioas\\vendor\\composer\\ClassLoader.php(576): Illuminate\\Foundation\\Bootstrap\\HandleExceptions->handleError(2, 'include(C:\\\\xamp...', 'C:\\\\xampp\\\\htdocs...', 576)
#1 C:\\xampp\\htdocs\\Cioas\\vendor\\composer\\ClassLoader.php(576): include()
#2 C:\\xampp\\htdocs\\Cioas\\vendor\\composer\\ClassLoader.php(427): Composer\\Autoload\\{closure}('C:\\\\xampp\\\\htdocs...')
#3 [internal function]: Composer\\Autoload\\ClassLoader->loadClass('App\\\\Models\\\\Hote...')
#4 Command line code(1): class_exists('App\\\\Models\\\\Hote...')
#5 [internal function]: {closure}('App\\\\Models\\\\Hote...')
#6 Command line code(1): array_filter(Array, Object(Closure))
#7 {main}
  thrown at C:\\xampp\\htdocs\\Cioas\\vendor\\composer\\ClassLoader.php:576)
[stacktrace]
#0 {main}
"} 
[2026-05-06 08:57:01] local.ERROR: Uncaught ErrorException: include(C:\xampp\htdocs\Cioas\vendor\composer/../../app/Models/HotelRestaurant.php): Failed to open stream: No such file or directory in C:\xampp\htdocs\Cioas\vendor\composer\ClassLoader.php:576
Stack trace:
#0 C:\xampp\htdocs\Cioas\vendor\composer\ClassLoader.php(576): Illuminate\Foundation\Bootstrap\HandleExceptions->handleError(2, 'include(C:\\xamp...', 'C:\\xampp\\htdocs...', 576)
#1 C:\xampp\htdocs\Cioas\vendor\composer\ClassLoader.php(576): include()
#2 C:\xampp\htdocs\Cioas\vendor\composer\ClassLoader.php(427): Composer\Autoload\{closure}('C:\\xampp\\htdocs...')
#3 [internal function]: Composer\Autoload\ClassLoader->loadClass('App\\Models\\Hote...')
#4 Command line code(1): class_exists('App\\Models\\Hote...')
#5 [internal function]: {closure}('App\\Models\\Hote...')
#6 Command line code(1): array_filter(Array, Object(Closure))
#7 {main}
  thrown {"exception":"[object] (Symfony\\Component\\ErrorHandler\\Error\\FatalError(code: 0): Uncaught ErrorException: include(C:\\xampp\\htdocs\\Cioas\\vendor\\composer/../../app/Models/HotelRestaurant.php): Failed to open stream: No such file or directory in C:\\xampp\\htdocs\\Cioas\\vendor\\composer\\ClassLoader.php:576
Stack trace:
#0 C:\\xampp\\htdocs\\Cioas\\vendor\\composer\\ClassLoader.php(576): Illuminate\\Foundation\\Bootstrap\\HandleExceptions->handleError(2, 'include(C:\\\\xamp...', 'C:\\\\xampp\\\\htdocs...', 576)
#1 C:\\xampp\\htdocs\\Cioas\\vendor\\composer\\ClassLoader.php(576): include()
#2 C:\\xampp\\htdocs\\Cioas\\vendor\\composer\\ClassLoader.php(427): Composer\\Autoload\\{closure}('C:\\\\xampp\\\\htdocs...')
#3 [internal function]: Composer\\Autoload\\ClassLoader->loadClass('App\\\\Models\\\\Hote...')
#4 Command line code(1): class_exists('App\\\\Models\\\\Hote...')
#5 [internal function]: {closure}('App\\\\Models\\\\Hote...')
#6 Command line code(1): array_filter(Array, Object(Closure))
#7 {main}
  thrown at C:\\xampp\\htdocs\\Cioas\\vendor\\composer\\ClassLoader.php:576)
[stacktrace]
#0 {main}
"} 
[2026-05-06 08:58:01] local.ERROR: Uncaught ErrorException: include(C:\xampp\htdocs\Cioas\vendor\composer/../../app/Models/HotelRestaurant.php): Failed to open stream: No such file or directory in C:\xampp\htdocs\Cioas\vendor\composer\ClassLoader.php:576
Stack trace:
#0 C:\xampp\htdocs\Cioas\vendor\composer\ClassLoader.php(576): Illuminate\Foundation\Bootstrap\HandleExceptions->handleError(2, 'include(C:\\xamp...', 'C:\\xampp\\htdocs...', 576)
#1 C:\xampp\htdocs\Cioas\vendor\composer\ClassLoader.php(576): include()
#2 C:\xampp\htdocs\Cioas\vendor\composer\ClassLoader.php(427): Composer\Autoload\{closure}('C:\\xampp\\htdocs...')
#3 [internal function]: Composer\Autoload\ClassLoader->loadClass('App\\Models\\Hote...')
#4 Command line code(1): class_exists('App\\Models\\Hote...')
#5 [internal function]: {closure}('App\\Models\\Hote...')
#6 Command line code(1): array_filter(Array, Object(Closure))
#7 {main}
  thrown {"exception":"[object] (Symfony\\Component\\ErrorHandler\\Error\\FatalError(code: 0): Uncaught ErrorException: include(C:\\xampp\\htdocs\\Cioas\\vendor\\composer/../../app/Models/HotelRestaurant.php): Failed to open stream: No such file or directory in C:\\xampp\\htdocs\\Cioas\\vendor\\composer\\ClassLoader.php:576
Stack trace:
#0 C:\\xampp\\htdocs\\Cioas\\vendor\\composer\\ClassLoader.php(576): Illuminate\\Foundation\\Bootstrap\\HandleExceptions->handleError(2, 'include(C:\\\\xamp...', 'C:\\\\xampp\\\\htdocs...', 576)
#1 C:\\xampp\\htdocs\\Cioas\\vendor\\composer\\ClassLoader.php(576): include()
#2 C:\\xampp\\htdocs\\Cioas\\vendor\\composer\\ClassLoader.php(427): Composer\\Autoload\\{closure}('C:\\\\xampp\\\\htdocs...')
#3 [internal function]: Composer\\Autoload\\ClassLoader->loadClass('App\\\\Models\\\\Hote...')
#4 Command line code(1): class_exists('App\\\\Models\\\\Hote...')
#5 [internal function]: {closure}('App\\\\Models\\\\Hote...')
#6 Command line code(1): array_filter(Array, Object(Closure))
#7 {main}
  thrown at C:\\xampp\\htdocs\\Cioas\\vendor\\composer\\ClassLoader.php:576)
[stacktrace]
#0 {main}
"} 
[2026-05-06 08:59:01] local.ERROR: Uncaught ErrorException: include(C:\xampp\htdocs\Cioas\vendor\composer/../../app/Models/HotelRestaurant.php): Failed to open stream: No such file or directory in C:\xampp\htdocs\Cioas\vendor\composer\ClassLoader.php:576
Stack trace:
#0 C:\xampp\htdocs\Cioas\vendor\composer\ClassLoader.php(576): Illuminate\Foundation\Bootstrap\HandleExceptions->handleError(2, 'include(C:\\xamp...', 'C:\\xampp\\htdocs...', 576)
#1 C:\xampp\htdocs\Cioas\vendor\composer\ClassLoader.php(576): include()
#2 C:\xampp\htdocs\Cioas\vendor\composer\ClassLoader.php(427): Composer\Autoload\{closure}('C:\\xampp\\htdocs...')
#3 [internal function]: Composer\Autoload\ClassLoader->loadClass('App\\Models\\Hote...')
#4 Command line code(1): class_exists('App\\Models\\Hote...')
#5 [internal function]: {closure}('App\\Models\\Hote...')
#6 Command line code(1): array_filter(Array, Object(Closure))
#7 {main}
  thrown {"exception":"[object] (Symfony\\Component\\ErrorHandler\\Error\\FatalError(code: 0): Uncaught ErrorException: include(C:\\xampp\\htdocs\\Cioas\\vendor\\composer/../../app/Models/HotelRestaurant.php): Failed to open stream: No such file or directory in C:\\xampp\\htdocs\\Cioas\\vendor\\composer\\ClassLoader.php:576
Stack trace:
#0 C:\\xampp\\htdocs\\Cioas\\vendor\\composer\\ClassLoader.php(576): Illuminate\\Foundation\\Bootstrap\\HandleExceptions->handleError(2, 'include(C:\\\\xamp...', 'C:\\\\xampp\\\\htdocs...', 576)
#1 C:\\xampp\\htdocs\\Cioas\\vendor\\composer\\ClassLoader.php(576): include()
#2 C:\\xampp\\htdocs\\Cioas\\vendor\\composer\\ClassLoader.php(427): Composer\\Autoload\\{closure}('C:\\\\xampp\\\\htdocs...')
#3 [internal function]: Composer\\Autoload\\ClassLoader->loadClass('App\\\\Models\\\\Hote...')
#4 Command line code(1): class_exists('App\\\\Models\\\\Hote...')
#5 [internal function]: {closure}('App\\\\Models\\\\Hote...')
#6 Command line code(1): array_filter(Array, Object(Closure))
#7 {main}
  thrown at C:\\xampp\\htdocs\\Cioas\\vendor\\composer\\ClassLoader.php:576)
[stacktrace]
#0 {main}
"} 
[2026-05-06 09:00:01] local.ERROR: Uncaught ErrorException: include(C:\xampp\htdocs\Cioas\vendor\composer/../../app/Models/HotelRestaurant.php): Failed to open stream: No such file or directory in C:\xampp\htdocs\Cioas\vendor\composer\ClassLoader.php:576
Stack trace:
#0 C:\xampp\htdocs\Cioas\vendor\composer\ClassLoader.php(576): Illuminate\Foundation\Bootstrap\HandleExceptions->handleError(2, 'include(C:\\xamp...', 'C:\\xampp\\htdocs...', 576)
#1 C:\xampp\htdocs\Cioas\vendor\composer\ClassLoader.php(576): include()
#2 C:\xampp\htdocs\Cioas\vendor\composer\ClassLoader.php(427): Composer\Autoload\{closure}('C:\\xampp\\htdocs...')
#3 [internal function]: Composer\Autoload\ClassLoader->loadClass('App\\Models\\Hote...')
#4 Command line code(1): class_exists('App\\Models\\Hote...')
#5 [internal function]: {closure}('App\\Models\\Hote...')
#6 Command line code(1): array_filter(Array, Object(Closure))
#7 {main}
  thrown {"exception":"[object] (Symfony\\Component\\ErrorHandler\\Error\\FatalError(code: 0): Uncaught ErrorException: include(C:\\xampp\\htdocs\\Cioas\\vendor\\composer/../../app/Models/HotelRestaurant.php): Failed to open stream: No such file or directory in C:\\xampp\\htdocs\\Cioas\\vendor\\composer\\ClassLoader.php:576
Stack trace:
#0 C:\\xampp\\htdocs\\Cioas\\vendor\\composer\\ClassLoader.php(576): Illuminate\\Foundation\\Bootstrap\\HandleExceptions->handleError(2, 'include(C:\\\\xamp...', 'C:\\\\xampp\\\\htdocs...', 576)
#1 C:\\xampp\\htdocs\\Cioas\\vendor\\composer\\ClassLoader.php(576): include()
#2 C:\\xampp\\htdocs\\Cioas\\vendor\\composer\\ClassLoader.php(427): Composer\\Autoload\\{closure}('C:\\\\xampp\\\\htdocs...')
#3 [internal function]: Composer\\Autoload\\ClassLoader->loadClass('App\\\\Models\\\\Hote...')
#4 Command line code(1): class_exists('App\\\\Models\\\\Hote...')
#5 [internal function]: {closure}('App\\\\Models\\\\Hote...')
#6 Command line code(1): array_filter(Array, Object(Closure))
#7 {main}
  thrown at C:\\xampp\\htdocs\\Cioas\\vendor\\composer\\ClassLoader.php:576)
[stacktrace]
#0 {main}
"} 
[2026-05-06 09:01:01] local.ERROR: Uncaught ErrorException: include(C:\xampp\htdocs\Cioas\vendor\composer/../../app/Models/HotelRestaurant.php): Failed to open stream: No such file or directory in C:\xampp\htdocs\Cioas\vendor\composer\ClassLoader.php:576
Stack trace:
#0 C:\xampp\htdocs\Cioas\vendor\composer\ClassLoader.php(576): Illuminate\Foundation\Bootstrap\HandleExceptions->handleError(2, 'include(C:\\xamp...', 'C:\\xampp\\htdocs...', 576)
#1 C:\xampp\htdocs\Cioas\vendor\composer\ClassLoader.php(576): include()
#2 C:\xampp\htdocs\Cioas\vendor\composer\ClassLoader.php(427): Composer\Autoload\{closure}('C:\\xampp\\htdocs...')
#3 [internal function]: Composer\Autoload\ClassLoader->loadClass('App\\Models\\Hote...')
#4 Command line code(1): class_exists('App\\Models\\Hote...')
#5 [internal function]: {closure}('App\\Models\\Hote...')
#6 Command line code(1): array_filter(Array, Object(Closure))
#7 {main}
  thrown {"exception":"[object] (Symfony\\Component\\ErrorHandler\\Error\\FatalError(code: 0): Uncaught ErrorException: include(C:\\xampp\\htdocs\\Cioas\\vendor\\composer/../../app/Models/HotelRestaurant.php): Failed to open stream: No such file or directory in C:\\xampp\\htdocs\\Cioas\\vendor\\composer\\ClassLoader.php:576
Stack trace:
#0 C:\\xampp\\htdocs\\Cioas\\vendor\\composer\\ClassLoader.php(576): Illuminate\\Foundation\\Bootstrap\\HandleExceptions->handleError(2, 'include(C:\\\\xamp...', 'C:\\\\xampp\\\\htdocs...', 576)
#1 C:\\xampp\\htdocs\\Cioas\\vendor\\composer\\ClassLoader.php(576): include()
#2 C:\\xampp\\htdocs\\Cioas\\vendor\\composer\\ClassLoader.php(427): Composer\\Autoload\\{closure}('C:\\\\xampp\\\\htdocs...')
#3 [internal function]: Composer\\Autoload\\ClassLoader->loadClass('App\\\\Models\\\\Hote...')
#4 Command line code(1): class_exists('App\\\\Models\\\\Hote...')
#5 [internal function]: {closure}('App\\\\Models\\\\Hote...')
#6 Command line code(1): array_filter(Array, Object(Closure))
#7 {main}
  thrown at C:\\xampp\\htdocs\\Cioas\\vendor\\composer\\ClassLoader.php:576)
[stacktrace]
#0 {main}
"} 
[2026-05-06 09:02:01] local.ERROR: Uncaught ErrorException: include(C:\xampp\htdocs\Cioas\vendor\composer/../../app/Models/HotelRestaurant.php): Failed to open stream: No such file or directory in C:\xampp\htdocs\Cioas\vendor\composer\ClassLoader.php:576
Stack trace:
#0 C:\xampp\htdocs\Cioas\vendor\composer\ClassLoader.php(576): Illuminate\Foundation\Bootstrap\HandleExceptions->handleError(2, 'include(C:\\xamp...', 'C:\\xampp\\htdocs...', 576)
#1 C:\xampp\htdocs\Cioas\vendor\composer\ClassLoader.php(576): include()
#2 C:\xampp\htdocs\Cioas\vendor\composer\ClassLoader.php(427): Composer\Autoload\{closure}('C:\\xampp\\htdocs...')
#3 [internal function]: Composer\Autoload\ClassLoader->loadClass('App\\Models\\Hote...')
#4 Command line code(1): class_exists('App\\Models\\Hote...')
#5 [internal function]: {closure}('App\\Models\\Hote...')
#6 Command line code(1): array_filter(Array, Object(Closure))
#7 {main}
  thrown {"exception":"[object] (Symfony\\Component\\ErrorHandler\\Error\\FatalError(code: 0): Uncaught ErrorException: include(C:\\xampp\\htdocs\\Cioas\\vendor\\composer/../../app/Models/HotelRestaurant.php): Failed to open stream: No such file or directory in C:\\xampp\\htdocs\\Cioas\\vendor\\composer\\ClassLoader.php:576
Stack trace:
#0 C:\\xampp\\htdocs\\Cioas\\vendor\\composer\\ClassLoader.php(576): Illuminate\\Foundation\\Bootstrap\\HandleExceptions->handleError(2, 'include(C:\\\\xamp...', 'C:\\\\xampp\\\\htdocs...', 576)
#1 C:\\xampp\\htdocs\\Cioas\\vendor\\composer\\ClassLoader.php(576): include()
#2 C:\\xampp\\htdocs\\Cioas\\vendor\\composer\\ClassLoader.php(427): Composer\\Autoload\\{closure}('C:\\\\xampp\\\\htdocs...')
#3 [internal function]: Composer\\Autoload\\ClassLoader->loadClass('App\\\\Models\\\\Hote...')
#4 Command line code(1): class_exists('App\\\\Models\\\\Hote...')
#5 [internal function]: {closure}('App\\\\Models\\\\Hote...')
#6 Command line code(1): array_filter(Array, Object(Closure))
#7 {main}
  thrown at C:\\xampp\\htdocs\\Cioas\\vendor\\composer\\ClassLoader.php:576)
[stacktrace]
#0 {main}
"} 
[2026-05-06 09:03:01] local.ERROR: Uncaught ErrorException: include(C:\xampp\htdocs\Cioas\vendor\composer/../../app/Models/HotelRestaurant.php): Failed to open stream: No such file or directory in C:\xampp\htdocs\Cioas\vendor\composer\ClassLoader.php:576
Stack trace:
#0 C:\xampp\htdocs\Cioas\vendor\composer\ClassLoader.php(576): Illuminate\Foundation\Bootstrap\HandleExceptions->handleError(2, 'include(C:\\xamp...', 'C:\\xampp\\htdocs...', 576)
#1 C:\xampp\htdocs\Cioas\vendor\composer\ClassLoader.php(576): include()
#2 C:\xampp\htdocs\Cioas\vendor\composer\ClassLoader.php(427): Composer\Autoload\{closure}('C:\\xampp\\htdocs...')
#3 [internal function]: Composer\Autoload\ClassLoader->loadClass('App\\Models\\Hote...')
#4 Command line code(1): class_exists('App\\Models\\Hote...')
#5 [internal function]: {closure}('App\\Models\\Hote...')
#6 Command line code(1): array_filter(Array, Object(Closure))
#7 {main}
  thrown {"exception":"[object] (Symfony\\Component\\ErrorHandler\\Error\\FatalError(code: 0): Uncaught ErrorException: include(C:\\xampp\\htdocs\\Cioas\\vendor\\composer/../../app/Models/HotelRestaurant.php): Failed to open stream: No such file or directory in C:\\xampp\\htdocs\\Cioas\\vendor\\composer\\ClassLoader.php:576
Stack trace:
#0 C:\\xampp\\htdocs\\Cioas\\vendor\\composer\\ClassLoader.php(576): Illuminate\\Foundation\\Bootstrap\\HandleExceptions->handleError(2, 'include(C:\\\\xamp...', 'C:\\\\xampp\\\\htdocs...', 576)
#1 C:\\xampp\\htdocs\\Cioas\\vendor\\composer\\ClassLoader.php(576): include()
#2 C:\\xampp\\htdocs\\Cioas\\vendor\\composer\\ClassLoader.php(427): Composer\\Autoload\\{closure}('C:\\\\xampp\\\\htdocs...')
#3 [internal function]: Composer\\Autoload\\ClassLoader->loadClass('App\\\\Models\\\\Hote...')
#4 Command line code(1): class_exists('App\\\\Models\\\\Hote...')
#5 [internal function]: {closure}('App\\\\Models\\\\Hote...')
#6 Command line code(1): array_filter(Array, Object(Closure))
#7 {main}
  thrown at C:\\xampp\\htdocs\\Cioas\\vendor\\composer\\ClassLoader.php:576)
[stacktrace]
#0 {main}
"} 
[2026-05-06 09:04:01] local.ERROR: Uncaught ErrorException: include(C:\xampp\htdocs\Cioas\vendor\composer/../../app/Models/HotelRestaurant.php): Failed to open stream: No such file or directory in C:\xampp\htdocs\Cioas\vendor\composer\ClassLoader.php:576
Stack trace:
#0 C:\xampp\htdocs\Cioas\vendor\composer\ClassLoader.php(576): Illuminate\Foundation\Bootstrap\HandleExceptions->handleError(2, 'include(C:\\xamp...', 'C:\\xampp\\htdocs...', 576)
#1 C:\xampp\htdocs\Cioas\vendor\composer\ClassLoader.php(576): include()
#2 C:\xampp\htdocs\Cioas\vendor\composer\ClassLoader.php(427): Composer\Autoload\{closure}('C:\\xampp\\htdocs...')
#3 [internal function]: Composer\Autoload\ClassLoader->loadClass('App\\Models\\Hote...')
#4 Command line code(1): class_exists('App\\Models\\Hote...')
#5 [internal function]: {closure}('App\\Models\\Hote...')
#6 Command line code(1): array_filter(Array, Object(Closure))
#7 {main}
  thrown {"exception":"[object] (Symfony\\Component\\ErrorHandler\\Error\\FatalError(code: 0): Uncaught ErrorException: include(C:\\xampp\\htdocs\\Cioas\\vendor\\composer/../../app/Models/HotelRestaurant.php): Failed to open stream: No such file or directory in C:\\xampp\\htdocs\\Cioas\\vendor\\composer\\ClassLoader.php:576
Stack trace:
#0 C:\\xampp\\htdocs\\Cioas\\vendor\\composer\\ClassLoader.php(576): Illuminate\\Foundation\\Bootstrap\\HandleExceptions->handleError(2, 'include(C:\\\\xamp...', 'C:\\\\xampp\\\\htdocs...', 576)
#1 C:\\xampp\\htdocs\\Cioas\\vendor\\composer\\ClassLoader.php(576): include()
#2 C:\\xampp\\htdocs\\Cioas\\vendor\\composer\\ClassLoader.php(427): Composer\\Autoload\\{closure}('C:\\\\xampp\\\\htdocs...')
#3 [internal function]: Composer\\Autoload\\ClassLoader->loadClass('App\\\\Models\\\\Hote...')
#4 Command line code(1): class_exists('App\\\\Models\\\\Hote...')
#5 [internal function]: {closure}('App\\\\Models\\\\Hote...')
#6 Command line code(1): array_filter(Array, Object(Closure))
#7 {main}
  thrown at C:\\xampp\\htdocs\\Cioas\\vendor\\composer\\ClassLoader.php:576)
[stacktrace]
#0 {main}
"} 
[2026-05-06 09:05:01] local.ERROR: Uncaught ErrorException: include(C:\xampp\htdocs\Cioas\vendor\composer/../../app/Models/HotelRestaurant.php): Failed to open stream: No such file or directory in C:\xampp\htdocs\Cioas\vendor\composer\ClassLoader.php:576
Stack trace:
#0 C:\xampp\htdocs\Cioas\vendor\composer\ClassLoader.php(576): Illuminate\Foundation\Bootstrap\HandleExceptions->handleError(2, 'include(C:\\xamp...', 'C:\\xampp\\htdocs...', 576)
#1 C:\xampp\htdocs\Cioas\vendor\composer\ClassLoader.php(576): include()
#2 C:\xampp\htdocs\Cioas\vendor\composer\ClassLoader.php(427): Composer\Autoload\{closure}('C:\\xampp\\htdocs...')
#3 [internal function]: Composer\Autoload\ClassLoader->loadClass('App\\Models\\Hote...')
#4 Command line code(1): class_exists('App\\Models\\Hote...')
#5 [internal function]: {closure}('App\\Models\\Hote...')
#6 Command line code(1): array_filter(Array, Object(Closure))
#7 {main}
  thrown {"exception":"[object] (Symfony\\Component\\ErrorHandler\\Error\\FatalError(code: 0): Uncaught ErrorException: include(C:\\xampp\\htdocs\\Cioas\\vendor\\composer/../../app/Models/HotelRestaurant.php): Failed to open stream: No such file or directory in C:\\xampp\\htdocs\\Cioas\\vendor\\composer\\ClassLoader.php:576
Stack trace:
#0 C:\\xampp\\htdocs\\Cioas\\vendor\\composer\\ClassLoader.php(576): Illuminate\\Foundation\\Bootstrap\\HandleExceptions->handleError(2, 'include(C:\\\\xamp...', 'C:\\\\xampp\\\\htdocs...', 576)
#1 C:\\xampp\\htdocs\\Cioas\\vendor\\composer\\ClassLoader.php(576): include()
#2 C:\\xampp\\htdocs\\Cioas\\vendor\\composer\\ClassLoader.php(427): Composer\\Autoload\\{closure}('C:\\\\xampp\\\\htdocs...')
#3 [internal function]: Composer\\Autoload\\ClassLoader->loadClass('App\\\\Models\\\\Hote...')
#4 Command line code(1): class_exists('App\\\\Models\\\\Hote...')
#5 [internal function]: {closure}('App\\\\Models\\\\Hote...')
#6 Command line code(1): array_filter(Array, Object(Closure))
#7 {main}
  thrown at C:\\xampp\\htdocs\\Cioas\\vendor\\composer\\ClassLoader.php:576)
[stacktrace]
#0 {main}
"} 
[2026-05-06 09:06:01] local.ERROR: Uncaught ErrorException: include(C:\xampp\htdocs\Cioas\vendor\composer/../../app/Models/HotelRestaurant.php): Failed to open stream: No such file or directory in C:\xampp\htdocs\Cioas\vendor\composer\ClassLoader.php:576
Stack trace:
#0 C:\xampp\htdocs\Cioas\vendor\composer\ClassLoader.php(576): Illuminate\Foundation\Bootstrap\HandleExceptions->handleError(2, 'include(C:\\xamp...', 'C:\\xampp\\htdocs...', 576)
#1 C:\xampp\htdocs\Cioas\vendor\composer\ClassLoader.php(576): include()
#2 C:\xampp\htdocs\Cioas\vendor\composer\ClassLoader.php(427): Composer\Autoload\{closure}('C:\\xampp\\htdocs...')
#3 [internal function]: Composer\Autoload\ClassLoader->loadClass('App\\Models\\Hote...')
#4 Command line code(1): class_exists('App\\Models\\Hote...')
#5 [internal function]: {closure}('App\\Models\\Hote...')
#6 Command line code(1): array_filter(Array, Object(Closure))
#7 {main}
  thrown {"exception":"[object] (Symfony\\Component\\ErrorHandler\\Error\\FatalError(code: 0): Uncaught ErrorException: include(C:\\xampp\\htdocs\\Cioas\\vendor\\composer/../../app/Models/HotelRestaurant.php): Failed to open stream: No such file or directory in C:\\xampp\\htdocs\\Cioas\\vendor\\composer\\ClassLoader.php:576
Stack trace:
#0 C:\\xampp\\htdocs\\Cioas\\vendor\\composer\\ClassLoader.php(576): Illuminate\\Foundation\\Bootstrap\\HandleExceptions->handleError(2, 'include(C:\\\\xamp...', 'C:\\\\xampp\\\\htdocs...', 576)
#1 C:\\xampp\\htdocs\\Cioas\\vendor\\composer\\ClassLoader.php(576): include()
#2 C:\\xampp\\htdocs\\Cioas\\vendor\\composer\\ClassLoader.php(427): Composer\\Autoload\\{closure}('C:\\\\xampp\\\\htdocs...')
#3 [internal function]: Composer\\Autoload\\ClassLoader->loadClass('App\\\\Models\\\\Hote...')
#4 Command line code(1): class_exists('App\\\\Models\\\\Hote...')
#5 [internal function]: {closure}('App\\\\Models\\\\Hote...')
#6 Command line code(1): array_filter(Array, Object(Closure))
#7 {main}
  thrown at C:\\xampp\\htdocs\\Cioas\\vendor\\composer\\ClassLoader.php:576)
[stacktrace]
#0 {main}
"} 
[2026-05-06 09:07:01] local.ERROR: Uncaught ErrorException: include(C:\xampp\htdocs\Cioas\vendor\composer/../../app/Models/HotelRestaurant.php): Failed to open stream: No such file or directory in C:\xampp\htdocs\Cioas\vendor\composer\ClassLoader.php:576
Stack trace:
#0 C:\xampp\htdocs\Cioas\vendor\composer\ClassLoader.php(576): Illuminate\Foundation\Bootstrap\HandleExceptions->handleError(2, 'include(C:\\xamp...', 'C:\\xampp\\htdocs...', 576)
#1 C:\xampp\htdocs\Cioas\vendor\composer\ClassLoader.php(576): include()
#2 C:\xampp\htdocs\Cioas\vendor\composer\ClassLoader.php(427): Composer\Autoload\{closure}('C:\\xampp\\htdocs...')
#3 [internal function]: Composer\Autoload\ClassLoader->loadClass('App\\Models\\Hote...')
#4 Command line code(1): class_exists('App\\Models\\Hote...')
#5 [internal function]: {closure}('App\\Models\\Hote...')
#6 Command line code(1): array_filter(Array, Object(Closure))
#7 {main}
  thrown {"exception":"[object] (Symfony\\Component\\ErrorHandler\\Error\\FatalError(code: 0): Uncaught ErrorException: include(C:\\xampp\\htdocs\\Cioas\\vendor\\composer/../../app/Models/HotelRestaurant.php): Failed to open stream: No such file or directory in C:\\xampp\\htdocs\\Cioas\\vendor\\composer\\ClassLoader.php:576
Stack trace:
#0 C:\\xampp\\htdocs\\Cioas\\vendor\\composer\\ClassLoader.php(576): Illuminate\\Foundation\\Bootstrap\\HandleExceptions->handleError(2, 'include(C:\\\\xamp...', 'C:\\\\xampp\\\\htdocs...', 576)
#1 C:\\xampp\\htdocs\\Cioas\\vendor\\composer\\ClassLoader.php(576): include()
#2 C:\\xampp\\htdocs\\Cioas\\vendor\\composer\\ClassLoader.php(427): Composer\\Autoload\\{closure}('C:\\\\xampp\\\\htdocs...')
#3 [internal function]: Composer\\Autoload\\ClassLoader->loadClass('App\\\\Models\\\\Hote...')
#4 Command line code(1): class_exists('App\\\\Models\\\\Hote...')
#5 [internal function]: {closure}('App\\\\Models\\\\Hote...')
#6 Command line code(1): array_filter(Array, Object(Closure))
#7 {main}
  thrown at C:\\xampp\\htdocs\\Cioas\\vendor\\composer\\ClassLoader.php:576)
[stacktrace]
#0 {main}
"} 
[2026-05-06 09:08:02] local.ERROR: Uncaught ErrorException: include(C:\xampp\htdocs\Cioas\vendor\composer/../../app/Models/HotelRestaurant.php): Failed to open stream: No such file or directory in C:\xampp\htdocs\Cioas\vendor\composer\ClassLoader.php:576
Stack trace:
#0 C:\xampp\htdocs\Cioas\vendor\composer\ClassLoader.php(576): Illuminate\Foundation\Bootstrap\HandleExceptions->handleError(2, 'include(C:\\xamp...', 'C:\\xampp\\htdocs...', 576)
#1 C:\xampp\htdocs\Cioas\vendor\composer\ClassLoader.php(576): include()
#2 C:\xampp\htdocs\Cioas\vendor\composer\ClassLoader.php(427): Composer\Autoload\{closure}('C:\\xampp\\htdocs...')
#3 [internal function]: Composer\Autoload\ClassLoader->loadClass('App\\Models\\Hote...')
#4 Command line code(1): class_exists('App\\Models\\Hote...')
#5 [internal function]: {closure}('App\\Models\\Hote...')
#6 Command line code(1): array_filter(Array, Object(Closure))
#7 {main}
  thrown {"exception":"[object] (Symfony\\Component\\ErrorHandler\\Error\\FatalError(code: 0): Uncaught ErrorException: include(C:\\xampp\\htdocs\\Cioas\\vendor\\composer/../../app/Models/HotelRestaurant.php): Failed to open stream: No such file or directory in C:\\xampp\\htdocs\\Cioas\\vendor\\composer\\ClassLoader.php:576
Stack trace:
#0 C:\\xampp\\htdocs\\Cioas\\vendor\\composer\\ClassLoader.php(576): Illuminate\\Foundation\\Bootstrap\\HandleExceptions->handleError(2, 'include(C:\\\\xamp...', 'C:\\\\xampp\\\\htdocs...', 576)
#1 C:\\xampp\\htdocs\\Cioas\\vendor\\composer\\ClassLoader.php(576): include()
#2 C:\\xampp\\htdocs\\Cioas\\vendor\\composer\\ClassLoader.php(427): Composer\\Autoload\\{closure}('C:\\\\xampp\\\\htdocs...')
#3 [internal function]: Composer\\Autoload\\ClassLoader->loadClass('App\\\\Models\\\\Hote...')
#4 Command line code(1): class_exists('App\\\\Models\\\\Hote...')
#5 [internal function]: {closure}('App\\\\Models\\\\Hote...')
#6 Command line code(1): array_filter(Array, Object(Closure))
#7 {main}
  thrown at C:\\xampp\\htdocs\\Cioas\\vendor\\composer\\ClassLoader.php:576)
[stacktrace]
#0 {main}
"} 
[2026-05-06 09:09:01] local.ERROR: Uncaught ErrorException: include(C:\xampp\htdocs\Cioas\vendor\composer/../../app/Models/HotelRestaurant.php): Failed to open stream: No such file or directory in C:\xampp\htdocs\Cioas\vendor\composer\ClassLoader.php:576
Stack trace:
#0 C:\xampp\htdocs\Cioas\vendor\composer\ClassLoader.php(576): Illuminate\Foundation\Bootstrap\HandleExceptions->handleError(2, 'include(C:\\xamp...', 'C:\\xampp\\htdocs...', 576)
#1 C:\xampp\htdocs\Cioas\vendor\composer\ClassLoader.php(576): include()
#2 C:\xampp\htdocs\Cioas\vendor\composer\ClassLoader.php(427): Composer\Autoload\{closure}('C:\\xampp\\htdocs...')
#3 [internal function]: Composer\Autoload\ClassLoader->loadClass('App\\Models\\Hote...')
#4 Command line code(1): class_exists('App\\Models\\Hote...')
#5 [internal function]: {closure}('App\\Models\\Hote...')
#6 Command line code(1): array_filter(Array, Object(Closure))
#7 {main}
  thrown {"exception":"[object] (Symfony\\Component\\ErrorHandler\\Error\\FatalError(code: 0): Uncaught ErrorException: include(C:\\xampp\\htdocs\\Cioas\\vendor\\composer/../../app/Models/HotelRestaurant.php): Failed to open stream: No such file or directory in C:\\xampp\\htdocs\\Cioas\\vendor\\composer\\ClassLoader.php:576
Stack trace:
#0 C:\\xampp\\htdocs\\Cioas\\vendor\\composer\\ClassLoader.php(576): Illuminate\\Foundation\\Bootstrap\\HandleExceptions->handleError(2, 'include(C:\\\\xamp...', 'C:\\\\xampp\\\\htdocs...', 576)
#1 C:\\xampp\\htdocs\\Cioas\\vendor\\composer\\ClassLoader.php(576): include()
#2 C:\\xampp\\htdocs\\Cioas\\vendor\\composer\\ClassLoader.php(427): Composer\\Autoload\\{closure}('C:\\\\xampp\\\\htdocs...')
#3 [internal function]: Composer\\Autoload\\ClassLoader->loadClass('App\\\\Models\\\\Hote...')
#4 Command line code(1): class_exists('App\\\\Models\\\\Hote...')
#5 [internal function]: {closure}('App\\\\Models\\\\Hote...')
#6 Command line code(1): array_filter(Array, Object(Closure))
#7 {main}
  thrown at C:\\xampp\\htdocs\\Cioas\\vendor\\composer\\ClassLoader.php:576)
[stacktrace]
#0 {main}
"} 
[2026-05-06 09:10:02] local.ERROR: Uncaught ErrorException: include(C:\xampp\htdocs\Cioas\vendor\composer/../../app/Models/HotelRestaurant.php): Failed to open stream: No such file or directory in C:\xampp\htdocs\Cioas\vendor\composer\ClassLoader.php:576
Stack trace:
#0 C:\xampp\htdocs\Cioas\vendor\composer\ClassLoader.php(576): Illuminate\Foundation\Bootstrap\HandleExceptions->handleError(2, 'include(C:\\xamp...', 'C:\\xampp\\htdocs...', 576)
#1 C:\xampp\htdocs\Cioas\vendor\composer\ClassLoader.php(576): include()
#2 C:\xampp\htdocs\Cioas\vendor\composer\ClassLoader.php(427): Composer\Autoload\{closure}('C:\\xampp\\htdocs...')
#3 [internal function]: Composer\Autoload\ClassLoader->loadClass('App\\Models\\Hote...')
#4 Command line code(1): class_exists('App\\Models\\Hote...')
#5 [internal function]: {closure}('App\\Models\\Hote...')
#6 Command line code(1): array_filter(Array, Object(Closure))
#7 {main}
  thrown {"exception":"[object] (Symfony\\Component\\ErrorHandler\\Error\\FatalError(code: 0): Uncaught ErrorException: include(C:\\xampp\\htdocs\\Cioas\\vendor\\composer/../../app/Models/HotelRestaurant.php): Failed to open stream: No such file or directory in C:\\xampp\\htdocs\\Cioas\\vendor\\composer\\ClassLoader.php:576
Stack trace:
#0 C:\\xampp\\htdocs\\Cioas\\vendor\\composer\\ClassLoader.php(576): Illuminate\\Foundation\\Bootstrap\\HandleExceptions->handleError(2, 'include(C:\\\\xamp...', 'C:\\\\xampp\\\\htdocs...', 576)
#1 C:\\xampp\\htdocs\\Cioas\\vendor\\composer\\ClassLoader.php(576): include()
#2 C:\\xampp\\htdocs\\Cioas\\vendor\\composer\\ClassLoader.php(427): Composer\\Autoload\\{closure}('C:\\\\xampp\\\\htdocs...')
#3 [internal function]: Composer\\Autoload\\ClassLoader->loadClass('App\\\\Models\\\\Hote...')
#4 Command line code(1): class_exists('App\\\\Models\\\\Hote...')
#5 [internal function]: {closure}('App\\\\Models\\\\Hote...')
#6 Command line code(1): array_filter(Array, Object(Closure))
#7 {main}
  thrown at C:\\xampp\\htdocs\\Cioas\\vendor\\composer\\ClassLoader.php:576)
[stacktrace]
#0 {main}
"} 
[2026-05-06 09:11:01] local.ERROR: Uncaught ErrorException: include(C:\xampp\htdocs\Cioas\vendor\composer/../../app/Models/HotelRestaurant.php): Failed to open stream: No such file or directory in C:\xampp\htdocs\Cioas\vendor\composer\ClassLoader.php:576
Stack trace:
#0 C:\xampp\htdocs\Cioas\vendor\composer\ClassLoader.php(576): Illuminate\Foundation\Bootstrap\HandleExceptions->handleError(2, 'include(C:\\xamp...', 'C:\\xampp\\htdocs...', 576)
#1 C:\xampp\htdocs\Cioas\vendor\composer\ClassLoader.php(576): include()
#2 C:\xampp\htdocs\Cioas\vendor\composer\ClassLoader.php(427): Composer\Autoload\{closure}('C:\\xampp\\htdocs...')
#3 [internal function]: Composer\Autoload\ClassLoader->loadClass('App\\Models\\Hote...')
#4 Command line code(1): class_exists('App\\Models\\Hote...')
#5 [internal function]: {closure}('App\\Models\\Hote...')
#6 Command line code(1): array_filter(Array, Object(Closure))
#7 {main}
  thrown {"exception":"[object] (Symfony\\Component\\ErrorHandler\\Error\\FatalError(code: 0): Uncaught ErrorException: include(C:\\xampp\\htdocs\\Cioas\\vendor\\composer/../../app/Models/HotelRestaurant.php): Failed to open stream: No such file or directory in C:\\xampp\\htdocs\\Cioas\\vendor\\composer\\ClassLoader.php:576
Stack trace:
#0 C:\\xampp\\htdocs\\Cioas\\vendor\\composer\\ClassLoader.php(576): Illuminate\\Foundation\\Bootstrap\\HandleExceptions->handleError(2, 'include(C:\\\\xamp...', 'C:\\\\xampp\\\\htdocs...', 576)
#1 C:\\xampp\\htdocs\\Cioas\\vendor\\composer\\ClassLoader.php(576): include()
#2 C:\\xampp\\htdocs\\Cioas\\vendor\\composer\\ClassLoader.php(427): Composer\\Autoload\\{closure}('C:\\\\xampp\\\\htdocs...')
#3 [internal function]: Composer\\Autoload\\ClassLoader->loadClass('App\\\\Models\\\\Hote...')
#4 Command line code(1): class_exists('App\\\\Models\\\\Hote...')
#5 [internal function]: {closure}('App\\\\Models\\\\Hote...')
#6 Command line code(1): array_filter(Array, Object(Closure))
#7 {main}
  thrown at C:\\xampp\\htdocs\\Cioas\\vendor\\composer\\ClassLoader.php:576)
[stacktrace]
#0 {main}
"} 
[2026-05-06 09:12:02] local.ERROR: Uncaught ErrorException: include(C:\xampp\htdocs\Cioas\vendor\composer/../../app/Models/HotelRestaurant.php): Failed to open stream: No such file or directory in C:\xampp\htdocs\Cioas\vendor\composer\ClassLoader.php:576
Stack trace:
#0 C:\xampp\htdocs\Cioas\vendor\composer\ClassLoader.php(576): Illuminate\Foundation\Bootstrap\HandleExceptions->handleError(2, 'include(C:\\xamp...', 'C:\\xampp\\htdocs...', 576)
#1 C:\xampp\htdocs\Cioas\vendor\composer\ClassLoader.php(576): include()
#2 C:\xampp\htdocs\Cioas\vendor\composer\ClassLoader.php(427): Composer\Autoload\{closure}('C:\\xampp\\htdocs...')
#3 [internal function]: Composer\Autoload\ClassLoader->loadClass('App\\Models\\Hote...')
#4 Command line code(1): class_exists('App\\Models\\Hote...')
#5 [internal function]: {closure}('App\\Models\\Hote...')
#6 Command line code(1): array_filter(Array, Object(Closure))
#7 {main}
  thrown {"exception":"[object] (Symfony\\Component\\ErrorHandler\\Error\\FatalError(code: 0): Uncaught ErrorException: include(C:\\xampp\\htdocs\\Cioas\\vendor\\composer/../../app/Models/HotelRestaurant.php): Failed to open stream: No such file or directory in C:\\xampp\\htdocs\\Cioas\\vendor\\composer\\ClassLoader.php:576
Stack trace:
#0 C:\\xampp\\htdocs\\Cioas\\vendor\\composer\\ClassLoader.php(576): Illuminate\\Foundation\\Bootstrap\\HandleExceptions->handleError(2, 'include(C:\\\\xamp...', 'C:\\\\xampp\\\\htdocs...', 576)
#1 C:\\xampp\\htdocs\\Cioas\\vendor\\composer\\ClassLoader.php(576): include()
#2 C:\\xampp\\htdocs\\Cioas\\vendor\\composer\\ClassLoader.php(427): Composer\\Autoload\\{closure}('C:\\\\xampp\\\\htdocs...')
#3 [internal function]: Composer\\Autoload\\ClassLoader->loadClass('App\\\\Models\\\\Hote...')
#4 Command line code(1): class_exists('App\\\\Models\\\\Hote...')
#5 [internal function]: {closure}('App\\\\Models\\\\Hote...')
#6 Command line code(1): array_filter(Array, Object(Closure))
#7 {main}
  thrown at C:\\xampp\\htdocs\\Cioas\\vendor\\composer\\ClassLoader.php:576)
[stacktrace]
#0 {main}
"} 
[2026-05-06 09:13:02] local.ERROR: Uncaught ErrorException: include(C:\xampp\htdocs\Cioas\vendor\composer/../../app/Models/HotelRestaurant.php): Failed to open stream: No such file or directory in C:\xampp\htdocs\Cioas\vendor\composer\ClassLoader.php:576
Stack trace:
#0 C:\xampp\htdocs\Cioas\vendor\composer\ClassLoader.php(576): Illuminate\Foundation\Bootstrap\HandleExceptions->handleError(2, 'include(C:\\xamp...', 'C:\\xampp\\htdocs...', 576)
#1 C:\xampp\htdocs\Cioas\vendor\composer\ClassLoader.php(576): include()
#2 C:\xampp\htdocs\Cioas\vendor\composer\ClassLoader.php(427): Composer\Autoload\{closure}('C:\\xampp\\htdocs...')
#3 [internal function]: Composer\Autoload\ClassLoader->loadClass('App\\Models\\Hote...')
#4 Command line code(1): class_exists('App\\Models\\Hote...')
#5 [internal function]: {closure}('App\\Models\\Hote...')
#6 Command line code(1): array_filter(Array, Object(Closure))
#7 {main}
  thrown {"exception":"[object] (Symfony\\Component\\ErrorHandler\\Error\\FatalError(code: 0): Uncaught ErrorException: include(C:\\xampp\\htdocs\\Cioas\\vendor\\composer/../../app/Models/HotelRestaurant.php): Failed to open stream: No such file or directory in C:\\xampp\\htdocs\\Cioas\\vendor\\composer\\ClassLoader.php:576
Stack trace:
#0 C:\\xampp\\htdocs\\Cioas\\vendor\\composer\\ClassLoader.php(576): Illuminate\\Foundation\\Bootstrap\\HandleExceptions->handleError(2, 'include(C:\\\\xamp...', 'C:\\\\xampp\\\\htdocs...', 576)
#1 C:\\xampp\\htdocs\\Cioas\\vendor\\composer\\ClassLoader.php(576): include()
#2 C:\\xampp\\htdocs\\Cioas\\vendor\\composer\\ClassLoader.php(427): Composer\\Autoload\\{closure}('C:\\\\xampp\\\\htdocs...')
#3 [internal function]: Composer\\Autoload\\ClassLoader->loadClass('App\\\\Models\\\\Hote...')
#4 Command line code(1): class_exists('App\\\\Models\\\\Hote...')
#5 [internal function]: {closure}('App\\\\Models\\\\Hote...')
#6 Command line code(1): array_filter(Array, Object(Closure))
#7 {main}
  thrown at C:\\xampp\\htdocs\\Cioas\\vendor\\composer\\ClassLoader.php:576)
[stacktrace]
#0 {main}
"} 
[2026-05-06 09:14:02] local.ERROR: Uncaught ErrorException: include(C:\xampp\htdocs\Cioas\vendor\composer/../../app/Models/HotelRestaurant.php): Failed to open stream: No such file or directory in C:\xampp\htdocs\Cioas\vendor\composer\ClassLoader.php:576
Stack trace:
#0 C:\xampp\htdocs\Cioas\vendor\composer\ClassLoader.php(576): Illuminate\Foundation\Bootstrap\HandleExceptions->handleError(2, 'include(C:\\xamp...', 'C:\\xampp\\htdocs...', 576)
#1 C:\xampp\htdocs\Cioas\vendor\composer\ClassLoader.php(576): include()
#2 C:\xampp\htdocs\Cioas\vendor\composer\ClassLoader.php(427): Composer\Autoload\{closure}('C:\\xampp\\htdocs...')
#3 [internal function]: Composer\Autoload\ClassLoader->loadClass('App\\Models\\Hote...')
#4 Command line code(1): class_exists('App\\Models\\Hote...')
#5 [internal function]: {closure}('App\\Models\\Hote...')
#6 Command line code(1): array_filter(Array, Object(Closure))
#7 {main}
  thrown {"exception":"[object] (Symfony\\Component\\ErrorHandler\\Error\\FatalError(code: 0): Uncaught ErrorException: include(C:\\xampp\\htdocs\\Cioas\\vendor\\composer/../../app/Models/HotelRestaurant.php): Failed to open stream: No such file or directory in C:\\xampp\\htdocs\\Cioas\\vendor\\composer\\ClassLoader.php:576
Stack trace:
#0 C:\\xampp\\htdocs\\Cioas\\vendor\\composer\\ClassLoader.php(576): Illuminate\\Foundation\\Bootstrap\\HandleExceptions->handleError(2, 'include(C:\\\\xamp...', 'C:\\\\xampp\\\\htdocs...', 576)
#1 C:\\xampp\\htdocs\\Cioas\\vendor\\composer\\ClassLoader.php(576): include()
#2 C:\\xampp\\htdocs\\Cioas\\vendor\\composer\\ClassLoader.php(427): Composer\\Autoload\\{closure}('C:\\\\xampp\\\\htdocs...')
#3 [internal function]: Composer\\Autoload\\ClassLoader->loadClass('App\\\\Models\\\\Hote...')
#4 Command line code(1): class_exists('App\\\\Models\\\\Hote...')
#5 [internal function]: {closure}('App\\\\Models\\\\Hote...')
#6 Command line code(1): array_filter(Array, Object(Closure))
#7 {main}
  thrown at C:\\xampp\\htdocs\\Cioas\\vendor\\composer\\ClassLoader.php:576)
[stacktrace]
#0 {main}
"} 
[2026-05-06 09:15:02] local.ERROR: Uncaught ErrorException: include(C:\xampp\htdocs\Cioas\vendor\composer/../../app/Models/HotelRestaurant.php): Failed to open stream: No such file or directory in C:\xampp\htdocs\Cioas\vendor\composer\ClassLoader.php:576
Stack trace:
#0 C:\xampp\htdocs\Cioas\vendor\composer\ClassLoader.php(576): Illuminate\Foundation\Bootstrap\HandleExceptions->handleError(2, 'include(C:\\xamp...', 'C:\\xampp\\htdocs...', 576)
#1 C:\xampp\htdocs\Cioas\vendor\composer\ClassLoader.php(576): include()
#2 C:\xampp\htdocs\Cioas\vendor\composer\ClassLoader.php(427): Composer\Autoload\{closure}('C:\\xampp\\htdocs...')
#3 [internal function]: Composer\Autoload\ClassLoader->loadClass('App\\Models\\Hote...')
#4 Command line code(1): class_exists('App\\Models\\Hote...')
#5 [internal function]: {closure}('App\\Models\\Hote...')
#6 Command line code(1): array_filter(Array, Object(Closure))
#7 {main}
  thrown {"exception":"[object] (Symfony\\Component\\ErrorHandler\\Error\\FatalError(code: 0): Uncaught ErrorException: include(C:\\xampp\\htdocs\\Cioas\\vendor\\composer/../../app/Models/HotelRestaurant.php): Failed to open stream: No such file or directory in C:\\xampp\\htdocs\\Cioas\\vendor\\composer\\ClassLoader.php:576
Stack trace:
#0 C:\\xampp\\htdocs\\Cioas\\vendor\\composer\\ClassLoader.php(576): Illuminate\\Foundation\\Bootstrap\\HandleExceptions->handleError(2, 'include(C:\\\\xamp...', 'C:\\\\xampp\\\\htdocs...', 576)
#1 C:\\xampp\\htdocs\\Cioas\\vendor\\composer\\ClassLoader.php(576): include()
#2 C:\\xampp\\htdocs\\Cioas\\vendor\\composer\\ClassLoader.php(427): Composer\\Autoload\\{closure}('C:\\\\xampp\\\\htdocs...')
#3 [internal function]: Composer\\Autoload\\ClassLoader->loadClass('App\\\\Models\\\\Hote...')
#4 Command line code(1): class_exists('App\\\\Models\\\\Hote...')
#5 [internal function]: {closure}('App\\\\Models\\\\Hote...')
#6 Command line code(1): array_filter(Array, Object(Closure))
#7 {main}
  thrown at C:\\xampp\\htdocs\\Cioas\\vendor\\composer\\ClassLoader.php:576)
[stacktrace]
#0 {main}
"} 
[2026-05-06 09:16:02] local.ERROR: Uncaught ErrorException: include(C:\xampp\htdocs\Cioas\vendor\composer/../../app/Models/HotelRestaurant.php): Failed to open stream: No such file or directory in C:\xampp\htdocs\Cioas\vendor\composer\ClassLoader.php:576
Stack trace:
#0 C:\xampp\htdocs\Cioas\vendor\composer\ClassLoader.php(576): Illuminate\Foundation\Bootstrap\HandleExceptions->handleError(2, 'include(C:\\xamp...', 'C:\\xampp\\htdocs...', 576)
#1 C:\xampp\htdocs\Cioas\vendor\composer\ClassLoader.php(576): include()
#2 C:\xampp\htdocs\Cioas\vendor\composer\ClassLoader.php(427): Composer\Autoload\{closure}('C:\\xampp\\htdocs...')
#3 [internal function]: Composer\Autoload\ClassLoader->loadClass('App\\Models\\Hote...')
#4 Command line code(1): class_exists('App\\Models\\Hote...')
#5 [internal function]: {closure}('App\\Models\\Hote...')
#6 Command line code(1): array_filter(Array, Object(Closure))
#7 {main}
  thrown {"exception":"[object] (Symfony\\Component\\ErrorHandler\\Error\\FatalError(code: 0): Uncaught ErrorException: include(C:\\xampp\\htdocs\\Cioas\\vendor\\composer/../../app/Models/HotelRestaurant.php): Failed to open stream: No such file or directory in C:\\xampp\\htdocs\\Cioas\\vendor\\composer\\ClassLoader.php:576
Stack trace:
#0 C:\\xampp\\htdocs\\Cioas\\vendor\\composer\\ClassLoader.php(576): Illuminate\\Foundation\\Bootstrap\\HandleExceptions->handleError(2, 'include(C:\\\\xamp...', 'C:\\\\xampp\\\\htdocs...', 576)
#1 C:\\xampp\\htdocs\\Cioas\\vendor\\composer\\ClassLoader.php(576): include()
#2 C:\\xampp\\htdocs\\Cioas\\vendor\\composer\\ClassLoader.php(427): Composer\\Autoload\\{closure}('C:\\\\xampp\\\\htdocs...')
#3 [internal function]: Composer\\Autoload\\ClassLoader->loadClass('App\\\\Models\\\\Hote...')
#4 Command line code(1): class_exists('App\\\\Models\\\\Hote...')
#5 [internal function]: {closure}('App\\\\Models\\\\Hote...')
#6 Command line code(1): array_filter(Array, Object(Closure))
#7 {main}
  thrown at C:\\xampp\\htdocs\\Cioas\\vendor\\composer\\ClassLoader.php:576)
[stacktrace]
#0 {main}
"} 
[2026-05-06 09:17:02] local.ERROR: Uncaught ErrorException: include(C:\xampp\htdocs\Cioas\vendor\composer/../../app/Models/HotelRestaurant.php): Failed to open stream: No such file or directory in C:\xampp\htdocs\Cioas\vendor\composer\ClassLoader.php:576
Stack trace:
#0 C:\xampp\htdocs\Cioas\vendor\composer\ClassLoader.php(576): Illuminate\Foundation\Bootstrap\HandleExceptions->handleError(2, 'include(C:\\xamp...', 'C:\\xampp\\htdocs...', 576)
#1 C:\xampp\htdocs\Cioas\vendor\composer\ClassLoader.php(576): include()
#2 C:\xampp\htdocs\Cioas\vendor\composer\ClassLoader.php(427): Composer\Autoload\{closure}('C:\\xampp\\htdocs...')
#3 [internal function]: Composer\Autoload\ClassLoader->loadClass('App\\Models\\Hote...')
#4 Command line code(1): class_exists('App\\Models\\Hote...')
#5 [internal function]: {closure}('App\\Models\\Hote...')
#6 Command line code(1): array_filter(Array, Object(Closure))
#7 {main}
  thrown {"exception":"[object] (Symfony\\Component\\ErrorHandler\\Error\\FatalError(code: 0): Uncaught ErrorException: include(C:\\xampp\\htdocs\\Cioas\\vendor\\composer/../../app/Models/HotelRestaurant.php): Failed to open stream: No such file or directory in C:\\xampp\\htdocs\\Cioas\\vendor\\composer\\ClassLoader.php:576
Stack trace:
#0 C:\\xampp\\htdocs\\Cioas\\vendor\\composer\\ClassLoader.php(576): Illuminate\\Foundation\\Bootstrap\\HandleExceptions->handleError(2, 'include(C:\\\\xamp...', 'C:\\\\xampp\\\\htdocs...', 576)
#1 C:\\xampp\\htdocs\\Cioas\\vendor\\composer\\ClassLoader.php(576): include()
#2 C:\\xampp\\htdocs\\Cioas\\vendor\\composer\\ClassLoader.php(427): Composer\\Autoload\\{closure}('C:\\\\xampp\\\\htdocs...')
#3 [internal function]: Composer\\Autoload\\ClassLoader->loadClass('App\\\\Models\\\\Hote...')
#4 Command line code(1): class_exists('App\\\\Models\\\\Hote...')
#5 [internal function]: {closure}('App\\\\Models\\\\Hote...')
#6 Command line code(1): array_filter(Array, Object(Closure))
#7 {main}
  thrown at C:\\xampp\\htdocs\\Cioas\\vendor\\composer\\ClassLoader.php:576)
[stacktrace]
#0 {main}
"} 
[2026-05-06 09:18:02] local.ERROR: Uncaught ErrorException: include(C:\xampp\htdocs\Cioas\vendor\composer/../../app/Models/HotelRestaurant.php): Failed to open stream: No such file or directory in C:\xampp\htdocs\Cioas\vendor\composer\ClassLoader.php:576
Stack trace:
#0 C:\xampp\htdocs\Cioas\vendor\composer\ClassLoader.php(576): Illuminate\Foundation\Bootstrap\HandleExceptions->handleError(2, 'include(C:\\xamp...', 'C:\\xampp\\htdocs...', 576)
#1 C:\xampp\htdocs\Cioas\vendor\composer\ClassLoader.php(576): include()
#2 C:\xampp\htdocs\Cioas\vendor\composer\ClassLoader.php(427): Composer\Autoload\{closure}('C:\\xampp\\htdocs...')
#3 [internal function]: Composer\Autoload\ClassLoader->loadClass('App\\Models\\Hote...')
#4 Command line code(1): class_exists('App\\Models\\Hote...')
#5 [internal function]: {closure}('App\\Models\\Hote...')
#6 Command line code(1): array_filter(Array, Object(Closure))
#7 {main}
  thrown {"exception":"[object] (Symfony\\Component\\ErrorHandler\\Error\\FatalError(code: 0): Uncaught ErrorException: include(C:\\xampp\\htdocs\\Cioas\\vendor\\composer/../../app/Models/HotelRestaurant.php): Failed to open stream: No such file or directory in C:\\xampp\\htdocs\\Cioas\\vendor\\composer\\ClassLoader.php:576
Stack trace:
#0 C:\\xampp\\htdocs\\Cioas\\vendor\\composer\\ClassLoader.php(576): Illuminate\\Foundation\\Bootstrap\\HandleExceptions->handleError(2, 'include(C:\\\\xamp...', 'C:\\\\xampp\\\\htdocs...', 576)
#1 C:\\xampp\\htdocs\\Cioas\\vendor\\composer\\ClassLoader.php(576): include()
#2 C:\\xampp\\htdocs\\Cioas\\vendor\\composer\\ClassLoader.php(427): Composer\\Autoload\\{closure}('C:\\\\xampp\\\\htdocs...')
#3 [internal function]: Composer\\Autoload\\ClassLoader->loadClass('App\\\\Models\\\\Hote...')
#4 Command line code(1): class_exists('App\\\\Models\\\\Hote...')
#5 [internal function]: {closure}('App\\\\Models\\\\Hote...')
#6 Command line code(1): array_filter(Array, Object(Closure))
#7 {main}
  thrown at C:\\xampp\\htdocs\\Cioas\\vendor\\composer\\ClassLoader.php:576)
[stacktrace]
#0 {main}
"} 
[2026-05-06 09:19:02] local.ERROR: Uncaught ErrorException: include(C:\xampp\htdocs\Cioas\vendor\composer/../../app/Models/HotelRestaurant.php): Failed to open stream: No such file or directory in C:\xampp\htdocs\Cioas\vendor\composer\ClassLoader.php:576
Stack trace:
#0 C:\xampp\htdocs\Cioas\vendor\composer\ClassLoader.php(576): Illuminate\Foundation\Bootstrap\HandleExceptions->handleError(2, 'include(C:\\xamp...', 'C:\\xampp\\htdocs...', 576)
#1 C:\xampp\htdocs\Cioas\vendor\composer\ClassLoader.php(576): include()
#2 C:\xampp\htdocs\Cioas\vendor\composer\ClassLoader.php(427): Composer\Autoload\{closure}('C:\\xampp\\htdocs...')
#3 [internal function]: Composer\Autoload\ClassLoader->loadClass('App\\Models\\Hote...')
#4 Command line code(1): class_exists('App\\Models\\Hote...')
#5 [internal function]: {closure}('App\\Models\\Hote...')
#6 Command line code(1): array_filter(Array, Object(Closure))
#7 {main}
  thrown {"exception":"[object] (Symfony\\Component\\ErrorHandler\\Error\\FatalError(code: 0): Uncaught ErrorException: include(C:\\xampp\\htdocs\\Cioas\\vendor\\composer/../../app/Models/HotelRestaurant.php): Failed to open stream: No such file or directory in C:\\xampp\\htdocs\\Cioas\\vendor\\composer\\ClassLoader.php:576
Stack trace:
#0 C:\\xampp\\htdocs\\Cioas\\vendor\\composer\\ClassLoader.php(576): Illuminate\\Foundation\\Bootstrap\\HandleExceptions->handleError(2, 'include(C:\\\\xamp...', 'C:\\\\xampp\\\\htdocs...', 576)
#1 C:\\xampp\\htdocs\\Cioas\\vendor\\composer\\ClassLoader.php(576): include()
#2 C:\\xampp\\htdocs\\Cioas\\vendor\\composer\\ClassLoader.php(427): Composer\\Autoload\\{closure}('C:\\\\xampp\\\\htdocs...')
#3 [internal function]: Composer\\Autoload\\ClassLoader->loadClass('App\\\\Models\\\\Hote...')
#4 Command line code(1): class_exists('App\\\\Models\\\\Hote...')
#5 [internal function]: {closure}('App\\\\Models\\\\Hote...')
#6 Command line code(1): array_filter(Array, Object(Closure))
#7 {main}
  thrown at C:\\xampp\\htdocs\\Cioas\\vendor\\composer\\ClassLoader.php:576)
[stacktrace]
#0 {main}
"} 
[2026-05-06 09:20:02] local.ERROR: Uncaught ErrorException: include(C:\xampp\htdocs\Cioas\vendor\composer/../../app/Models/HotelRestaurant.php): Failed to open stream: No such file or directory in C:\xampp\htdocs\Cioas\vendor\composer\ClassLoader.php:576
Stack trace:
#0 C:\xampp\htdocs\Cioas\vendor\composer\ClassLoader.php(576): Illuminate\Foundation\Bootstrap\HandleExceptions->handleError(2, 'include(C:\\xamp...', 'C:\\xampp\\htdocs...', 576)
#1 C:\xampp\htdocs\Cioas\vendor\composer\ClassLoader.php(576): include()
#2 C:\xampp\htdocs\Cioas\vendor\composer\ClassLoader.php(427): Composer\Autoload\{closure}('C:\\xampp\\htdocs...')
#3 [internal function]: Composer\Autoload\ClassLoader->loadClass('App\\Models\\Hote...')
#4 Command line code(1): class_exists('App\\Models\\Hote...')
#5 [internal function]: {closure}('App\\Models\\Hote...')
#6 Command line code(1): array_filter(Array, Object(Closure))
#7 {main}
  thrown {"exception":"[object] (Symfony\\Component\\ErrorHandler\\Error\\FatalError(code: 0): Uncaught ErrorException: include(C:\\xampp\\htdocs\\Cioas\\vendor\\composer/../../app/Models/HotelRestaurant.php): Failed to open stream: No such file or directory in C:\\xampp\\htdocs\\Cioas\\vendor\\composer\\ClassLoader.php:576
Stack trace:
#0 C:\\xampp\\htdocs\\Cioas\\vendor\\composer\\ClassLoader.php(576): Illuminate\\Foundation\\Bootstrap\\HandleExceptions->handleError(2, 'include(C:\\\\xamp...', 'C:\\\\xampp\\\\htdocs...', 576)
#1 C:\\xampp\\htdocs\\Cioas\\vendor\\composer\\ClassLoader.php(576): include()
#2 C:\\xampp\\htdocs\\Cioas\\vendor\\composer\\ClassLoader.php(427): Composer\\Autoload\\{closure}('C:\\\\xampp\\\\htdocs...')
#3 [internal function]: Composer\\Autoload\\ClassLoader->loadClass('App\\\\Models\\\\Hote...')
#4 Command line code(1): class_exists('App\\\\Models\\\\Hote...')
#5 [internal function]: {closure}('App\\\\Models\\\\Hote...')
#6 Command line code(1): array_filter(Array, Object(Closure))
#7 {main}
  thrown at C:\\xampp\\htdocs\\Cioas\\vendor\\composer\\ClassLoader.php:576)
[stacktrace]
#0 {main}
"} 
[2026-05-06 09:21:02] local.ERROR: Uncaught ErrorException: include(C:\xampp\htdocs\Cioas\vendor\composer/../../app/Models/HotelRestaurant.php): Failed to open stream: No such file or directory in C:\xampp\htdocs\Cioas\vendor\composer\ClassLoader.php:576
Stack trace:
#0 C:\xampp\htdocs\Cioas\vendor\composer\ClassLoader.php(576): Illuminate\Foundation\Bootstrap\HandleExceptions->handleError(2, 'include(C:\\xamp...', 'C:\\xampp\\htdocs...', 576)
#1 C:\xampp\htdocs\Cioas\vendor\composer\ClassLoader.php(576): include()
#2 C:\xampp\htdocs\Cioas\vendor\composer\ClassLoader.php(427): Composer\Autoload\{closure}('C:\\xampp\\htdocs...')
#3 [internal function]: Composer\Autoload\ClassLoader->loadClass('App\\Models\\Hote...')
#4 Command line code(1): class_exists('App\\Models\\Hote...')
#5 [internal function]: {closure}('App\\Models\\Hote...')
#6 Command line code(1): array_filter(Array, Object(Closure))
#7 {main}
  thrown {"exception":"[object] (Symfony\\Component\\ErrorHandler\\Error\\FatalError(code: 0): Uncaught ErrorException: include(C:\\xampp\\htdocs\\Cioas\\vendor\\composer/../../app/Models/HotelRestaurant.php): Failed to open stream: No such file or directory in C:\\xampp\\htdocs\\Cioas\\vendor\\composer\\ClassLoader.php:576
Stack trace:
#0 C:\\xampp\\htdocs\\Cioas\\vendor\\composer\\ClassLoader.php(576): Illuminate\\Foundation\\Bootstrap\\HandleExceptions->handleError(2, 'include(C:\\\\xamp...', 'C:\\\\xampp\\\\htdocs...', 576)
#1 C:\\xampp\\htdocs\\Cioas\\vendor\\composer\\ClassLoader.php(576): include()
#2 C:\\xampp\\htdocs\\Cioas\\vendor\\composer\\ClassLoader.php(427): Composer\\Autoload\\{closure}('C:\\\\xampp\\\\htdocs...')
#3 [internal function]: Composer\\Autoload\\ClassLoader->loadClass('App\\\\Models\\\\Hote...')
#4 Command line code(1): class_exists('App\\\\Models\\\\Hote...')
#5 [internal function]: {closure}('App\\\\Models\\\\Hote...')
#6 Command line code(1): array_filter(Array, Object(Closure))
#7 {main}
  thrown at C:\\xampp\\htdocs\\Cioas\\vendor\\composer\\ClassLoader.php:576)
[stacktrace]
#0 {main}
"} 
[2026-05-06 09:22:02] local.ERROR: Uncaught ErrorException: include(C:\xampp\htdocs\Cioas\vendor\composer/../../app/Models/HotelRestaurant.php): Failed to open stream: No such file or directory in C:\xampp\htdocs\Cioas\vendor\composer\ClassLoader.php:576
Stack trace:
#0 C:\xampp\htdocs\Cioas\vendor\composer\ClassLoader.php(576): Illuminate\Foundation\Bootstrap\HandleExceptions->handleError(2, 'include(C:\\xamp...', 'C:\\xampp\\htdocs...', 576)
#1 C:\xampp\htdocs\Cioas\vendor\composer\ClassLoader.php(576): include()
#2 C:\xampp\htdocs\Cioas\vendor\composer\ClassLoader.php(427): Composer\Autoload\{closure}('C:\\xampp\\htdocs...')
#3 [internal function]: Composer\Autoload\ClassLoader->loadClass('App\\Models\\Hote...')
#4 Command line code(1): class_exists('App\\Models\\Hote...')
#5 [internal function]: {closure}('App\\Models\\Hote...')
#6 Command line code(1): array_filter(Array, Object(Closure))
#7 {main}
  thrown {"exception":"[object] (Symfony\\Component\\ErrorHandler\\Error\\FatalError(code: 0): Uncaught ErrorException: include(C:\\xampp\\htdocs\\Cioas\\vendor\\composer/../../app/Models/HotelRestaurant.php): Failed to open stream: No such file or directory in C:\\xampp\\htdocs\\Cioas\\vendor\\composer\\ClassLoader.php:576
Stack trace:
#0 C:\\xampp\\htdocs\\Cioas\\vendor\\composer\\ClassLoader.php(576): Illuminate\\Foundation\\Bootstrap\\HandleExceptions->handleError(2, 'include(C:\\\\xamp...', 'C:\\\\xampp\\\\htdocs...', 576)
#1 C:\\xampp\\htdocs\\Cioas\\vendor\\composer\\ClassLoader.php(576): include()
#2 C:\\xampp\\htdocs\\Cioas\\vendor\\composer\\ClassLoader.php(427): Composer\\Autoload\\{closure}('C:\\\\xampp\\\\htdocs...')
#3 [internal function]: Composer\\Autoload\\ClassLoader->loadClass('App\\\\Models\\\\Hote...')
#4 Command line code(1): class_exists('App\\\\Models\\\\Hote...')
#5 [internal function]: {closure}('App\\\\Models\\\\Hote...')
#6 Command line code(1): array_filter(Array, Object(Closure))
#7 {main}
  thrown at C:\\xampp\\htdocs\\Cioas\\vendor\\composer\\ClassLoader.php:576)
[stacktrace]
#0 {main}
"} 
[2026-05-06 09:23:02] local.ERROR: Uncaught ErrorException: include(C:\xampp\htdocs\Cioas\vendor\composer/../../app/Models/HotelRestaurant.php): Failed to open stream: No such file or directory in C:\xampp\htdocs\Cioas\vendor\composer\ClassLoader.php:576
Stack trace:
#0 C:\xampp\htdocs\Cioas\vendor\composer\ClassLoader.php(576): Illuminate\Foundation\Bootstrap\HandleExceptions->handleError(2, 'include(C:\\xamp...', 'C:\\xampp\\htdocs...', 576)
#1 C:\xampp\htdocs\Cioas\vendor\composer\ClassLoader.php(576): include()
#2 C:\xampp\htdocs\Cioas\vendor\composer\ClassLoader.php(427): Composer\Autoload\{closure}('C:\\xampp\\htdocs...')
#3 [internal function]: Composer\Autoload\ClassLoader->loadClass('App\\Models\\Hote...')
#4 Command line code(1): class_exists('App\\Models\\Hote...')
#5 [internal function]: {closure}('App\\Models\\Hote...')
#6 Command line code(1): array_filter(Array, Object(Closure))
#7 {main}
  thrown {"exception":"[object] (Symfony\\Component\\ErrorHandler\\Error\\FatalError(code: 0): Uncaught ErrorException: include(C:\\xampp\\htdocs\\Cioas\\vendor\\composer/../../app/Models/HotelRestaurant.php): Failed to open stream: No such file or directory in C:\\xampp\\htdocs\\Cioas\\vendor\\composer\\ClassLoader.php:576
Stack trace:
#0 C:\\xampp\\htdocs\\Cioas\\vendor\\composer\\ClassLoader.php(576): Illuminate\\Foundation\\Bootstrap\\HandleExceptions->handleError(2, 'include(C:\\\\xamp...', 'C:\\\\xampp\\\\htdocs...', 576)
#1 C:\\xampp\\htdocs\\Cioas\\vendor\\composer\\ClassLoader.php(576): include()
#2 C:\\xampp\\htdocs\\Cioas\\vendor\\composer\\ClassLoader.php(427): Composer\\Autoload\\{closure}('C:\\\\xampp\\\\htdocs...')
#3 [internal function]: Composer\\Autoload\\ClassLoader->loadClass('App\\\\Models\\\\Hote...')
#4 Command line code(1): class_exists('App\\\\Models\\\\Hote...')
#5 [internal function]: {closure}('App\\\\Models\\\\Hote...')
#6 Command line code(1): array_filter(Array, Object(Closure))
#7 {main}
  thrown at C:\\xampp\\htdocs\\Cioas\\vendor\\composer\\ClassLoader.php:576)
[stacktrace]
#0 {main}
"} 
[2026-05-06 09:24:02] local.ERROR: Uncaught ErrorException: include(C:\xampp\htdocs\Cioas\vendor\composer/../../app/Models/HotelRestaurant.php): Failed to open stream: No such file or directory in C:\xampp\htdocs\Cioas\vendor\composer\ClassLoader.php:576
Stack trace:
#0 C:\xampp\htdocs\Cioas\vendor\composer\ClassLoader.php(576): Illuminate\Foundation\Bootstrap\HandleExceptions->handleError(2, 'include(C:\\xamp...', 'C:\\xampp\\htdocs...', 576)
#1 C:\xampp\htdocs\Cioas\vendor\composer\ClassLoader.php(576): include()
#2 C:\xampp\htdocs\Cioas\vendor\composer\ClassLoader.php(427): Composer\Autoload\{closure}('C:\\xampp\\htdocs...')
#3 [internal function]: Composer\Autoload\ClassLoader->loadClass('App\\Models\\Hote...')
#4 Command line code(1): class_exists('App\\Models\\Hote...')
#5 [internal function]: {closure}('App\\Models\\Hote...')
#6 Command line code(1): array_filter(Array, Object(Closure))
#7 {main}
  thrown {"exception":"[object] (Symfony\\Component\\ErrorHandler\\Error\\FatalError(code: 0): Uncaught ErrorException: include(C:\\xampp\\htdocs\\Cioas\\vendor\\composer/../../app/Models/HotelRestaurant.php): Failed to open stream: No such file or directory in C:\\xampp\\htdocs\\Cioas\\vendor\\composer\\ClassLoader.php:576
Stack trace:
#0 C:\\xampp\\htdocs\\Cioas\\vendor\\composer\\ClassLoader.php(576): Illuminate\\Foundation\\Bootstrap\\HandleExceptions->handleError(2, 'include(C:\\\\xamp...', 'C:\\\\xampp\\\\htdocs...', 576)
#1 C:\\xampp\\htdocs\\Cioas\\vendor\\composer\\ClassLoader.php(576): include()
#2 C:\\xampp\\htdocs\\Cioas\\vendor\\composer\\ClassLoader.php(427): Composer\\Autoload\\{closure}('C:\\\\xampp\\\\htdocs...')
#3 [internal function]: Composer\\Autoload\\ClassLoader->loadClass('App\\\\Models\\\\Hote...')
#4 Command line code(1): class_exists('App\\\\Models\\\\Hote...')
#5 [internal function]: {closure}('App\\\\Models\\\\Hote...')
#6 Command line code(1): array_filter(Array, Object(Closure))
#7 {main}
  thrown at C:\\xampp\\htdocs\\Cioas\\vendor\\composer\\ClassLoader.php:576)
[stacktrace]
#0 {main}
"} 
[2026-05-06 09:25:02] local.ERROR: Uncaught ErrorException: include(C:\xampp\htdocs\Cioas\vendor\composer/../../app/Models/HotelRestaurant.php): Failed to open stream: No such file or directory in C:\xampp\htdocs\Cioas\vendor\composer\ClassLoader.php:576
Stack trace:
#0 C:\xampp\htdocs\Cioas\vendor\composer\ClassLoader.php(576): Illuminate\Foundation\Bootstrap\HandleExceptions->handleError(2, 'include(C:\\xamp...', 'C:\\xampp\\htdocs...', 576)
#1 C:\xampp\htdocs\Cioas\vendor\composer\ClassLoader.php(576): include()
#2 C:\xampp\htdocs\Cioas\vendor\composer\ClassLoader.php(427): Composer\Autoload\{closure}('C:\\xampp\\htdocs...')
#3 [internal function]: Composer\Autoload\ClassLoader->loadClass('App\\Models\\Hote...')
#4 Command line code(1): class_exists('App\\Models\\Hote...')
#5 [internal function]: {closure}('App\\Models\\Hote...')
#6 Command line code(1): array_filter(Array, Object(Closure))
#7 {main}
  thrown {"exception":"[object] (Symfony\\Component\\ErrorHandler\\Error\\FatalError(code: 0): Uncaught ErrorException: include(C:\\xampp\\htdocs\\Cioas\\vendor\\composer/../../app/Models/HotelRestaurant.php): Failed to open stream: No such file or directory in C:\\xampp\\htdocs\\Cioas\\vendor\\composer\\ClassLoader.php:576
Stack trace:
#0 C:\\xampp\\htdocs\\Cioas\\vendor\\composer\\ClassLoader.php(576): Illuminate\\Foundation\\Bootstrap\\HandleExceptions->handleError(2, 'include(C:\\\\xamp...', 'C:\\\\xampp\\\\htdocs...', 576)
#1 C:\\xampp\\htdocs\\Cioas\\vendor\\composer\\ClassLoader.php(576): include()
#2 C:\\xampp\\htdocs\\Cioas\\vendor\\composer\\ClassLoader.php(427): Composer\\Autoload\\{closure}('C:\\\\xampp\\\\htdocs...')
#3 [internal function]: Composer\\Autoload\\ClassLoader->loadClass('App\\\\Models\\\\Hote...')
#4 Command line code(1): class_exists('App\\\\Models\\\\Hote...')
#5 [internal function]: {closure}('App\\\\Models\\\\Hote...')
#6 Command line code(1): array_filter(Array, Object(Closure))
#7 {main}
  thrown at C:\\xampp\\htdocs\\Cioas\\vendor\\composer\\ClassLoader.php:576)
[stacktrace]
#0 {main}
"} 
