[2026-05-09 17:27:13] local.ERROR: syntax error, unexpected token "endfor", expecting end of file (View: D:\laravel\office\cioas\resources\views\backend\pages\hotel-restaurant\show.blade.php) {"userId":1,"exception":"[object] (Illuminate\\View\\ViewException(code: 0): syntax error, unexpected token \"endfor\", expecting end of file (View: D:\\laravel\\office\\cioas\\resources\\views\\backend\\pages\\hotel-restaurant\\show.blade.php) at D:/laravel/office/cioas/storage/framework/views/46b445492090d1c6db0c10c1cb5d66b0.php:443)
[stacktrace]
#0 D:/laravel/office/cioas/vendor/laravel/framework/src/Illuminate/View/Engines/PhpEngine.php(60): Illuminate/View/Engines/CompilerEngine->handleViewException(Object(ParseError), 1)
#1 D:/laravel/office/cioas/vendor/laravel/framework/src/Illuminate/View/Engines/CompilerEngine.php(72): Illuminate/View/Engines/PhpEngine->evaluatePath('D://laravel//offi...', Array)
#2 D:/laravel/office/cioas/vendor/laravel/framework/src/Illuminate/View/View.php(207): Illuminate/View/Engines/CompilerEngine->get('D://laravel//offi...', Array)
#3 D:/laravel/office/cioas/vendor/laravel/framework/src/Illuminate/View/View.php(190): Illuminate/View/View->getContents()
#4 D:/laravel/office/cioas/vendor/laravel/framework/src/Illuminate/View/View.php(159): Illuminate/View/View->renderContents()
#5 D:/laravel/office/cioas/vendor/laravel/framework/src/Illuminate/Http/Response.php(69): Illuminate/View/View->render()
#6 D:/laravel/office/cioas/vendor/laravel/framework/src/Illuminate/Http/Response.php(35): Illuminate/Http/Response->setContent(Object(Illuminate/View/View))
#7 D:/laravel/office/cioas/vendor/laravel/framework/src/Illuminate/Routing/Router.php(918): Illuminate/Http/Response->__construct(Object(Illuminate/View/View), 200, Array)
#8 D:/laravel/office/cioas/vendor/laravel/framework/src/Illuminate/Routing/Router.php(885): Illuminate/Routing/Router::toResponse(Object(Illuminate/Http/Request), Object(Illuminate/View/View))
#9 D:/laravel/office/cioas/vendor/laravel/framework/src/Illuminate/Routing/Router.php(805): Illuminate/Routing/Router->prepareResponse(Object(Illuminate/Http/Request), Object(Illuminate/View/View))
#10 D:/laravel/office/cioas/vendor/laravel/framework/src/Illuminate/Pipeline/Pipeline.php(144): Illuminate/Routing/Router->Illuminate/Routing/{closure}(Object(Illuminate/Http/Request))
#11 D:/laravel/office/cioas/vendor/laravel/framework/src/Illuminate/Routing/Middleware/SubstituteBindings.php(50): Illuminate/Pipeline/Pipeline->Illuminate/Pipeline/{closure}(Object(Illuminate/Http/Request))
#12 D:/laravel/office/cioas/vendor/laravel/framework/src/Illuminate/Pipeline/Pipeline.php(183): Illuminate/Routing/Middleware/SubstituteBindings->handle(Object(Illuminate/Http/Request), Object(Closure))
#13 D:/laravel/office/cioas/vendor/laravel/framework/src/Illuminate/Auth/Middleware/Authenticate.php(57): Illuminate/Pipeline/Pipeline->Illuminate/Pipeline/{closure}(Object(Illuminate/Http/Request))
#14 D:/laravel/office/cioas/vendor/laravel/framework/src/Illuminate/Pipeline/Pipeline.php(183): Illuminate/Auth/Middleware/Authenticate->handle(Object(Illuminate/Http/Request), Object(Closure))
#15 D:/laravel/office/cioas/vendor/laravel/framework/src/Illuminate/Foundation/Http/Middleware/VerifyCsrfToken.php(78): Illuminate/Pipeline/Pipeline->Illuminate/Pipeline/{closure}(Object(Illuminate/Http/Request))
#16 D:/laravel/office/cioas/vendor/laravel/framework/src/Illuminate/Pipeline/Pipeline.php(183): Illuminate/Foundation/Http/Middleware/VerifyCsrfToken->handle(Object(Illuminate/Http/Request), Object(Closure))
#17 D:/laravel/office/cioas/vendor/laravel/framework/src/Illuminate/View/Middleware/ShareErrorsFromSession.php(49): Illuminate/Pipeline/Pipeline->Illuminate/Pipeline/{closure}(Object(Illuminate/Http/Request))
#18 D:/laravel/office/cioas/vendor/laravel/framework/src/Illuminate/Pipeline/Pipeline.php(183): Illuminate/View/Middleware/ShareErrorsFromSession->handle(Object(Illuminate/Http/Request), Object(Closure))
#19 D:/laravel/office/cioas/vendor/laravel/framework/src/Illuminate/Session/Middleware/StartSession.php(121): Illuminate/Pipeline/Pipeline->Illuminate/Pipeline/{closure}(Object(Illuminate/Http/Request))
#20 D:/laravel/office/cioas/vendor/laravel/framework/src/Illuminate/Session/Middleware/StartSession.php(64): Illuminate/Session/Middleware/StartSession->handleStatefulRequest(Object(Illuminate/Http/Request), Object(Illuminate/Session/Store), Object(Closure))
#21 D:/laravel/office/cioas/vendor/laravel/framework/src/Illuminate/Pipeline/Pipeline.php(183): Illuminate/Session/Middleware/StartSession->handle(Object(Illuminate/Http/Request), Object(Closure))
#22 D:/laravel/office/cioas/vendor/laravel/framework/src/Illuminate/Cookie/Middleware/AddQueuedCookiesToResponse.php(37): Illuminate/Pipeline/Pipeline->Illuminate/Pipeline/{closure}(Object(Illuminate/Http/Request))
#23 D:/laravel/office/cioas/vendor/laravel/framework/src/Illuminate/Pipeline/Pipeline.php(183): Illuminate/Cookie/Middleware/AddQueuedCookiesToResponse->handle(Object(Illuminate/Http/Request), Object(Closure))
#24 D:/laravel/office/cioas/vendor/laravel/framework/src/Illuminate/Cookie/Middleware/EncryptCookies.php(67): Illuminate/Pipeline/Pipeline->Illuminate/Pipeline/{closure}(Object(Illuminate/Http/Request))
#25 D:/laravel/office/cioas/vendor/laravel/framework/src/Illuminate/Pipeline/Pipeline.php(183): Illuminate/Cookie/Middleware/EncryptCookies->handle(Object(Illuminate/Http/Request), Object(Closure))
#26 D:/laravel/office/cioas/vendor/laravel/framework/src/Illuminate/Pipeline/Pipeline.php(119): Illuminate/Pipeline/Pipeline->Illuminate/Pipeline/{closure}(Object(Illuminate/Http/Request))
#27 D:/laravel/office/cioas/vendor/laravel/framework/src/Illuminate/Routing/Router.php(805): Illuminate/Pipeline/Pipeline->then(Object(Closure))
#28 D:/laravel/office/cioas/vendor/laravel/framework/src/Illuminate/Routing/Router.php(784): Illuminate/Routing/Router->runRouteWithinStack(Object(Illuminate/Routing/Route), Object(Illuminate/Http/Request))
#29 D:/laravel/office/cioas/vendor/laravel/framework/src/Illuminate/Routing/Router.php(748): Illuminate/Routing/Router->runRoute(Object(Illuminate/Http/Request), Object(Illuminate/Routing/Route))
#30 D:/laravel/office/cioas/vendor/laravel/framework/src/Illuminate/Routing/Router.php(737): Illuminate/Routing/Router->dispatchToRoute(Object(Illuminate/Http/Request))
#31 D:/laravel/office/cioas/vendor/laravel/framework/src/Illuminate/Foundation/Http/Kernel.php(200): Illuminate/Routing/Router->dispatch(Object(Illuminate/Http/Request))
#32 D:/laravel/office/cioas/vendor/laravel/framework/src/Illuminate/Pipeline/Pipeline.php(144): Illuminate/Foundation/Http/Kernel->Illuminate/Foundation/Http/{closure}(Object(Illuminate/Http/Request))
#33 D:/laravel/office/cioas/vendor/laravel/framework/src/Illuminate/Foundation/Http/Middleware/TransformsRequest.php(21): Illuminate/Pipeline/Pipeline->Illuminate/Pipeline/{closure}(Object(Illuminate/Http/Request))
#34 D:/laravel/office/cioas/vendor/laravel/framework/src/Illuminate/Foundation/Http/Middleware/ConvertEmptyStringsToNull.php(31): Illuminate/Foundation/Http/Middleware/TransformsRequest->handle(Object(Illuminate/Http/Request), Object(Closure))
#35 D:/laravel/office/cioas/vendor/laravel/framework/src/Illuminate/Pipeline/Pipeline.php(183): Illuminate/Foundation/Http/Middleware/ConvertEmptyStringsToNull->handle(Object(Illuminate/Http/Request), Object(Closure))
#36 D:/laravel/office/cioas/vendor/laravel/framework/src/Illuminate/Foundation/Http/Middleware/TransformsRequest.php(21): Illuminate/Pipeline/Pipeline->Illuminate/Pipeline/{closure}(Object(Illuminate/Http/Request))
#37 D:/laravel/office/cioas/vendor/laravel/framework/src/Illuminate/Foundation/Http/Middleware/TrimStrings.php(40): Illuminate/Foundation/Http/Middleware/TransformsRequest->handle(Object(Illuminate/Http/Request), Object(Closure))
#38 D:/laravel/office/cioas/vendor/laravel/framework/src/Illuminate/Pipeline/Pipeline.php(183): Illuminate/Foundation/Http/Middleware/TrimStrings->handle(Object(Illuminate/Http/Request), Object(Closure))
#39 D:/laravel/office/cioas/vendor/laravel/framework/src/Illuminate/Foundation/Http/Middleware/ValidatePostSize.php(27): Illuminate/Pipeline/Pipeline->Illuminate/Pipeline/{closure}(Object(Illuminate/Http/Request))
#40 D:/laravel/office/cioas/vendor/laravel/framework/src/Illuminate/Pipeline/Pipeline.php(183): Illuminate/Foundation/Http/Middleware/ValidatePostSize->handle(Object(Illuminate/Http/Request), Object(Closure))
#41 D:/laravel/office/cioas/vendor/laravel/framework/src/Illuminate/Foundation/Http/Middleware/PreventRequestsDuringMaintenance.php(99): Illuminate/Pipeline/Pipeline->Illuminate/Pipeline/{closure}(Object(Illuminate/Http/Request))
#42 D:/laravel/office/cioas/vendor/laravel/framework/src/Illuminate/Pipeline/Pipeline.php(183): Illuminate/Foundation/Http/Middleware/PreventRequestsDuringMaintenance->handle(Object(Illuminate/Http/Request), Object(Closure))
#43 D:/laravel/office/cioas/vendor/laravel/framework/src/Illuminate/Http/Middleware/TrustProxies.php(39): Illuminate/Pipeline/Pipeline->Illuminate/Pipeline/{closure}(Object(Illuminate/Http/Request))
#44 D:/laravel/office/cioas/vendor/laravel/framework/src/Illuminate/Pipeline/Pipeline.php(183): Illuminate/Http/Middleware/TrustProxies->handle(Object(Illuminate/Http/Request), Object(Closure))
#45 D:/laravel/office/cioas/vendor/laravel/framework/src/Illuminate/Pipeline/Pipeline.php(119): Illuminate/Pipeline/Pipeline->Illuminate/Pipeline/{closure}(Object(Illuminate/Http/Request))
#46 D:/laravel/office/cioas/vendor/laravel/framework/src/Illuminate/Foundation/Http/Kernel.php(175): Illuminate/Pipeline/Pipeline->then(Object(Closure))
#47 D:/laravel/office/cioas/vendor/laravel/framework/src/Illuminate/Foundation/Http/Kernel.php(144): Illuminate/Foundation/Http/Kernel->sendRequestThroughRouter(Object(Illuminate/Http/Request))
#48 D:/laravel/office/cioas/public/index.php(51): Illuminate/Foundation/Http/Kernel->handle(Object(Illuminate/Http/Request))
#49 D:/laravel/office/cioas/server.php(21): require_once('D://laravel//offi...')
#50 {main}

[previous exception] [object] (ParseError(code: 0): syntax error, unexpected token \"endfor\", expecting end of file at D:/laravel/office/cioas/storage/framework/views/46b445492090d1c6db0c10c1cb5d66b0.php:443)
[stacktrace]
#0 D:/laravel/office/cioas/vendor/laravel/framework/src/Illuminate/Filesystem/Filesystem.php(124): Illuminate/Filesystem/Filesystem::Illuminate/Filesystem/{closure}()
#1 D:/laravel/office/cioas/vendor/laravel/framework/src/Illuminate/View/Engines/PhpEngine.php(58): Illuminate/Filesystem/Filesystem->getRequire('D://laravel//offi...', Array)
#2 D:/laravel/office/cioas/vendor/laravel/framework/src/Illuminate/View/Engines/CompilerEngine.php(72): Illuminate/View/Engines/PhpEngine->evaluatePath('D://laravel//offi...', Array)
#3 D:/laravel/office/cioas/vendor/laravel/framework/src/Illuminate/View/View.php(207): Illuminate/View/Engines/CompilerEngine->get('D://laravel//offi...', Array)
#4 D:/laravel/office/cioas/vendor/laravel/framework/src/Illuminate/View/View.php(190): Illuminate/View/View->getContents()
#5 D:/laravel/office/cioas/vendor/laravel/framework/src/Illuminate/View/View.php(159): Illuminate/View/View->renderContents()
#6 D:/laravel/office/cioas/vendor/laravel/framework/src/Illuminate/Http/Response.php(69): Illuminate/View/View->render()
#7 D:/laravel/office/cioas/vendor/laravel/framework/src/Illuminate/Http/Response.php(35): Illuminate/Http/Response->setContent(Object(Illuminate/View/View))
#8 D:/laravel/office/cioas/vendor/laravel/framework/src/Illuminate/Routing/Router.php(918): Illuminate/Http/Response->__construct(Object(Illuminate/View/View), 200, Array)
#9 D:/laravel/office/cioas/vendor/laravel/framework/src/Illuminate/Routing/Router.php(885): Illuminate/Routing/Router::toResponse(Object(Illuminate/Http/Request), Object(Illuminate/View/View))
#10 D:/laravel/office/cioas/vendor/laravel/framework/src/Illuminate/Routing/Router.php(805): Illuminate/Routing/Router->prepareResponse(Object(Illuminate/Http/Request), Object(Illuminate/View/View))
#11 D:/laravel/office/cioas/vendor/laravel/framework/src/Illuminate/Pipeline/Pipeline.php(144): Illuminate/Routing/Router->Illuminate/Routing/{closure}(Object(Illuminate/Http/Request))
#12 D:/laravel/office/cioas/vendor/laravel/framework/src/Illuminate/Routing/Middleware/SubstituteBindings.php(50): Illuminate/Pipeline/Pipeline->Illuminate/Pipeline/{closure}(Object(Illuminate/Http/Request))
#13 D:/laravel/office/cioas/vendor/laravel/framework/src/Illuminate/Pipeline/Pipeline.php(183): Illuminate/Routing/Middleware/SubstituteBindings->handle(Object(Illuminate/Http/Request), Object(Closure))
#14 D:/laravel/office/cioas/vendor/laravel/framework/src/Illuminate/Auth/Middleware/Authenticate.php(57): Illuminate/Pipeline/Pipeline->Illuminate/Pipeline/{closure}(Object(Illuminate/Http/Request))
#15 D:/laravel/office/cioas/vendor/laravel/framework/src/Illuminate/Pipeline/Pipeline.php(183): Illuminate/Auth/Middleware/Authenticate->handle(Object(Illuminate/Http/Request), Object(Closure))
#16 D:/laravel/office/cioas/vendor/laravel/framework/src/Illuminate/Foundation/Http/Middleware/VerifyCsrfToken.php(78): Illuminate/Pipeline/Pipeline->Illuminate/Pipeline/{closure}(Object(Illuminate/Http/Request))
#17 D:/laravel/office/cioas/vendor/laravel/framework/src/Illuminate/Pipeline/Pipeline.php(183): Illuminate/Foundation/Http/Middleware/VerifyCsrfToken->handle(Object(Illuminate/Http/Request), Object(Closure))
#18 D:/laravel/office/cioas/vendor/laravel/framework/src/Illuminate/View/Middleware/ShareErrorsFromSession.php(49): Illuminate/Pipeline/Pipeline->Illuminate/Pipeline/{closure}(Object(Illuminate/Http/Request))
#19 D:/laravel/office/cioas/vendor/laravel/framework/src/Illuminate/Pipeline/Pipeline.php(183): Illuminate/View/Middleware/ShareErrorsFromSession->handle(Object(Illuminate/Http/Request), Object(Closure))
#20 D:/laravel/office/cioas/vendor/laravel/framework/src/Illuminate/Session/Middleware/StartSession.php(121): Illuminate/Pipeline/Pipeline->Illuminate/Pipeline/{closure}(Object(Illuminate/Http/Request))
#21 D:/laravel/office/cioas/vendor/laravel/framework/src/Illuminate/Session/Middleware/StartSession.php(64): Illuminate/Session/Middleware/StartSession->handleStatefulRequest(Object(Illuminate/Http/Request), Object(Illuminate/Session/Store), Object(Closure))
#22 D:/laravel/office/cioas/vendor/laravel/framework/src/Illuminate/Pipeline/Pipeline.php(183): Illuminate/Session/Middleware/StartSession->handle(Object(Illuminate/Http/Request), Object(Closure))
#23 D:/laravel/office/cioas/vendor/laravel/framework/src/Illuminate/Cookie/Middleware/AddQueuedCookiesToResponse.php(37): Illuminate/Pipeline/Pipeline->Illuminate/Pipeline/{closure}(Object(Illuminate/Http/Request))
#24 D:/laravel/office/cioas/vendor/laravel/framework/src/Illuminate/Pipeline/Pipeline.php(183): Illuminate/Cookie/Middleware/AddQueuedCookiesToResponse->handle(Object(Illuminate/Http/Request), Object(Closure))
#25 D:/laravel/office/cioas/vendor/laravel/framework/src/Illuminate/Cookie/Middleware/EncryptCookies.php(67): Illuminate/Pipeline/Pipeline->Illuminate/Pipeline/{closure}(Object(Illuminate/Http/Request))
#26 D:/laravel/office/cioas/vendor/laravel/framework/src/Illuminate/Pipeline/Pipeline.php(183): Illuminate/Cookie/Middleware/EncryptCookies->handle(Object(Illuminate/Http/Request), Object(Closure))
#27 D:/laravel/office/cioas/vendor/laravel/framework/src/Illuminate/Pipeline/Pipeline.php(119): Illuminate/Pipeline/Pipeline->Illuminate/Pipeline/{closure}(Object(Illuminate/Http/Request))
#28 D:/laravel/office/cioas/vendor/laravel/framework/src/Illuminate/Routing/Router.php(805): Illuminate/Pipeline/Pipeline->then(Object(Closure))
#29 D:/laravel/office/cioas/vendor/laravel/framework/src/Illuminate/Routing/Router.php(784): Illuminate/Routing/Router->runRouteWithinStack(Object(Illuminate/Routing/Route), Object(Illuminate/Http/Request))
#30 D:/laravel/office/cioas/vendor/laravel/framework/src/Illuminate/Routing/Router.php(748): Illuminate/Routing/Router->runRoute(Object(Illuminate/Http/Request), Object(Illuminate/Routing/Route))
#31 D:/laravel/office/cioas/vendor/laravel/framework/src/Illuminate/Routing/Router.php(737): Illuminate/Routing/Router->dispatchToRoute(Object(Illuminate/Http/Request))
#32 D:/laravel/office/cioas/vendor/laravel/framework/src/Illuminate/Foundation/Http/Kernel.php(200): Illuminate/Routing/Router->dispatch(Object(Illuminate/Http/Request))
#33 D:/laravel/office/cioas/vendor/laravel/framework/src/Illuminate/Pipeline/Pipeline.php(144): Illuminate/Foundation/Http/Kernel->Illuminate/Foundation/Http/{closure}(Object(Illuminate/Http/Request))
#34 D:/laravel/office/cioas/vendor/laravel/framework/src/Illuminate/Foundation/Http/Middleware/TransformsRequest.php(21): Illuminate/Pipeline/Pipeline->Illuminate/Pipeline/{closure}(Object(Illuminate/Http/Request))
#35 D:/laravel/office/cioas/vendor/laravel/framework/src/Illuminate/Foundation/Http/Middleware/ConvertEmptyStringsToNull.php(31): Illuminate/Foundation/Http/Middleware/TransformsRequest->handle(Object(Illuminate/Http/Request), Object(Closure))
#36 D:/laravel/office/cioas/vendor/laravel/framework/src/Illuminate/Pipeline/Pipeline.php(183): Illuminate/Foundation/Http/Middleware/ConvertEmptyStringsToNull->handle(Object(Illuminate/Http/Request), Object(Closure))
#37 D:/laravel/office/cioas/vendor/laravel/framework/src/Illuminate/Foundation/Http/Middleware/TransformsRequest.php(21): Illuminate/Pipeline/Pipeline->Illuminate/Pipeline/{closure}(Object(Illuminate/Http/Request))
#38 D:/laravel/office/cioas/vendor/laravel/framework/src/Illuminate/Foundation/Http/Middleware/TrimStrings.php(40): Illuminate/Foundation/Http/Middleware/TransformsRequest->handle(Object(Illuminate/Http/Request), Object(Closure))
#39 D:/laravel/office/cioas/vendor/laravel/framework/src/Illuminate/Pipeline/Pipeline.php(183): Illuminate/Foundation/Http/Middleware/TrimStrings->handle(Object(Illuminate/Http/Request), Object(Closure))
#40 D:/laravel/office/cioas/vendor/laravel/framework/src/Illuminate/Foundation/Http/Middleware/ValidatePostSize.php(27): Illuminate/Pipeline/Pipeline->Illuminate/Pipeline/{closure}(Object(Illuminate/Http/Request))
#41 D:/laravel/office/cioas/vendor/laravel/framework/src/Illuminate/Pipeline/Pipeline.php(183): Illuminate/Foundation/Http/Middleware/ValidatePostSize->handle(Object(Illuminate/Http/Request), Object(Closure))
#42 D:/laravel/office/cioas/vendor/laravel/framework/src/Illuminate/Foundation/Http/Middleware/PreventRequestsDuringMaintenance.php(99): Illuminate/Pipeline/Pipeline->Illuminate/Pipeline/{closure}(Object(Illuminate/Http/Request))
#43 D:/laravel/office/cioas/vendor/laravel/framework/src/Illuminate/Pipeline/Pipeline.php(183): Illuminate/Foundation/Http/Middleware/PreventRequestsDuringMaintenance->handle(Object(Illuminate/Http/Request), Object(Closure))
#44 D:/laravel/office/cioas/vendor/laravel/framework/src/Illuminate/Http/Middleware/TrustProxies.php(39): Illuminate/Pipeline/Pipeline->Illuminate/Pipeline/{closure}(Object(Illuminate/Http/Request))
#45 D:/laravel/office/cioas/vendor/laravel/framework/src/Illuminate/Pipeline/Pipeline.php(183): Illuminate/Http/Middleware/TrustProxies->handle(Object(Illuminate/Http/Request), Object(Closure))
#46 D:/laravel/office/cioas/vendor/laravel/framework/src/Illuminate/Pipeline/Pipeline.php(119): Illuminate/Pipeline/Pipeline->Illuminate/Pipeline/{closure}(Object(Illuminate/Http/Request))
#47 D:/laravel/office/cioas/vendor/laravel/framework/src/Illuminate/Foundation/Http/Kernel.php(175): Illuminate/Pipeline/Pipeline->then(Object(Closure))
#48 D:/laravel/office/cioas/vendor/laravel/framework/src/Illuminate/Foundation/Http/Kernel.php(144): Illuminate/Foundation/Http/Kernel->sendRequestThroughRouter(Object(Illuminate/Http/Request))
#49 D:/laravel/office/cioas/public/index.php(51): Illuminate/Foundation/Http/Kernel->handle(Object(Illuminate/Http/Request))
#50 D:/laravel/office/cioas/server.php(21): require_once('D://laravel//offi...')
#51 {main}
"} 
[2026-05-09 17:43:58] local.ERROR: Route [hotel-ownership.edit] not defined. (View: D:\laravel\office\cioas\resources\views\backend\pages\hotel-restaurant\edit.blade.php) {"userId":1,"exception":"[object] (Illuminate\\View\\ViewException(code: 0): Route [hotel-ownership.edit] not defined. (View: D:\\laravel\\office\\cioas\\resources\\views\\backend\\pages\\hotel-restaurant\\edit.blade.php) at D:/laravel/office/cioas/vendor/laravel/framework/src/Illuminate/Routing/UrlGenerator.php:477)
[stacktrace]
#0 D:/laravel/office/cioas/vendor/laravel/framework/src/Illuminate/View/Engines/PhpEngine.php(60): Illuminate/View/Engines/CompilerEngine->handleViewException(Object(Symfony/Component/Routing/Exception/RouteNotFoundException), 1)
#1 D:/laravel/office/cioas/vendor/laravel/framework/src/Illuminate/View/Engines/CompilerEngine.php(72): Illuminate/View/Engines/PhpEngine->evaluatePath('D://laravel//offi...', Array)
#2 D:/laravel/office/cioas/vendor/laravel/framework/src/Illuminate/View/View.php(207): Illuminate/View/Engines/CompilerEngine->get('D://laravel//offi...', Array)
#3 D:/laravel/office/cioas/vendor/laravel/framework/src/Illuminate/View/View.php(190): Illuminate/View/View->getContents()
#4 D:/laravel/office/cioas/vendor/laravel/framework/src/Illuminate/View/View.php(159): Illuminate/View/View->renderContents()
#5 D:/laravel/office/cioas/vendor/laravel/framework/src/Illuminate/Http/Response.php(69): Illuminate/View/View->render()
#6 D:/laravel/office/cioas/vendor/laravel/framework/src/Illuminate/Http/Response.php(35): Illuminate/Http/Response->setContent(Object(Illuminate/View/View))
#7 D:/laravel/office/cioas/vendor/laravel/framework/src/Illuminate/Routing/Router.php(918): Illuminate/Http/Response->__construct(Object(Illuminate/View/View), 200, Array)
#8 D:/laravel/office/cioas/vendor/laravel/framework/src/Illuminate/Routing/Router.php(885): Illuminate/Routing/Router::toResponse(Object(Illuminate/Http/Request), Object(Illuminate/View/View))
#9 D:/laravel/office/cioas/vendor/laravel/framework/src/Illuminate/Routing/Router.php(805): Illuminate/Routing/Router->prepareResponse(Object(Illuminate/Http/Request), Object(Illuminate/View/View))
#10 D:/laravel/office/cioas/vendor/laravel/framework/src/Illuminate/Pipeline/Pipeline.php(144): Illuminate/Routing/Router->Illuminate/Routing/{closure}(Object(Illuminate/Http/Request))
#11 D:/laravel/office/cioas/vendor/laravel/framework/src/Illuminate/Routing/Middleware/SubstituteBindings.php(50): Illuminate/Pipeline/Pipeline->Illuminate/Pipeline/{closure}(Object(Illuminate/Http/Request))
#12 D:/laravel/office/cioas/vendor/laravel/framework/src/Illuminate/Pipeline/Pipeline.php(183): Illuminate/Routing/Middleware/SubstituteBindings->handle(Object(Illuminate/Http/Request), Object(Closure))
#13 D:/laravel/office/cioas/vendor/laravel/framework/src/Illuminate/Auth/Middleware/Authenticate.php(57): Illuminate/Pipeline/Pipeline->Illuminate/Pipeline/{closure}(Object(Illuminate/Http/Request))
#14 D:/laravel/office/cioas/vendor/laravel/framework/src/Illuminate/Pipeline/Pipeline.php(183): Illuminate/Auth/Middleware/Authenticate->handle(Object(Illuminate/Http/Request), Object(Closure))
#15 D:/laravel/office/cioas/vendor/laravel/framework/src/Illuminate/Foundation/Http/Middleware/VerifyCsrfToken.php(78): Illuminate/Pipeline/Pipeline->Illuminate/Pipeline/{closure}(Object(Illuminate/Http/Request))
#16 D:/laravel/office/cioas/vendor/laravel/framework/src/Illuminate/Pipeline/Pipeline.php(183): Illuminate/Foundation/Http/Middleware/VerifyCsrfToken->handle(Object(Illuminate/Http/Request), Object(Closure))
#17 D:/laravel/office/cioas/vendor/laravel/framework/src/Illuminate/View/Middleware/ShareErrorsFromSession.php(49): Illuminate/Pipeline/Pipeline->Illuminate/Pipeline/{closure}(Object(Illuminate/Http/Request))
#18 D:/laravel/office/cioas/vendor/laravel/framework/src/Illuminate/Pipeline/Pipeline.php(183): Illuminate/View/Middleware/ShareErrorsFromSession->handle(Object(Illuminate/Http/Request), Object(Closure))
#19 D:/laravel/office/cioas/vendor/laravel/framework/src/Illuminate/Session/Middleware/StartSession.php(121): Illuminate/Pipeline/Pipeline->Illuminate/Pipeline/{closure}(Object(Illuminate/Http/Request))
#20 D:/laravel/office/cioas/vendor/laravel/framework/src/Illuminate/Session/Middleware/StartSession.php(64): Illuminate/Session/Middleware/StartSession->handleStatefulRequest(Object(Illuminate/Http/Request), Object(Illuminate/Session/Store), Object(Closure))
#21 D:/laravel/office/cioas/vendor/laravel/framework/src/Illuminate/Pipeline/Pipeline.php(183): Illuminate/Session/Middleware/StartSession->handle(Object(Illuminate/Http/Request), Object(Closure))
#22 D:/laravel/office/cioas/vendor/laravel/framework/src/Illuminate/Cookie/Middleware/AddQueuedCookiesToResponse.php(37): Illuminate/Pipeline/Pipeline->Illuminate/Pipeline/{closure}(Object(Illuminate/Http/Request))
#23 D:/laravel/office/cioas/vendor/laravel/framework/src/Illuminate/Pipeline/Pipeline.php(183): Illuminate/Cookie/Middleware/AddQueuedCookiesToResponse->handle(Object(Illuminate/Http/Request), Object(Closure))
#24 D:/laravel/office/cioas/vendor/laravel/framework/src/Illuminate/Cookie/Middleware/EncryptCookies.php(67): Illuminate/Pipeline/Pipeline->Illuminate/Pipeline/{closure}(Object(Illuminate/Http/Request))
#25 D:/laravel/office/cioas/vendor/laravel/framework/src/Illuminate/Pipeline/Pipeline.php(183): Illuminate/Cookie/Middleware/EncryptCookies->handle(Object(Illuminate/Http/Request), Object(Closure))
#26 D:/laravel/office/cioas/vendor/laravel/framework/src/Illuminate/Pipeline/Pipeline.php(119): Illuminate/Pipeline/Pipeline->Illuminate/Pipeline/{closure}(Object(Illuminate/Http/Request))
#27 D:/laravel/office/cioas/vendor/laravel/framework/src/Illuminate/Routing/Router.php(805): Illuminate/Pipeline/Pipeline->then(Object(Closure))
#28 D:/laravel/office/cioas/vendor/laravel/framework/src/Illuminate/Routing/Router.php(784): Illuminate/Routing/Router->runRouteWithinStack(Object(Illuminate/Routing/Route), Object(Illuminate/Http/Request))
#29 D:/laravel/office/cioas/vendor/laravel/framework/src/Illuminate/Routing/Router.php(748): Illuminate/Routing/Router->runRoute(Object(Illuminate/Http/Request), Object(Illuminate/Routing/Route))
#30 D:/laravel/office/cioas/vendor/laravel/framework/src/Illuminate/Routing/Router.php(737): Illuminate/Routing/Router->dispatchToRoute(Object(Illuminate/Http/Request))
#31 D:/laravel/office/cioas/vendor/laravel/framework/src/Illuminate/Foundation/Http/Kernel.php(200): Illuminate/Routing/Router->dispatch(Object(Illuminate/Http/Request))
#32 D:/laravel/office/cioas/vendor/laravel/framework/src/Illuminate/Pipeline/Pipeline.php(144): Illuminate/Foundation/Http/Kernel->Illuminate/Foundation/Http/{closure}(Object(Illuminate/Http/Request))
#33 D:/laravel/office/cioas/vendor/laravel/framework/src/Illuminate/Foundation/Http/Middleware/TransformsRequest.php(21): Illuminate/Pipeline/Pipeline->Illuminate/Pipeline/{closure}(Object(Illuminate/Http/Request))
#34 D:/laravel/office/cioas/vendor/laravel/framework/src/Illuminate/Foundation/Http/Middleware/ConvertEmptyStringsToNull.php(31): Illuminate/Foundation/Http/Middleware/TransformsRequest->handle(Object(Illuminate/Http/Request), Object(Closure))
#35 D:/laravel/office/cioas/vendor/laravel/framework/src/Illuminate/Pipeline/Pipeline.php(183): Illuminate/Foundation/Http/Middleware/ConvertEmptyStringsToNull->handle(Object(Illuminate/Http/Request), Object(Closure))
#36 D:/laravel/office/cioas/vendor/laravel/framework/src/Illuminate/Foundation/Http/Middleware/TransformsRequest.php(21): Illuminate/Pipeline/Pipeline->Illuminate/Pipeline/{closure}(Object(Illuminate/Http/Request))
#37 D:/laravel/office/cioas/vendor/laravel/framework/src/Illuminate/Foundation/Http/Middleware/TrimStrings.php(40): Illuminate/Foundation/Http/Middleware/TransformsRequest->handle(Object(Illuminate/Http/Request), Object(Closure))
#38 D:/laravel/office/cioas/vendor/laravel/framework/src/Illuminate/Pipeline/Pipeline.php(183): Illuminate/Foundation/Http/Middleware/TrimStrings->handle(Object(Illuminate/Http/Request), Object(Closure))
#39 D:/laravel/office/cioas/vendor/laravel/framework/src/Illuminate/Foundation/Http/Middleware/ValidatePostSize.php(27): Illuminate/Pipeline/Pipeline->Illuminate/Pipeline/{closure}(Object(Illuminate/Http/Request))
#40 D:/laravel/office/cioas/vendor/laravel/framework/src/Illuminate/Pipeline/Pipeline.php(183): Illuminate/Foundation/Http/Middleware/ValidatePostSize->handle(Object(Illuminate/Http/Request), Object(Closure))
#41 D:/laravel/office/cioas/vendor/laravel/framework/src/Illuminate/Foundation/Http/Middleware/PreventRequestsDuringMaintenance.php(99): Illuminate/Pipeline/Pipeline->Illuminate/Pipeline/{closure}(Object(Illuminate/Http/Request))
#42 D:/laravel/office/cioas/vendor/laravel/framework/src/Illuminate/Pipeline/Pipeline.php(183): Illuminate/Foundation/Http/Middleware/PreventRequestsDuringMaintenance->handle(Object(Illuminate/Http/Request), Object(Closure))
#43 D:/laravel/office/cioas/vendor/laravel/framework/src/Illuminate/Http/Middleware/TrustProxies.php(39): Illuminate/Pipeline/Pipeline->Illuminate/Pipeline/{closure}(Object(Illuminate/Http/Request))
#44 D:/laravel/office/cioas/vendor/laravel/framework/src/Illuminate/Pipeline/Pipeline.php(183): Illuminate/Http/Middleware/TrustProxies->handle(Object(Illuminate/Http/Request), Object(Closure))
#45 D:/laravel/office/cioas/vendor/laravel/framework/src/Illuminate/Pipeline/Pipeline.php(119): Illuminate/Pipeline/Pipeline->Illuminate/Pipeline/{closure}(Object(Illuminate/Http/Request))
#46 D:/laravel/office/cioas/vendor/laravel/framework/src/Illuminate/Foundation/Http/Kernel.php(175): Illuminate/Pipeline/Pipeline->then(Object(Closure))
#47 D:/laravel/office/cioas/vendor/laravel/framework/src/Illuminate/Foundation/Http/Kernel.php(144): Illuminate/Foundation/Http/Kernel->sendRequestThroughRouter(Object(Illuminate/Http/Request))
#48 D:/laravel/office/cioas/public/index.php(51): Illuminate/Foundation/Http/Kernel->handle(Object(Illuminate/Http/Request))
#49 D:/laravel/office/cioas/server.php(21): require_once('D://laravel//offi...')
#50 {main}

[previous exception] [object] (Symfony\\Component\\Routing\\Exception\\RouteNotFoundException(code: 0): Route [hotel-ownership.edit] not defined. at D:/laravel/office/cioas/vendor/laravel/framework/src/Illuminate/Routing/UrlGenerator.php:477)
[stacktrace]
#0 D:/laravel/office/cioas/vendor/laravel/framework/src/Illuminate/Foundation/helpers.php(811): Illuminate/Routing/UrlGenerator->route('hotel-ownership...', 65, true)
#1 D:/laravel/office/cioas/storage/framework/views/a25ad50ad77f7c20693a31e289aa30e8.php(36): route('hotel-ownership...', 65)
#2 D:/laravel/office/cioas/vendor/laravel/framework/src/Illuminate/Filesystem/Filesystem.php(123): require('D://laravel//offi...')
#3 D:/laravel/office/cioas/vendor/laravel/framework/src/Illuminate/Filesystem/Filesystem.php(124): Illuminate/Filesystem/Filesystem::Illuminate/Filesystem/{closure}()
#4 D:/laravel/office/cioas/vendor/laravel/framework/src/Illuminate/View/Engines/PhpEngine.php(58): Illuminate/Filesystem/Filesystem->getRequire('D://laravel//offi...', Array)
#5 D:/laravel/office/cioas/vendor/laravel/framework/src/Illuminate/View/Engines/CompilerEngine.php(72): Illuminate/View/Engines/PhpEngine->evaluatePath('D://laravel//offi...', Array)
#6 D:/laravel/office/cioas/vendor/laravel/framework/src/Illuminate/View/View.php(207): Illuminate/View/Engines/CompilerEngine->get('D://laravel//offi...', Array)
#7 D:/laravel/office/cioas/vendor/laravel/framework/src/Illuminate/View/View.php(190): Illuminate/View/View->getContents()
#8 D:/laravel/office/cioas/vendor/laravel/framework/src/Illuminate/View/View.php(159): Illuminate/View/View->renderContents()
#9 D:/laravel/office/cioas/vendor/laravel/framework/src/Illuminate/Http/Response.php(69): Illuminate/View/View->render()
#10 D:/laravel/office/cioas/vendor/laravel/framework/src/Illuminate/Http/Response.php(35): Illuminate/Http/Response->setContent(Object(Illuminate/View/View))
#11 D:/laravel/office/cioas/vendor/laravel/framework/src/Illuminate/Routing/Router.php(918): Illuminate/Http/Response->__construct(Object(Illuminate/View/View), 200, Array)
#12 D:/laravel/office/cioas/vendor/laravel/framework/src/Illuminate/Routing/Router.php(885): Illuminate/Routing/Router::toResponse(Object(Illuminate/Http/Request), Object(Illuminate/View/View))
#13 D:/laravel/office/cioas/vendor/laravel/framework/src/Illuminate/Routing/Router.php(805): Illuminate/Routing/Router->prepareResponse(Object(Illuminate/Http/Request), Object(Illuminate/View/View))
#14 D:/laravel/office/cioas/vendor/laravel/framework/src/Illuminate/Pipeline/Pipeline.php(144): Illuminate/Routing/Router->Illuminate/Routing/{closure}(Object(Illuminate/Http/Request))
#15 D:/laravel/office/cioas/vendor/laravel/framework/src/Illuminate/Routing/Middleware/SubstituteBindings.php(50): Illuminate/Pipeline/Pipeline->Illuminate/Pipeline/{closure}(Object(Illuminate/Http/Request))
#16 D:/laravel/office/cioas/vendor/laravel/framework/src/Illuminate/Pipeline/Pipeline.php(183): Illuminate/Routing/Middleware/SubstituteBindings->handle(Object(Illuminate/Http/Request), Object(Closure))
#17 D:/laravel/office/cioas/vendor/laravel/framework/src/Illuminate/Auth/Middleware/Authenticate.php(57): Illuminate/Pipeline/Pipeline->Illuminate/Pipeline/{closure}(Object(Illuminate/Http/Request))
#18 D:/laravel/office/cioas/vendor/laravel/framework/src/Illuminate/Pipeline/Pipeline.php(183): Illuminate/Auth/Middleware/Authenticate->handle(Object(Illuminate/Http/Request), Object(Closure))
#19 D:/laravel/office/cioas/vendor/laravel/framework/src/Illuminate/Foundation/Http/Middleware/VerifyCsrfToken.php(78): Illuminate/Pipeline/Pipeline->Illuminate/Pipeline/{closure}(Object(Illuminate/Http/Request))
#20 D:/laravel/office/cioas/vendor/laravel/framework/src/Illuminate/Pipeline/Pipeline.php(183): Illuminate/Foundation/Http/Middleware/VerifyCsrfToken->handle(Object(Illuminate/Http/Request), Object(Closure))
#21 D:/laravel/office/cioas/vendor/laravel/framework/src/Illuminate/View/Middleware/ShareErrorsFromSession.php(49): Illuminate/Pipeline/Pipeline->Illuminate/Pipeline/{closure}(Object(Illuminate/Http/Request))
#22 D:/laravel/office/cioas/vendor/laravel/framework/src/Illuminate/Pipeline/Pipeline.php(183): Illuminate/View/Middleware/ShareErrorsFromSession->handle(Object(Illuminate/Http/Request), Object(Closure))
#23 D:/laravel/office/cioas/vendor/laravel/framework/src/Illuminate/Session/Middleware/StartSession.php(121): Illuminate/Pipeline/Pipeline->Illuminate/Pipeline/{closure}(Object(Illuminate/Http/Request))
#24 D:/laravel/office/cioas/vendor/laravel/framework/src/Illuminate/Session/Middleware/StartSession.php(64): Illuminate/Session/Middleware/StartSession->handleStatefulRequest(Object(Illuminate/Http/Request), Object(Illuminate/Session/Store), Object(Closure))
#25 D:/laravel/office/cioas/vendor/laravel/framework/src/Illuminate/Pipeline/Pipeline.php(183): Illuminate/Session/Middleware/StartSession->handle(Object(Illuminate/Http/Request), Object(Closure))
#26 D:/laravel/office/cioas/vendor/laravel/framework/src/Illuminate/Cookie/Middleware/AddQueuedCookiesToResponse.php(37): Illuminate/Pipeline/Pipeline->Illuminate/Pipeline/{closure}(Object(Illuminate/Http/Request))
#27 D:/laravel/office/cioas/vendor/laravel/framework/src/Illuminate/Pipeline/Pipeline.php(183): Illuminate/Cookie/Middleware/AddQueuedCookiesToResponse->handle(Object(Illuminate/Http/Request), Object(Closure))
#28 D:/laravel/office/cioas/vendor/laravel/framework/src/Illuminate/Cookie/Middleware/EncryptCookies.php(67): Illuminate/Pipeline/Pipeline->Illuminate/Pipeline/{closure}(Object(Illuminate/Http/Request))
#29 D:/laravel/office/cioas/vendor/laravel/framework/src/Illuminate/Pipeline/Pipeline.php(183): Illuminate/Cookie/Middleware/EncryptCookies->handle(Object(Illuminate/Http/Request), Object(Closure))
#30 D:/laravel/office/cioas/vendor/laravel/framework/src/Illuminate/Pipeline/Pipeline.php(119): Illuminate/Pipeline/Pipeline->Illuminate/Pipeline/{closure}(Object(Illuminate/Http/Request))
#31 D:/laravel/office/cioas/vendor/laravel/framework/src/Illuminate/Routing/Router.php(805): Illuminate/Pipeline/Pipeline->then(Object(Closure))
#32 D:/laravel/office/cioas/vendor/laravel/framework/src/Illuminate/Routing/Router.php(784): Illuminate/Routing/Router->runRouteWithinStack(Object(Illuminate/Routing/Route), Object(Illuminate/Http/Request))
#33 D:/laravel/office/cioas/vendor/laravel/framework/src/Illuminate/Routing/Router.php(748): Illuminate/Routing/Router->runRoute(Object(Illuminate/Http/Request), Object(Illuminate/Routing/Route))
#34 D:/laravel/office/cioas/vendor/laravel/framework/src/Illuminate/Routing/Router.php(737): Illuminate/Routing/Router->dispatchToRoute(Object(Illuminate/Http/Request))
#35 D:/laravel/office/cioas/vendor/laravel/framework/src/Illuminate/Foundation/Http/Kernel.php(200): Illuminate/Routing/Router->dispatch(Object(Illuminate/Http/Request))
#36 D:/laravel/office/cioas/vendor/laravel/framework/src/Illuminate/Pipeline/Pipeline.php(144): Illuminate/Foundation/Http/Kernel->Illuminate/Foundation/Http/{closure}(Object(Illuminate/Http/Request))
#37 D:/laravel/office/cioas/vendor/laravel/framework/src/Illuminate/Foundation/Http/Middleware/TransformsRequest.php(21): Illuminate/Pipeline/Pipeline->Illuminate/Pipeline/{closure}(Object(Illuminate/Http/Request))
#38 D:/laravel/office/cioas/vendor/laravel/framework/src/Illuminate/Foundation/Http/Middleware/ConvertEmptyStringsToNull.php(31): Illuminate/Foundation/Http/Middleware/TransformsRequest->handle(Object(Illuminate/Http/Request), Object(Closure))
#39 D:/laravel/office/cioas/vendor/laravel/framework/src/Illuminate/Pipeline/Pipeline.php(183): Illuminate/Foundation/Http/Middleware/ConvertEmptyStringsToNull->handle(Object(Illuminate/Http/Request), Object(Closure))
#40 D:/laravel/office/cioas/vendor/laravel/framework/src/Illuminate/Foundation/Http/Middleware/TransformsRequest.php(21): Illuminate/Pipeline/Pipeline->Illuminate/Pipeline/{closure}(Object(Illuminate/Http/Request))
#41 D:/laravel/office/cioas/vendor/laravel/framework/src/Illuminate/Foundation/Http/Middleware/TrimStrings.php(40): Illuminate/Foundation/Http/Middleware/TransformsRequest->handle(Object(Illuminate/Http/Request), Object(Closure))
#42 D:/laravel/office/cioas/vendor/laravel/framework/src/Illuminate/Pipeline/Pipeline.php(183): Illuminate/Foundation/Http/Middleware/TrimStrings->handle(Object(Illuminate/Http/Request), Object(Closure))
#43 D:/laravel/office/cioas/vendor/laravel/framework/src/Illuminate/Foundation/Http/Middleware/ValidatePostSize.php(27): Illuminate/Pipeline/Pipeline->Illuminate/Pipeline/{closure}(Object(Illuminate/Http/Request))
#44 D:/laravel/office/cioas/vendor/laravel/framework/src/Illuminate/Pipeline/Pipeline.php(183): Illuminate/Foundation/Http/Middleware/ValidatePostSize->handle(Object(Illuminate/Http/Request), Object(Closure))
#45 D:/laravel/office/cioas/vendor/laravel/framework/src/Illuminate/Foundation/Http/Middleware/PreventRequestsDuringMaintenance.php(99): Illuminate/Pipeline/Pipeline->Illuminate/Pipeline/{closure}(Object(Illuminate/Http/Request))
#46 D:/laravel/office/cioas/vendor/laravel/framework/src/Illuminate/Pipeline/Pipeline.php(183): Illuminate/Foundation/Http/Middleware/PreventRequestsDuringMaintenance->handle(Object(Illuminate/Http/Request), Object(Closure))
#47 D:/laravel/office/cioas/vendor/laravel/framework/src/Illuminate/Http/Middleware/TrustProxies.php(39): Illuminate/Pipeline/Pipeline->Illuminate/Pipeline/{closure}(Object(Illuminate/Http/Request))
#48 D:/laravel/office/cioas/vendor/laravel/framework/src/Illuminate/Pipeline/Pipeline.php(183): Illuminate/Http/Middleware/TrustProxies->handle(Object(Illuminate/Http/Request), Object(Closure))
#49 D:/laravel/office/cioas/vendor/laravel/framework/src/Illuminate/Pipeline/Pipeline.php(119): Illuminate/Pipeline/Pipeline->Illuminate/Pipeline/{closure}(Object(Illuminate/Http/Request))
#50 D:/laravel/office/cioas/vendor/laravel/framework/src/Illuminate/Foundation/Http/Kernel.php(175): Illuminate/Pipeline/Pipeline->then(Object(Closure))
#51 D:/laravel/office/cioas/vendor/laravel/framework/src/Illuminate/Foundation/Http/Kernel.php(144): Illuminate/Foundation/Http/Kernel->sendRequestThroughRouter(Object(Illuminate/Http/Request))
#52 D:/laravel/office/cioas/public/index.php(51): Illuminate/Foundation/Http/Kernel->handle(Object(Illuminate/Http/Request))
#53 D:/laravel/office/cioas/server.php(21): require_once('D://laravel//offi...')
#54 {main}
"} 
[2026-05-09 17:43:59] local.ERROR: Route [hotel-ownership.edit] not defined. (View: D:\laravel\office\cioas\resources\views\backend\pages\hotel-restaurant\edit.blade.php) {"userId":1,"exception":"[object] (Illuminate\\View\\ViewException(code: 0): Route [hotel-ownership.edit] not defined. (View: D:\\laravel\\office\\cioas\\resources\\views\\backend\\pages\\hotel-restaurant\\edit.blade.php) at D:/laravel/office/cioas/vendor/laravel/framework/src/Illuminate/Routing/UrlGenerator.php:477)
[stacktrace]
#0 D:/laravel/office/cioas/vendor/laravel/framework/src/Illuminate/View/Engines/PhpEngine.php(60): Illuminate/View/Engines/CompilerEngine->handleViewException(Object(Symfony/Component/Routing/Exception/RouteNotFoundException), 1)
#1 D:/laravel/office/cioas/vendor/laravel/framework/src/Illuminate/View/Engines/CompilerEngine.php(72): Illuminate/View/Engines/PhpEngine->evaluatePath('D://laravel//offi...', Array)
#2 D:/laravel/office/cioas/vendor/laravel/framework/src/Illuminate/View/View.php(207): Illuminate/View/Engines/CompilerEngine->get('D://laravel//offi...', Array)
#3 D:/laravel/office/cioas/vendor/laravel/framework/src/Illuminate/View/View.php(190): Illuminate/View/View->getContents()
#4 D:/laravel/office/cioas/vendor/laravel/framework/src/Illuminate/View/View.php(159): Illuminate/View/View->renderContents()
#5 D:/laravel/office/cioas/vendor/laravel/framework/src/Illuminate/Http/Response.php(69): Illuminate/View/View->render()
#6 D:/laravel/office/cioas/vendor/laravel/framework/src/Illuminate/Http/Response.php(35): Illuminate/Http/Response->setContent(Object(Illuminate/View/View))
#7 D:/laravel/office/cioas/vendor/laravel/framework/src/Illuminate/Routing/Router.php(918): Illuminate/Http/Response->__construct(Object(Illuminate/View/View), 200, Array)
#8 D:/laravel/office/cioas/vendor/laravel/framework/src/Illuminate/Routing/Router.php(885): Illuminate/Routing/Router::toResponse(Object(Illuminate/Http/Request), Object(Illuminate/View/View))
#9 D:/laravel/office/cioas/vendor/laravel/framework/src/Illuminate/Routing/Router.php(805): Illuminate/Routing/Router->prepareResponse(Object(Illuminate/Http/Request), Object(Illuminate/View/View))
#10 D:/laravel/office/cioas/vendor/laravel/framework/src/Illuminate/Pipeline/Pipeline.php(144): Illuminate/Routing/Router->Illuminate/Routing/{closure}(Object(Illuminate/Http/Request))
#11 D:/laravel/office/cioas/vendor/laravel/framework/src/Illuminate/Routing/Middleware/SubstituteBindings.php(50): Illuminate/Pipeline/Pipeline->Illuminate/Pipeline/{closure}(Object(Illuminate/Http/Request))
#12 D:/laravel/office/cioas/vendor/laravel/framework/src/Illuminate/Pipeline/Pipeline.php(183): Illuminate/Routing/Middleware/SubstituteBindings->handle(Object(Illuminate/Http/Request), Object(Closure))
#13 D:/laravel/office/cioas/vendor/laravel/framework/src/Illuminate/Auth/Middleware/Authenticate.php(57): Illuminate/Pipeline/Pipeline->Illuminate/Pipeline/{closure}(Object(Illuminate/Http/Request))
#14 D:/laravel/office/cioas/vendor/laravel/framework/src/Illuminate/Pipeline/Pipeline.php(183): Illuminate/Auth/Middleware/Authenticate->handle(Object(Illuminate/Http/Request), Object(Closure))
#15 D:/laravel/office/cioas/vendor/laravel/framework/src/Illuminate/Foundation/Http/Middleware/VerifyCsrfToken.php(78): Illuminate/Pipeline/Pipeline->Illuminate/Pipeline/{closure}(Object(Illuminate/Http/Request))
#16 D:/laravel/office/cioas/vendor/laravel/framework/src/Illuminate/Pipeline/Pipeline.php(183): Illuminate/Foundation/Http/Middleware/VerifyCsrfToken->handle(Object(Illuminate/Http/Request), Object(Closure))
#17 D:/laravel/office/cioas/vendor/laravel/framework/src/Illuminate/View/Middleware/ShareErrorsFromSession.php(49): Illuminate/Pipeline/Pipeline->Illuminate/Pipeline/{closure}(Object(Illuminate/Http/Request))
#18 D:/laravel/office/cioas/vendor/laravel/framework/src/Illuminate/Pipeline/Pipeline.php(183): Illuminate/View/Middleware/ShareErrorsFromSession->handle(Object(Illuminate/Http/Request), Object(Closure))
#19 D:/laravel/office/cioas/vendor/laravel/framework/src/Illuminate/Session/Middleware/StartSession.php(121): Illuminate/Pipeline/Pipeline->Illuminate/Pipeline/{closure}(Object(Illuminate/Http/Request))
#20 D:/laravel/office/cioas/vendor/laravel/framework/src/Illuminate/Session/Middleware/StartSession.php(64): Illuminate/Session/Middleware/StartSession->handleStatefulRequest(Object(Illuminate/Http/Request), Object(Illuminate/Session/Store), Object(Closure))
#21 D:/laravel/office/cioas/vendor/laravel/framework/src/Illuminate/Pipeline/Pipeline.php(183): Illuminate/Session/Middleware/StartSession->handle(Object(Illuminate/Http/Request), Object(Closure))
#22 D:/laravel/office/cioas/vendor/laravel/framework/src/Illuminate/Cookie/Middleware/AddQueuedCookiesToResponse.php(37): Illuminate/Pipeline/Pipeline->Illuminate/Pipeline/{closure}(Object(Illuminate/Http/Request))
#23 D:/laravel/office/cioas/vendor/laravel/framework/src/Illuminate/Pipeline/Pipeline.php(183): Illuminate/Cookie/Middleware/AddQueuedCookiesToResponse->handle(Object(Illuminate/Http/Request), Object(Closure))
#24 D:/laravel/office/cioas/vendor/laravel/framework/src/Illuminate/Cookie/Middleware/EncryptCookies.php(67): Illuminate/Pipeline/Pipeline->Illuminate/Pipeline/{closure}(Object(Illuminate/Http/Request))
#25 D:/laravel/office/cioas/vendor/laravel/framework/src/Illuminate/Pipeline/Pipeline.php(183): Illuminate/Cookie/Middleware/EncryptCookies->handle(Object(Illuminate/Http/Request), Object(Closure))
#26 D:/laravel/office/cioas/vendor/laravel/framework/src/Illuminate/Pipeline/Pipeline.php(119): Illuminate/Pipeline/Pipeline->Illuminate/Pipeline/{closure}(Object(Illuminate/Http/Request))
#27 D:/laravel/office/cioas/vendor/laravel/framework/src/Illuminate/Routing/Router.php(805): Illuminate/Pipeline/Pipeline->then(Object(Closure))
#28 D:/laravel/office/cioas/vendor/laravel/framework/src/Illuminate/Routing/Router.php(784): Illuminate/Routing/Router->runRouteWithinStack(Object(Illuminate/Routing/Route), Object(Illuminate/Http/Request))
#29 D:/laravel/office/cioas/vendor/laravel/framework/src/Illuminate/Routing/Router.php(748): Illuminate/Routing/Router->runRoute(Object(Illuminate/Http/Request), Object(Illuminate/Routing/Route))
#30 D:/laravel/office/cioas/vendor/laravel/framework/src/Illuminate/Routing/Router.php(737): Illuminate/Routing/Router->dispatchToRoute(Object(Illuminate/Http/Request))
#31 D:/laravel/office/cioas/vendor/laravel/framework/src/Illuminate/Foundation/Http/Kernel.php(200): Illuminate/Routing/Router->dispatch(Object(Illuminate/Http/Request))
#32 D:/laravel/office/cioas/vendor/laravel/framework/src/Illuminate/Pipeline/Pipeline.php(144): Illuminate/Foundation/Http/Kernel->Illuminate/Foundation/Http/{closure}(Object(Illuminate/Http/Request))
#33 D:/laravel/office/cioas/vendor/laravel/framework/src/Illuminate/Foundation/Http/Middleware/TransformsRequest.php(21): Illuminate/Pipeline/Pipeline->Illuminate/Pipeline/{closure}(Object(Illuminate/Http/Request))
#34 D:/laravel/office/cioas/vendor/laravel/framework/src/Illuminate/Foundation/Http/Middleware/ConvertEmptyStringsToNull.php(31): Illuminate/Foundation/Http/Middleware/TransformsRequest->handle(Object(Illuminate/Http/Request), Object(Closure))
#35 D:/laravel/office/cioas/vendor/laravel/framework/src/Illuminate/Pipeline/Pipeline.php(183): Illuminate/Foundation/Http/Middleware/ConvertEmptyStringsToNull->handle(Object(Illuminate/Http/Request), Object(Closure))
#36 D:/laravel/office/cioas/vendor/laravel/framework/src/Illuminate/Foundation/Http/Middleware/TransformsRequest.php(21): Illuminate/Pipeline/Pipeline->Illuminate/Pipeline/{closure}(Object(Illuminate/Http/Request))
#37 D:/laravel/office/cioas/vendor/laravel/framework/src/Illuminate/Foundation/Http/Middleware/TrimStrings.php(40): Illuminate/Foundation/Http/Middleware/TransformsRequest->handle(Object(Illuminate/Http/Request), Object(Closure))
#38 D:/laravel/office/cioas/vendor/laravel/framework/src/Illuminate/Pipeline/Pipeline.php(183): Illuminate/Foundation/Http/Middleware/TrimStrings->handle(Object(Illuminate/Http/Request), Object(Closure))
#39 D:/laravel/office/cioas/vendor/laravel/framework/src/Illuminate/Foundation/Http/Middleware/ValidatePostSize.php(27): Illuminate/Pipeline/Pipeline->Illuminate/Pipeline/{closure}(Object(Illuminate/Http/Request))
#40 D:/laravel/office/cioas/vendor/laravel/framework/src/Illuminate/Pipeline/Pipeline.php(183): Illuminate/Foundation/Http/Middleware/ValidatePostSize->handle(Object(Illuminate/Http/Request), Object(Closure))
#41 D:/laravel/office/cioas/vendor/laravel/framework/src/Illuminate/Foundation/Http/Middleware/PreventRequestsDuringMaintenance.php(99): Illuminate/Pipeline/Pipeline->Illuminate/Pipeline/{closure}(Object(Illuminate/Http/Request))
#42 D:/laravel/office/cioas/vendor/laravel/framework/src/Illuminate/Pipeline/Pipeline.php(183): Illuminate/Foundation/Http/Middleware/PreventRequestsDuringMaintenance->handle(Object(Illuminate/Http/Request), Object(Closure))
#43 D:/laravel/office/cioas/vendor/laravel/framework/src/Illuminate/Http/Middleware/TrustProxies.php(39): Illuminate/Pipeline/Pipeline->Illuminate/Pipeline/{closure}(Object(Illuminate/Http/Request))
#44 D:/laravel/office/cioas/vendor/laravel/framework/src/Illuminate/Pipeline/Pipeline.php(183): Illuminate/Http/Middleware/TrustProxies->handle(Object(Illuminate/Http/Request), Object(Closure))
#45 D:/laravel/office/cioas/vendor/laravel/framework/src/Illuminate/Pipeline/Pipeline.php(119): Illuminate/Pipeline/Pipeline->Illuminate/Pipeline/{closure}(Object(Illuminate/Http/Request))
#46 D:/laravel/office/cioas/vendor/laravel/framework/src/Illuminate/Foundation/Http/Kernel.php(175): Illuminate/Pipeline/Pipeline->then(Object(Closure))
#47 D:/laravel/office/cioas/vendor/laravel/framework/src/Illuminate/Foundation/Http/Kernel.php(144): Illuminate/Foundation/Http/Kernel->sendRequestThroughRouter(Object(Illuminate/Http/Request))
#48 D:/laravel/office/cioas/public/index.php(51): Illuminate/Foundation/Http/Kernel->handle(Object(Illuminate/Http/Request))
#49 D:/laravel/office/cioas/server.php(21): require_once('D://laravel//offi...')
#50 {main}

[previous exception] [object] (Symfony\\Component\\Routing\\Exception\\RouteNotFoundException(code: 0): Route [hotel-ownership.edit] not defined. at D:/laravel/office/cioas/vendor/laravel/framework/src/Illuminate/Routing/UrlGenerator.php:477)
[stacktrace]
#0 D:/laravel/office/cioas/vendor/laravel/framework/src/Illuminate/Foundation/helpers.php(811): Illuminate/Routing/UrlGenerator->route('hotel-ownership...', 65, true)
#1 D:/laravel/office/cioas/storage/framework/views/a25ad50ad77f7c20693a31e289aa30e8.php(36): route('hotel-ownership...', 65)
#2 D:/laravel/office/cioas/vendor/laravel/framework/src/Illuminate/Filesystem/Filesystem.php(123): require('D://laravel//offi...')
#3 D:/laravel/office/cioas/vendor/laravel/framework/src/Illuminate/Filesystem/Filesystem.php(124): Illuminate/Filesystem/Filesystem::Illuminate/Filesystem/{closure}()
#4 D:/laravel/office/cioas/vendor/laravel/framework/src/Illuminate/View/Engines/PhpEngine.php(58): Illuminate/Filesystem/Filesystem->getRequire('D://laravel//offi...', Array)
#5 D:/laravel/office/cioas/vendor/laravel/framework/src/Illuminate/View/Engines/CompilerEngine.php(72): Illuminate/View/Engines/PhpEngine->evaluatePath('D://laravel//offi...', Array)
#6 D:/laravel/office/cioas/vendor/laravel/framework/src/Illuminate/View/View.php(207): Illuminate/View/Engines/CompilerEngine->get('D://laravel//offi...', Array)
#7 D:/laravel/office/cioas/vendor/laravel/framework/src/Illuminate/View/View.php(190): Illuminate/View/View->getContents()
#8 D:/laravel/office/cioas/vendor/laravel/framework/src/Illuminate/View/View.php(159): Illuminate/View/View->renderContents()
#9 D:/laravel/office/cioas/vendor/laravel/framework/src/Illuminate/Http/Response.php(69): Illuminate/View/View->render()
#10 D:/laravel/office/cioas/vendor/laravel/framework/src/Illuminate/Http/Response.php(35): Illuminate/Http/Response->setContent(Object(Illuminate/View/View))
#11 D:/laravel/office/cioas/vendor/laravel/framework/src/Illuminate/Routing/Router.php(918): Illuminate/Http/Response->__construct(Object(Illuminate/View/View), 200, Array)
#12 D:/laravel/office/cioas/vendor/laravel/framework/src/Illuminate/Routing/Router.php(885): Illuminate/Routing/Router::toResponse(Object(Illuminate/Http/Request), Object(Illuminate/View/View))
#13 D:/laravel/office/cioas/vendor/laravel/framework/src/Illuminate/Routing/Router.php(805): Illuminate/Routing/Router->prepareResponse(Object(Illuminate/Http/Request), Object(Illuminate/View/View))
#14 D:/laravel/office/cioas/vendor/laravel/framework/src/Illuminate/Pipeline/Pipeline.php(144): Illuminate/Routing/Router->Illuminate/Routing/{closure}(Object(Illuminate/Http/Request))
#15 D:/laravel/office/cioas/vendor/laravel/framework/src/Illuminate/Routing/Middleware/SubstituteBindings.php(50): Illuminate/Pipeline/Pipeline->Illuminate/Pipeline/{closure}(Object(Illuminate/Http/Request))
#16 D:/laravel/office/cioas/vendor/laravel/framework/src/Illuminate/Pipeline/Pipeline.php(183): Illuminate/Routing/Middleware/SubstituteBindings->handle(Object(Illuminate/Http/Request), Object(Closure))
#17 D:/laravel/office/cioas/vendor/laravel/framework/src/Illuminate/Auth/Middleware/Authenticate.php(57): Illuminate/Pipeline/Pipeline->Illuminate/Pipeline/{closure}(Object(Illuminate/Http/Request))
#18 D:/laravel/office/cioas/vendor/laravel/framework/src/Illuminate/Pipeline/Pipeline.php(183): Illuminate/Auth/Middleware/Authenticate->handle(Object(Illuminate/Http/Request), Object(Closure))
#19 D:/laravel/office/cioas/vendor/laravel/framework/src/Illuminate/Foundation/Http/Middleware/VerifyCsrfToken.php(78): Illuminate/Pipeline/Pipeline->Illuminate/Pipeline/{closure}(Object(Illuminate/Http/Request))
#20 D:/laravel/office/cioas/vendor/laravel/framework/src/Illuminate/Pipeline/Pipeline.php(183): Illuminate/Foundation/Http/Middleware/VerifyCsrfToken->handle(Object(Illuminate/Http/Request), Object(Closure))
#21 D:/laravel/office/cioas/vendor/laravel/framework/src/Illuminate/View/Middleware/ShareErrorsFromSession.php(49): Illuminate/Pipeline/Pipeline->Illuminate/Pipeline/{closure}(Object(Illuminate/Http/Request))
#22 D:/laravel/office/cioas/vendor/laravel/framework/src/Illuminate/Pipeline/Pipeline.php(183): Illuminate/View/Middleware/ShareErrorsFromSession->handle(Object(Illuminate/Http/Request), Object(Closure))
#23 D:/laravel/office/cioas/vendor/laravel/framework/src/Illuminate/Session/Middleware/StartSession.php(121): Illuminate/Pipeline/Pipeline->Illuminate/Pipeline/{closure}(Object(Illuminate/Http/Request))
#24 D:/laravel/office/cioas/vendor/laravel/framework/src/Illuminate/Session/Middleware/StartSession.php(64): Illuminate/Session/Middleware/StartSession->handleStatefulRequest(Object(Illuminate/Http/Request), Object(Illuminate/Session/Store), Object(Closure))
#25 D:/laravel/office/cioas/vendor/laravel/framework/src/Illuminate/Pipeline/Pipeline.php(183): Illuminate/Session/Middleware/StartSession->handle(Object(Illuminate/Http/Request), Object(Closure))
#26 D:/laravel/office/cioas/vendor/laravel/framework/src/Illuminate/Cookie/Middleware/AddQueuedCookiesToResponse.php(37): Illuminate/Pipeline/Pipeline->Illuminate/Pipeline/{closure}(Object(Illuminate/Http/Request))
#27 D:/laravel/office/cioas/vendor/laravel/framework/src/Illuminate/Pipeline/Pipeline.php(183): Illuminate/Cookie/Middleware/AddQueuedCookiesToResponse->handle(Object(Illuminate/Http/Request), Object(Closure))
#28 D:/laravel/office/cioas/vendor/laravel/framework/src/Illuminate/Cookie/Middleware/EncryptCookies.php(67): Illuminate/Pipeline/Pipeline->Illuminate/Pipeline/{closure}(Object(Illuminate/Http/Request))
#29 D:/laravel/office/cioas/vendor/laravel/framework/src/Illuminate/Pipeline/Pipeline.php(183): Illuminate/Cookie/Middleware/EncryptCookies->handle(Object(Illuminate/Http/Request), Object(Closure))
#30 D:/laravel/office/cioas/vendor/laravel/framework/src/Illuminate/Pipeline/Pipeline.php(119): Illuminate/Pipeline/Pipeline->Illuminate/Pipeline/{closure}(Object(Illuminate/Http/Request))
#31 D:/laravel/office/cioas/vendor/laravel/framework/src/Illuminate/Routing/Router.php(805): Illuminate/Pipeline/Pipeline->then(Object(Closure))
#32 D:/laravel/office/cioas/vendor/laravel/framework/src/Illuminate/Routing/Router.php(784): Illuminate/Routing/Router->runRouteWithinStack(Object(Illuminate/Routing/Route), Object(Illuminate/Http/Request))
#33 D:/laravel/office/cioas/vendor/laravel/framework/src/Illuminate/Routing/Router.php(748): Illuminate/Routing/Router->runRoute(Object(Illuminate/Http/Request), Object(Illuminate/Routing/Route))
#34 D:/laravel/office/cioas/vendor/laravel/framework/src/Illuminate/Routing/Router.php(737): Illuminate/Routing/Router->dispatchToRoute(Object(Illuminate/Http/Request))
#35 D:/laravel/office/cioas/vendor/laravel/framework/src/Illuminate/Foundation/Http/Kernel.php(200): Illuminate/Routing/Router->dispatch(Object(Illuminate/Http/Request))
#36 D:/laravel/office/cioas/vendor/laravel/framework/src/Illuminate/Pipeline/Pipeline.php(144): Illuminate/Foundation/Http/Kernel->Illuminate/Foundation/Http/{closure}(Object(Illuminate/Http/Request))
#37 D:/laravel/office/cioas/vendor/laravel/framework/src/Illuminate/Foundation/Http/Middleware/TransformsRequest.php(21): Illuminate/Pipeline/Pipeline->Illuminate/Pipeline/{closure}(Object(Illuminate/Http/Request))
#38 D:/laravel/office/cioas/vendor/laravel/framework/src/Illuminate/Foundation/Http/Middleware/ConvertEmptyStringsToNull.php(31): Illuminate/Foundation/Http/Middleware/TransformsRequest->handle(Object(Illuminate/Http/Request), Object(Closure))
#39 D:/laravel/office/cioas/vendor/laravel/framework/src/Illuminate/Pipeline/Pipeline.php(183): Illuminate/Foundation/Http/Middleware/ConvertEmptyStringsToNull->handle(Object(Illuminate/Http/Request), Object(Closure))
#40 D:/laravel/office/cioas/vendor/laravel/framework/src/Illuminate/Foundation/Http/Middleware/TransformsRequest.php(21): Illuminate/Pipeline/Pipeline->Illuminate/Pipeline/{closure}(Object(Illuminate/Http/Request))
#41 D:/laravel/office/cioas/vendor/laravel/framework/src/Illuminate/Foundation/Http/Middleware/TrimStrings.php(40): Illuminate/Foundation/Http/Middleware/TransformsRequest->handle(Object(Illuminate/Http/Request), Object(Closure))
#42 D:/laravel/office/cioas/vendor/laravel/framework/src/Illuminate/Pipeline/Pipeline.php(183): Illuminate/Foundation/Http/Middleware/TrimStrings->handle(Object(Illuminate/Http/Request), Object(Closure))
#43 D:/laravel/office/cioas/vendor/laravel/framework/src/Illuminate/Foundation/Http/Middleware/ValidatePostSize.php(27): Illuminate/Pipeline/Pipeline->Illuminate/Pipeline/{closure}(Object(Illuminate/Http/Request))
#44 D:/laravel/office/cioas/vendor/laravel/framework/src/Illuminate/Pipeline/Pipeline.php(183): Illuminate/Foundation/Http/Middleware/ValidatePostSize->handle(Object(Illuminate/Http/Request), Object(Closure))
#45 D:/laravel/office/cioas/vendor/laravel/framework/src/Illuminate/Foundation/Http/Middleware/PreventRequestsDuringMaintenance.php(99): Illuminate/Pipeline/Pipeline->Illuminate/Pipeline/{closure}(Object(Illuminate/Http/Request))
#46 D:/laravel/office/cioas/vendor/laravel/framework/src/Illuminate/Pipeline/Pipeline.php(183): Illuminate/Foundation/Http/Middleware/PreventRequestsDuringMaintenance->handle(Object(Illuminate/Http/Request), Object(Closure))
#47 D:/laravel/office/cioas/vendor/laravel/framework/src/Illuminate/Http/Middleware/TrustProxies.php(39): Illuminate/Pipeline/Pipeline->Illuminate/Pipeline/{closure}(Object(Illuminate/Http/Request))
#48 D:/laravel/office/cioas/vendor/laravel/framework/src/Illuminate/Pipeline/Pipeline.php(183): Illuminate/Http/Middleware/TrustProxies->handle(Object(Illuminate/Http/Request), Object(Closure))
#49 D:/laravel/office/cioas/vendor/laravel/framework/src/Illuminate/Pipeline/Pipeline.php(119): Illuminate/Pipeline/Pipeline->Illuminate/Pipeline/{closure}(Object(Illuminate/Http/Request))
#50 D:/laravel/office/cioas/vendor/laravel/framework/src/Illuminate/Foundation/Http/Kernel.php(175): Illuminate/Pipeline/Pipeline->then(Object(Closure))
#51 D:/laravel/office/cioas/vendor/laravel/framework/src/Illuminate/Foundation/Http/Kernel.php(144): Illuminate/Foundation/Http/Kernel->sendRequestThroughRouter(Object(Illuminate/Http/Request))
#52 D:/laravel/office/cioas/public/index.php(51): Illuminate/Foundation/Http/Kernel->handle(Object(Illuminate/Http/Request))
#53 D:/laravel/office/cioas/server.php(21): require_once('D://laravel//offi...')
#54 {main}
"} 
[2026-05-09 17:44:29] local.ERROR: Attempt to read property "id" on null (View: D:\laravel\office\cioas\resources\views\backend\pages\hotel-restaurant\forms\ownership.blade.php) (View: D:\laravel\office\cioas\resources\views\backend\pages\hotel-restaurant\forms\ownership.blade.php) {"userId":1,"exception":"[object] (Illuminate\\View\\ViewException(code: 0): Attempt to read property \"id\" on null (View: D:\\laravel\\office\\cioas\\resources\\views\\backend\\pages\\hotel-restaurant\\forms\\ownership.blade.php) (View: D:\\laravel\\office\\cioas\\resources\\views\\backend\\pages\\hotel-restaurant\\forms\\ownership.blade.php) at D:/laravel/office/cioas/storage/framework/views/286d2f91dc3a0890649958bf3891e1c6.php:7)
[stacktrace]
#0 D:/laravel/office/cioas/vendor/laravel/framework/src/Illuminate/View/Engines/PhpEngine.php(60): Illuminate/View/Engines/CompilerEngine->handleViewException(Object(Illuminate/View/ViewException), 1)
#1 D:/laravel/office/cioas/vendor/laravel/framework/src/Illuminate/View/Engines/CompilerEngine.php(72): Illuminate/View/Engines/PhpEngine->evaluatePath('D://laravel//offi...', Array)
#2 D:/laravel/office/cioas/vendor/laravel/framework/src/Illuminate/View/View.php(207): Illuminate/View/Engines/CompilerEngine->get('D://laravel//offi...', Array)
#3 D:/laravel/office/cioas/vendor/laravel/framework/src/Illuminate/View/View.php(190): Illuminate/View/View->getContents()
#4 D:/laravel/office/cioas/vendor/laravel/framework/src/Illuminate/View/View.php(159): Illuminate/View/View->renderContents()
#5 D:/laravel/office/cioas/vendor/laravel/framework/src/Illuminate/Http/Response.php(69): Illuminate/View/View->render()
#6 D:/laravel/office/cioas/vendor/laravel/framework/src/Illuminate/Http/Response.php(35): Illuminate/Http/Response->setContent(Object(Illuminate/View/View))
#7 D:/laravel/office/cioas/vendor/laravel/framework/src/Illuminate/Routing/Router.php(918): Illuminate/Http/Response->__construct(Object(Illuminate/View/View), 200, Array)
#8 D:/laravel/office/cioas/vendor/laravel/framework/src/Illuminate/Routing/Router.php(885): Illuminate/Routing/Router::toResponse(Object(Illuminate/Http/Request), Object(Illuminate/View/View))
#9 D:/laravel/office/cioas/vendor/laravel/framework/src/Illuminate/Routing/Router.php(805): Illuminate/Routing/Router->prepareResponse(Object(Illuminate/Http/Request), Object(Illuminate/View/View))
#10 D:/laravel/office/cioas/vendor/laravel/framework/src/Illuminate/Pipeline/Pipeline.php(144): Illuminate/Routing/Router->Illuminate/Routing/{closure}(Object(Illuminate/Http/Request))
#11 D:/laravel/office/cioas/vendor/laravel/framework/src/Illuminate/Routing/Middleware/SubstituteBindings.php(50): Illuminate/Pipeline/Pipeline->Illuminate/Pipeline/{closure}(Object(Illuminate/Http/Request))
#12 D:/laravel/office/cioas/vendor/laravel/framework/src/Illuminate/Pipeline/Pipeline.php(183): Illuminate/Routing/Middleware/SubstituteBindings->handle(Object(Illuminate/Http/Request), Object(Closure))
#13 D:/laravel/office/cioas/vendor/laravel/framework/src/Illuminate/Auth/Middleware/Authenticate.php(57): Illuminate/Pipeline/Pipeline->Illuminate/Pipeline/{closure}(Object(Illuminate/Http/Request))
#14 D:/laravel/office/cioas/vendor/laravel/framework/src/Illuminate/Pipeline/Pipeline.php(183): Illuminate/Auth/Middleware/Authenticate->handle(Object(Illuminate/Http/Request), Object(Closure))
#15 D:/laravel/office/cioas/vendor/laravel/framework/src/Illuminate/Foundation/Http/Middleware/VerifyCsrfToken.php(78): Illuminate/Pipeline/Pipeline->Illuminate/Pipeline/{closure}(Object(Illuminate/Http/Request))
#16 D:/laravel/office/cioas/vendor/laravel/framework/src/Illuminate/Pipeline/Pipeline.php(183): Illuminate/Foundation/Http/Middleware/VerifyCsrfToken->handle(Object(Illuminate/Http/Request), Object(Closure))
#17 D:/laravel/office/cioas/vendor/laravel/framework/src/Illuminate/View/Middleware/ShareErrorsFromSession.php(49): Illuminate/Pipeline/Pipeline->Illuminate/Pipeline/{closure}(Object(Illuminate/Http/Request))
#18 D:/laravel/office/cioas/vendor/laravel/framework/src/Illuminate/Pipeline/Pipeline.php(183): Illuminate/View/Middleware/ShareErrorsFromSession->handle(Object(Illuminate/Http/Request), Object(Closure))
#19 D:/laravel/office/cioas/vendor/laravel/framework/src/Illuminate/Session/Middleware/StartSession.php(121): Illuminate/Pipeline/Pipeline->Illuminate/Pipeline/{closure}(Object(Illuminate/Http/Request))
#20 D:/laravel/office/cioas/vendor/laravel/framework/src/Illuminate/Session/Middleware/StartSession.php(64): Illuminate/Session/Middleware/StartSession->handleStatefulRequest(Object(Illuminate/Http/Request), Object(Illuminate/Session/Store), Object(Closure))
#21 D:/laravel/office/cioas/vendor/laravel/framework/src/Illuminate/Pipeline/Pipeline.php(183): Illuminate/Session/Middleware/StartSession->handle(Object(Illuminate/Http/Request), Object(Closure))
#22 D:/laravel/office/cioas/vendor/laravel/framework/src/Illuminate/Cookie/Middleware/AddQueuedCookiesToResponse.php(37): Illuminate/Pipeline/Pipeline->Illuminate/Pipeline/{closure}(Object(Illuminate/Http/Request))
#23 D:/laravel/office/cioas/vendor/laravel/framework/src/Illuminate/Pipeline/Pipeline.php(183): Illuminate/Cookie/Middleware/AddQueuedCookiesToResponse->handle(Object(Illuminate/Http/Request), Object(Closure))
#24 D:/laravel/office/cioas/vendor/laravel/framework/src/Illuminate/Cookie/Middleware/EncryptCookies.php(67): Illuminate/Pipeline/Pipeline->Illuminate/Pipeline/{closure}(Object(Illuminate/Http/Request))
#25 D:/laravel/office/cioas/vendor/laravel/framework/src/Illuminate/Pipeline/Pipeline.php(183): Illuminate/Cookie/Middleware/EncryptCookies->handle(Object(Illuminate/Http/Request), Object(Closure))
#26 D:/laravel/office/cioas/vendor/laravel/framework/src/Illuminate/Pipeline/Pipeline.php(119): Illuminate/Pipeline/Pipeline->Illuminate/Pipeline/{closure}(Object(Illuminate/Http/Request))
#27 D:/laravel/office/cioas/vendor/laravel/framework/src/Illuminate/Routing/Router.php(805): Illuminate/Pipeline/Pipeline->then(Object(Closure))
#28 D:/laravel/office/cioas/vendor/laravel/framework/src/Illuminate/Routing/Router.php(784): Illuminate/Routing/Router->runRouteWithinStack(Object(Illuminate/Routing/Route), Object(Illuminate/Http/Request))
#29 D:/laravel/office/cioas/vendor/laravel/framework/src/Illuminate/Routing/Router.php(748): Illuminate/Routing/Router->runRoute(Object(Illuminate/Http/Request), Object(Illuminate/Routing/Route))
#30 D:/laravel/office/cioas/vendor/laravel/framework/src/Illuminate/Routing/Router.php(737): Illuminate/Routing/Router->dispatchToRoute(Object(Illuminate/Http/Request))
#31 D:/laravel/office/cioas/vendor/laravel/framework/src/Illuminate/Foundation/Http/Kernel.php(200): Illuminate/Routing/Router->dispatch(Object(Illuminate/Http/Request))
#32 D:/laravel/office/cioas/vendor/laravel/framework/src/Illuminate/Pipeline/Pipeline.php(144): Illuminate/Foundation/Http/Kernel->Illuminate/Foundation/Http/{closure}(Object(Illuminate/Http/Request))
#33 D:/laravel/office/cioas/vendor/laravel/framework/src/Illuminate/Foundation/Http/Middleware/TransformsRequest.php(21): Illuminate/Pipeline/Pipeline->Illuminate/Pipeline/{closure}(Object(Illuminate/Http/Request))
#34 D:/laravel/office/cioas/vendor/laravel/framework/src/Illuminate/Foundation/Http/Middleware/ConvertEmptyStringsToNull.php(31): Illuminate/Foundation/Http/Middleware/TransformsRequest->handle(Object(Illuminate/Http/Request), Object(Closure))
#35 D:/laravel/office/cioas/vendor/laravel/framework/src/Illuminate/Pipeline/Pipeline.php(183): Illuminate/Foundation/Http/Middleware/ConvertEmptyStringsToNull->handle(Object(Illuminate/Http/Request), Object(Closure))
#36 D:/laravel/office/cioas/vendor/laravel/framework/src/Illuminate/Foundation/Http/Middleware/TransformsRequest.php(21): Illuminate/Pipeline/Pipeline->Illuminate/Pipeline/{closure}(Object(Illuminate/Http/Request))
#37 D:/laravel/office/cioas/vendor/laravel/framework/src/Illuminate/Foundation/Http/Middleware/TrimStrings.php(40): Illuminate/Foundation/Http/Middleware/TransformsRequest->handle(Object(Illuminate/Http/Request), Object(Closure))
#38 D:/laravel/office/cioas/vendor/laravel/framework/src/Illuminate/Pipeline/Pipeline.php(183): Illuminate/Foundation/Http/Middleware/TrimStrings->handle(Object(Illuminate/Http/Request), Object(Closure))
#39 D:/laravel/office/cioas/vendor/laravel/framework/src/Illuminate/Foundation/Http/Middleware/ValidatePostSize.php(27): Illuminate/Pipeline/Pipeline->Illuminate/Pipeline/{closure}(Object(Illuminate/Http/Request))
#40 D:/laravel/office/cioas/vendor/laravel/framework/src/Illuminate/Pipeline/Pipeline.php(183): Illuminate/Foundation/Http/Middleware/ValidatePostSize->handle(Object(Illuminate/Http/Request), Object(Closure))
#41 D:/laravel/office/cioas/vendor/laravel/framework/src/Illuminate/Foundation/Http/Middleware/PreventRequestsDuringMaintenance.php(99): Illuminate/Pipeline/Pipeline->Illuminate/Pipeline/{closure}(Object(Illuminate/Http/Request))
#42 D:/laravel/office/cioas/vendor/laravel/framework/src/Illuminate/Pipeline/Pipeline.php(183): Illuminate/Foundation/Http/Middleware/PreventRequestsDuringMaintenance->handle(Object(Illuminate/Http/Request), Object(Closure))
#43 D:/laravel/office/cioas/vendor/laravel/framework/src/Illuminate/Http/Middleware/TrustProxies.php(39): Illuminate/Pipeline/Pipeline->Illuminate/Pipeline/{closure}(Object(Illuminate/Http/Request))
#44 D:/laravel/office/cioas/vendor/laravel/framework/src/Illuminate/Pipeline/Pipeline.php(183): Illuminate/Http/Middleware/TrustProxies->handle(Object(Illuminate/Http/Request), Object(Closure))
#45 D:/laravel/office/cioas/vendor/laravel/framework/src/Illuminate/Pipeline/Pipeline.php(119): Illuminate/Pipeline/Pipeline->Illuminate/Pipeline/{closure}(Object(Illuminate/Http/Request))
#46 D:/laravel/office/cioas/vendor/laravel/framework/src/Illuminate/Foundation/Http/Kernel.php(175): Illuminate/Pipeline/Pipeline->then(Object(Closure))
#47 D:/laravel/office/cioas/vendor/laravel/framework/src/Illuminate/Foundation/Http/Kernel.php(144): Illuminate/Foundation/Http/Kernel->sendRequestThroughRouter(Object(Illuminate/Http/Request))
#48 D:/laravel/office/cioas/public/index.php(51): Illuminate/Foundation/Http/Kernel->handle(Object(Illuminate/Http/Request))
#49 D:/laravel/office/cioas/server.php(21): require_once('D://laravel//offi...')
#50 {main}

[previous exception] [object] (Illuminate\\View\\ViewException(code: 0): Attempt to read property \"id\" on null (View: D:\\laravel\\office\\cioas\\resources\\views\\backend\\pages\\hotel-restaurant\\forms\\ownership.blade.php) at D:/laravel/office/cioas/storage/framework/views/286d2f91dc3a0890649958bf3891e1c6.php:7)
[stacktrace]
#0 D:/laravel/office/cioas/vendor/laravel/framework/src/Illuminate/View/Engines/PhpEngine.php(60): Illuminate/View/Engines/CompilerEngine->handleViewException(Object(ErrorException), 3)
#1 D:/laravel/office/cioas/vendor/laravel/framework/src/Illuminate/View/Engines/CompilerEngine.php(72): Illuminate/View/Engines/PhpEngine->evaluatePath('D://laravel//offi...', Array)
#2 D:/laravel/office/cioas/vendor/laravel/framework/src/Illuminate/View/View.php(207): Illuminate/View/Engines/CompilerEngine->get('D://laravel//offi...', Array)
#3 D:/laravel/office/cioas/vendor/laravel/framework/src/Illuminate/View/View.php(190): Illuminate/View/View->getContents()
#4 D:/laravel/office/cioas/vendor/laravel/framework/src/Illuminate/View/View.php(159): Illuminate/View/View->renderContents()
#5 D:/laravel/office/cioas/storage/framework/views/539cc100aa3120664a2ccbace1b73a54.php(62): Illuminate/View/View->render()
#6 D:/laravel/office/cioas/vendor/laravel/framework/src/Illuminate/Filesystem/Filesystem.php(123): require('D://laravel//offi...')
#7 D:/laravel/office/cioas/vendor/laravel/framework/src/Illuminate/Filesystem/Filesystem.php(124): Illuminate/Filesystem/Filesystem::Illuminate/Filesystem/{closure}()
#8 D:/laravel/office/cioas/vendor/laravel/framework/src/Illuminate/View/Engines/PhpEngine.php(58): Illuminate/Filesystem/Filesystem->getRequire('D://laravel//offi...', Array)
#9 D:/laravel/office/cioas/vendor/laravel/framework/src/Illuminate/View/Engines/CompilerEngine.php(72): Illuminate/View/Engines/PhpEngine->evaluatePath('D://laravel//offi...', Array)
#10 D:/laravel/office/cioas/vendor/laravel/framework/src/Illuminate/View/View.php(207): Illuminate/View/Engines/CompilerEngine->get('D://laravel//offi...', Array)
#11 D:/laravel/office/cioas/vendor/laravel/framework/src/Illuminate/View/View.php(190): Illuminate/View/View->getContents()
#12 D:/laravel/office/cioas/vendor/laravel/framework/src/Illuminate/View/View.php(159): Illuminate/View/View->renderContents()
#13 D:/laravel/office/cioas/vendor/laravel/framework/src/Illuminate/Http/Response.php(69): Illuminate/View/View->render()
#14 D:/laravel/office/cioas/vendor/laravel/framework/src/Illuminate/Http/Response.php(35): Illuminate/Http/Response->setContent(Object(Illuminate/View/View))
#15 D:/laravel/office/cioas/vendor/laravel/framework/src/Illuminate/Routing/Router.php(918): Illuminate/Http/Response->__construct(Object(Illuminate/View/View), 200, Array)
#16 D:/laravel/office/cioas/vendor/laravel/framework/src/Illuminate/Routing/Router.php(885): Illuminate/Routing/Router::toResponse(Object(Illuminate/Http/Request), Object(Illuminate/View/View))
#17 D:/laravel/office/cioas/vendor/laravel/framework/src/Illuminate/Routing/Router.php(805): Illuminate/Routing/Router->prepareResponse(Object(Illuminate/Http/Request), Object(Illuminate/View/View))
#18 D:/laravel/office/cioas/vendor/laravel/framework/src/Illuminate/Pipeline/Pipeline.php(144): Illuminate/Routing/Router->Illuminate/Routing/{closure}(Object(Illuminate/Http/Request))
#19 D:/laravel/office/cioas/vendor/laravel/framework/src/Illuminate/Routing/Middleware/SubstituteBindings.php(50): Illuminate/Pipeline/Pipeline->Illuminate/Pipeline/{closure}(Object(Illuminate/Http/Request))
#20 D:/laravel/office/cioas/vendor/laravel/framework/src/Illuminate/Pipeline/Pipeline.php(183): Illuminate/Routing/Middleware/SubstituteBindings->handle(Object(Illuminate/Http/Request), Object(Closure))
#21 D:/laravel/office/cioas/vendor/laravel/framework/src/Illuminate/Auth/Middleware/Authenticate.php(57): Illuminate/Pipeline/Pipeline->Illuminate/Pipeline/{closure}(Object(Illuminate/Http/Request))
#22 D:/laravel/office/cioas/vendor/laravel/framework/src/Illuminate/Pipeline/Pipeline.php(183): Illuminate/Auth/Middleware/Authenticate->handle(Object(Illuminate/Http/Request), Object(Closure))
#23 D:/laravel/office/cioas/vendor/laravel/framework/src/Illuminate/Foundation/Http/Middleware/VerifyCsrfToken.php(78): Illuminate/Pipeline/Pipeline->Illuminate/Pipeline/{closure}(Object(Illuminate/Http/Request))
#24 D:/laravel/office/cioas/vendor/laravel/framework/src/Illuminate/Pipeline/Pipeline.php(183): Illuminate/Foundation/Http/Middleware/VerifyCsrfToken->handle(Object(Illuminate/Http/Request), Object(Closure))
#25 D:/laravel/office/cioas/vendor/laravel/framework/src/Illuminate/View/Middleware/ShareErrorsFromSession.php(49): Illuminate/Pipeline/Pipeline->Illuminate/Pipeline/{closure}(Object(Illuminate/Http/Request))
#26 D:/laravel/office/cioas/vendor/laravel/framework/src/Illuminate/Pipeline/Pipeline.php(183): Illuminate/View/Middleware/ShareErrorsFromSession->handle(Object(Illuminate/Http/Request), Object(Closure))
#27 D:/laravel/office/cioas/vendor/laravel/framework/src/Illuminate/Session/Middleware/StartSession.php(121): Illuminate/Pipeline/Pipeline->Illuminate/Pipeline/{closure}(Object(Illuminate/Http/Request))
#28 D:/laravel/office/cioas/vendor/laravel/framework/src/Illuminate/Session/Middleware/StartSession.php(64): Illuminate/Session/Middleware/StartSession->handleStatefulRequest(Object(Illuminate/Http/Request), Object(Illuminate/Session/Store), Object(Closure))
#29 D:/laravel/office/cioas/vendor/laravel/framework/src/Illuminate/Pipeline/Pipeline.php(183): Illuminate/Session/Middleware/StartSession->handle(Object(Illuminate/Http/Request), Object(Closure))
#30 D:/laravel/office/cioas/vendor/laravel/framework/src/Illuminate/Cookie/Middleware/AddQueuedCookiesToResponse.php(37): Illuminate/Pipeline/Pipeline->Illuminate/Pipeline/{closure}(Object(Illuminate/Http/Request))
#31 D:/laravel/office/cioas/vendor/laravel/framework/src/Illuminate/Pipeline/Pipeline.php(183): Illuminate/Cookie/Middleware/AddQueuedCookiesToResponse->handle(Object(Illuminate/Http/Request), Object(Closure))
#32 D:/laravel/office/cioas/vendor/laravel/framework/src/Illuminate/Cookie/Middleware/EncryptCookies.php(67): Illuminate/Pipeline/Pipeline->Illuminate/Pipeline/{closure}(Object(Illuminate/Http/Request))
#33 D:/laravel/office/cioas/vendor/laravel/framework/src/Illuminate/Pipeline/Pipeline.php(183): Illuminate/Cookie/Middleware/EncryptCookies->handle(Object(Illuminate/Http/Request), Object(Closure))
#34 D:/laravel/office/cioas/vendor/laravel/framework/src/Illuminate/Pipeline/Pipeline.php(119): Illuminate/Pipeline/Pipeline->Illuminate/Pipeline/{closure}(Object(Illuminate/Http/Request))
#35 D:/laravel/office/cioas/vendor/laravel/framework/src/Illuminate/Routing/Router.php(805): Illuminate/Pipeline/Pipeline->then(Object(Closure))
#36 D:/laravel/office/cioas/vendor/laravel/framework/src/Illuminate/Routing/Router.php(784): Illuminate/Routing/Router->runRouteWithinStack(Object(Illuminate/Routing/Route), Object(Illuminate/Http/Request))
#37 D:/laravel/office/cioas/vendor/laravel/framework/src/Illuminate/Routing/Router.php(748): Illuminate/Routing/Router->runRoute(Object(Illuminate/Http/Request), Object(Illuminate/Routing/Route))
#38 D:/laravel/office/cioas/vendor/laravel/framework/src/Illuminate/Routing/Router.php(737): Illuminate/Routing/Router->dispatchToRoute(Object(Illuminate/Http/Request))
#39 D:/laravel/office/cioas/vendor/laravel/framework/src/Illuminate/Foundation/Http/Kernel.php(200): Illuminate/Routing/Router->dispatch(Object(Illuminate/Http/Request))
#40 D:/laravel/office/cioas/vendor/laravel/framework/src/Illuminate/Pipeline/Pipeline.php(144): Illuminate/Foundation/Http/Kernel->Illuminate/Foundation/Http/{closure}(Object(Illuminate/Http/Request))
#41 D:/laravel/office/cioas/vendor/laravel/framework/src/Illuminate/Foundation/Http/Middleware/TransformsRequest.php(21): Illuminate/Pipeline/Pipeline->Illuminate/Pipeline/{closure}(Object(Illuminate/Http/Request))
#42 D:/laravel/office/cioas/vendor/laravel/framework/src/Illuminate/Foundation/Http/Middleware/ConvertEmptyStringsToNull.php(31): Illuminate/Foundation/Http/Middleware/TransformsRequest->handle(Object(Illuminate/Http/Request), Object(Closure))
#43 D:/laravel/office/cioas/vendor/laravel/framework/src/Illuminate/Pipeline/Pipeline.php(183): Illuminate/Foundation/Http/Middleware/ConvertEmptyStringsToNull->handle(Object(Illuminate/Http/Request), Object(Closure))
#44 D:/laravel/office/cioas/vendor/laravel/framework/src/Illuminate/Foundation/Http/Middleware/TransformsRequest.php(21): Illuminate/Pipeline/Pipeline->Illuminate/Pipeline/{closure}(Object(Illuminate/Http/Request))
#45 D:/laravel/office/cioas/vendor/laravel/framework/src/Illuminate/Foundation/Http/Middleware/TrimStrings.php(40): Illuminate/Foundation/Http/Middleware/TransformsRequest->handle(Object(Illuminate/Http/Request), Object(Closure))
#46 D:/laravel/office/cioas/vendor/laravel/framework/src/Illuminate/Pipeline/Pipeline.php(183): Illuminate/Foundation/Http/Middleware/TrimStrings->handle(Object(Illuminate/Http/Request), Object(Closure))
#47 D:/laravel/office/cioas/vendor/laravel/framework/src/Illuminate/Foundation/Http/Middleware/ValidatePostSize.php(27): Illuminate/Pipeline/Pipeline->Illuminate/Pipeline/{closure}(Object(Illuminate/Http/Request))
#48 D:/laravel/office/cioas/vendor/laravel/framework/src/Illuminate/Pipeline/Pipeline.php(183): Illuminate/Foundation/Http/Middleware/ValidatePostSize->handle(Object(Illuminate/Http/Request), Object(Closure))
#49 D:/laravel/office/cioas/vendor/laravel/framework/src/Illuminate/Foundation/Http/Middleware/PreventRequestsDuringMaintenance.php(99): Illuminate/Pipeline/Pipeline->Illuminate/Pipeline/{closure}(Object(Illuminate/Http/Request))
#50 D:/laravel/office/cioas/vendor/laravel/framework/src/Illuminate/Pipeline/Pipeline.php(183): Illuminate/Foundation/Http/Middleware/PreventRequestsDuringMaintenance->handle(Object(Illuminate/Http/Request), Object(Closure))
#51 D:/laravel/office/cioas/vendor/laravel/framework/src/Illuminate/Http/Middleware/TrustProxies.php(39): Illuminate/Pipeline/Pipeline->Illuminate/Pipeline/{closure}(Object(Illuminate/Http/Request))
#52 D:/laravel/office/cioas/vendor/laravel/framework/src/Illuminate/Pipeline/Pipeline.php(183): Illuminate/Http/Middleware/TrustProxies->handle(Object(Illuminate/Http/Request), Object(Closure))
#53 D:/laravel/office/cioas/vendor/laravel/framework/src/Illuminate/Pipeline/Pipeline.php(119): Illuminate/Pipeline/Pipeline->Illuminate/Pipeline/{closure}(Object(Illuminate/Http/Request))
#54 D:/laravel/office/cioas/vendor/laravel/framework/src/Illuminate/Foundation/Http/Kernel.php(175): Illuminate/Pipeline/Pipeline->then(Object(Closure))
#55 D:/laravel/office/cioas/vendor/laravel/framework/src/Illuminate/Foundation/Http/Kernel.php(144): Illuminate/Foundation/Http/Kernel->sendRequestThroughRouter(Object(Illuminate/Http/Request))
#56 D:/laravel/office/cioas/public/index.php(51): Illuminate/Foundation/Http/Kernel->handle(Object(Illuminate/Http/Request))
#57 D:/laravel/office/cioas/server.php(21): require_once('D://laravel//offi...')
#58 {main}

[previous exception] [object] (ErrorException(code: 0): Attempt to read property \"id\" on null at D:/laravel/office/cioas/storage/framework/views/286d2f91dc3a0890649958bf3891e1c6.php:7)
[stacktrace]
#0 D:/laravel/office/cioas/vendor/laravel/framework/src/Illuminate/Foundation/Bootstrap/HandleExceptions.php(255): Illuminate/Foundation/Bootstrap/HandleExceptions->handleError(2, 'Attempt to read...', 'D://laravel//offi...', 7)
#1 D:/laravel/office/cioas/storage/framework/views/286d2f91dc3a0890649958bf3891e1c6.php(7): Illuminate/Foundation/Bootstrap/HandleExceptions->Illuminate/Foundation/Bootstrap/{closure}(2, 'Attempt to read...', 'D://laravel//offi...', 7)
#2 D:/laravel/office/cioas/vendor/laravel/framework/src/Illuminate/Filesystem/Filesystem.php(123): require('D://laravel//offi...')
#3 D:/laravel/office/cioas/vendor/laravel/framework/src/Illuminate/Filesystem/Filesystem.php(124): Illuminate/Filesystem/Filesystem::Illuminate/Filesystem/{closure}()
#4 D:/laravel/office/cioas/vendor/laravel/framework/src/Illuminate/View/Engines/PhpEngine.php(58): Illuminate/Filesystem/Filesystem->getRequire('D://laravel//offi...', Array)
#5 D:/laravel/office/cioas/vendor/laravel/framework/src/Illuminate/View/Engines/CompilerEngine.php(72): Illuminate/View/Engines/PhpEngine->evaluatePath('D://laravel//offi...', Array)
#6 D:/laravel/office/cioas/vendor/laravel/framework/src/Illuminate/View/View.php(207): Illuminate/View/Engines/CompilerEngine->get('D://laravel//offi...', Array)
#7 D:/laravel/office/cioas/vendor/laravel/framework/src/Illuminate/View/View.php(190): Illuminate/View/View->getContents()
#8 D:/laravel/office/cioas/vendor/laravel/framework/src/Illuminate/View/View.php(159): Illuminate/View/View->renderContents()
#9 D:/laravel/office/cioas/storage/framework/views/539cc100aa3120664a2ccbace1b73a54.php(62): Illuminate/View/View->render()
#10 D:/laravel/office/cioas/vendor/laravel/framework/src/Illuminate/Filesystem/Filesystem.php(123): require('D://laravel//offi...')
#11 D:/laravel/office/cioas/vendor/laravel/framework/src/Illuminate/Filesystem/Filesystem.php(124): Illuminate/Filesystem/Filesystem::Illuminate/Filesystem/{closure}()
#12 D:/laravel/office/cioas/vendor/laravel/framework/src/Illuminate/View/Engines/PhpEngine.php(58): Illuminate/Filesystem/Filesystem->getRequire('D://laravel//offi...', Array)
#13 D:/laravel/office/cioas/vendor/laravel/framework/src/Illuminate/View/Engines/CompilerEngine.php(72): Illuminate/View/Engines/PhpEngine->evaluatePath('D://laravel//offi...', Array)
#14 D:/laravel/office/cioas/vendor/laravel/framework/src/Illuminate/View/View.php(207): Illuminate/View/Engines/CompilerEngine->get('D://laravel//offi...', Array)
#15 D:/laravel/office/cioas/vendor/laravel/framework/src/Illuminate/View/View.php(190): Illuminate/View/View->getContents()
#16 D:/laravel/office/cioas/vendor/laravel/framework/src/Illuminate/View/View.php(159): Illuminate/View/View->renderContents()
#17 D:/laravel/office/cioas/vendor/laravel/framework/src/Illuminate/Http/Response.php(69): Illuminate/View/View->render()
#18 D:/laravel/office/cioas/vendor/laravel/framework/src/Illuminate/Http/Response.php(35): Illuminate/Http/Response->setContent(Object(Illuminate/View/View))
#19 D:/laravel/office/cioas/vendor/laravel/framework/src/Illuminate/Routing/Router.php(918): Illuminate/Http/Response->__construct(Object(Illuminate/View/View), 200, Array)
#20 D:/laravel/office/cioas/vendor/laravel/framework/src/Illuminate/Routing/Router.php(885): Illuminate/Routing/Router::toResponse(Object(Illuminate/Http/Request), Object(Illuminate/View/View))
#21 D:/laravel/office/cioas/vendor/laravel/framework/src/Illuminate/Routing/Router.php(805): Illuminate/Routing/Router->prepareResponse(Object(Illuminate/Http/Request), Object(Illuminate/View/View))
#22 D:/laravel/office/cioas/vendor/laravel/framework/src/Illuminate/Pipeline/Pipeline.php(144): Illuminate/Routing/Router->Illuminate/Routing/{closure}(Object(Illuminate/Http/Request))
#23 D:/laravel/office/cioas/vendor/laravel/framework/src/Illuminate/Routing/Middleware/SubstituteBindings.php(50): Illuminate/Pipeline/Pipeline->Illuminate/Pipeline/{closure}(Object(Illuminate/Http/Request))
#24 D:/laravel/office/cioas/vendor/laravel/framework/src/Illuminate/Pipeline/Pipeline.php(183): Illuminate/Routing/Middleware/SubstituteBindings->handle(Object(Illuminate/Http/Request), Object(Closure))
#25 D:/laravel/office/cioas/vendor/laravel/framework/src/Illuminate/Auth/Middleware/Authenticate.php(57): Illuminate/Pipeline/Pipeline->Illuminate/Pipeline/{closure}(Object(Illuminate/Http/Request))
#26 D:/laravel/office/cioas/vendor/laravel/framework/src/Illuminate/Pipeline/Pipeline.php(183): Illuminate/Auth/Middleware/Authenticate->handle(Object(Illuminate/Http/Request), Object(Closure))
#27 D:/laravel/office/cioas/vendor/laravel/framework/src/Illuminate/Foundation/Http/Middleware/VerifyCsrfToken.php(78): Illuminate/Pipeline/Pipeline->Illuminate/Pipeline/{closure}(Object(Illuminate/Http/Request))
#28 D:/laravel/office/cioas/vendor/laravel/framework/src/Illuminate/Pipeline/Pipeline.php(183): Illuminate/Foundation/Http/Middleware/VerifyCsrfToken->handle(Object(Illuminate/Http/Request), Object(Closure))
#29 D:/laravel/office/cioas/vendor/laravel/framework/src/Illuminate/View/Middleware/ShareErrorsFromSession.php(49): Illuminate/Pipeline/Pipeline->Illuminate/Pipeline/{closure}(Object(Illuminate/Http/Request))
#30 D:/laravel/office/cioas/vendor/laravel/framework/src/Illuminate/Pipeline/Pipeline.php(183): Illuminate/View/Middleware/ShareErrorsFromSession->handle(Object(Illuminate/Http/Request), Object(Closure))
#31 D:/laravel/office/cioas/vendor/laravel/framework/src/Illuminate/Session/Middleware/StartSession.php(121): Illuminate/Pipeline/Pipeline->Illuminate/Pipeline/{closure}(Object(Illuminate/Http/Request))
#32 D:/laravel/office/cioas/vendor/laravel/framework/src/Illuminate/Session/Middleware/StartSession.php(64): Illuminate/Session/Middleware/StartSession->handleStatefulRequest(Object(Illuminate/Http/Request), Object(Illuminate/Session/Store), Object(Closure))
#33 D:/laravel/office/cioas/vendor/laravel/framework/src/Illuminate/Pipeline/Pipeline.php(183): Illuminate/Session/Middleware/StartSession->handle(Object(Illuminate/Http/Request), Object(Closure))
#34 D:/laravel/office/cioas/vendor/laravel/framework/src/Illuminate/Cookie/Middleware/AddQueuedCookiesToResponse.php(37): Illuminate/Pipeline/Pipeline->Illuminate/Pipeline/{closure}(Object(Illuminate/Http/Request))
#35 D:/laravel/office/cioas/vendor/laravel/framework/src/Illuminate/Pipeline/Pipeline.php(183): Illuminate/Cookie/Middleware/AddQueuedCookiesToResponse->handle(Object(Illuminate/Http/Request), Object(Closure))
#36 D:/laravel/office/cioas/vendor/laravel/framework/src/Illuminate/Cookie/Middleware/EncryptCookies.php(67): Illuminate/Pipeline/Pipeline->Illuminate/Pipeline/{closure}(Object(Illuminate/Http/Request))
#37 D:/laravel/office/cioas/vendor/laravel/framework/src/Illuminate/Pipeline/Pipeline.php(183): Illuminate/Cookie/Middleware/EncryptCookies->handle(Object(Illuminate/Http/Request), Object(Closure))
#38 D:/laravel/office/cioas/vendor/laravel/framework/src/Illuminate/Pipeline/Pipeline.php(119): Illuminate/Pipeline/Pipeline->Illuminate/Pipeline/{closure}(Object(Illuminate/Http/Request))
#39 D:/laravel/office/cioas/vendor/laravel/framework/src/Illuminate/Routing/Router.php(805): Illuminate/Pipeline/Pipeline->then(Object(Closure))
#40 D:/laravel/office/cioas/vendor/laravel/framework/src/Illuminate/Routing/Router.php(784): Illuminate/Routing/Router->runRouteWithinStack(Object(Illuminate/Routing/Route), Object(Illuminate/Http/Request))
#41 D:/laravel/office/cioas/vendor/laravel/framework/src/Illuminate/Routing/Router.php(748): Illuminate/Routing/Router->runRoute(Object(Illuminate/Http/Request), Object(Illuminate/Routing/Route))
#42 D:/laravel/office/cioas/vendor/laravel/framework/src/Illuminate/Routing/Router.php(737): Illuminate/Routing/Router->dispatchToRoute(Object(Illuminate/Http/Request))
#43 D:/laravel/office/cioas/vendor/laravel/framework/src/Illuminate/Foundation/Http/Kernel.php(200): Illuminate/Routing/Router->dispatch(Object(Illuminate/Http/Request))
#44 D:/laravel/office/cioas/vendor/laravel/framework/src/Illuminate/Pipeline/Pipeline.php(144): Illuminate/Foundation/Http/Kernel->Illuminate/Foundation/Http/{closure}(Object(Illuminate/Http/Request))
#45 D:/laravel/office/cioas/vendor/laravel/framework/src/Illuminate/Foundation/Http/Middleware/TransformsRequest.php(21): Illuminate/Pipeline/Pipeline->Illuminate/Pipeline/{closure}(Object(Illuminate/Http/Request))
#46 D:/laravel/office/cioas/vendor/laravel/framework/src/Illuminate/Foundation/Http/Middleware/ConvertEmptyStringsToNull.php(31): Illuminate/Foundation/Http/Middleware/TransformsRequest->handle(Object(Illuminate/Http/Request), Object(Closure))
#47 D:/laravel/office/cioas/vendor/laravel/framework/src/Illuminate/Pipeline/Pipeline.php(183): Illuminate/Foundation/Http/Middleware/ConvertEmptyStringsToNull->handle(Object(Illuminate/Http/Request), Object(Closure))
#48 D:/laravel/office/cioas/vendor/laravel/framework/src/Illuminate/Foundation/Http/Middleware/TransformsRequest.php(21): Illuminate/Pipeline/Pipeline->Illuminate/Pipeline/{closure}(Object(Illuminate/Http/Request))
#49 D:/laravel/office/cioas/vendor/laravel/framework/src/Illuminate/Foundation/Http/Middleware/TrimStrings.php(40): Illuminate/Foundation/Http/Middleware/TransformsRequest->handle(Object(Illuminate/Http/Request), Object(Closure))
#50 D:/laravel/office/cioas/vendor/laravel/framework/src/Illuminate/Pipeline/Pipeline.php(183): Illuminate/Foundation/Http/Middleware/TrimStrings->handle(Object(Illuminate/Http/Request), Object(Closure))
#51 D:/laravel/office/cioas/vendor/laravel/framework/src/Illuminate/Foundation/Http/Middleware/ValidatePostSize.php(27): Illuminate/Pipeline/Pipeline->Illuminate/Pipeline/{closure}(Object(Illuminate/Http/Request))
#52 D:/laravel/office/cioas/vendor/laravel/framework/src/Illuminate/Pipeline/Pipeline.php(183): Illuminate/Foundation/Http/Middleware/ValidatePostSize->handle(Object(Illuminate/Http/Request), Object(Closure))
#53 D:/laravel/office/cioas/vendor/laravel/framework/src/Illuminate/Foundation/Http/Middleware/PreventRequestsDuringMaintenance.php(99): Illuminate/Pipeline/Pipeline->Illuminate/Pipeline/{closure}(Object(Illuminate/Http/Request))
#54 D:/laravel/office/cioas/vendor/laravel/framework/src/Illuminate/Pipeline/Pipeline.php(183): Illuminate/Foundation/Http/Middleware/PreventRequestsDuringMaintenance->handle(Object(Illuminate/Http/Request), Object(Closure))
#55 D:/laravel/office/cioas/vendor/laravel/framework/src/Illuminate/Http/Middleware/TrustProxies.php(39): Illuminate/Pipeline/Pipeline->Illuminate/Pipeline/{closure}(Object(Illuminate/Http/Request))
#56 D:/laravel/office/cioas/vendor/laravel/framework/src/Illuminate/Pipeline/Pipeline.php(183): Illuminate/Http/Middleware/TrustProxies->handle(Object(Illuminate/Http/Request), Object(Closure))
#57 D:/laravel/office/cioas/vendor/laravel/framework/src/Illuminate/Pipeline/Pipeline.php(119): Illuminate/Pipeline/Pipeline->Illuminate/Pipeline/{closure}(Object(Illuminate/Http/Request))
#58 D:/laravel/office/cioas/vendor/laravel/framework/src/Illuminate/Foundation/Http/Kernel.php(175): Illuminate/Pipeline/Pipeline->then(Object(Closure))
#59 D:/laravel/office/cioas/vendor/laravel/framework/src/Illuminate/Foundation/Http/Kernel.php(144): Illuminate/Foundation/Http/Kernel->sendRequestThroughRouter(Object(Illuminate/Http/Request))
#60 D:/laravel/office/cioas/public/index.php(51): Illuminate/Foundation/Http/Kernel->handle(Object(Illuminate/Http/Request))
#61 D:/laravel/office/cioas/server.php(21): require_once('D://laravel//offi...')
#62 {main}
"} 
[2026-05-09 17:49:22] local.ERROR: Attempt to read property "id" on null (View: D:\laravel\office\cioas\resources\views\backend\pages\hotel-restaurant\forms\ownership.blade.php) (View: D:\laravel\office\cioas\resources\views\backend\pages\hotel-restaurant\forms\ownership.blade.php) {"userId":1,"exception":"[object] (Illuminate\\View\\ViewException(code: 0): Attempt to read property \"id\" on null (View: D:\\laravel\\office\\cioas\\resources\\views\\backend\\pages\\hotel-restaurant\\forms\\ownership.blade.php) (View: D:\\laravel\\office\\cioas\\resources\\views\\backend\\pages\\hotel-restaurant\\forms\\ownership.blade.php) at D:/laravel/office/cioas/storage/framework/views/286d2f91dc3a0890649958bf3891e1c6.php:7)
[stacktrace]
#0 D:/laravel/office/cioas/vendor/laravel/framework/src/Illuminate/View/Engines/PhpEngine.php(60): Illuminate/View/Engines/CompilerEngine->handleViewException(Object(Illuminate/View/ViewException), 1)
#1 D:/laravel/office/cioas/vendor/laravel/framework/src/Illuminate/View/Engines/CompilerEngine.php(72): Illuminate/View/Engines/PhpEngine->evaluatePath('D://laravel//offi...', Array)
#2 D:/laravel/office/cioas/vendor/laravel/framework/src/Illuminate/View/View.php(207): Illuminate/View/Engines/CompilerEngine->get('D://laravel//offi...', Array)
#3 D:/laravel/office/cioas/vendor/laravel/framework/src/Illuminate/View/View.php(190): Illuminate/View/View->getContents()
#4 D:/laravel/office/cioas/vendor/laravel/framework/src/Illuminate/View/View.php(159): Illuminate/View/View->renderContents()
#5 D:/laravel/office/cioas/vendor/laravel/framework/src/Illuminate/Http/Response.php(69): Illuminate/View/View->render()
#6 D:/laravel/office/cioas/vendor/laravel/framework/src/Illuminate/Http/Response.php(35): Illuminate/Http/Response->setContent(Object(Illuminate/View/View))
#7 D:/laravel/office/cioas/vendor/laravel/framework/src/Illuminate/Routing/Router.php(918): Illuminate/Http/Response->__construct(Object(Illuminate/View/View), 200, Array)
#8 D:/laravel/office/cioas/vendor/laravel/framework/src/Illuminate/Routing/Router.php(885): Illuminate/Routing/Router::toResponse(Object(Illuminate/Http/Request), Object(Illuminate/View/View))
#9 D:/laravel/office/cioas/vendor/laravel/framework/src/Illuminate/Routing/Router.php(805): Illuminate/Routing/Router->prepareResponse(Object(Illuminate/Http/Request), Object(Illuminate/View/View))
#10 D:/laravel/office/cioas/vendor/laravel/framework/src/Illuminate/Pipeline/Pipeline.php(144): Illuminate/Routing/Router->Illuminate/Routing/{closure}(Object(Illuminate/Http/Request))
#11 D:/laravel/office/cioas/vendor/laravel/framework/src/Illuminate/Routing/Middleware/SubstituteBindings.php(50): Illuminate/Pipeline/Pipeline->Illuminate/Pipeline/{closure}(Object(Illuminate/Http/Request))
#12 D:/laravel/office/cioas/vendor/laravel/framework/src/Illuminate/Pipeline/Pipeline.php(183): Illuminate/Routing/Middleware/SubstituteBindings->handle(Object(Illuminate/Http/Request), Object(Closure))
#13 D:/laravel/office/cioas/vendor/laravel/framework/src/Illuminate/Auth/Middleware/Authenticate.php(57): Illuminate/Pipeline/Pipeline->Illuminate/Pipeline/{closure}(Object(Illuminate/Http/Request))
#14 D:/laravel/office/cioas/vendor/laravel/framework/src/Illuminate/Pipeline/Pipeline.php(183): Illuminate/Auth/Middleware/Authenticate->handle(Object(Illuminate/Http/Request), Object(Closure))
#15 D:/laravel/office/cioas/vendor/laravel/framework/src/Illuminate/Foundation/Http/Middleware/VerifyCsrfToken.php(78): Illuminate/Pipeline/Pipeline->Illuminate/Pipeline/{closure}(Object(Illuminate/Http/Request))
#16 D:/laravel/office/cioas/vendor/laravel/framework/src/Illuminate/Pipeline/Pipeline.php(183): Illuminate/Foundation/Http/Middleware/VerifyCsrfToken->handle(Object(Illuminate/Http/Request), Object(Closure))
#17 D:/laravel/office/cioas/vendor/laravel/framework/src/Illuminate/View/Middleware/ShareErrorsFromSession.php(49): Illuminate/Pipeline/Pipeline->Illuminate/Pipeline/{closure}(Object(Illuminate/Http/Request))
#18 D:/laravel/office/cioas/vendor/laravel/framework/src/Illuminate/Pipeline/Pipeline.php(183): Illuminate/View/Middleware/ShareErrorsFromSession->handle(Object(Illuminate/Http/Request), Object(Closure))
#19 D:/laravel/office/cioas/vendor/laravel/framework/src/Illuminate/Session/Middleware/StartSession.php(121): Illuminate/Pipeline/Pipeline->Illuminate/Pipeline/{closure}(Object(Illuminate/Http/Request))
#20 D:/laravel/office/cioas/vendor/laravel/framework/src/Illuminate/Session/Middleware/StartSession.php(64): Illuminate/Session/Middleware/StartSession->handleStatefulRequest(Object(Illuminate/Http/Request), Object(Illuminate/Session/Store), Object(Closure))
#21 D:/laravel/office/cioas/vendor/laravel/framework/src/Illuminate/Pipeline/Pipeline.php(183): Illuminate/Session/Middleware/StartSession->handle(Object(Illuminate/Http/Request), Object(Closure))
#22 D:/laravel/office/cioas/vendor/laravel/framework/src/Illuminate/Cookie/Middleware/AddQueuedCookiesToResponse.php(37): Illuminate/Pipeline/Pipeline->Illuminate/Pipeline/{closure}(Object(Illuminate/Http/Request))
#23 D:/laravel/office/cioas/vendor/laravel/framework/src/Illuminate/Pipeline/Pipeline.php(183): Illuminate/Cookie/Middleware/AddQueuedCookiesToResponse->handle(Object(Illuminate/Http/Request), Object(Closure))
#24 D:/laravel/office/cioas/vendor/laravel/framework/src/Illuminate/Cookie/Middleware/EncryptCookies.php(67): Illuminate/Pipeline/Pipeline->Illuminate/Pipeline/{closure}(Object(Illuminate/Http/Request))
#25 D:/laravel/office/cioas/vendor/laravel/framework/src/Illuminate/Pipeline/Pipeline.php(183): Illuminate/Cookie/Middleware/EncryptCookies->handle(Object(Illuminate/Http/Request), Object(Closure))
#26 D:/laravel/office/cioas/vendor/laravel/framework/src/Illuminate/Pipeline/Pipeline.php(119): Illuminate/Pipeline/Pipeline->Illuminate/Pipeline/{closure}(Object(Illuminate/Http/Request))
#27 D:/laravel/office/cioas/vendor/laravel/framework/src/Illuminate/Routing/Router.php(805): Illuminate/Pipeline/Pipeline->then(Object(Closure))
#28 D:/laravel/office/cioas/vendor/laravel/framework/src/Illuminate/Routing/Router.php(784): Illuminate/Routing/Router->runRouteWithinStack(Object(Illuminate/Routing/Route), Object(Illuminate/Http/Request))
#29 D:/laravel/office/cioas/vendor/laravel/framework/src/Illuminate/Routing/Router.php(748): Illuminate/Routing/Router->runRoute(Object(Illuminate/Http/Request), Object(Illuminate/Routing/Route))
#30 D:/laravel/office/cioas/vendor/laravel/framework/src/Illuminate/Routing/Router.php(737): Illuminate/Routing/Router->dispatchToRoute(Object(Illuminate/Http/Request))
#31 D:/laravel/office/cioas/vendor/laravel/framework/src/Illuminate/Foundation/Http/Kernel.php(200): Illuminate/Routing/Router->dispatch(Object(Illuminate/Http/Request))
#32 D:/laravel/office/cioas/vendor/laravel/framework/src/Illuminate/Pipeline/Pipeline.php(144): Illuminate/Foundation/Http/Kernel->Illuminate/Foundation/Http/{closure}(Object(Illuminate/Http/Request))
#33 D:/laravel/office/cioas/vendor/laravel/framework/src/Illuminate/Foundation/Http/Middleware/TransformsRequest.php(21): Illuminate/Pipeline/Pipeline->Illuminate/Pipeline/{closure}(Object(Illuminate/Http/Request))
#34 D:/laravel/office/cioas/vendor/laravel/framework/src/Illuminate/Foundation/Http/Middleware/ConvertEmptyStringsToNull.php(31): Illuminate/Foundation/Http/Middleware/TransformsRequest->handle(Object(Illuminate/Http/Request), Object(Closure))
#35 D:/laravel/office/cioas/vendor/laravel/framework/src/Illuminate/Pipeline/Pipeline.php(183): Illuminate/Foundation/Http/Middleware/ConvertEmptyStringsToNull->handle(Object(Illuminate/Http/Request), Object(Closure))
#36 D:/laravel/office/cioas/vendor/laravel/framework/src/Illuminate/Foundation/Http/Middleware/TransformsRequest.php(21): Illuminate/Pipeline/Pipeline->Illuminate/Pipeline/{closure}(Object(Illuminate/Http/Request))
#37 D:/laravel/office/cioas/vendor/laravel/framework/src/Illuminate/Foundation/Http/Middleware/TrimStrings.php(40): Illuminate/Foundation/Http/Middleware/TransformsRequest->handle(Object(Illuminate/Http/Request), Object(Closure))
#38 D:/laravel/office/cioas/vendor/laravel/framework/src/Illuminate/Pipeline/Pipeline.php(183): Illuminate/Foundation/Http/Middleware/TrimStrings->handle(Object(Illuminate/Http/Request), Object(Closure))
#39 D:/laravel/office/cioas/vendor/laravel/framework/src/Illuminate/Foundation/Http/Middleware/ValidatePostSize.php(27): Illuminate/Pipeline/Pipeline->Illuminate/Pipeline/{closure}(Object(Illuminate/Http/Request))
#40 D:/laravel/office/cioas/vendor/laravel/framework/src/Illuminate/Pipeline/Pipeline.php(183): Illuminate/Foundation/Http/Middleware/ValidatePostSize->handle(Object(Illuminate/Http/Request), Object(Closure))
#41 D:/laravel/office/cioas/vendor/laravel/framework/src/Illuminate/Foundation/Http/Middleware/PreventRequestsDuringMaintenance.php(99): Illuminate/Pipeline/Pipeline->Illuminate/Pipeline/{closure}(Object(Illuminate/Http/Request))
#42 D:/laravel/office/cioas/vendor/laravel/framework/src/Illuminate/Pipeline/Pipeline.php(183): Illuminate/Foundation/Http/Middleware/PreventRequestsDuringMaintenance->handle(Object(Illuminate/Http/Request), Object(Closure))
#43 D:/laravel/office/cioas/vendor/laravel/framework/src/Illuminate/Http/Middleware/TrustProxies.php(39): Illuminate/Pipeline/Pipeline->Illuminate/Pipeline/{closure}(Object(Illuminate/Http/Request))
#44 D:/laravel/office/cioas/vendor/laravel/framework/src/Illuminate/Pipeline/Pipeline.php(183): Illuminate/Http/Middleware/TrustProxies->handle(Object(Illuminate/Http/Request), Object(Closure))
#45 D:/laravel/office/cioas/vendor/laravel/framework/src/Illuminate/Pipeline/Pipeline.php(119): Illuminate/Pipeline/Pipeline->Illuminate/Pipeline/{closure}(Object(Illuminate/Http/Request))
#46 D:/laravel/office/cioas/vendor/laravel/framework/src/Illuminate/Foundation/Http/Kernel.php(175): Illuminate/Pipeline/Pipeline->then(Object(Closure))
#47 D:/laravel/office/cioas/vendor/laravel/framework/src/Illuminate/Foundation/Http/Kernel.php(144): Illuminate/Foundation/Http/Kernel->sendRequestThroughRouter(Object(Illuminate/Http/Request))
#48 D:/laravel/office/cioas/public/index.php(51): Illuminate/Foundation/Http/Kernel->handle(Object(Illuminate/Http/Request))
#49 D:/laravel/office/cioas/server.php(21): require_once('D://laravel//offi...')
#50 {main}

[previous exception] [object] (Illuminate\\View\\ViewException(code: 0): Attempt to read property \"id\" on null (View: D:\\laravel\\office\\cioas\\resources\\views\\backend\\pages\\hotel-restaurant\\forms\\ownership.blade.php) at D:/laravel/office/cioas/storage/framework/views/286d2f91dc3a0890649958bf3891e1c6.php:7)
[stacktrace]
#0 D:/laravel/office/cioas/vendor/laravel/framework/src/Illuminate/View/Engines/PhpEngine.php(60): Illuminate/View/Engines/CompilerEngine->handleViewException(Object(ErrorException), 3)
#1 D:/laravel/office/cioas/vendor/laravel/framework/src/Illuminate/View/Engines/CompilerEngine.php(72): Illuminate/View/Engines/PhpEngine->evaluatePath('D://laravel//offi...', Array)
#2 D:/laravel/office/cioas/vendor/laravel/framework/src/Illuminate/View/View.php(207): Illuminate/View/Engines/CompilerEngine->get('D://laravel//offi...', Array)
#3 D:/laravel/office/cioas/vendor/laravel/framework/src/Illuminate/View/View.php(190): Illuminate/View/View->getContents()
#4 D:/laravel/office/cioas/vendor/laravel/framework/src/Illuminate/View/View.php(159): Illuminate/View/View->renderContents()
#5 D:/laravel/office/cioas/storage/framework/views/539cc100aa3120664a2ccbace1b73a54.php(62): Illuminate/View/View->render()
#6 D:/laravel/office/cioas/vendor/laravel/framework/src/Illuminate/Filesystem/Filesystem.php(123): require('D://laravel//offi...')
#7 D:/laravel/office/cioas/vendor/laravel/framework/src/Illuminate/Filesystem/Filesystem.php(124): Illuminate/Filesystem/Filesystem::Illuminate/Filesystem/{closure}()
#8 D:/laravel/office/cioas/vendor/laravel/framework/src/Illuminate/View/Engines/PhpEngine.php(58): Illuminate/Filesystem/Filesystem->getRequire('D://laravel//offi...', Array)
#9 D:/laravel/office/cioas/vendor/laravel/framework/src/Illuminate/View/Engines/CompilerEngine.php(72): Illuminate/View/Engines/PhpEngine->evaluatePath('D://laravel//offi...', Array)
#10 D:/laravel/office/cioas/vendor/laravel/framework/src/Illuminate/View/View.php(207): Illuminate/View/Engines/CompilerEngine->get('D://laravel//offi...', Array)
#11 D:/laravel/office/cioas/vendor/laravel/framework/src/Illuminate/View/View.php(190): Illuminate/View/View->getContents()
#12 D:/laravel/office/cioas/vendor/laravel/framework/src/Illuminate/View/View.php(159): Illuminate/View/View->renderContents()
#13 D:/laravel/office/cioas/vendor/laravel/framework/src/Illuminate/Http/Response.php(69): Illuminate/View/View->render()
#14 D:/laravel/office/cioas/vendor/laravel/framework/src/Illuminate/Http/Response.php(35): Illuminate/Http/Response->setContent(Object(Illuminate/View/View))
#15 D:/laravel/office/cioas/vendor/laravel/framework/src/Illuminate/Routing/Router.php(918): Illuminate/Http/Response->__construct(Object(Illuminate/View/View), 200, Array)
#16 D:/laravel/office/cioas/vendor/laravel/framework/src/Illuminate/Routing/Router.php(885): Illuminate/Routing/Router::toResponse(Object(Illuminate/Http/Request), Object(Illuminate/View/View))
#17 D:/laravel/office/cioas/vendor/laravel/framework/src/Illuminate/Routing/Router.php(805): Illuminate/Routing/Router->prepareResponse(Object(Illuminate/Http/Request), Object(Illuminate/View/View))
#18 D:/laravel/office/cioas/vendor/laravel/framework/src/Illuminate/Pipeline/Pipeline.php(144): Illuminate/Routing/Router->Illuminate/Routing/{closure}(Object(Illuminate/Http/Request))
#19 D:/laravel/office/cioas/vendor/laravel/framework/src/Illuminate/Routing/Middleware/SubstituteBindings.php(50): Illuminate/Pipeline/Pipeline->Illuminate/Pipeline/{closure}(Object(Illuminate/Http/Request))
#20 D:/laravel/office/cioas/vendor/laravel/framework/src/Illuminate/Pipeline/Pipeline.php(183): Illuminate/Routing/Middleware/SubstituteBindings->handle(Object(Illuminate/Http/Request), Object(Closure))
#21 D:/laravel/office/cioas/vendor/laravel/framework/src/Illuminate/Auth/Middleware/Authenticate.php(57): Illuminate/Pipeline/Pipeline->Illuminate/Pipeline/{closure}(Object(Illuminate/Http/Request))
#22 D:/laravel/office/cioas/vendor/laravel/framework/src/Illuminate/Pipeline/Pipeline.php(183): Illuminate/Auth/Middleware/Authenticate->handle(Object(Illuminate/Http/Request), Object(Closure))
#23 D:/laravel/office/cioas/vendor/laravel/framework/src/Illuminate/Foundation/Http/Middleware/VerifyCsrfToken.php(78): Illuminate/Pipeline/Pipeline->Illuminate/Pipeline/{closure}(Object(Illuminate/Http/Request))
#24 D:/laravel/office/cioas/vendor/laravel/framework/src/Illuminate/Pipeline/Pipeline.php(183): Illuminate/Foundation/Http/Middleware/VerifyCsrfToken->handle(Object(Illuminate/Http/Request), Object(Closure))
#25 D:/laravel/office/cioas/vendor/laravel/framework/src/Illuminate/View/Middleware/ShareErrorsFromSession.php(49): Illuminate/Pipeline/Pipeline->Illuminate/Pipeline/{closure}(Object(Illuminate/Http/Request))
#26 D:/laravel/office/cioas/vendor/laravel/framework/src/Illuminate/Pipeline/Pipeline.php(183): Illuminate/View/Middleware/ShareErrorsFromSession->handle(Object(Illuminate/Http/Request), Object(Closure))
#27 D:/laravel/office/cioas/vendor/laravel/framework/src/Illuminate/Session/Middleware/StartSession.php(121): Illuminate/Pipeline/Pipeline->Illuminate/Pipeline/{closure}(Object(Illuminate/Http/Request))
#28 D:/laravel/office/cioas/vendor/laravel/framework/src/Illuminate/Session/Middleware/StartSession.php(64): Illuminate/Session/Middleware/StartSession->handleStatefulRequest(Object(Illuminate/Http/Request), Object(Illuminate/Session/Store), Object(Closure))
#29 D:/laravel/office/cioas/vendor/laravel/framework/src/Illuminate/Pipeline/Pipeline.php(183): Illuminate/Session/Middleware/StartSession->handle(Object(Illuminate/Http/Request), Object(Closure))
#30 D:/laravel/office/cioas/vendor/laravel/framework/src/Illuminate/Cookie/Middleware/AddQueuedCookiesToResponse.php(37): Illuminate/Pipeline/Pipeline->Illuminate/Pipeline/{closure}(Object(Illuminate/Http/Request))
#31 D:/laravel/office/cioas/vendor/laravel/framework/src/Illuminate/Pipeline/Pipeline.php(183): Illuminate/Cookie/Middleware/AddQueuedCookiesToResponse->handle(Object(Illuminate/Http/Request), Object(Closure))
#32 D:/laravel/office/cioas/vendor/laravel/framework/src/Illuminate/Cookie/Middleware/EncryptCookies.php(67): Illuminate/Pipeline/Pipeline->Illuminate/Pipeline/{closure}(Object(Illuminate/Http/Request))
#33 D:/laravel/office/cioas/vendor/laravel/framework/src/Illuminate/Pipeline/Pipeline.php(183): Illuminate/Cookie/Middleware/EncryptCookies->handle(Object(Illuminate/Http/Request), Object(Closure))
#34 D:/laravel/office/cioas/vendor/laravel/framework/src/Illuminate/Pipeline/Pipeline.php(119): Illuminate/Pipeline/Pipeline->Illuminate/Pipeline/{closure}(Object(Illuminate/Http/Request))
#35 D:/laravel/office/cioas/vendor/laravel/framework/src/Illuminate/Routing/Router.php(805): Illuminate/Pipeline/Pipeline->then(Object(Closure))
#36 D:/laravel/office/cioas/vendor/laravel/framework/src/Illuminate/Routing/Router.php(784): Illuminate/Routing/Router->runRouteWithinStack(Object(Illuminate/Routing/Route), Object(Illuminate/Http/Request))
#37 D:/laravel/office/cioas/vendor/laravel/framework/src/Illuminate/Routing/Router.php(748): Illuminate/Routing/Router->runRoute(Object(Illuminate/Http/Request), Object(Illuminate/Routing/Route))
#38 D:/laravel/office/cioas/vendor/laravel/framework/src/Illuminate/Routing/Router.php(737): Illuminate/Routing/Router->dispatchToRoute(Object(Illuminate/Http/Request))
#39 D:/laravel/office/cioas/vendor/laravel/framework/src/Illuminate/Foundation/Http/Kernel.php(200): Illuminate/Routing/Router->dispatch(Object(Illuminate/Http/Request))
#40 D:/laravel/office/cioas/vendor/laravel/framework/src/Illuminate/Pipeline/Pipeline.php(144): Illuminate/Foundation/Http/Kernel->Illuminate/Foundation/Http/{closure}(Object(Illuminate/Http/Request))
#41 D:/laravel/office/cioas/vendor/laravel/framework/src/Illuminate/Foundation/Http/Middleware/TransformsRequest.php(21): Illuminate/Pipeline/Pipeline->Illuminate/Pipeline/{closure}(Object(Illuminate/Http/Request))
#42 D:/laravel/office/cioas/vendor/laravel/framework/src/Illuminate/Foundation/Http/Middleware/ConvertEmptyStringsToNull.php(31): Illuminate/Foundation/Http/Middleware/TransformsRequest->handle(Object(Illuminate/Http/Request), Object(Closure))
#43 D:/laravel/office/cioas/vendor/laravel/framework/src/Illuminate/Pipeline/Pipeline.php(183): Illuminate/Foundation/Http/Middleware/ConvertEmptyStringsToNull->handle(Object(Illuminate/Http/Request), Object(Closure))
#44 D:/laravel/office/cioas/vendor/laravel/framework/src/Illuminate/Foundation/Http/Middleware/TransformsRequest.php(21): Illuminate/Pipeline/Pipeline->Illuminate/Pipeline/{closure}(Object(Illuminate/Http/Request))
#45 D:/laravel/office/cioas/vendor/laravel/framework/src/Illuminate/Foundation/Http/Middleware/TrimStrings.php(40): Illuminate/Foundation/Http/Middleware/TransformsRequest->handle(Object(Illuminate/Http/Request), Object(Closure))
#46 D:/laravel/office/cioas/vendor/laravel/framework/src/Illuminate/Pipeline/Pipeline.php(183): Illuminate/Foundation/Http/Middleware/TrimStrings->handle(Object(Illuminate/Http/Request), Object(Closure))
#47 D:/laravel/office/cioas/vendor/laravel/framework/src/Illuminate/Foundation/Http/Middleware/ValidatePostSize.php(27): Illuminate/Pipeline/Pipeline->Illuminate/Pipeline/{closure}(Object(Illuminate/Http/Request))
#48 D:/laravel/office/cioas/vendor/laravel/framework/src/Illuminate/Pipeline/Pipeline.php(183): Illuminate/Foundation/Http/Middleware/ValidatePostSize->handle(Object(Illuminate/Http/Request), Object(Closure))
#49 D:/laravel/office/cioas/vendor/laravel/framework/src/Illuminate/Foundation/Http/Middleware/PreventRequestsDuringMaintenance.php(99): Illuminate/Pipeline/Pipeline->Illuminate/Pipeline/{closure}(Object(Illuminate/Http/Request))
#50 D:/laravel/office/cioas/vendor/laravel/framework/src/Illuminate/Pipeline/Pipeline.php(183): Illuminate/Foundation/Http/Middleware/PreventRequestsDuringMaintenance->handle(Object(Illuminate/Http/Request), Object(Closure))
#51 D:/laravel/office/cioas/vendor/laravel/framework/src/Illuminate/Http/Middleware/TrustProxies.php(39): Illuminate/Pipeline/Pipeline->Illuminate/Pipeline/{closure}(Object(Illuminate/Http/Request))
#52 D:/laravel/office/cioas/vendor/laravel/framework/src/Illuminate/Pipeline/Pipeline.php(183): Illuminate/Http/Middleware/TrustProxies->handle(Object(Illuminate/Http/Request), Object(Closure))
#53 D:/laravel/office/cioas/vendor/laravel/framework/src/Illuminate/Pipeline/Pipeline.php(119): Illuminate/Pipeline/Pipeline->Illuminate/Pipeline/{closure}(Object(Illuminate/Http/Request))
#54 D:/laravel/office/cioas/vendor/laravel/framework/src/Illuminate/Foundation/Http/Kernel.php(175): Illuminate/Pipeline/Pipeline->then(Object(Closure))
#55 D:/laravel/office/cioas/vendor/laravel/framework/src/Illuminate/Foundation/Http/Kernel.php(144): Illuminate/Foundation/Http/Kernel->sendRequestThroughRouter(Object(Illuminate/Http/Request))
#56 D:/laravel/office/cioas/public/index.php(51): Illuminate/Foundation/Http/Kernel->handle(Object(Illuminate/Http/Request))
#57 D:/laravel/office/cioas/server.php(21): require_once('D://laravel//offi...')
#58 {main}

[previous exception] [object] (ErrorException(code: 0): Attempt to read property \"id\" on null at D:/laravel/office/cioas/storage/framework/views/286d2f91dc3a0890649958bf3891e1c6.php:7)
[stacktrace]
#0 D:/laravel/office/cioas/vendor/laravel/framework/src/Illuminate/Foundation/Bootstrap/HandleExceptions.php(255): Illuminate/Foundation/Bootstrap/HandleExceptions->handleError(2, 'Attempt to read...', 'D://laravel//offi...', 7)
#1 D:/laravel/office/cioas/storage/framework/views/286d2f91dc3a0890649958bf3891e1c6.php(7): Illuminate/Foundation/Bootstrap/HandleExceptions->Illuminate/Foundation/Bootstrap/{closure}(2, 'Attempt to read...', 'D://laravel//offi...', 7)
#2 D:/laravel/office/cioas/vendor/laravel/framework/src/Illuminate/Filesystem/Filesystem.php(123): require('D://laravel//offi...')
#3 D:/laravel/office/cioas/vendor/laravel/framework/src/Illuminate/Filesystem/Filesystem.php(124): Illuminate/Filesystem/Filesystem::Illuminate/Filesystem/{closure}()
#4 D:/laravel/office/cioas/vendor/laravel/framework/src/Illuminate/View/Engines/PhpEngine.php(58): Illuminate/Filesystem/Filesystem->getRequire('D://laravel//offi...', Array)
#5 D:/laravel/office/cioas/vendor/laravel/framework/src/Illuminate/View/Engines/CompilerEngine.php(72): Illuminate/View/Engines/PhpEngine->evaluatePath('D://laravel//offi...', Array)
#6 D:/laravel/office/cioas/vendor/laravel/framework/src/Illuminate/View/View.php(207): Illuminate/View/Engines/CompilerEngine->get('D://laravel//offi...', Array)
#7 D:/laravel/office/cioas/vendor/laravel/framework/src/Illuminate/View/View.php(190): Illuminate/View/View->getContents()
#8 D:/laravel/office/cioas/vendor/laravel/framework/src/Illuminate/View/View.php(159): Illuminate/View/View->renderContents()
#9 D:/laravel/office/cioas/storage/framework/views/539cc100aa3120664a2ccbace1b73a54.php(62): Illuminate/View/View->render()
#10 D:/laravel/office/cioas/vendor/laravel/framework/src/Illuminate/Filesystem/Filesystem.php(123): require('D://laravel//offi...')
#11 D:/laravel/office/cioas/vendor/laravel/framework/src/Illuminate/Filesystem/Filesystem.php(124): Illuminate/Filesystem/Filesystem::Illuminate/Filesystem/{closure}()
#12 D:/laravel/office/cioas/vendor/laravel/framework/src/Illuminate/View/Engines/PhpEngine.php(58): Illuminate/Filesystem/Filesystem->getRequire('D://laravel//offi...', Array)
#13 D:/laravel/office/cioas/vendor/laravel/framework/src/Illuminate/View/Engines/CompilerEngine.php(72): Illuminate/View/Engines/PhpEngine->evaluatePath('D://laravel//offi...', Array)
#14 D:/laravel/office/cioas/vendor/laravel/framework/src/Illuminate/View/View.php(207): Illuminate/View/Engines/CompilerEngine->get('D://laravel//offi...', Array)
#15 D:/laravel/office/cioas/vendor/laravel/framework/src/Illuminate/View/View.php(190): Illuminate/View/View->getContents()
#16 D:/laravel/office/cioas/vendor/laravel/framework/src/Illuminate/View/View.php(159): Illuminate/View/View->renderContents()
#17 D:/laravel/office/cioas/vendor/laravel/framework/src/Illuminate/Http/Response.php(69): Illuminate/View/View->render()
#18 D:/laravel/office/cioas/vendor/laravel/framework/src/Illuminate/Http/Response.php(35): Illuminate/Http/Response->setContent(Object(Illuminate/View/View))
#19 D:/laravel/office/cioas/vendor/laravel/framework/src/Illuminate/Routing/Router.php(918): Illuminate/Http/Response->__construct(Object(Illuminate/View/View), 200, Array)
#20 D:/laravel/office/cioas/vendor/laravel/framework/src/Illuminate/Routing/Router.php(885): Illuminate/Routing/Router::toResponse(Object(Illuminate/Http/Request), Object(Illuminate/View/View))
#21 D:/laravel/office/cioas/vendor/laravel/framework/src/Illuminate/Routing/Router.php(805): Illuminate/Routing/Router->prepareResponse(Object(Illuminate/Http/Request), Object(Illuminate/View/View))
#22 D:/laravel/office/cioas/vendor/laravel/framework/src/Illuminate/Pipeline/Pipeline.php(144): Illuminate/Routing/Router->Illuminate/Routing/{closure}(Object(Illuminate/Http/Request))
#23 D:/laravel/office/cioas/vendor/laravel/framework/src/Illuminate/Routing/Middleware/SubstituteBindings.php(50): Illuminate/Pipeline/Pipeline->Illuminate/Pipeline/{closure}(Object(Illuminate/Http/Request))
#24 D:/laravel/office/cioas/vendor/laravel/framework/src/Illuminate/Pipeline/Pipeline.php(183): Illuminate/Routing/Middleware/SubstituteBindings->handle(Object(Illuminate/Http/Request), Object(Closure))
#25 D:/laravel/office/cioas/vendor/laravel/framework/src/Illuminate/Auth/Middleware/Authenticate.php(57): Illuminate/Pipeline/Pipeline->Illuminate/Pipeline/{closure}(Object(Illuminate/Http/Request))
#26 D:/laravel/office/cioas/vendor/laravel/framework/src/Illuminate/Pipeline/Pipeline.php(183): Illuminate/Auth/Middleware/Authenticate->handle(Object(Illuminate/Http/Request), Object(Closure))
#27 D:/laravel/office/cioas/vendor/laravel/framework/src/Illuminate/Foundation/Http/Middleware/VerifyCsrfToken.php(78): Illuminate/Pipeline/Pipeline->Illuminate/Pipeline/{closure}(Object(Illuminate/Http/Request))
#28 D:/laravel/office/cioas/vendor/laravel/framework/src/Illuminate/Pipeline/Pipeline.php(183): Illuminate/Foundation/Http/Middleware/VerifyCsrfToken->handle(Object(Illuminate/Http/Request), Object(Closure))
#29 D:/laravel/office/cioas/vendor/laravel/framework/src/Illuminate/View/Middleware/ShareErrorsFromSession.php(49): Illuminate/Pipeline/Pipeline->Illuminate/Pipeline/{closure}(Object(Illuminate/Http/Request))
#30 D:/laravel/office/cioas/vendor/laravel/framework/src/Illuminate/Pipeline/Pipeline.php(183): Illuminate/View/Middleware/ShareErrorsFromSession->handle(Object(Illuminate/Http/Request), Object(Closure))
#31 D:/laravel/office/cioas/vendor/laravel/framework/src/Illuminate/Session/Middleware/StartSession.php(121): Illuminate/Pipeline/Pipeline->Illuminate/Pipeline/{closure}(Object(Illuminate/Http/Request))
#32 D:/laravel/office/cioas/vendor/laravel/framework/src/Illuminate/Session/Middleware/StartSession.php(64): Illuminate/Session/Middleware/StartSession->handleStatefulRequest(Object(Illuminate/Http/Request), Object(Illuminate/Session/Store), Object(Closure))
#33 D:/laravel/office/cioas/vendor/laravel/framework/src/Illuminate/Pipeline/Pipeline.php(183): Illuminate/Session/Middleware/StartSession->handle(Object(Illuminate/Http/Request), Object(Closure))
#34 D:/laravel/office/cioas/vendor/laravel/framework/src/Illuminate/Cookie/Middleware/AddQueuedCookiesToResponse.php(37): Illuminate/Pipeline/Pipeline->Illuminate/Pipeline/{closure}(Object(Illuminate/Http/Request))
#35 D:/laravel/office/cioas/vendor/laravel/framework/src/Illuminate/Pipeline/Pipeline.php(183): Illuminate/Cookie/Middleware/AddQueuedCookiesToResponse->handle(Object(Illuminate/Http/Request), Object(Closure))
#36 D:/laravel/office/cioas/vendor/laravel/framework/src/Illuminate/Cookie/Middleware/EncryptCookies.php(67): Illuminate/Pipeline/Pipeline->Illuminate/Pipeline/{closure}(Object(Illuminate/Http/Request))
#37 D:/laravel/office/cioas/vendor/laravel/framework/src/Illuminate/Pipeline/Pipeline.php(183): Illuminate/Cookie/Middleware/EncryptCookies->handle(Object(Illuminate/Http/Request), Object(Closure))
#38 D:/laravel/office/cioas/vendor/laravel/framework/src/Illuminate/Pipeline/Pipeline.php(119): Illuminate/Pipeline/Pipeline->Illuminate/Pipeline/{closure}(Object(Illuminate/Http/Request))
#39 D:/laravel/office/cioas/vendor/laravel/framework/src/Illuminate/Routing/Router.php(805): Illuminate/Pipeline/Pipeline->then(Object(Closure))
#40 D:/laravel/office/cioas/vendor/laravel/framework/src/Illuminate/Routing/Router.php(784): Illuminate/Routing/Router->runRouteWithinStack(Object(Illuminate/Routing/Route), Object(Illuminate/Http/Request))
#41 D:/laravel/office/cioas/vendor/laravel/framework/src/Illuminate/Routing/Router.php(748): Illuminate/Routing/Router->runRoute(Object(Illuminate/Http/Request), Object(Illuminate/Routing/Route))
#42 D:/laravel/office/cioas/vendor/laravel/framework/src/Illuminate/Routing/Router.php(737): Illuminate/Routing/Router->dispatchToRoute(Object(Illuminate/Http/Request))
#43 D:/laravel/office/cioas/vendor/laravel/framework/src/Illuminate/Foundation/Http/Kernel.php(200): Illuminate/Routing/Router->dispatch(Object(Illuminate/Http/Request))
#44 D:/laravel/office/cioas/vendor/laravel/framework/src/Illuminate/Pipeline/Pipeline.php(144): Illuminate/Foundation/Http/Kernel->Illuminate/Foundation/Http/{closure}(Object(Illuminate/Http/Request))
#45 D:/laravel/office/cioas/vendor/laravel/framework/src/Illuminate/Foundation/Http/Middleware/TransformsRequest.php(21): Illuminate/Pipeline/Pipeline->Illuminate/Pipeline/{closure}(Object(Illuminate/Http/Request))
#46 D:/laravel/office/cioas/vendor/laravel/framework/src/Illuminate/Foundation/Http/Middleware/ConvertEmptyStringsToNull.php(31): Illuminate/Foundation/Http/Middleware/TransformsRequest->handle(Object(Illuminate/Http/Request), Object(Closure))
#47 D:/laravel/office/cioas/vendor/laravel/framework/src/Illuminate/Pipeline/Pipeline.php(183): Illuminate/Foundation/Http/Middleware/ConvertEmptyStringsToNull->handle(Object(Illuminate/Http/Request), Object(Closure))
#48 D:/laravel/office/cioas/vendor/laravel/framework/src/Illuminate/Foundation/Http/Middleware/TransformsRequest.php(21): Illuminate/Pipeline/Pipeline->Illuminate/Pipeline/{closure}(Object(Illuminate/Http/Request))
#49 D:/laravel/office/cioas/vendor/laravel/framework/src/Illuminate/Foundation/Http/Middleware/TrimStrings.php(40): Illuminate/Foundation/Http/Middleware/TransformsRequest->handle(Object(Illuminate/Http/Request), Object(Closure))
#50 D:/laravel/office/cioas/vendor/laravel/framework/src/Illuminate/Pipeline/Pipeline.php(183): Illuminate/Foundation/Http/Middleware/TrimStrings->handle(Object(Illuminate/Http/Request), Object(Closure))
#51 D:/laravel/office/cioas/vendor/laravel/framework/src/Illuminate/Foundation/Http/Middleware/ValidatePostSize.php(27): Illuminate/Pipeline/Pipeline->Illuminate/Pipeline/{closure}(Object(Illuminate/Http/Request))
#52 D:/laravel/office/cioas/vendor/laravel/framework/src/Illuminate/Pipeline/Pipeline.php(183): Illuminate/Foundation/Http/Middleware/ValidatePostSize->handle(Object(Illuminate/Http/Request), Object(Closure))
#53 D:/laravel/office/cioas/vendor/laravel/framework/src/Illuminate/Foundation/Http/Middleware/PreventRequestsDuringMaintenance.php(99): Illuminate/Pipeline/Pipeline->Illuminate/Pipeline/{closure}(Object(Illuminate/Http/Request))
#54 D:/laravel/office/cioas/vendor/laravel/framework/src/Illuminate/Pipeline/Pipeline.php(183): Illuminate/Foundation/Http/Middleware/PreventRequestsDuringMaintenance->handle(Object(Illuminate/Http/Request), Object(Closure))
#55 D:/laravel/office/cioas/vendor/laravel/framework/src/Illuminate/Http/Middleware/TrustProxies.php(39): Illuminate/Pipeline/Pipeline->Illuminate/Pipeline/{closure}(Object(Illuminate/Http/Request))
#56 D:/laravel/office/cioas/vendor/laravel/framework/src/Illuminate/Pipeline/Pipeline.php(183): Illuminate/Http/Middleware/TrustProxies->handle(Object(Illuminate/Http/Request), Object(Closure))
#57 D:/laravel/office/cioas/vendor/laravel/framework/src/Illuminate/Pipeline/Pipeline.php(119): Illuminate/Pipeline/Pipeline->Illuminate/Pipeline/{closure}(Object(Illuminate/Http/Request))
#58 D:/laravel/office/cioas/vendor/laravel/framework/src/Illuminate/Foundation/Http/Kernel.php(175): Illuminate/Pipeline/Pipeline->then(Object(Closure))
#59 D:/laravel/office/cioas/vendor/laravel/framework/src/Illuminate/Foundation/Http/Kernel.php(144): Illuminate/Foundation/Http/Kernel->sendRequestThroughRouter(Object(Illuminate/Http/Request))
#60 D:/laravel/office/cioas/public/index.php(51): Illuminate/Foundation/Http/Kernel->handle(Object(Illuminate/Http/Request))
#61 D:/laravel/office/cioas/server.php(21): require_once('D://laravel//offi...')
#62 {main}
"} 
[2026-05-09 17:49:52] local.ERROR: Attempt to read property "id" on null (View: D:\laravel\office\cioas\resources\views\backend\pages\hotel-restaurant\forms\ownership.blade.php) (View: D:\laravel\office\cioas\resources\views\backend\pages\hotel-restaurant\forms\ownership.blade.php) {"userId":1,"exception":"[object] (Illuminate\\View\\ViewException(code: 0): Attempt to read property \"id\" on null (View: D:\\laravel\\office\\cioas\\resources\\views\\backend\\pages\\hotel-restaurant\\forms\\ownership.blade.php) (View: D:\\laravel\\office\\cioas\\resources\\views\\backend\\pages\\hotel-restaurant\\forms\\ownership.blade.php) at D:/laravel/office/cioas/storage/framework/views/286d2f91dc3a0890649958bf3891e1c6.php:7)
[stacktrace]
#0 D:/laravel/office/cioas/vendor/laravel/framework/src/Illuminate/View/Engines/PhpEngine.php(60): Illuminate/View/Engines/CompilerEngine->handleViewException(Object(Illuminate/View/ViewException), 1)
#1 D:/laravel/office/cioas/vendor/laravel/framework/src/Illuminate/View/Engines/CompilerEngine.php(72): Illuminate/View/Engines/PhpEngine->evaluatePath('D://laravel//offi...', Array)
#2 D:/laravel/office/cioas/vendor/laravel/framework/src/Illuminate/View/View.php(207): Illuminate/View/Engines/CompilerEngine->get('D://laravel//offi...', Array)
#3 D:/laravel/office/cioas/vendor/laravel/framework/src/Illuminate/View/View.php(190): Illuminate/View/View->getContents()
#4 D:/laravel/office/cioas/vendor/laravel/framework/src/Illuminate/View/View.php(159): Illuminate/View/View->renderContents()
#5 D:/laravel/office/cioas/vendor/laravel/framework/src/Illuminate/Http/Response.php(69): Illuminate/View/View->render()
#6 D:/laravel/office/cioas/vendor/laravel/framework/src/Illuminate/Http/Response.php(35): Illuminate/Http/Response->setContent(Object(Illuminate/View/View))
#7 D:/laravel/office/cioas/vendor/laravel/framework/src/Illuminate/Routing/Router.php(918): Illuminate/Http/Response->__construct(Object(Illuminate/View/View), 200, Array)
#8 D:/laravel/office/cioas/vendor/laravel/framework/src/Illuminate/Routing/Router.php(885): Illuminate/Routing/Router::toResponse(Object(Illuminate/Http/Request), Object(Illuminate/View/View))
#9 D:/laravel/office/cioas/vendor/laravel/framework/src/Illuminate/Routing/Router.php(805): Illuminate/Routing/Router->prepareResponse(Object(Illuminate/Http/Request), Object(Illuminate/View/View))
#10 D:/laravel/office/cioas/vendor/laravel/framework/src/Illuminate/Pipeline/Pipeline.php(144): Illuminate/Routing/Router->Illuminate/Routing/{closure}(Object(Illuminate/Http/Request))
#11 D:/laravel/office/cioas/vendor/laravel/framework/src/Illuminate/Routing/Middleware/SubstituteBindings.php(50): Illuminate/Pipeline/Pipeline->Illuminate/Pipeline/{closure}(Object(Illuminate/Http/Request))
#12 D:/laravel/office/cioas/vendor/laravel/framework/src/Illuminate/Pipeline/Pipeline.php(183): Illuminate/Routing/Middleware/SubstituteBindings->handle(Object(Illuminate/Http/Request), Object(Closure))
#13 D:/laravel/office/cioas/vendor/laravel/framework/src/Illuminate/Auth/Middleware/Authenticate.php(57): Illuminate/Pipeline/Pipeline->Illuminate/Pipeline/{closure}(Object(Illuminate/Http/Request))
#14 D:/laravel/office/cioas/vendor/laravel/framework/src/Illuminate/Pipeline/Pipeline.php(183): Illuminate/Auth/Middleware/Authenticate->handle(Object(Illuminate/Http/Request), Object(Closure))
#15 D:/laravel/office/cioas/vendor/laravel/framework/src/Illuminate/Foundation/Http/Middleware/VerifyCsrfToken.php(78): Illuminate/Pipeline/Pipeline->Illuminate/Pipeline/{closure}(Object(Illuminate/Http/Request))
#16 D:/laravel/office/cioas/vendor/laravel/framework/src/Illuminate/Pipeline/Pipeline.php(183): Illuminate/Foundation/Http/Middleware/VerifyCsrfToken->handle(Object(Illuminate/Http/Request), Object(Closure))
#17 D:/laravel/office/cioas/vendor/laravel/framework/src/Illuminate/View/Middleware/ShareErrorsFromSession.php(49): Illuminate/Pipeline/Pipeline->Illuminate/Pipeline/{closure}(Object(Illuminate/Http/Request))
#18 D:/laravel/office/cioas/vendor/laravel/framework/src/Illuminate/Pipeline/Pipeline.php(183): Illuminate/View/Middleware/ShareErrorsFromSession->handle(Object(Illuminate/Http/Request), Object(Closure))
#19 D:/laravel/office/cioas/vendor/laravel/framework/src/Illuminate/Session/Middleware/StartSession.php(121): Illuminate/Pipeline/Pipeline->Illuminate/Pipeline/{closure}(Object(Illuminate/Http/Request))
#20 D:/laravel/office/cioas/vendor/laravel/framework/src/Illuminate/Session/Middleware/StartSession.php(64): Illuminate/Session/Middleware/StartSession->handleStatefulRequest(Object(Illuminate/Http/Request), Object(Illuminate/Session/Store), Object(Closure))
#21 D:/laravel/office/cioas/vendor/laravel/framework/src/Illuminate/Pipeline/Pipeline.php(183): Illuminate/Session/Middleware/StartSession->handle(Object(Illuminate/Http/Request), Object(Closure))
#22 D:/laravel/office/cioas/vendor/laravel/framework/src/Illuminate/Cookie/Middleware/AddQueuedCookiesToResponse.php(37): Illuminate/Pipeline/Pipeline->Illuminate/Pipeline/{closure}(Object(Illuminate/Http/Request))
#23 D:/laravel/office/cioas/vendor/laravel/framework/src/Illuminate/Pipeline/Pipeline.php(183): Illuminate/Cookie/Middleware/AddQueuedCookiesToResponse->handle(Object(Illuminate/Http/Request), Object(Closure))
#24 D:/laravel/office/cioas/vendor/laravel/framework/src/Illuminate/Cookie/Middleware/EncryptCookies.php(67): Illuminate/Pipeline/Pipeline->Illuminate/Pipeline/{closure}(Object(Illuminate/Http/Request))
#25 D:/laravel/office/cioas/vendor/laravel/framework/src/Illuminate/Pipeline/Pipeline.php(183): Illuminate/Cookie/Middleware/EncryptCookies->handle(Object(Illuminate/Http/Request), Object(Closure))
#26 D:/laravel/office/cioas/vendor/laravel/framework/src/Illuminate/Pipeline/Pipeline.php(119): Illuminate/Pipeline/Pipeline->Illuminate/Pipeline/{closure}(Object(Illuminate/Http/Request))
#27 D:/laravel/office/cioas/vendor/laravel/framework/src/Illuminate/Routing/Router.php(805): Illuminate/Pipeline/Pipeline->then(Object(Closure))
#28 D:/laravel/office/cioas/vendor/laravel/framework/src/Illuminate/Routing/Router.php(784): Illuminate/Routing/Router->runRouteWithinStack(Object(Illuminate/Routing/Route), Object(Illuminate/Http/Request))
#29 D:/laravel/office/cioas/vendor/laravel/framework/src/Illuminate/Routing/Router.php(748): Illuminate/Routing/Router->runRoute(Object(Illuminate/Http/Request), Object(Illuminate/Routing/Route))
#30 D:/laravel/office/cioas/vendor/laravel/framework/src/Illuminate/Routing/Router.php(737): Illuminate/Routing/Router->dispatchToRoute(Object(Illuminate/Http/Request))
#31 D:/laravel/office/cioas/vendor/laravel/framework/src/Illuminate/Foundation/Http/Kernel.php(200): Illuminate/Routing/Router->dispatch(Object(Illuminate/Http/Request))
#32 D:/laravel/office/cioas/vendor/laravel/framework/src/Illuminate/Pipeline/Pipeline.php(144): Illuminate/Foundation/Http/Kernel->Illuminate/Foundation/Http/{closure}(Object(Illuminate/Http/Request))
#33 D:/laravel/office/cioas/vendor/laravel/framework/src/Illuminate/Foundation/Http/Middleware/TransformsRequest.php(21): Illuminate/Pipeline/Pipeline->Illuminate/Pipeline/{closure}(Object(Illuminate/Http/Request))
#34 D:/laravel/office/cioas/vendor/laravel/framework/src/Illuminate/Foundation/Http/Middleware/ConvertEmptyStringsToNull.php(31): Illuminate/Foundation/Http/Middleware/TransformsRequest->handle(Object(Illuminate/Http/Request), Object(Closure))
#35 D:/laravel/office/cioas/vendor/laravel/framework/src/Illuminate/Pipeline/Pipeline.php(183): Illuminate/Foundation/Http/Middleware/ConvertEmptyStringsToNull->handle(Object(Illuminate/Http/Request), Object(Closure))
#36 D:/laravel/office/cioas/vendor/laravel/framework/src/Illuminate/Foundation/Http/Middleware/TransformsRequest.php(21): Illuminate/Pipeline/Pipeline->Illuminate/Pipeline/{closure}(Object(Illuminate/Http/Request))
#37 D:/laravel/office/cioas/vendor/laravel/framework/src/Illuminate/Foundation/Http/Middleware/TrimStrings.php(40): Illuminate/Foundation/Http/Middleware/TransformsRequest->handle(Object(Illuminate/Http/Request), Object(Closure))
#38 D:/laravel/office/cioas/vendor/laravel/framework/src/Illuminate/Pipeline/Pipeline.php(183): Illuminate/Foundation/Http/Middleware/TrimStrings->handle(Object(Illuminate/Http/Request), Object(Closure))
#39 D:/laravel/office/cioas/vendor/laravel/framework/src/Illuminate/Foundation/Http/Middleware/ValidatePostSize.php(27): Illuminate/Pipeline/Pipeline->Illuminate/Pipeline/{closure}(Object(Illuminate/Http/Request))
#40 D:/laravel/office/cioas/vendor/laravel/framework/src/Illuminate/Pipeline/Pipeline.php(183): Illuminate/Foundation/Http/Middleware/ValidatePostSize->handle(Object(Illuminate/Http/Request), Object(Closure))
#41 D:/laravel/office/cioas/vendor/laravel/framework/src/Illuminate/Foundation/Http/Middleware/PreventRequestsDuringMaintenance.php(99): Illuminate/Pipeline/Pipeline->Illuminate/Pipeline/{closure}(Object(Illuminate/Http/Request))
#42 D:/laravel/office/cioas/vendor/laravel/framework/src/Illuminate/Pipeline/Pipeline.php(183): Illuminate/Foundation/Http/Middleware/PreventRequestsDuringMaintenance->handle(Object(Illuminate/Http/Request), Object(Closure))
#43 D:/laravel/office/cioas/vendor/laravel/framework/src/Illuminate/Http/Middleware/TrustProxies.php(39): Illuminate/Pipeline/Pipeline->Illuminate/Pipeline/{closure}(Object(Illuminate/Http/Request))
#44 D:/laravel/office/cioas/vendor/laravel/framework/src/Illuminate/Pipeline/Pipeline.php(183): Illuminate/Http/Middleware/TrustProxies->handle(Object(Illuminate/Http/Request), Object(Closure))
#45 D:/laravel/office/cioas/vendor/laravel/framework/src/Illuminate/Pipeline/Pipeline.php(119): Illuminate/Pipeline/Pipeline->Illuminate/Pipeline/{closure}(Object(Illuminate/Http/Request))
#46 D:/laravel/office/cioas/vendor/laravel/framework/src/Illuminate/Foundation/Http/Kernel.php(175): Illuminate/Pipeline/Pipeline->then(Object(Closure))
#47 D:/laravel/office/cioas/vendor/laravel/framework/src/Illuminate/Foundation/Http/Kernel.php(144): Illuminate/Foundation/Http/Kernel->sendRequestThroughRouter(Object(Illuminate/Http/Request))
#48 D:/laravel/office/cioas/public/index.php(51): Illuminate/Foundation/Http/Kernel->handle(Object(Illuminate/Http/Request))
#49 D:/laravel/office/cioas/server.php(21): require_once('D://laravel//offi...')
#50 {main}

[previous exception] [object] (Illuminate\\View\\ViewException(code: 0): Attempt to read property \"id\" on null (View: D:\\laravel\\office\\cioas\\resources\\views\\backend\\pages\\hotel-restaurant\\forms\\ownership.blade.php) at D:/laravel/office/cioas/storage/framework/views/286d2f91dc3a0890649958bf3891e1c6.php:7)
[stacktrace]
#0 D:/laravel/office/cioas/vendor/laravel/framework/src/Illuminate/View/Engines/PhpEngine.php(60): Illuminate/View/Engines/CompilerEngine->handleViewException(Object(ErrorException), 3)
#1 D:/laravel/office/cioas/vendor/laravel/framework/src/Illuminate/View/Engines/CompilerEngine.php(72): Illuminate/View/Engines/PhpEngine->evaluatePath('D://laravel//offi...', Array)
#2 D:/laravel/office/cioas/vendor/laravel/framework/src/Illuminate/View/View.php(207): Illuminate/View/Engines/CompilerEngine->get('D://laravel//offi...', Array)
#3 D:/laravel/office/cioas/vendor/laravel/framework/src/Illuminate/View/View.php(190): Illuminate/View/View->getContents()
#4 D:/laravel/office/cioas/vendor/laravel/framework/src/Illuminate/View/View.php(159): Illuminate/View/View->renderContents()
#5 D:/laravel/office/cioas/storage/framework/views/539cc100aa3120664a2ccbace1b73a54.php(62): Illuminate/View/View->render()
#6 D:/laravel/office/cioas/vendor/laravel/framework/src/Illuminate/Filesystem/Filesystem.php(123): require('D://laravel//offi...')
#7 D:/laravel/office/cioas/vendor/laravel/framework/src/Illuminate/Filesystem/Filesystem.php(124): Illuminate/Filesystem/Filesystem::Illuminate/Filesystem/{closure}()
#8 D:/laravel/office/cioas/vendor/laravel/framework/src/Illuminate/View/Engines/PhpEngine.php(58): Illuminate/Filesystem/Filesystem->getRequire('D://laravel//offi...', Array)
#9 D:/laravel/office/cioas/vendor/laravel/framework/src/Illuminate/View/Engines/CompilerEngine.php(72): Illuminate/View/Engines/PhpEngine->evaluatePath('D://laravel//offi...', Array)
#10 D:/laravel/office/cioas/vendor/laravel/framework/src/Illuminate/View/View.php(207): Illuminate/View/Engines/CompilerEngine->get('D://laravel//offi...', Array)
#11 D:/laravel/office/cioas/vendor/laravel/framework/src/Illuminate/View/View.php(190): Illuminate/View/View->getContents()
#12 D:/laravel/office/cioas/vendor/laravel/framework/src/Illuminate/View/View.php(159): Illuminate/View/View->renderContents()
#13 D:/laravel/office/cioas/vendor/laravel/framework/src/Illuminate/Http/Response.php(69): Illuminate/View/View->render()
#14 D:/laravel/office/cioas/vendor/laravel/framework/src/Illuminate/Http/Response.php(35): Illuminate/Http/Response->setContent(Object(Illuminate/View/View))
#15 D:/laravel/office/cioas/vendor/laravel/framework/src/Illuminate/Routing/Router.php(918): Illuminate/Http/Response->__construct(Object(Illuminate/View/View), 200, Array)
#16 D:/laravel/office/cioas/vendor/laravel/framework/src/Illuminate/Routing/Router.php(885): Illuminate/Routing/Router::toResponse(Object(Illuminate/Http/Request), Object(Illuminate/View/View))
#17 D:/laravel/office/cioas/vendor/laravel/framework/src/Illuminate/Routing/Router.php(805): Illuminate/Routing/Router->prepareResponse(Object(Illuminate/Http/Request), Object(Illuminate/View/View))
#18 D:/laravel/office/cioas/vendor/laravel/framework/src/Illuminate/Pipeline/Pipeline.php(144): Illuminate/Routing/Router->Illuminate/Routing/{closure}(Object(Illuminate/Http/Request))
#19 D:/laravel/office/cioas/vendor/laravel/framework/src/Illuminate/Routing/Middleware/SubstituteBindings.php(50): Illuminate/Pipeline/Pipeline->Illuminate/Pipeline/{closure}(Object(Illuminate/Http/Request))
#20 D:/laravel/office/cioas/vendor/laravel/framework/src/Illuminate/Pipeline/Pipeline.php(183): Illuminate/Routing/Middleware/SubstituteBindings->handle(Object(Illuminate/Http/Request), Object(Closure))
#21 D:/laravel/office/cioas/vendor/laravel/framework/src/Illuminate/Auth/Middleware/Authenticate.php(57): Illuminate/Pipeline/Pipeline->Illuminate/Pipeline/{closure}(Object(Illuminate/Http/Request))
#22 D:/laravel/office/cioas/vendor/laravel/framework/src/Illuminate/Pipeline/Pipeline.php(183): Illuminate/Auth/Middleware/Authenticate->handle(Object(Illuminate/Http/Request), Object(Closure))
#23 D:/laravel/office/cioas/vendor/laravel/framework/src/Illuminate/Foundation/Http/Middleware/VerifyCsrfToken.php(78): Illuminate/Pipeline/Pipeline->Illuminate/Pipeline/{closure}(Object(Illuminate/Http/Request))
#24 D:/laravel/office/cioas/vendor/laravel/framework/src/Illuminate/Pipeline/Pipeline.php(183): Illuminate/Foundation/Http/Middleware/VerifyCsrfToken->handle(Object(Illuminate/Http/Request), Object(Closure))
#25 D:/laravel/office/cioas/vendor/laravel/framework/src/Illuminate/View/Middleware/ShareErrorsFromSession.php(49): Illuminate/Pipeline/Pipeline->Illuminate/Pipeline/{closure}(Object(Illuminate/Http/Request))
#26 D:/laravel/office/cioas/vendor/laravel/framework/src/Illuminate/Pipeline/Pipeline.php(183): Illuminate/View/Middleware/ShareErrorsFromSession->handle(Object(Illuminate/Http/Request), Object(Closure))
#27 D:/laravel/office/cioas/vendor/laravel/framework/src/Illuminate/Session/Middleware/StartSession.php(121): Illuminate/Pipeline/Pipeline->Illuminate/Pipeline/{closure}(Object(Illuminate/Http/Request))
#28 D:/laravel/office/cioas/vendor/laravel/framework/src/Illuminate/Session/Middleware/StartSession.php(64): Illuminate/Session/Middleware/StartSession->handleStatefulRequest(Object(Illuminate/Http/Request), Object(Illuminate/Session/Store), Object(Closure))
#29 D:/laravel/office/cioas/vendor/laravel/framework/src/Illuminate/Pipeline/Pipeline.php(183): Illuminate/Session/Middleware/StartSession->handle(Object(Illuminate/Http/Request), Object(Closure))
#30 D:/laravel/office/cioas/vendor/laravel/framework/src/Illuminate/Cookie/Middleware/AddQueuedCookiesToResponse.php(37): Illuminate/Pipeline/Pipeline->Illuminate/Pipeline/{closure}(Object(Illuminate/Http/Request))
#31 D:/laravel/office/cioas/vendor/laravel/framework/src/Illuminate/Pipeline/Pipeline.php(183): Illuminate/Cookie/Middleware/AddQueuedCookiesToResponse->handle(Object(Illuminate/Http/Request), Object(Closure))
#32 D:/laravel/office/cioas/vendor/laravel/framework/src/Illuminate/Cookie/Middleware/EncryptCookies.php(67): Illuminate/Pipeline/Pipeline->Illuminate/Pipeline/{closure}(Object(Illuminate/Http/Request))
#33 D:/laravel/office/cioas/vendor/laravel/framework/src/Illuminate/Pipeline/Pipeline.php(183): Illuminate/Cookie/Middleware/EncryptCookies->handle(Object(Illuminate/Http/Request), Object(Closure))
#34 D:/laravel/office/cioas/vendor/laravel/framework/src/Illuminate/Pipeline/Pipeline.php(119): Illuminate/Pipeline/Pipeline->Illuminate/Pipeline/{closure}(Object(Illuminate/Http/Request))
#35 D:/laravel/office/cioas/vendor/laravel/framework/src/Illuminate/Routing/Router.php(805): Illuminate/Pipeline/Pipeline->then(Object(Closure))
#36 D:/laravel/office/cioas/vendor/laravel/framework/src/Illuminate/Routing/Router.php(784): Illuminate/Routing/Router->runRouteWithinStack(Object(Illuminate/Routing/Route), Object(Illuminate/Http/Request))
#37 D:/laravel/office/cioas/vendor/laravel/framework/src/Illuminate/Routing/Router.php(748): Illuminate/Routing/Router->runRoute(Object(Illuminate/Http/Request), Object(Illuminate/Routing/Route))
#38 D:/laravel/office/cioas/vendor/laravel/framework/src/Illuminate/Routing/Router.php(737): Illuminate/Routing/Router->dispatchToRoute(Object(Illuminate/Http/Request))
#39 D:/laravel/office/cioas/vendor/laravel/framework/src/Illuminate/Foundation/Http/Kernel.php(200): Illuminate/Routing/Router->dispatch(Object(Illuminate/Http/Request))
#40 D:/laravel/office/cioas/vendor/laravel/framework/src/Illuminate/Pipeline/Pipeline.php(144): Illuminate/Foundation/Http/Kernel->Illuminate/Foundation/Http/{closure}(Object(Illuminate/Http/Request))
#41 D:/laravel/office/cioas/vendor/laravel/framework/src/Illuminate/Foundation/Http/Middleware/TransformsRequest.php(21): Illuminate/Pipeline/Pipeline->Illuminate/Pipeline/{closure}(Object(Illuminate/Http/Request))
#42 D:/laravel/office/cioas/vendor/laravel/framework/src/Illuminate/Foundation/Http/Middleware/ConvertEmptyStringsToNull.php(31): Illuminate/Foundation/Http/Middleware/TransformsRequest->handle(Object(Illuminate/Http/Request), Object(Closure))
#43 D:/laravel/office/cioas/vendor/laravel/framework/src/Illuminate/Pipeline/Pipeline.php(183): Illuminate/Foundation/Http/Middleware/ConvertEmptyStringsToNull->handle(Object(Illuminate/Http/Request), Object(Closure))
#44 D:/laravel/office/cioas/vendor/laravel/framework/src/Illuminate/Foundation/Http/Middleware/TransformsRequest.php(21): Illuminate/Pipeline/Pipeline->Illuminate/Pipeline/{closure}(Object(Illuminate/Http/Request))
#45 D:/laravel/office/cioas/vendor/laravel/framework/src/Illuminate/Foundation/Http/Middleware/TrimStrings.php(40): Illuminate/Foundation/Http/Middleware/TransformsRequest->handle(Object(Illuminate/Http/Request), Object(Closure))
#46 D:/laravel/office/cioas/vendor/laravel/framework/src/Illuminate/Pipeline/Pipeline.php(183): Illuminate/Foundation/Http/Middleware/TrimStrings->handle(Object(Illuminate/Http/Request), Object(Closure))
#47 D:/laravel/office/cioas/vendor/laravel/framework/src/Illuminate/Foundation/Http/Middleware/ValidatePostSize.php(27): Illuminate/Pipeline/Pipeline->Illuminate/Pipeline/{closure}(Object(Illuminate/Http/Request))
#48 D:/laravel/office/cioas/vendor/laravel/framework/src/Illuminate/Pipeline/Pipeline.php(183): Illuminate/Foundation/Http/Middleware/ValidatePostSize->handle(Object(Illuminate/Http/Request), Object(Closure))
#49 D:/laravel/office/cioas/vendor/laravel/framework/src/Illuminate/Foundation/Http/Middleware/PreventRequestsDuringMaintenance.php(99): Illuminate/Pipeline/Pipeline->Illuminate/Pipeline/{closure}(Object(Illuminate/Http/Request))
#50 D:/laravel/office/cioas/vendor/laravel/framework/src/Illuminate/Pipeline/Pipeline.php(183): Illuminate/Foundation/Http/Middleware/PreventRequestsDuringMaintenance->handle(Object(Illuminate/Http/Request), Object(Closure))
#51 D:/laravel/office/cioas/vendor/laravel/framework/src/Illuminate/Http/Middleware/TrustProxies.php(39): Illuminate/Pipeline/Pipeline->Illuminate/Pipeline/{closure}(Object(Illuminate/Http/Request))
#52 D:/laravel/office/cioas/vendor/laravel/framework/src/Illuminate/Pipeline/Pipeline.php(183): Illuminate/Http/Middleware/TrustProxies->handle(Object(Illuminate/Http/Request), Object(Closure))
#53 D:/laravel/office/cioas/vendor/laravel/framework/src/Illuminate/Pipeline/Pipeline.php(119): Illuminate/Pipeline/Pipeline->Illuminate/Pipeline/{closure}(Object(Illuminate/Http/Request))
#54 D:/laravel/office/cioas/vendor/laravel/framework/src/Illuminate/Foundation/Http/Kernel.php(175): Illuminate/Pipeline/Pipeline->then(Object(Closure))
#55 D:/laravel/office/cioas/vendor/laravel/framework/src/Illuminate/Foundation/Http/Kernel.php(144): Illuminate/Foundation/Http/Kernel->sendRequestThroughRouter(Object(Illuminate/Http/Request))
#56 D:/laravel/office/cioas/public/index.php(51): Illuminate/Foundation/Http/Kernel->handle(Object(Illuminate/Http/Request))
#57 D:/laravel/office/cioas/server.php(21): require_once('D://laravel//offi...')
#58 {main}

[previous exception] [object] (ErrorException(code: 0): Attempt to read property \"id\" on null at D:/laravel/office/cioas/storage/framework/views/286d2f91dc3a0890649958bf3891e1c6.php:7)
[stacktrace]
#0 D:/laravel/office/cioas/vendor/laravel/framework/src/Illuminate/Foundation/Bootstrap/HandleExceptions.php(255): Illuminate/Foundation/Bootstrap/HandleExceptions->handleError(2, 'Attempt to read...', 'D://laravel//offi...', 7)
#1 D:/laravel/office/cioas/storage/framework/views/286d2f91dc3a0890649958bf3891e1c6.php(7): Illuminate/Foundation/Bootstrap/HandleExceptions->Illuminate/Foundation/Bootstrap/{closure}(2, 'Attempt to read...', 'D://laravel//offi...', 7)
#2 D:/laravel/office/cioas/vendor/laravel/framework/src/Illuminate/Filesystem/Filesystem.php(123): require('D://laravel//offi...')
#3 D:/laravel/office/cioas/vendor/laravel/framework/src/Illuminate/Filesystem/Filesystem.php(124): Illuminate/Filesystem/Filesystem::Illuminate/Filesystem/{closure}()
#4 D:/laravel/office/cioas/vendor/laravel/framework/src/Illuminate/View/Engines/PhpEngine.php(58): Illuminate/Filesystem/Filesystem->getRequire('D://laravel//offi...', Array)
#5 D:/laravel/office/cioas/vendor/laravel/framework/src/Illuminate/View/Engines/CompilerEngine.php(72): Illuminate/View/Engines/PhpEngine->evaluatePath('D://laravel//offi...', Array)
#6 D:/laravel/office/cioas/vendor/laravel/framework/src/Illuminate/View/View.php(207): Illuminate/View/Engines/CompilerEngine->get('D://laravel//offi...', Array)
#7 D:/laravel/office/cioas/vendor/laravel/framework/src/Illuminate/View/View.php(190): Illuminate/View/View->getContents()
#8 D:/laravel/office/cioas/vendor/laravel/framework/src/Illuminate/View/View.php(159): Illuminate/View/View->renderContents()
#9 D:/laravel/office/cioas/storage/framework/views/539cc100aa3120664a2ccbace1b73a54.php(62): Illuminate/View/View->render()
#10 D:/laravel/office/cioas/vendor/laravel/framework/src/Illuminate/Filesystem/Filesystem.php(123): require('D://laravel//offi...')
#11 D:/laravel/office/cioas/vendor/laravel/framework/src/Illuminate/Filesystem/Filesystem.php(124): Illuminate/Filesystem/Filesystem::Illuminate/Filesystem/{closure}()
#12 D:/laravel/office/cioas/vendor/laravel/framework/src/Illuminate/View/Engines/PhpEngine.php(58): Illuminate/Filesystem/Filesystem->getRequire('D://laravel//offi...', Array)
#13 D:/laravel/office/cioas/vendor/laravel/framework/src/Illuminate/View/Engines/CompilerEngine.php(72): Illuminate/View/Engines/PhpEngine->evaluatePath('D://laravel//offi...', Array)
#14 D:/laravel/office/cioas/vendor/laravel/framework/src/Illuminate/View/View.php(207): Illuminate/View/Engines/CompilerEngine->get('D://laravel//offi...', Array)
#15 D:/laravel/office/cioas/vendor/laravel/framework/src/Illuminate/View/View.php(190): Illuminate/View/View->getContents()
#16 D:/laravel/office/cioas/vendor/laravel/framework/src/Illuminate/View/View.php(159): Illuminate/View/View->renderContents()
#17 D:/laravel/office/cioas/vendor/laravel/framework/src/Illuminate/Http/Response.php(69): Illuminate/View/View->render()
#18 D:/laravel/office/cioas/vendor/laravel/framework/src/Illuminate/Http/Response.php(35): Illuminate/Http/Response->setContent(Object(Illuminate/View/View))
#19 D:/laravel/office/cioas/vendor/laravel/framework/src/Illuminate/Routing/Router.php(918): Illuminate/Http/Response->__construct(Object(Illuminate/View/View), 200, Array)
#20 D:/laravel/office/cioas/vendor/laravel/framework/src/Illuminate/Routing/Router.php(885): Illuminate/Routing/Router::toResponse(Object(Illuminate/Http/Request), Object(Illuminate/View/View))
#21 D:/laravel/office/cioas/vendor/laravel/framework/src/Illuminate/Routing/Router.php(805): Illuminate/Routing/Router->prepareResponse(Object(Illuminate/Http/Request), Object(Illuminate/View/View))
#22 D:/laravel/office/cioas/vendor/laravel/framework/src/Illuminate/Pipeline/Pipeline.php(144): Illuminate/Routing/Router->Illuminate/Routing/{closure}(Object(Illuminate/Http/Request))
#23 D:/laravel/office/cioas/vendor/laravel/framework/src/Illuminate/Routing/Middleware/SubstituteBindings.php(50): Illuminate/Pipeline/Pipeline->Illuminate/Pipeline/{closure}(Object(Illuminate/Http/Request))
#24 D:/laravel/office/cioas/vendor/laravel/framework/src/Illuminate/Pipeline/Pipeline.php(183): Illuminate/Routing/Middleware/SubstituteBindings->handle(Object(Illuminate/Http/Request), Object(Closure))
#25 D:/laravel/office/cioas/vendor/laravel/framework/src/Illuminate/Auth/Middleware/Authenticate.php(57): Illuminate/Pipeline/Pipeline->Illuminate/Pipeline/{closure}(Object(Illuminate/Http/Request))
#26 D:/laravel/office/cioas/vendor/laravel/framework/src/Illuminate/Pipeline/Pipeline.php(183): Illuminate/Auth/Middleware/Authenticate->handle(Object(Illuminate/Http/Request), Object(Closure))
#27 D:/laravel/office/cioas/vendor/laravel/framework/src/Illuminate/Foundation/Http/Middleware/VerifyCsrfToken.php(78): Illuminate/Pipeline/Pipeline->Illuminate/Pipeline/{closure}(Object(Illuminate/Http/Request))
#28 D:/laravel/office/cioas/vendor/laravel/framework/src/Illuminate/Pipeline/Pipeline.php(183): Illuminate/Foundation/Http/Middleware/VerifyCsrfToken->handle(Object(Illuminate/Http/Request), Object(Closure))
#29 D:/laravel/office/cioas/vendor/laravel/framework/src/Illuminate/View/Middleware/ShareErrorsFromSession.php(49): Illuminate/Pipeline/Pipeline->Illuminate/Pipeline/{closure}(Object(Illuminate/Http/Request))
#30 D:/laravel/office/cioas/vendor/laravel/framework/src/Illuminate/Pipeline/Pipeline.php(183): Illuminate/View/Middleware/ShareErrorsFromSession->handle(Object(Illuminate/Http/Request), Object(Closure))
#31 D:/laravel/office/cioas/vendor/laravel/framework/src/Illuminate/Session/Middleware/StartSession.php(121): Illuminate/Pipeline/Pipeline->Illuminate/Pipeline/{closure}(Object(Illuminate/Http/Request))
#32 D:/laravel/office/cioas/vendor/laravel/framework/src/Illuminate/Session/Middleware/StartSession.php(64): Illuminate/Session/Middleware/StartSession->handleStatefulRequest(Object(Illuminate/Http/Request), Object(Illuminate/Session/Store), Object(Closure))
#33 D:/laravel/office/cioas/vendor/laravel/framework/src/Illuminate/Pipeline/Pipeline.php(183): Illuminate/Session/Middleware/StartSession->handle(Object(Illuminate/Http/Request), Object(Closure))
#34 D:/laravel/office/cioas/vendor/laravel/framework/src/Illuminate/Cookie/Middleware/AddQueuedCookiesToResponse.php(37): Illuminate/Pipeline/Pipeline->Illuminate/Pipeline/{closure}(Object(Illuminate/Http/Request))
#35 D:/laravel/office/cioas/vendor/laravel/framework/src/Illuminate/Pipeline/Pipeline.php(183): Illuminate/Cookie/Middleware/AddQueuedCookiesToResponse->handle(Object(Illuminate/Http/Request), Object(Closure))
#36 D:/laravel/office/cioas/vendor/laravel/framework/src/Illuminate/Cookie/Middleware/EncryptCookies.php(67): Illuminate/Pipeline/Pipeline->Illuminate/Pipeline/{closure}(Object(Illuminate/Http/Request))
#37 D:/laravel/office/cioas/vendor/laravel/framework/src/Illuminate/Pipeline/Pipeline.php(183): Illuminate/Cookie/Middleware/EncryptCookies->handle(Object(Illuminate/Http/Request), Object(Closure))
#38 D:/laravel/office/cioas/vendor/laravel/framework/src/Illuminate/Pipeline/Pipeline.php(119): Illuminate/Pipeline/Pipeline->Illuminate/Pipeline/{closure}(Object(Illuminate/Http/Request))
#39 D:/laravel/office/cioas/vendor/laravel/framework/src/Illuminate/Routing/Router.php(805): Illuminate/Pipeline/Pipeline->then(Object(Closure))
#40 D:/laravel/office/cioas/vendor/laravel/framework/src/Illuminate/Routing/Router.php(784): Illuminate/Routing/Router->runRouteWithinStack(Object(Illuminate/Routing/Route), Object(Illuminate/Http/Request))
#41 D:/laravel/office/cioas/vendor/laravel/framework/src/Illuminate/Routing/Router.php(748): Illuminate/Routing/Router->runRoute(Object(Illuminate/Http/Request), Object(Illuminate/Routing/Route))
#42 D:/laravel/office/cioas/vendor/laravel/framework/src/Illuminate/Routing/Router.php(737): Illuminate/Routing/Router->dispatchToRoute(Object(Illuminate/Http/Request))
#43 D:/laravel/office/cioas/vendor/laravel/framework/src/Illuminate/Foundation/Http/Kernel.php(200): Illuminate/Routing/Router->dispatch(Object(Illuminate/Http/Request))
#44 D:/laravel/office/cioas/vendor/laravel/framework/src/Illuminate/Pipeline/Pipeline.php(144): Illuminate/Foundation/Http/Kernel->Illuminate/Foundation/Http/{closure}(Object(Illuminate/Http/Request))
#45 D:/laravel/office/cioas/vendor/laravel/framework/src/Illuminate/Foundation/Http/Middleware/TransformsRequest.php(21): Illuminate/Pipeline/Pipeline->Illuminate/Pipeline/{closure}(Object(Illuminate/Http/Request))
#46 D:/laravel/office/cioas/vendor/laravel/framework/src/Illuminate/Foundation/Http/Middleware/ConvertEmptyStringsToNull.php(31): Illuminate/Foundation/Http/Middleware/TransformsRequest->handle(Object(Illuminate/Http/Request), Object(Closure))
#47 D:/laravel/office/cioas/vendor/laravel/framework/src/Illuminate/Pipeline/Pipeline.php(183): Illuminate/Foundation/Http/Middleware/ConvertEmptyStringsToNull->handle(Object(Illuminate/Http/Request), Object(Closure))
#48 D:/laravel/office/cioas/vendor/laravel/framework/src/Illuminate/Foundation/Http/Middleware/TransformsRequest.php(21): Illuminate/Pipeline/Pipeline->Illuminate/Pipeline/{closure}(Object(Illuminate/Http/Request))
#49 D:/laravel/office/cioas/vendor/laravel/framework/src/Illuminate/Foundation/Http/Middleware/TrimStrings.php(40): Illuminate/Foundation/Http/Middleware/TransformsRequest->handle(Object(Illuminate/Http/Request), Object(Closure))
#50 D:/laravel/office/cioas/vendor/laravel/framework/src/Illuminate/Pipeline/Pipeline.php(183): Illuminate/Foundation/Http/Middleware/TrimStrings->handle(Object(Illuminate/Http/Request), Object(Closure))
#51 D:/laravel/office/cioas/vendor/laravel/framework/src/Illuminate/Foundation/Http/Middleware/ValidatePostSize.php(27): Illuminate/Pipeline/Pipeline->Illuminate/Pipeline/{closure}(Object(Illuminate/Http/Request))
#52 D:/laravel/office/cioas/vendor/laravel/framework/src/Illuminate/Pipeline/Pipeline.php(183): Illuminate/Foundation/Http/Middleware/ValidatePostSize->handle(Object(Illuminate/Http/Request), Object(Closure))
#53 D:/laravel/office/cioas/vendor/laravel/framework/src/Illuminate/Foundation/Http/Middleware/PreventRequestsDuringMaintenance.php(99): Illuminate/Pipeline/Pipeline->Illuminate/Pipeline/{closure}(Object(Illuminate/Http/Request))
#54 D:/laravel/office/cioas/vendor/laravel/framework/src/Illuminate/Pipeline/Pipeline.php(183): Illuminate/Foundation/Http/Middleware/PreventRequestsDuringMaintenance->handle(Object(Illuminate/Http/Request), Object(Closure))
#55 D:/laravel/office/cioas/vendor/laravel/framework/src/Illuminate/Http/Middleware/TrustProxies.php(39): Illuminate/Pipeline/Pipeline->Illuminate/Pipeline/{closure}(Object(Illuminate/Http/Request))
#56 D:/laravel/office/cioas/vendor/laravel/framework/src/Illuminate/Pipeline/Pipeline.php(183): Illuminate/Http/Middleware/TrustProxies->handle(Object(Illuminate/Http/Request), Object(Closure))
#57 D:/laravel/office/cioas/vendor/laravel/framework/src/Illuminate/Pipeline/Pipeline.php(119): Illuminate/Pipeline/Pipeline->Illuminate/Pipeline/{closure}(Object(Illuminate/Http/Request))
#58 D:/laravel/office/cioas/vendor/laravel/framework/src/Illuminate/Foundation/Http/Kernel.php(175): Illuminate/Pipeline/Pipeline->then(Object(Closure))
#59 D:/laravel/office/cioas/vendor/laravel/framework/src/Illuminate/Foundation/Http/Kernel.php(144): Illuminate/Foundation/Http/Kernel->sendRequestThroughRouter(Object(Illuminate/Http/Request))
#60 D:/laravel/office/cioas/public/index.php(51): Illuminate/Foundation/Http/Kernel->handle(Object(Illuminate/Http/Request))
#61 D:/laravel/office/cioas/server.php(21): require_once('D://laravel//offi...')
#62 {main}
"} 
[2026-05-09 17:52:10] local.ERROR: Attempt to read property "gender" on null (View: D:\laravel\office\cioas\resources\views\backend\pages\hotel-restaurant\forms\ownership.blade.php) (View: D:\laravel\office\cioas\resources\views\backend\pages\hotel-restaurant\forms\ownership.blade.php) {"userId":1,"exception":"[object] (Illuminate\\View\\ViewException(code: 0): Attempt to read property \"gender\" on null (View: D:\\laravel\\office\\cioas\\resources\\views\\backend\\pages\\hotel-restaurant\\forms\\ownership.blade.php) (View: D:\\laravel\\office\\cioas\\resources\\views\\backend\\pages\\hotel-restaurant\\forms\\ownership.blade.php) at D:/laravel/office/cioas/storage/framework/views/286d2f91dc3a0890649958bf3891e1c6.php:57)
[stacktrace]
#0 D:/laravel/office/cioas/vendor/laravel/framework/src/Illuminate/View/Engines/PhpEngine.php(60): Illuminate/View/Engines/CompilerEngine->handleViewException(Object(Illuminate/View/ViewException), 1)
#1 D:/laravel/office/cioas/vendor/laravel/framework/src/Illuminate/View/Engines/CompilerEngine.php(72): Illuminate/View/Engines/PhpEngine->evaluatePath('D://laravel//offi...', Array)
#2 D:/laravel/office/cioas/vendor/laravel/framework/src/Illuminate/View/View.php(207): Illuminate/View/Engines/CompilerEngine->get('D://laravel//offi...', Array)
#3 D:/laravel/office/cioas/vendor/laravel/framework/src/Illuminate/View/View.php(190): Illuminate/View/View->getContents()
#4 D:/laravel/office/cioas/vendor/laravel/framework/src/Illuminate/View/View.php(159): Illuminate/View/View->renderContents()
#5 D:/laravel/office/cioas/vendor/laravel/framework/src/Illuminate/Http/Response.php(69): Illuminate/View/View->render()
#6 D:/laravel/office/cioas/vendor/laravel/framework/src/Illuminate/Http/Response.php(35): Illuminate/Http/Response->setContent(Object(Illuminate/View/View))
#7 D:/laravel/office/cioas/vendor/laravel/framework/src/Illuminate/Routing/Router.php(918): Illuminate/Http/Response->__construct(Object(Illuminate/View/View), 200, Array)
#8 D:/laravel/office/cioas/vendor/laravel/framework/src/Illuminate/Routing/Router.php(885): Illuminate/Routing/Router::toResponse(Object(Illuminate/Http/Request), Object(Illuminate/View/View))
#9 D:/laravel/office/cioas/vendor/laravel/framework/src/Illuminate/Routing/Router.php(805): Illuminate/Routing/Router->prepareResponse(Object(Illuminate/Http/Request), Object(Illuminate/View/View))
#10 D:/laravel/office/cioas/vendor/laravel/framework/src/Illuminate/Pipeline/Pipeline.php(144): Illuminate/Routing/Router->Illuminate/Routing/{closure}(Object(Illuminate/Http/Request))
#11 D:/laravel/office/cioas/vendor/laravel/framework/src/Illuminate/Routing/Middleware/SubstituteBindings.php(50): Illuminate/Pipeline/Pipeline->Illuminate/Pipeline/{closure}(Object(Illuminate/Http/Request))
#12 D:/laravel/office/cioas/vendor/laravel/framework/src/Illuminate/Pipeline/Pipeline.php(183): Illuminate/Routing/Middleware/SubstituteBindings->handle(Object(Illuminate/Http/Request), Object(Closure))
#13 D:/laravel/office/cioas/vendor/laravel/framework/src/Illuminate/Auth/Middleware/Authenticate.php(57): Illuminate/Pipeline/Pipeline->Illuminate/Pipeline/{closure}(Object(Illuminate/Http/Request))
#14 D:/laravel/office/cioas/vendor/laravel/framework/src/Illuminate/Pipeline/Pipeline.php(183): Illuminate/Auth/Middleware/Authenticate->handle(Object(Illuminate/Http/Request), Object(Closure))
#15 D:/laravel/office/cioas/vendor/laravel/framework/src/Illuminate/Foundation/Http/Middleware/VerifyCsrfToken.php(78): Illuminate/Pipeline/Pipeline->Illuminate/Pipeline/{closure}(Object(Illuminate/Http/Request))
#16 D:/laravel/office/cioas/vendor/laravel/framework/src/Illuminate/Pipeline/Pipeline.php(183): Illuminate/Foundation/Http/Middleware/VerifyCsrfToken->handle(Object(Illuminate/Http/Request), Object(Closure))
#17 D:/laravel/office/cioas/vendor/laravel/framework/src/Illuminate/View/Middleware/ShareErrorsFromSession.php(49): Illuminate/Pipeline/Pipeline->Illuminate/Pipeline/{closure}(Object(Illuminate/Http/Request))
#18 D:/laravel/office/cioas/vendor/laravel/framework/src/Illuminate/Pipeline/Pipeline.php(183): Illuminate/View/Middleware/ShareErrorsFromSession->handle(Object(Illuminate/Http/Request), Object(Closure))
#19 D:/laravel/office/cioas/vendor/laravel/framework/src/Illuminate/Session/Middleware/StartSession.php(121): Illuminate/Pipeline/Pipeline->Illuminate/Pipeline/{closure}(Object(Illuminate/Http/Request))
#20 D:/laravel/office/cioas/vendor/laravel/framework/src/Illuminate/Session/Middleware/StartSession.php(64): Illuminate/Session/Middleware/StartSession->handleStatefulRequest(Object(Illuminate/Http/Request), Object(Illuminate/Session/Store), Object(Closure))
#21 D:/laravel/office/cioas/vendor/laravel/framework/src/Illuminate/Pipeline/Pipeline.php(183): Illuminate/Session/Middleware/StartSession->handle(Object(Illuminate/Http/Request), Object(Closure))
#22 D:/laravel/office/cioas/vendor/laravel/framework/src/Illuminate/Cookie/Middleware/AddQueuedCookiesToResponse.php(37): Illuminate/Pipeline/Pipeline->Illuminate/Pipeline/{closure}(Object(Illuminate/Http/Request))
#23 D:/laravel/office/cioas/vendor/laravel/framework/src/Illuminate/Pipeline/Pipeline.php(183): Illuminate/Cookie/Middleware/AddQueuedCookiesToResponse->handle(Object(Illuminate/Http/Request), Object(Closure))
#24 D:/laravel/office/cioas/vendor/laravel/framework/src/Illuminate/Cookie/Middleware/EncryptCookies.php(67): Illuminate/Pipeline/Pipeline->Illuminate/Pipeline/{closure}(Object(Illuminate/Http/Request))
#25 D:/laravel/office/cioas/vendor/laravel/framework/src/Illuminate/Pipeline/Pipeline.php(183): Illuminate/Cookie/Middleware/EncryptCookies->handle(Object(Illuminate/Http/Request), Object(Closure))
#26 D:/laravel/office/cioas/vendor/laravel/framework/src/Illuminate/Pipeline/Pipeline.php(119): Illuminate/Pipeline/Pipeline->Illuminate/Pipeline/{closure}(Object(Illuminate/Http/Request))
#27 D:/laravel/office/cioas/vendor/laravel/framework/src/Illuminate/Routing/Router.php(805): Illuminate/Pipeline/Pipeline->then(Object(Closure))
#28 D:/laravel/office/cioas/vendor/laravel/framework/src/Illuminate/Routing/Router.php(784): Illuminate/Routing/Router->runRouteWithinStack(Object(Illuminate/Routing/Route), Object(Illuminate/Http/Request))
#29 D:/laravel/office/cioas/vendor/laravel/framework/src/Illuminate/Routing/Router.php(748): Illuminate/Routing/Router->runRoute(Object(Illuminate/Http/Request), Object(Illuminate/Routing/Route))
#30 D:/laravel/office/cioas/vendor/laravel/framework/src/Illuminate/Routing/Router.php(737): Illuminate/Routing/Router->dispatchToRoute(Object(Illuminate/Http/Request))
#31 D:/laravel/office/cioas/vendor/laravel/framework/src/Illuminate/Foundation/Http/Kernel.php(200): Illuminate/Routing/Router->dispatch(Object(Illuminate/Http/Request))
#32 D:/laravel/office/cioas/vendor/laravel/framework/src/Illuminate/Pipeline/Pipeline.php(144): Illuminate/Foundation/Http/Kernel->Illuminate/Foundation/Http/{closure}(Object(Illuminate/Http/Request))
#33 D:/laravel/office/cioas/vendor/laravel/framework/src/Illuminate/Foundation/Http/Middleware/TransformsRequest.php(21): Illuminate/Pipeline/Pipeline->Illuminate/Pipeline/{closure}(Object(Illuminate/Http/Request))
#34 D:/laravel/office/cioas/vendor/laravel/framework/src/Illuminate/Foundation/Http/Middleware/ConvertEmptyStringsToNull.php(31): Illuminate/Foundation/Http/Middleware/TransformsRequest->handle(Object(Illuminate/Http/Request), Object(Closure))
#35 D:/laravel/office/cioas/vendor/laravel/framework/src/Illuminate/Pipeline/Pipeline.php(183): Illuminate/Foundation/Http/Middleware/ConvertEmptyStringsToNull->handle(Object(Illuminate/Http/Request), Object(Closure))
#36 D:/laravel/office/cioas/vendor/laravel/framework/src/Illuminate/Foundation/Http/Middleware/TransformsRequest.php(21): Illuminate/Pipeline/Pipeline->Illuminate/Pipeline/{closure}(Object(Illuminate/Http/Request))
#37 D:/laravel/office/cioas/vendor/laravel/framework/src/Illuminate/Foundation/Http/Middleware/TrimStrings.php(40): Illuminate/Foundation/Http/Middleware/TransformsRequest->handle(Object(Illuminate/Http/Request), Object(Closure))
#38 D:/laravel/office/cioas/vendor/laravel/framework/src/Illuminate/Pipeline/Pipeline.php(183): Illuminate/Foundation/Http/Middleware/TrimStrings->handle(Object(Illuminate/Http/Request), Object(Closure))
#39 D:/laravel/office/cioas/vendor/laravel/framework/src/Illuminate/Foundation/Http/Middleware/ValidatePostSize.php(27): Illuminate/Pipeline/Pipeline->Illuminate/Pipeline/{closure}(Object(Illuminate/Http/Request))
#40 D:/laravel/office/cioas/vendor/laravel/framework/src/Illuminate/Pipeline/Pipeline.php(183): Illuminate/Foundation/Http/Middleware/ValidatePostSize->handle(Object(Illuminate/Http/Request), Object(Closure))
#41 D:/laravel/office/cioas/vendor/laravel/framework/src/Illuminate/Foundation/Http/Middleware/PreventRequestsDuringMaintenance.php(99): Illuminate/Pipeline/Pipeline->Illuminate/Pipeline/{closure}(Object(Illuminate/Http/Request))
#42 D:/laravel/office/cioas/vendor/laravel/framework/src/Illuminate/Pipeline/Pipeline.php(183): Illuminate/Foundation/Http/Middleware/PreventRequestsDuringMaintenance->handle(Object(Illuminate/Http/Request), Object(Closure))
#43 D:/laravel/office/cioas/vendor/laravel/framework/src/Illuminate/Http/Middleware/TrustProxies.php(39): Illuminate/Pipeline/Pipeline->Illuminate/Pipeline/{closure}(Object(Illuminate/Http/Request))
#44 D:/laravel/office/cioas/vendor/laravel/framework/src/Illuminate/Pipeline/Pipeline.php(183): Illuminate/Http/Middleware/TrustProxies->handle(Object(Illuminate/Http/Request), Object(Closure))
#45 D:/laravel/office/cioas/vendor/laravel/framework/src/Illuminate/Pipeline/Pipeline.php(119): Illuminate/Pipeline/Pipeline->Illuminate/Pipeline/{closure}(Object(Illuminate/Http/Request))
#46 D:/laravel/office/cioas/vendor/laravel/framework/src/Illuminate/Foundation/Http/Kernel.php(175): Illuminate/Pipeline/Pipeline->then(Object(Closure))
#47 D:/laravel/office/cioas/vendor/laravel/framework/src/Illuminate/Foundation/Http/Kernel.php(144): Illuminate/Foundation/Http/Kernel->sendRequestThroughRouter(Object(Illuminate/Http/Request))
#48 D:/laravel/office/cioas/public/index.php(51): Illuminate/Foundation/Http/Kernel->handle(Object(Illuminate/Http/Request))
#49 D:/laravel/office/cioas/server.php(21): require_once('D://laravel//offi...')
#50 {main}

[previous exception] [object] (Illuminate\\View\\ViewException(code: 0): Attempt to read property \"gender\" on null (View: D:\\laravel\\office\\cioas\\resources\\views\\backend\\pages\\hotel-restaurant\\forms\\ownership.blade.php) at D:/laravel/office/cioas/storage/framework/views/286d2f91dc3a0890649958bf3891e1c6.php:57)
[stacktrace]
#0 D:/laravel/office/cioas/vendor/laravel/framework/src/Illuminate/View/Engines/PhpEngine.php(60): Illuminate/View/Engines/CompilerEngine->handleViewException(Object(ErrorException), 3)
#1 D:/laravel/office/cioas/vendor/laravel/framework/src/Illuminate/View/Engines/CompilerEngine.php(72): Illuminate/View/Engines/PhpEngine->evaluatePath('D://laravel//offi...', Array)
#2 D:/laravel/office/cioas/vendor/laravel/framework/src/Illuminate/View/View.php(207): Illuminate/View/Engines/CompilerEngine->get('D://laravel//offi...', Array)
#3 D:/laravel/office/cioas/vendor/laravel/framework/src/Illuminate/View/View.php(190): Illuminate/View/View->getContents()
#4 D:/laravel/office/cioas/vendor/laravel/framework/src/Illuminate/View/View.php(159): Illuminate/View/View->renderContents()
#5 D:/laravel/office/cioas/storage/framework/views/539cc100aa3120664a2ccbace1b73a54.php(62): Illuminate/View/View->render()
#6 D:/laravel/office/cioas/vendor/laravel/framework/src/Illuminate/Filesystem/Filesystem.php(123): require('D://laravel//offi...')
#7 D:/laravel/office/cioas/vendor/laravel/framework/src/Illuminate/Filesystem/Filesystem.php(124): Illuminate/Filesystem/Filesystem::Illuminate/Filesystem/{closure}()
#8 D:/laravel/office/cioas/vendor/laravel/framework/src/Illuminate/View/Engines/PhpEngine.php(58): Illuminate/Filesystem/Filesystem->getRequire('D://laravel//offi...', Array)
#9 D:/laravel/office/cioas/vendor/laravel/framework/src/Illuminate/View/Engines/CompilerEngine.php(72): Illuminate/View/Engines/PhpEngine->evaluatePath('D://laravel//offi...', Array)
#10 D:/laravel/office/cioas/vendor/laravel/framework/src/Illuminate/View/View.php(207): Illuminate/View/Engines/CompilerEngine->get('D://laravel//offi...', Array)
#11 D:/laravel/office/cioas/vendor/laravel/framework/src/Illuminate/View/View.php(190): Illuminate/View/View->getContents()
#12 D:/laravel/office/cioas/vendor/laravel/framework/src/Illuminate/View/View.php(159): Illuminate/View/View->renderContents()
#13 D:/laravel/office/cioas/vendor/laravel/framework/src/Illuminate/Http/Response.php(69): Illuminate/View/View->render()
#14 D:/laravel/office/cioas/vendor/laravel/framework/src/Illuminate/Http/Response.php(35): Illuminate/Http/Response->setContent(Object(Illuminate/View/View))
#15 D:/laravel/office/cioas/vendor/laravel/framework/src/Illuminate/Routing/Router.php(918): Illuminate/Http/Response->__construct(Object(Illuminate/View/View), 200, Array)
#16 D:/laravel/office/cioas/vendor/laravel/framework/src/Illuminate/Routing/Router.php(885): Illuminate/Routing/Router::toResponse(Object(Illuminate/Http/Request), Object(Illuminate/View/View))
#17 D:/laravel/office/cioas/vendor/laravel/framework/src/Illuminate/Routing/Router.php(805): Illuminate/Routing/Router->prepareResponse(Object(Illuminate/Http/Request), Object(Illuminate/View/View))
#18 D:/laravel/office/cioas/vendor/laravel/framework/src/Illuminate/Pipeline/Pipeline.php(144): Illuminate/Routing/Router->Illuminate/Routing/{closure}(Object(Illuminate/Http/Request))
#19 D:/laravel/office/cioas/vendor/laravel/framework/src/Illuminate/Routing/Middleware/SubstituteBindings.php(50): Illuminate/Pipeline/Pipeline->Illuminate/Pipeline/{closure}(Object(Illuminate/Http/Request))
#20 D:/laravel/office/cioas/vendor/laravel/framework/src/Illuminate/Pipeline/Pipeline.php(183): Illuminate/Routing/Middleware/SubstituteBindings->handle(Object(Illuminate/Http/Request), Object(Closure))
#21 D:/laravel/office/cioas/vendor/laravel/framework/src/Illuminate/Auth/Middleware/Authenticate.php(57): Illuminate/Pipeline/Pipeline->Illuminate/Pipeline/{closure}(Object(Illuminate/Http/Request))
#22 D:/laravel/office/cioas/vendor/laravel/framework/src/Illuminate/Pipeline/Pipeline.php(183): Illuminate/Auth/Middleware/Authenticate->handle(Object(Illuminate/Http/Request), Object(Closure))
#23 D:/laravel/office/cioas/vendor/laravel/framework/src/Illuminate/Foundation/Http/Middleware/VerifyCsrfToken.php(78): Illuminate/Pipeline/Pipeline->Illuminate/Pipeline/{closure}(Object(Illuminate/Http/Request))
#24 D:/laravel/office/cioas/vendor/laravel/framework/src/Illuminate/Pipeline/Pipeline.php(183): Illuminate/Foundation/Http/Middleware/VerifyCsrfToken->handle(Object(Illuminate/Http/Request), Object(Closure))
#25 D:/laravel/office/cioas/vendor/laravel/framework/src/Illuminate/View/Middleware/ShareErrorsFromSession.php(49): Illuminate/Pipeline/Pipeline->Illuminate/Pipeline/{closure}(Object(Illuminate/Http/Request))
#26 D:/laravel/office/cioas/vendor/laravel/framework/src/Illuminate/Pipeline/Pipeline.php(183): Illuminate/View/Middleware/ShareErrorsFromSession->handle(Object(Illuminate/Http/Request), Object(Closure))
#27 D:/laravel/office/cioas/vendor/laravel/framework/src/Illuminate/Session/Middleware/StartSession.php(121): Illuminate/Pipeline/Pipeline->Illuminate/Pipeline/{closure}(Object(Illuminate/Http/Request))
#28 D:/laravel/office/cioas/vendor/laravel/framework/src/Illuminate/Session/Middleware/StartSession.php(64): Illuminate/Session/Middleware/StartSession->handleStatefulRequest(Object(Illuminate/Http/Request), Object(Illuminate/Session/Store), Object(Closure))
#29 D:/laravel/office/cioas/vendor/laravel/framework/src/Illuminate/Pipeline/Pipeline.php(183): Illuminate/Session/Middleware/StartSession->handle(Object(Illuminate/Http/Request), Object(Closure))
#30 D:/laravel/office/cioas/vendor/laravel/framework/src/Illuminate/Cookie/Middleware/AddQueuedCookiesToResponse.php(37): Illuminate/Pipeline/Pipeline->Illuminate/Pipeline/{closure}(Object(Illuminate/Http/Request))
#31 D:/laravel/office/cioas/vendor/laravel/framework/src/Illuminate/Pipeline/Pipeline.php(183): Illuminate/Cookie/Middleware/AddQueuedCookiesToResponse->handle(Object(Illuminate/Http/Request), Object(Closure))
#32 D:/laravel/office/cioas/vendor/laravel/framework/src/Illuminate/Cookie/Middleware/EncryptCookies.php(67): Illuminate/Pipeline/Pipeline->Illuminate/Pipeline/{closure}(Object(Illuminate/Http/Request))
#33 D:/laravel/office/cioas/vendor/laravel/framework/src/Illuminate/Pipeline/Pipeline.php(183): Illuminate/Cookie/Middleware/EncryptCookies->handle(Object(Illuminate/Http/Request), Object(Closure))
#34 D:/laravel/office/cioas/vendor/laravel/framework/src/Illuminate/Pipeline/Pipeline.php(119): Illuminate/Pipeline/Pipeline->Illuminate/Pipeline/{closure}(Object(Illuminate/Http/Request))
#35 D:/laravel/office/cioas/vendor/laravel/framework/src/Illuminate/Routing/Router.php(805): Illuminate/Pipeline/Pipeline->then(Object(Closure))
#36 D:/laravel/office/cioas/vendor/laravel/framework/src/Illuminate/Routing/Router.php(784): Illuminate/Routing/Router->runRouteWithinStack(Object(Illuminate/Routing/Route), Object(Illuminate/Http/Request))
#37 D:/laravel/office/cioas/vendor/laravel/framework/src/Illuminate/Routing/Router.php(748): Illuminate/Routing/Router->runRoute(Object(Illuminate/Http/Request), Object(Illuminate/Routing/Route))
#38 D:/laravel/office/cioas/vendor/laravel/framework/src/Illuminate/Routing/Router.php(737): Illuminate/Routing/Router->dispatchToRoute(Object(Illuminate/Http/Request))
#39 D:/laravel/office/cioas/vendor/laravel/framework/src/Illuminate/Foundation/Http/Kernel.php(200): Illuminate/Routing/Router->dispatch(Object(Illuminate/Http/Request))
#40 D:/laravel/office/cioas/vendor/laravel/framework/src/Illuminate/Pipeline/Pipeline.php(144): Illuminate/Foundation/Http/Kernel->Illuminate/Foundation/Http/{closure}(Object(Illuminate/Http/Request))
#41 D:/laravel/office/cioas/vendor/laravel/framework/src/Illuminate/Foundation/Http/Middleware/TransformsRequest.php(21): Illuminate/Pipeline/Pipeline->Illuminate/Pipeline/{closure}(Object(Illuminate/Http/Request))
#42 D:/laravel/office/cioas/vendor/laravel/framework/src/Illuminate/Foundation/Http/Middleware/ConvertEmptyStringsToNull.php(31): Illuminate/Foundation/Http/Middleware/TransformsRequest->handle(Object(Illuminate/Http/Request), Object(Closure))
#43 D:/laravel/office/cioas/vendor/laravel/framework/src/Illuminate/Pipeline/Pipeline.php(183): Illuminate/Foundation/Http/Middleware/ConvertEmptyStringsToNull->handle(Object(Illuminate/Http/Request), Object(Closure))
#44 D:/laravel/office/cioas/vendor/laravel/framework/src/Illuminate/Foundation/Http/Middleware/TransformsRequest.php(21): Illuminate/Pipeline/Pipeline->Illuminate/Pipeline/{closure}(Object(Illuminate/Http/Request))
#45 D:/laravel/office/cioas/vendor/laravel/framework/src/Illuminate/Foundation/Http/Middleware/TrimStrings.php(40): Illuminate/Foundation/Http/Middleware/TransformsRequest->handle(Object(Illuminate/Http/Request), Object(Closure))
#46 D:/laravel/office/cioas/vendor/laravel/framework/src/Illuminate/Pipeline/Pipeline.php(183): Illuminate/Foundation/Http/Middleware/TrimStrings->handle(Object(Illuminate/Http/Request), Object(Closure))
#47 D:/laravel/office/cioas/vendor/laravel/framework/src/Illuminate/Foundation/Http/Middleware/ValidatePostSize.php(27): Illuminate/Pipeline/Pipeline->Illuminate/Pipeline/{closure}(Object(Illuminate/Http/Request))
#48 D:/laravel/office/cioas/vendor/laravel/framework/src/Illuminate/Pipeline/Pipeline.php(183): Illuminate/Foundation/Http/Middleware/ValidatePostSize->handle(Object(Illuminate/Http/Request), Object(Closure))
#49 D:/laravel/office/cioas/vendor/laravel/framework/src/Illuminate/Foundation/Http/Middleware/PreventRequestsDuringMaintenance.php(99): Illuminate/Pipeline/Pipeline->Illuminate/Pipeline/{closure}(Object(Illuminate/Http/Request))
#50 D:/laravel/office/cioas/vendor/laravel/framework/src/Illuminate/Pipeline/Pipeline.php(183): Illuminate/Foundation/Http/Middleware/PreventRequestsDuringMaintenance->handle(Object(Illuminate/Http/Request), Object(Closure))
#51 D:/laravel/office/cioas/vendor/laravel/framework/src/Illuminate/Http/Middleware/TrustProxies.php(39): Illuminate/Pipeline/Pipeline->Illuminate/Pipeline/{closure}(Object(Illuminate/Http/Request))
#52 D:/laravel/office/cioas/vendor/laravel/framework/src/Illuminate/Pipeline/Pipeline.php(183): Illuminate/Http/Middleware/TrustProxies->handle(Object(Illuminate/Http/Request), Object(Closure))
#53 D:/laravel/office/cioas/vendor/laravel/framework/src/Illuminate/Pipeline/Pipeline.php(119): Illuminate/Pipeline/Pipeline->Illuminate/Pipeline/{closure}(Object(Illuminate/Http/Request))
#54 D:/laravel/office/cioas/vendor/laravel/framework/src/Illuminate/Foundation/Http/Kernel.php(175): Illuminate/Pipeline/Pipeline->then(Object(Closure))
#55 D:/laravel/office/cioas/vendor/laravel/framework/src/Illuminate/Foundation/Http/Kernel.php(144): Illuminate/Foundation/Http/Kernel->sendRequestThroughRouter(Object(Illuminate/Http/Request))
#56 D:/laravel/office/cioas/public/index.php(51): Illuminate/Foundation/Http/Kernel->handle(Object(Illuminate/Http/Request))
#57 D:/laravel/office/cioas/server.php(21): require_once('D://laravel//offi...')
#58 {main}

[previous exception] [object] (ErrorException(code: 0): Attempt to read property \"gender\" on null at D:/laravel/office/cioas/storage/framework/views/286d2f91dc3a0890649958bf3891e1c6.php:57)
[stacktrace]
#0 D:/laravel/office/cioas/vendor/laravel/framework/src/Illuminate/Foundation/Bootstrap/HandleExceptions.php(255): Illuminate/Foundation/Bootstrap/HandleExceptions->handleError(2, 'Attempt to read...', 'D://laravel//offi...', 57)
#1 D:/laravel/office/cioas/storage/framework/views/286d2f91dc3a0890649958bf3891e1c6.php(57): Illuminate/Foundation/Bootstrap/HandleExceptions->Illuminate/Foundation/Bootstrap/{closure}(2, 'Attempt to read...', 'D://laravel//offi...', 57)
#2 D:/laravel/office/cioas/vendor/laravel/framework/src/Illuminate/Filesystem/Filesystem.php(123): require('D://laravel//offi...')
#3 D:/laravel/office/cioas/vendor/laravel/framework/src/Illuminate/Filesystem/Filesystem.php(124): Illuminate/Filesystem/Filesystem::Illuminate/Filesystem/{closure}()
#4 D:/laravel/office/cioas/vendor/laravel/framework/src/Illuminate/View/Engines/PhpEngine.php(58): Illuminate/Filesystem/Filesystem->getRequire('D://laravel//offi...', Array)
#5 D:/laravel/office/cioas/vendor/laravel/framework/src/Illuminate/View/Engines/CompilerEngine.php(72): Illuminate/View/Engines/PhpEngine->evaluatePath('D://laravel//offi...', Array)
#6 D:/laravel/office/cioas/vendor/laravel/framework/src/Illuminate/View/View.php(207): Illuminate/View/Engines/CompilerEngine->get('D://laravel//offi...', Array)
#7 D:/laravel/office/cioas/vendor/laravel/framework/src/Illuminate/View/View.php(190): Illuminate/View/View->getContents()
#8 D:/laravel/office/cioas/vendor/laravel/framework/src/Illuminate/View/View.php(159): Illuminate/View/View->renderContents()
#9 D:/laravel/office/cioas/storage/framework/views/539cc100aa3120664a2ccbace1b73a54.php(62): Illuminate/View/View->render()
#10 D:/laravel/office/cioas/vendor/laravel/framework/src/Illuminate/Filesystem/Filesystem.php(123): require('D://laravel//offi...')
#11 D:/laravel/office/cioas/vendor/laravel/framework/src/Illuminate/Filesystem/Filesystem.php(124): Illuminate/Filesystem/Filesystem::Illuminate/Filesystem/{closure}()
#12 D:/laravel/office/cioas/vendor/laravel/framework/src/Illuminate/View/Engines/PhpEngine.php(58): Illuminate/Filesystem/Filesystem->getRequire('D://laravel//offi...', Array)
#13 D:/laravel/office/cioas/vendor/laravel/framework/src/Illuminate/View/Engines/CompilerEngine.php(72): Illuminate/View/Engines/PhpEngine->evaluatePath('D://laravel//offi...', Array)
#14 D:/laravel/office/cioas/vendor/laravel/framework/src/Illuminate/View/View.php(207): Illuminate/View/Engines/CompilerEngine->get('D://laravel//offi...', Array)
#15 D:/laravel/office/cioas/vendor/laravel/framework/src/Illuminate/View/View.php(190): Illuminate/View/View->getContents()
#16 D:/laravel/office/cioas/vendor/laravel/framework/src/Illuminate/View/View.php(159): Illuminate/View/View->renderContents()
#17 D:/laravel/office/cioas/vendor/laravel/framework/src/Illuminate/Http/Response.php(69): Illuminate/View/View->render()
#18 D:/laravel/office/cioas/vendor/laravel/framework/src/Illuminate/Http/Response.php(35): Illuminate/Http/Response->setContent(Object(Illuminate/View/View))
#19 D:/laravel/office/cioas/vendor/laravel/framework/src/Illuminate/Routing/Router.php(918): Illuminate/Http/Response->__construct(Object(Illuminate/View/View), 200, Array)
#20 D:/laravel/office/cioas/vendor/laravel/framework/src/Illuminate/Routing/Router.php(885): Illuminate/Routing/Router::toResponse(Object(Illuminate/Http/Request), Object(Illuminate/View/View))
#21 D:/laravel/office/cioas/vendor/laravel/framework/src/Illuminate/Routing/Router.php(805): Illuminate/Routing/Router->prepareResponse(Object(Illuminate/Http/Request), Object(Illuminate/View/View))
#22 D:/laravel/office/cioas/vendor/laravel/framework/src/Illuminate/Pipeline/Pipeline.php(144): Illuminate/Routing/Router->Illuminate/Routing/{closure}(Object(Illuminate/Http/Request))
#23 D:/laravel/office/cioas/vendor/laravel/framework/src/Illuminate/Routing/Middleware/SubstituteBindings.php(50): Illuminate/Pipeline/Pipeline->Illuminate/Pipeline/{closure}(Object(Illuminate/Http/Request))
#24 D:/laravel/office/cioas/vendor/laravel/framework/src/Illuminate/Pipeline/Pipeline.php(183): Illuminate/Routing/Middleware/SubstituteBindings->handle(Object(Illuminate/Http/Request), Object(Closure))
#25 D:/laravel/office/cioas/vendor/laravel/framework/src/Illuminate/Auth/Middleware/Authenticate.php(57): Illuminate/Pipeline/Pipeline->Illuminate/Pipeline/{closure}(Object(Illuminate/Http/Request))
#26 D:/laravel/office/cioas/vendor/laravel/framework/src/Illuminate/Pipeline/Pipeline.php(183): Illuminate/Auth/Middleware/Authenticate->handle(Object(Illuminate/Http/Request), Object(Closure))
#27 D:/laravel/office/cioas/vendor/laravel/framework/src/Illuminate/Foundation/Http/Middleware/VerifyCsrfToken.php(78): Illuminate/Pipeline/Pipeline->Illuminate/Pipeline/{closure}(Object(Illuminate/Http/Request))
#28 D:/laravel/office/cioas/vendor/laravel/framework/src/Illuminate/Pipeline/Pipeline.php(183): Illuminate/Foundation/Http/Middleware/VerifyCsrfToken->handle(Object(Illuminate/Http/Request), Object(Closure))
#29 D:/laravel/office/cioas/vendor/laravel/framework/src/Illuminate/View/Middleware/ShareErrorsFromSession.php(49): Illuminate/Pipeline/Pipeline->Illuminate/Pipeline/{closure}(Object(Illuminate/Http/Request))
#30 D:/laravel/office/cioas/vendor/laravel/framework/src/Illuminate/Pipeline/Pipeline.php(183): Illuminate/View/Middleware/ShareErrorsFromSession->handle(Object(Illuminate/Http/Request), Object(Closure))
#31 D:/laravel/office/cioas/vendor/laravel/framework/src/Illuminate/Session/Middleware/StartSession.php(121): Illuminate/Pipeline/Pipeline->Illuminate/Pipeline/{closure}(Object(Illuminate/Http/Request))
#32 D:/laravel/office/cioas/vendor/laravel/framework/src/Illuminate/Session/Middleware/StartSession.php(64): Illuminate/Session/Middleware/StartSession->handleStatefulRequest(Object(Illuminate/Http/Request), Object(Illuminate/Session/Store), Object(Closure))
#33 D:/laravel/office/cioas/vendor/laravel/framework/src/Illuminate/Pipeline/Pipeline.php(183): Illuminate/Session/Middleware/StartSession->handle(Object(Illuminate/Http/Request), Object(Closure))
#34 D:/laravel/office/cioas/vendor/laravel/framework/src/Illuminate/Cookie/Middleware/AddQueuedCookiesToResponse.php(37): Illuminate/Pipeline/Pipeline->Illuminate/Pipeline/{closure}(Object(Illuminate/Http/Request))
#35 D:/laravel/office/cioas/vendor/laravel/framework/src/Illuminate/Pipeline/Pipeline.php(183): Illuminate/Cookie/Middleware/AddQueuedCookiesToResponse->handle(Object(Illuminate/Http/Request), Object(Closure))
#36 D:/laravel/office/cioas/vendor/laravel/framework/src/Illuminate/Cookie/Middleware/EncryptCookies.php(67): Illuminate/Pipeline/Pipeline->Illuminate/Pipeline/{closure}(Object(Illuminate/Http/Request))
#37 D:/laravel/office/cioas/vendor/laravel/framework/src/Illuminate/Pipeline/Pipeline.php(183): Illuminate/Cookie/Middleware/EncryptCookies->handle(Object(Illuminate/Http/Request), Object(Closure))
#38 D:/laravel/office/cioas/vendor/laravel/framework/src/Illuminate/Pipeline/Pipeline.php(119): Illuminate/Pipeline/Pipeline->Illuminate/Pipeline/{closure}(Object(Illuminate/Http/Request))
#39 D:/laravel/office/cioas/vendor/laravel/framework/src/Illuminate/Routing/Router.php(805): Illuminate/Pipeline/Pipeline->then(Object(Closure))
#40 D:/laravel/office/cioas/vendor/laravel/framework/src/Illuminate/Routing/Router.php(784): Illuminate/Routing/Router->runRouteWithinStack(Object(Illuminate/Routing/Route), Object(Illuminate/Http/Request))
#41 D:/laravel/office/cioas/vendor/laravel/framework/src/Illuminate/Routing/Router.php(748): Illuminate/Routing/Router->runRoute(Object(Illuminate/Http/Request), Object(Illuminate/Routing/Route))
#42 D:/laravel/office/cioas/vendor/laravel/framework/src/Illuminate/Routing/Router.php(737): Illuminate/Routing/Router->dispatchToRoute(Object(Illuminate/Http/Request))
#43 D:/laravel/office/cioas/vendor/laravel/framework/src/Illuminate/Foundation/Http/Kernel.php(200): Illuminate/Routing/Router->dispatch(Object(Illuminate/Http/Request))
#44 D:/laravel/office/cioas/vendor/laravel/framework/src/Illuminate/Pipeline/Pipeline.php(144): Illuminate/Foundation/Http/Kernel->Illuminate/Foundation/Http/{closure}(Object(Illuminate/Http/Request))
#45 D:/laravel/office/cioas/vendor/laravel/framework/src/Illuminate/Foundation/Http/Middleware/TransformsRequest.php(21): Illuminate/Pipeline/Pipeline->Illuminate/Pipeline/{closure}(Object(Illuminate/Http/Request))
#46 D:/laravel/office/cioas/vendor/laravel/framework/src/Illuminate/Foundation/Http/Middleware/ConvertEmptyStringsToNull.php(31): Illuminate/Foundation/Http/Middleware/TransformsRequest->handle(Object(Illuminate/Http/Request), Object(Closure))
#47 D:/laravel/office/cioas/vendor/laravel/framework/src/Illuminate/Pipeline/Pipeline.php(183): Illuminate/Foundation/Http/Middleware/ConvertEmptyStringsToNull->handle(Object(Illuminate/Http/Request), Object(Closure))
#48 D:/laravel/office/cioas/vendor/laravel/framework/src/Illuminate/Foundation/Http/Middleware/TransformsRequest.php(21): Illuminate/Pipeline/Pipeline->Illuminate/Pipeline/{closure}(Object(Illuminate/Http/Request))
#49 D:/laravel/office/cioas/vendor/laravel/framework/src/Illuminate/Foundation/Http/Middleware/TrimStrings.php(40): Illuminate/Foundation/Http/Middleware/TransformsRequest->handle(Object(Illuminate/Http/Request), Object(Closure))
#50 D:/laravel/office/cioas/vendor/laravel/framework/src/Illuminate/Pipeline/Pipeline.php(183): Illuminate/Foundation/Http/Middleware/TrimStrings->handle(Object(Illuminate/Http/Request), Object(Closure))
#51 D:/laravel/office/cioas/vendor/laravel/framework/src/Illuminate/Foundation/Http/Middleware/ValidatePostSize.php(27): Illuminate/Pipeline/Pipeline->Illuminate/Pipeline/{closure}(Object(Illuminate/Http/Request))
#52 D:/laravel/office/cioas/vendor/laravel/framework/src/Illuminate/Pipeline/Pipeline.php(183): Illuminate/Foundation/Http/Middleware/ValidatePostSize->handle(Object(Illuminate/Http/Request), Object(Closure))
#53 D:/laravel/office/cioas/vendor/laravel/framework/src/Illuminate/Foundation/Http/Middleware/PreventRequestsDuringMaintenance.php(99): Illuminate/Pipeline/Pipeline->Illuminate/Pipeline/{closure}(Object(Illuminate/Http/Request))
#54 D:/laravel/office/cioas/vendor/laravel/framework/src/Illuminate/Pipeline/Pipeline.php(183): Illuminate/Foundation/Http/Middleware/PreventRequestsDuringMaintenance->handle(Object(Illuminate/Http/Request), Object(Closure))
#55 D:/laravel/office/cioas/vendor/laravel/framework/src/Illuminate/Http/Middleware/TrustProxies.php(39): Illuminate/Pipeline/Pipeline->Illuminate/Pipeline/{closure}(Object(Illuminate/Http/Request))
#56 D:/laravel/office/cioas/vendor/laravel/framework/src/Illuminate/Pipeline/Pipeline.php(183): Illuminate/Http/Middleware/TrustProxies->handle(Object(Illuminate/Http/Request), Object(Closure))
#57 D:/laravel/office/cioas/vendor/laravel/framework/src/Illuminate/Pipeline/Pipeline.php(119): Illuminate/Pipeline/Pipeline->Illuminate/Pipeline/{closure}(Object(Illuminate/Http/Request))
#58 D:/laravel/office/cioas/vendor/laravel/framework/src/Illuminate/Foundation/Http/Kernel.php(175): Illuminate/Pipeline/Pipeline->then(Object(Closure))
#59 D:/laravel/office/cioas/vendor/laravel/framework/src/Illuminate/Foundation/Http/Kernel.php(144): Illuminate/Foundation/Http/Kernel->sendRequestThroughRouter(Object(Illuminate/Http/Request))
#60 D:/laravel/office/cioas/public/index.php(51): Illuminate/Foundation/Http/Kernel->handle(Object(Illuminate/Http/Request))
#61 D:/laravel/office/cioas/server.php(21): require_once('D://laravel//offi...')
#62 {main}
"} 
[2026-05-09 17:52:11] local.ERROR: Attempt to read property "gender" on null (View: D:\laravel\office\cioas\resources\views\backend\pages\hotel-restaurant\forms\ownership.blade.php) (View: D:\laravel\office\cioas\resources\views\backend\pages\hotel-restaurant\forms\ownership.blade.php) {"userId":1,"exception":"[object] (Illuminate\\View\\ViewException(code: 0): Attempt to read property \"gender\" on null (View: D:\\laravel\\office\\cioas\\resources\\views\\backend\\pages\\hotel-restaurant\\forms\\ownership.blade.php) (View: D:\\laravel\\office\\cioas\\resources\\views\\backend\\pages\\hotel-restaurant\\forms\\ownership.blade.php) at D:/laravel/office/cioas/storage/framework/views/286d2f91dc3a0890649958bf3891e1c6.php:57)
[stacktrace]
#0 D:/laravel/office/cioas/vendor/laravel/framework/src/Illuminate/View/Engines/PhpEngine.php(60): Illuminate/View/Engines/CompilerEngine->handleViewException(Object(Illuminate/View/ViewException), 1)
#1 D:/laravel/office/cioas/vendor/laravel/framework/src/Illuminate/View/Engines/CompilerEngine.php(72): Illuminate/View/Engines/PhpEngine->evaluatePath('D://laravel//offi...', Array)
#2 D:/laravel/office/cioas/vendor/laravel/framework/src/Illuminate/View/View.php(207): Illuminate/View/Engines/CompilerEngine->get('D://laravel//offi...', Array)
#3 D:/laravel/office/cioas/vendor/laravel/framework/src/Illuminate/View/View.php(190): Illuminate/View/View->getContents()
#4 D:/laravel/office/cioas/vendor/laravel/framework/src/Illuminate/View/View.php(159): Illuminate/View/View->renderContents()
#5 D:/laravel/office/cioas/vendor/laravel/framework/src/Illuminate/Http/Response.php(69): Illuminate/View/View->render()
#6 D:/laravel/office/cioas/vendor/laravel/framework/src/Illuminate/Http/Response.php(35): Illuminate/Http/Response->setContent(Object(Illuminate/View/View))
#7 D:/laravel/office/cioas/vendor/laravel/framework/src/Illuminate/Routing/Router.php(918): Illuminate/Http/Response->__construct(Object(Illuminate/View/View), 200, Array)
#8 D:/laravel/office/cioas/vendor/laravel/framework/src/Illuminate/Routing/Router.php(885): Illuminate/Routing/Router::toResponse(Object(Illuminate/Http/Request), Object(Illuminate/View/View))
#9 D:/laravel/office/cioas/vendor/laravel/framework/src/Illuminate/Routing/Router.php(805): Illuminate/Routing/Router->prepareResponse(Object(Illuminate/Http/Request), Object(Illuminate/View/View))
#10 D:/laravel/office/cioas/vendor/laravel/framework/src/Illuminate/Pipeline/Pipeline.php(144): Illuminate/Routing/Router->Illuminate/Routing/{closure}(Object(Illuminate/Http/Request))
#11 D:/laravel/office/cioas/vendor/laravel/framework/src/Illuminate/Routing/Middleware/SubstituteBindings.php(50): Illuminate/Pipeline/Pipeline->Illuminate/Pipeline/{closure}(Object(Illuminate/Http/Request))
#12 D:/laravel/office/cioas/vendor/laravel/framework/src/Illuminate/Pipeline/Pipeline.php(183): Illuminate/Routing/Middleware/SubstituteBindings->handle(Object(Illuminate/Http/Request), Object(Closure))
#13 D:/laravel/office/cioas/vendor/laravel/framework/src/Illuminate/Auth/Middleware/Authenticate.php(57): Illuminate/Pipeline/Pipeline->Illuminate/Pipeline/{closure}(Object(Illuminate/Http/Request))
#14 D:/laravel/office/cioas/vendor/laravel/framework/src/Illuminate/Pipeline/Pipeline.php(183): Illuminate/Auth/Middleware/Authenticate->handle(Object(Illuminate/Http/Request), Object(Closure))
#15 D:/laravel/office/cioas/vendor/laravel/framework/src/Illuminate/Foundation/Http/Middleware/VerifyCsrfToken.php(78): Illuminate/Pipeline/Pipeline->Illuminate/Pipeline/{closure}(Object(Illuminate/Http/Request))
#16 D:/laravel/office/cioas/vendor/laravel/framework/src/Illuminate/Pipeline/Pipeline.php(183): Illuminate/Foundation/Http/Middleware/VerifyCsrfToken->handle(Object(Illuminate/Http/Request), Object(Closure))
#17 D:/laravel/office/cioas/vendor/laravel/framework/src/Illuminate/View/Middleware/ShareErrorsFromSession.php(49): Illuminate/Pipeline/Pipeline->Illuminate/Pipeline/{closure}(Object(Illuminate/Http/Request))
#18 D:/laravel/office/cioas/vendor/laravel/framework/src/Illuminate/Pipeline/Pipeline.php(183): Illuminate/View/Middleware/ShareErrorsFromSession->handle(Object(Illuminate/Http/Request), Object(Closure))
#19 D:/laravel/office/cioas/vendor/laravel/framework/src/Illuminate/Session/Middleware/StartSession.php(121): Illuminate/Pipeline/Pipeline->Illuminate/Pipeline/{closure}(Object(Illuminate/Http/Request))
#20 D:/laravel/office/cioas/vendor/laravel/framework/src/Illuminate/Session/Middleware/StartSession.php(64): Illuminate/Session/Middleware/StartSession->handleStatefulRequest(Object(Illuminate/Http/Request), Object(Illuminate/Session/Store), Object(Closure))
#21 D:/laravel/office/cioas/vendor/laravel/framework/src/Illuminate/Pipeline/Pipeline.php(183): Illuminate/Session/Middleware/StartSession->handle(Object(Illuminate/Http/Request), Object(Closure))
#22 D:/laravel/office/cioas/vendor/laravel/framework/src/Illuminate/Cookie/Middleware/AddQueuedCookiesToResponse.php(37): Illuminate/Pipeline/Pipeline->Illuminate/Pipeline/{closure}(Object(Illuminate/Http/Request))
#23 D:/laravel/office/cioas/vendor/laravel/framework/src/Illuminate/Pipeline/Pipeline.php(183): Illuminate/Cookie/Middleware/AddQueuedCookiesToResponse->handle(Object(Illuminate/Http/Request), Object(Closure))
#24 D:/laravel/office/cioas/vendor/laravel/framework/src/Illuminate/Cookie/Middleware/EncryptCookies.php(67): Illuminate/Pipeline/Pipeline->Illuminate/Pipeline/{closure}(Object(Illuminate/Http/Request))
#25 D:/laravel/office/cioas/vendor/laravel/framework/src/Illuminate/Pipeline/Pipeline.php(183): Illuminate/Cookie/Middleware/EncryptCookies->handle(Object(Illuminate/Http/Request), Object(Closure))
#26 D:/laravel/office/cioas/vendor/laravel/framework/src/Illuminate/Pipeline/Pipeline.php(119): Illuminate/Pipeline/Pipeline->Illuminate/Pipeline/{closure}(Object(Illuminate/Http/Request))
#27 D:/laravel/office/cioas/vendor/laravel/framework/src/Illuminate/Routing/Router.php(805): Illuminate/Pipeline/Pipeline->then(Object(Closure))
#28 D:/laravel/office/cioas/vendor/laravel/framework/src/Illuminate/Routing/Router.php(784): Illuminate/Routing/Router->runRouteWithinStack(Object(Illuminate/Routing/Route), Object(Illuminate/Http/Request))
#29 D:/laravel/office/cioas/vendor/laravel/framework/src/Illuminate/Routing/Router.php(748): Illuminate/Routing/Router->runRoute(Object(Illuminate/Http/Request), Object(Illuminate/Routing/Route))
#30 D:/laravel/office/cioas/vendor/laravel/framework/src/Illuminate/Routing/Router.php(737): Illuminate/Routing/Router->dispatchToRoute(Object(Illuminate/Http/Request))
#31 D:/laravel/office/cioas/vendor/laravel/framework/src/Illuminate/Foundation/Http/Kernel.php(200): Illuminate/Routing/Router->dispatch(Object(Illuminate/Http/Request))
#32 D:/laravel/office/cioas/vendor/laravel/framework/src/Illuminate/Pipeline/Pipeline.php(144): Illuminate/Foundation/Http/Kernel->Illuminate/Foundation/Http/{closure}(Object(Illuminate/Http/Request))
#33 D:/laravel/office/cioas/vendor/laravel/framework/src/Illuminate/Foundation/Http/Middleware/TransformsRequest.php(21): Illuminate/Pipeline/Pipeline->Illuminate/Pipeline/{closure}(Object(Illuminate/Http/Request))
#34 D:/laravel/office/cioas/vendor/laravel/framework/src/Illuminate/Foundation/Http/Middleware/ConvertEmptyStringsToNull.php(31): Illuminate/Foundation/Http/Middleware/TransformsRequest->handle(Object(Illuminate/Http/Request), Object(Closure))
#35 D:/laravel/office/cioas/vendor/laravel/framework/src/Illuminate/Pipeline/Pipeline.php(183): Illuminate/Foundation/Http/Middleware/ConvertEmptyStringsToNull->handle(Object(Illuminate/Http/Request), Object(Closure))
#36 D:/laravel/office/cioas/vendor/laravel/framework/src/Illuminate/Foundation/Http/Middleware/TransformsRequest.php(21): Illuminate/Pipeline/Pipeline->Illuminate/Pipeline/{closure}(Object(Illuminate/Http/Request))
#37 D:/laravel/office/cioas/vendor/laravel/framework/src/Illuminate/Foundation/Http/Middleware/TrimStrings.php(40): Illuminate/Foundation/Http/Middleware/TransformsRequest->handle(Object(Illuminate/Http/Request), Object(Closure))
#38 D:/laravel/office/cioas/vendor/laravel/framework/src/Illuminate/Pipeline/Pipeline.php(183): Illuminate/Foundation/Http/Middleware/TrimStrings->handle(Object(Illuminate/Http/Request), Object(Closure))
#39 D:/laravel/office/cioas/vendor/laravel/framework/src/Illuminate/Foundation/Http/Middleware/ValidatePostSize.php(27): Illuminate/Pipeline/Pipeline->Illuminate/Pipeline/{closure}(Object(Illuminate/Http/Request))
#40 D:/laravel/office/cioas/vendor/laravel/framework/src/Illuminate/Pipeline/Pipeline.php(183): Illuminate/Foundation/Http/Middleware/ValidatePostSize->handle(Object(Illuminate/Http/Request), Object(Closure))
#41 D:/laravel/office/cioas/vendor/laravel/framework/src/Illuminate/Foundation/Http/Middleware/PreventRequestsDuringMaintenance.php(99): Illuminate/Pipeline/Pipeline->Illuminate/Pipeline/{closure}(Object(Illuminate/Http/Request))
#42 D:/laravel/office/cioas/vendor/laravel/framework/src/Illuminate/Pipeline/Pipeline.php(183): Illuminate/Foundation/Http/Middleware/PreventRequestsDuringMaintenance->handle(Object(Illuminate/Http/Request), Object(Closure))
#43 D:/laravel/office/cioas/vendor/laravel/framework/src/Illuminate/Http/Middleware/TrustProxies.php(39): Illuminate/Pipeline/Pipeline->Illuminate/Pipeline/{closure}(Object(Illuminate/Http/Request))
#44 D:/laravel/office/cioas/vendor/laravel/framework/src/Illuminate/Pipeline/Pipeline.php(183): Illuminate/Http/Middleware/TrustProxies->handle(Object(Illuminate/Http/Request), Object(Closure))
#45 D:/laravel/office/cioas/vendor/laravel/framework/src/Illuminate/Pipeline/Pipeline.php(119): Illuminate/Pipeline/Pipeline->Illuminate/Pipeline/{closure}(Object(Illuminate/Http/Request))
#46 D:/laravel/office/cioas/vendor/laravel/framework/src/Illuminate/Foundation/Http/Kernel.php(175): Illuminate/Pipeline/Pipeline->then(Object(Closure))
#47 D:/laravel/office/cioas/vendor/laravel/framework/src/Illuminate/Foundation/Http/Kernel.php(144): Illuminate/Foundation/Http/Kernel->sendRequestThroughRouter(Object(Illuminate/Http/Request))
#48 D:/laravel/office/cioas/public/index.php(51): Illuminate/Foundation/Http/Kernel->handle(Object(Illuminate/Http/Request))
#49 D:/laravel/office/cioas/server.php(21): require_once('D://laravel//offi...')
#50 {main}

[previous exception] [object] (Illuminate\\View\\ViewException(code: 0): Attempt to read property \"gender\" on null (View: D:\\laravel\\office\\cioas\\resources\\views\\backend\\pages\\hotel-restaurant\\forms\\ownership.blade.php) at D:/laravel/office/cioas/storage/framework/views/286d2f91dc3a0890649958bf3891e1c6.php:57)
[stacktrace]
#0 D:/laravel/office/cioas/vendor/laravel/framework/src/Illuminate/View/Engines/PhpEngine.php(60): Illuminate/View/Engines/CompilerEngine->handleViewException(Object(ErrorException), 3)
#1 D:/laravel/office/cioas/vendor/laravel/framework/src/Illuminate/View/Engines/CompilerEngine.php(72): Illuminate/View/Engines/PhpEngine->evaluatePath('D://laravel//offi...', Array)
#2 D:/laravel/office/cioas/vendor/laravel/framework/src/Illuminate/View/View.php(207): Illuminate/View/Engines/CompilerEngine->get('D://laravel//offi...', Array)
#3 D:/laravel/office/cioas/vendor/laravel/framework/src/Illuminate/View/View.php(190): Illuminate/View/View->getContents()
#4 D:/laravel/office/cioas/vendor/laravel/framework/src/Illuminate/View/View.php(159): Illuminate/View/View->renderContents()
#5 D:/laravel/office/cioas/storage/framework/views/539cc100aa3120664a2ccbace1b73a54.php(62): Illuminate/View/View->render()
#6 D:/laravel/office/cioas/vendor/laravel/framework/src/Illuminate/Filesystem/Filesystem.php(123): require('D://laravel//offi...')
#7 D:/laravel/office/cioas/vendor/laravel/framework/src/Illuminate/Filesystem/Filesystem.php(124): Illuminate/Filesystem/Filesystem::Illuminate/Filesystem/{closure}()
#8 D:/laravel/office/cioas/vendor/laravel/framework/src/Illuminate/View/Engines/PhpEngine.php(58): Illuminate/Filesystem/Filesystem->getRequire('D://laravel//offi...', Array)
#9 D:/laravel/office/cioas/vendor/laravel/framework/src/Illuminate/View/Engines/CompilerEngine.php(72): Illuminate/View/Engines/PhpEngine->evaluatePath('D://laravel//offi...', Array)
#10 D:/laravel/office/cioas/vendor/laravel/framework/src/Illuminate/View/View.php(207): Illuminate/View/Engines/CompilerEngine->get('D://laravel//offi...', Array)
#11 D:/laravel/office/cioas/vendor/laravel/framework/src/Illuminate/View/View.php(190): Illuminate/View/View->getContents()
#12 D:/laravel/office/cioas/vendor/laravel/framework/src/Illuminate/View/View.php(159): Illuminate/View/View->renderContents()
#13 D:/laravel/office/cioas/vendor/laravel/framework/src/Illuminate/Http/Response.php(69): Illuminate/View/View->render()
#14 D:/laravel/office/cioas/vendor/laravel/framework/src/Illuminate/Http/Response.php(35): Illuminate/Http/Response->setContent(Object(Illuminate/View/View))
#15 D:/laravel/office/cioas/vendor/laravel/framework/src/Illuminate/Routing/Router.php(918): Illuminate/Http/Response->__construct(Object(Illuminate/View/View), 200, Array)
#16 D:/laravel/office/cioas/vendor/laravel/framework/src/Illuminate/Routing/Router.php(885): Illuminate/Routing/Router::toResponse(Object(Illuminate/Http/Request), Object(Illuminate/View/View))
#17 D:/laravel/office/cioas/vendor/laravel/framework/src/Illuminate/Routing/Router.php(805): Illuminate/Routing/Router->prepareResponse(Object(Illuminate/Http/Request), Object(Illuminate/View/View))
#18 D:/laravel/office/cioas/vendor/laravel/framework/src/Illuminate/Pipeline/Pipeline.php(144): Illuminate/Routing/Router->Illuminate/Routing/{closure}(Object(Illuminate/Http/Request))
#19 D:/laravel/office/cioas/vendor/laravel/framework/src/Illuminate/Routing/Middleware/SubstituteBindings.php(50): Illuminate/Pipeline/Pipeline->Illuminate/Pipeline/{closure}(Object(Illuminate/Http/Request))
#20 D:/laravel/office/cioas/vendor/laravel/framework/src/Illuminate/Pipeline/Pipeline.php(183): Illuminate/Routing/Middleware/SubstituteBindings->handle(Object(Illuminate/Http/Request), Object(Closure))
#21 D:/laravel/office/cioas/vendor/laravel/framework/src/Illuminate/Auth/Middleware/Authenticate.php(57): Illuminate/Pipeline/Pipeline->Illuminate/Pipeline/{closure}(Object(Illuminate/Http/Request))
#22 D:/laravel/office/cioas/vendor/laravel/framework/src/Illuminate/Pipeline/Pipeline.php(183): Illuminate/Auth/Middleware/Authenticate->handle(Object(Illuminate/Http/Request), Object(Closure))
#23 D:/laravel/office/cioas/vendor/laravel/framework/src/Illuminate/Foundation/Http/Middleware/VerifyCsrfToken.php(78): Illuminate/Pipeline/Pipeline->Illuminate/Pipeline/{closure}(Object(Illuminate/Http/Request))
#24 D:/laravel/office/cioas/vendor/laravel/framework/src/Illuminate/Pipeline/Pipeline.php(183): Illuminate/Foundation/Http/Middleware/VerifyCsrfToken->handle(Object(Illuminate/Http/Request), Object(Closure))
#25 D:/laravel/office/cioas/vendor/laravel/framework/src/Illuminate/View/Middleware/ShareErrorsFromSession.php(49): Illuminate/Pipeline/Pipeline->Illuminate/Pipeline/{closure}(Object(Illuminate/Http/Request))
#26 D:/laravel/office/cioas/vendor/laravel/framework/src/Illuminate/Pipeline/Pipeline.php(183): Illuminate/View/Middleware/ShareErrorsFromSession->handle(Object(Illuminate/Http/Request), Object(Closure))
#27 D:/laravel/office/cioas/vendor/laravel/framework/src/Illuminate/Session/Middleware/StartSession.php(121): Illuminate/Pipeline/Pipeline->Illuminate/Pipeline/{closure}(Object(Illuminate/Http/Request))
#28 D:/laravel/office/cioas/vendor/laravel/framework/src/Illuminate/Session/Middleware/StartSession.php(64): Illuminate/Session/Middleware/StartSession->handleStatefulRequest(Object(Illuminate/Http/Request), Object(Illuminate/Session/Store), Object(Closure))
#29 D:/laravel/office/cioas/vendor/laravel/framework/src/Illuminate/Pipeline/Pipeline.php(183): Illuminate/Session/Middleware/StartSession->handle(Object(Illuminate/Http/Request), Object(Closure))
#30 D:/laravel/office/cioas/vendor/laravel/framework/src/Illuminate/Cookie/Middleware/AddQueuedCookiesToResponse.php(37): Illuminate/Pipeline/Pipeline->Illuminate/Pipeline/{closure}(Object(Illuminate/Http/Request))
#31 D:/laravel/office/cioas/vendor/laravel/framework/src/Illuminate/Pipeline/Pipeline.php(183): Illuminate/Cookie/Middleware/AddQueuedCookiesToResponse->handle(Object(Illuminate/Http/Request), Object(Closure))
#32 D:/laravel/office/cioas/vendor/laravel/framework/src/Illuminate/Cookie/Middleware/EncryptCookies.php(67): Illuminate/Pipeline/Pipeline->Illuminate/Pipeline/{closure}(Object(Illuminate/Http/Request))
#33 D:/laravel/office/cioas/vendor/laravel/framework/src/Illuminate/Pipeline/Pipeline.php(183): Illuminate/Cookie/Middleware/EncryptCookies->handle(Object(Illuminate/Http/Request), Object(Closure))
#34 D:/laravel/office/cioas/vendor/laravel/framework/src/Illuminate/Pipeline/Pipeline.php(119): Illuminate/Pipeline/Pipeline->Illuminate/Pipeline/{closure}(Object(Illuminate/Http/Request))
#35 D:/laravel/office/cioas/vendor/laravel/framework/src/Illuminate/Routing/Router.php(805): Illuminate/Pipeline/Pipeline->then(Object(Closure))
#36 D:/laravel/office/cioas/vendor/laravel/framework/src/Illuminate/Routing/Router.php(784): Illuminate/Routing/Router->runRouteWithinStack(Object(Illuminate/Routing/Route), Object(Illuminate/Http/Request))
#37 D:/laravel/office/cioas/vendor/laravel/framework/src/Illuminate/Routing/Router.php(748): Illuminate/Routing/Router->runRoute(Object(Illuminate/Http/Request), Object(Illuminate/Routing/Route))
#38 D:/laravel/office/cioas/vendor/laravel/framework/src/Illuminate/Routing/Router.php(737): Illuminate/Routing/Router->dispatchToRoute(Object(Illuminate/Http/Request))
#39 D:/laravel/office/cioas/vendor/laravel/framework/src/Illuminate/Foundation/Http/Kernel.php(200): Illuminate/Routing/Router->dispatch(Object(Illuminate/Http/Request))
#40 D:/laravel/office/cioas/vendor/laravel/framework/src/Illuminate/Pipeline/Pipeline.php(144): Illuminate/Foundation/Http/Kernel->Illuminate/Foundation/Http/{closure}(Object(Illuminate/Http/Request))
#41 D:/laravel/office/cioas/vendor/laravel/framework/src/Illuminate/Foundation/Http/Middleware/TransformsRequest.php(21): Illuminate/Pipeline/Pipeline->Illuminate/Pipeline/{closure}(Object(Illuminate/Http/Request))
#42 D:/laravel/office/cioas/vendor/laravel/framework/src/Illuminate/Foundation/Http/Middleware/ConvertEmptyStringsToNull.php(31): Illuminate/Foundation/Http/Middleware/TransformsRequest->handle(Object(Illuminate/Http/Request), Object(Closure))
#43 D:/laravel/office/cioas/vendor/laravel/framework/src/Illuminate/Pipeline/Pipeline.php(183): Illuminate/Foundation/Http/Middleware/ConvertEmptyStringsToNull->handle(Object(Illuminate/Http/Request), Object(Closure))
#44 D:/laravel/office/cioas/vendor/laravel/framework/src/Illuminate/Foundation/Http/Middleware/TransformsRequest.php(21): Illuminate/Pipeline/Pipeline->Illuminate/Pipeline/{closure}(Object(Illuminate/Http/Request))
#45 D:/laravel/office/cioas/vendor/laravel/framework/src/Illuminate/Foundation/Http/Middleware/TrimStrings.php(40): Illuminate/Foundation/Http/Middleware/TransformsRequest->handle(Object(Illuminate/Http/Request), Object(Closure))
#46 D:/laravel/office/cioas/vendor/laravel/framework/src/Illuminate/Pipeline/Pipeline.php(183): Illuminate/Foundation/Http/Middleware/TrimStrings->handle(Object(Illuminate/Http/Request), Object(Closure))
#47 D:/laravel/office/cioas/vendor/laravel/framework/src/Illuminate/Foundation/Http/Middleware/ValidatePostSize.php(27): Illuminate/Pipeline/Pipeline->Illuminate/Pipeline/{closure}(Object(Illuminate/Http/Request))
#48 D:/laravel/office/cioas/vendor/laravel/framework/src/Illuminate/Pipeline/Pipeline.php(183): Illuminate/Foundation/Http/Middleware/ValidatePostSize->handle(Object(Illuminate/Http/Request), Object(Closure))
#49 D:/laravel/office/cioas/vendor/laravel/framework/src/Illuminate/Foundation/Http/Middleware/PreventRequestsDuringMaintenance.php(99): Illuminate/Pipeline/Pipeline->Illuminate/Pipeline/{closure}(Object(Illuminate/Http/Request))
#50 D:/laravel/office/cioas/vendor/laravel/framework/src/Illuminate/Pipeline/Pipeline.php(183): Illuminate/Foundation/Http/Middleware/PreventRequestsDuringMaintenance->handle(Object(Illuminate/Http/Request), Object(Closure))
#51 D:/laravel/office/cioas/vendor/laravel/framework/src/Illuminate/Http/Middleware/TrustProxies.php(39): Illuminate/Pipeline/Pipeline->Illuminate/Pipeline/{closure}(Object(Illuminate/Http/Request))
#52 D:/laravel/office/cioas/vendor/laravel/framework/src/Illuminate/Pipeline/Pipeline.php(183): Illuminate/Http/Middleware/TrustProxies->handle(Object(Illuminate/Http/Request), Object(Closure))
#53 D:/laravel/office/cioas/vendor/laravel/framework/src/Illuminate/Pipeline/Pipeline.php(119): Illuminate/Pipeline/Pipeline->Illuminate/Pipeline/{closure}(Object(Illuminate/Http/Request))
#54 D:/laravel/office/cioas/vendor/laravel/framework/src/Illuminate/Foundation/Http/Kernel.php(175): Illuminate/Pipeline/Pipeline->then(Object(Closure))
#55 D:/laravel/office/cioas/vendor/laravel/framework/src/Illuminate/Foundation/Http/Kernel.php(144): Illuminate/Foundation/Http/Kernel->sendRequestThroughRouter(Object(Illuminate/Http/Request))
#56 D:/laravel/office/cioas/public/index.php(51): Illuminate/Foundation/Http/Kernel->handle(Object(Illuminate/Http/Request))
#57 D:/laravel/office/cioas/server.php(21): require_once('D://laravel//offi...')
#58 {main}

[previous exception] [object] (ErrorException(code: 0): Attempt to read property \"gender\" on null at D:/laravel/office/cioas/storage/framework/views/286d2f91dc3a0890649958bf3891e1c6.php:57)
[stacktrace]
#0 D:/laravel/office/cioas/vendor/laravel/framework/src/Illuminate/Foundation/Bootstrap/HandleExceptions.php(255): Illuminate/Foundation/Bootstrap/HandleExceptions->handleError(2, 'Attempt to read...', 'D://laravel//offi...', 57)
#1 D:/laravel/office/cioas/storage/framework/views/286d2f91dc3a0890649958bf3891e1c6.php(57): Illuminate/Foundation/Bootstrap/HandleExceptions->Illuminate/Foundation/Bootstrap/{closure}(2, 'Attempt to read...', 'D://laravel//offi...', 57)
#2 D:/laravel/office/cioas/vendor/laravel/framework/src/Illuminate/Filesystem/Filesystem.php(123): require('D://laravel//offi...')
#3 D:/laravel/office/cioas/vendor/laravel/framework/src/Illuminate/Filesystem/Filesystem.php(124): Illuminate/Filesystem/Filesystem::Illuminate/Filesystem/{closure}()
#4 D:/laravel/office/cioas/vendor/laravel/framework/src/Illuminate/View/Engines/PhpEngine.php(58): Illuminate/Filesystem/Filesystem->getRequire('D://laravel//offi...', Array)
#5 D:/laravel/office/cioas/vendor/laravel/framework/src/Illuminate/View/Engines/CompilerEngine.php(72): Illuminate/View/Engines/PhpEngine->evaluatePath('D://laravel//offi...', Array)
#6 D:/laravel/office/cioas/vendor/laravel/framework/src/Illuminate/View/View.php(207): Illuminate/View/Engines/CompilerEngine->get('D://laravel//offi...', Array)
#7 D:/laravel/office/cioas/vendor/laravel/framework/src/Illuminate/View/View.php(190): Illuminate/View/View->getContents()
#8 D:/laravel/office/cioas/vendor/laravel/framework/src/Illuminate/View/View.php(159): Illuminate/View/View->renderContents()
#9 D:/laravel/office/cioas/storage/framework/views/539cc100aa3120664a2ccbace1b73a54.php(62): Illuminate/View/View->render()
#10 D:/laravel/office/cioas/vendor/laravel/framework/src/Illuminate/Filesystem/Filesystem.php(123): require('D://laravel//offi...')
#11 D:/laravel/office/cioas/vendor/laravel/framework/src/Illuminate/Filesystem/Filesystem.php(124): Illuminate/Filesystem/Filesystem::Illuminate/Filesystem/{closure}()
#12 D:/laravel/office/cioas/vendor/laravel/framework/src/Illuminate/View/Engines/PhpEngine.php(58): Illuminate/Filesystem/Filesystem->getRequire('D://laravel//offi...', Array)
#13 D:/laravel/office/cioas/vendor/laravel/framework/src/Illuminate/View/Engines/CompilerEngine.php(72): Illuminate/View/Engines/PhpEngine->evaluatePath('D://laravel//offi...', Array)
#14 D:/laravel/office/cioas/vendor/laravel/framework/src/Illuminate/View/View.php(207): Illuminate/View/Engines/CompilerEngine->get('D://laravel//offi...', Array)
#15 D:/laravel/office/cioas/vendor/laravel/framework/src/Illuminate/View/View.php(190): Illuminate/View/View->getContents()
#16 D:/laravel/office/cioas/vendor/laravel/framework/src/Illuminate/View/View.php(159): Illuminate/View/View->renderContents()
#17 D:/laravel/office/cioas/vendor/laravel/framework/src/Illuminate/Http/Response.php(69): Illuminate/View/View->render()
#18 D:/laravel/office/cioas/vendor/laravel/framework/src/Illuminate/Http/Response.php(35): Illuminate/Http/Response->setContent(Object(Illuminate/View/View))
#19 D:/laravel/office/cioas/vendor/laravel/framework/src/Illuminate/Routing/Router.php(918): Illuminate/Http/Response->__construct(Object(Illuminate/View/View), 200, Array)
#20 D:/laravel/office/cioas/vendor/laravel/framework/src/Illuminate/Routing/Router.php(885): Illuminate/Routing/Router::toResponse(Object(Illuminate/Http/Request), Object(Illuminate/View/View))
#21 D:/laravel/office/cioas/vendor/laravel/framework/src/Illuminate/Routing/Router.php(805): Illuminate/Routing/Router->prepareResponse(Object(Illuminate/Http/Request), Object(Illuminate/View/View))
#22 D:/laravel/office/cioas/vendor/laravel/framework/src/Illuminate/Pipeline/Pipeline.php(144): Illuminate/Routing/Router->Illuminate/Routing/{closure}(Object(Illuminate/Http/Request))
#23 D:/laravel/office/cioas/vendor/laravel/framework/src/Illuminate/Routing/Middleware/SubstituteBindings.php(50): Illuminate/Pipeline/Pipeline->Illuminate/Pipeline/{closure}(Object(Illuminate/Http/Request))
#24 D:/laravel/office/cioas/vendor/laravel/framework/src/Illuminate/Pipeline/Pipeline.php(183): Illuminate/Routing/Middleware/SubstituteBindings->handle(Object(Illuminate/Http/Request), Object(Closure))
#25 D:/laravel/office/cioas/vendor/laravel/framework/src/Illuminate/Auth/Middleware/Authenticate.php(57): Illuminate/Pipeline/Pipeline->Illuminate/Pipeline/{closure}(Object(Illuminate/Http/Request))
#26 D:/laravel/office/cioas/vendor/laravel/framework/src/Illuminate/Pipeline/Pipeline.php(183): Illuminate/Auth/Middleware/Authenticate->handle(Object(Illuminate/Http/Request), Object(Closure))
#27 D:/laravel/office/cioas/vendor/laravel/framework/src/Illuminate/Foundation/Http/Middleware/VerifyCsrfToken.php(78): Illuminate/Pipeline/Pipeline->Illuminate/Pipeline/{closure}(Object(Illuminate/Http/Request))
#28 D:/laravel/office/cioas/vendor/laravel/framework/src/Illuminate/Pipeline/Pipeline.php(183): Illuminate/Foundation/Http/Middleware/VerifyCsrfToken->handle(Object(Illuminate/Http/Request), Object(Closure))
#29 D:/laravel/office/cioas/vendor/laravel/framework/src/Illuminate/View/Middleware/ShareErrorsFromSession.php(49): Illuminate/Pipeline/Pipeline->Illuminate/Pipeline/{closure}(Object(Illuminate/Http/Request))
#30 D:/laravel/office/cioas/vendor/laravel/framework/src/Illuminate/Pipeline/Pipeline.php(183): Illuminate/View/Middleware/ShareErrorsFromSession->handle(Object(Illuminate/Http/Request), Object(Closure))
#31 D:/laravel/office/cioas/vendor/laravel/framework/src/Illuminate/Session/Middleware/StartSession.php(121): Illuminate/Pipeline/Pipeline->Illuminate/Pipeline/{closure}(Object(Illuminate/Http/Request))
#32 D:/laravel/office/cioas/vendor/laravel/framework/src/Illuminate/Session/Middleware/StartSession.php(64): Illuminate/Session/Middleware/StartSession->handleStatefulRequest(Object(Illuminate/Http/Request), Object(Illuminate/Session/Store), Object(Closure))
#33 D:/laravel/office/cioas/vendor/laravel/framework/src/Illuminate/Pipeline/Pipeline.php(183): Illuminate/Session/Middleware/StartSession->handle(Object(Illuminate/Http/Request), Object(Closure))
#34 D:/laravel/office/cioas/vendor/laravel/framework/src/Illuminate/Cookie/Middleware/AddQueuedCookiesToResponse.php(37): Illuminate/Pipeline/Pipeline->Illuminate/Pipeline/{closure}(Object(Illuminate/Http/Request))
#35 D:/laravel/office/cioas/vendor/laravel/framework/src/Illuminate/Pipeline/Pipeline.php(183): Illuminate/Cookie/Middleware/AddQueuedCookiesToResponse->handle(Object(Illuminate/Http/Request), Object(Closure))
#36 D:/laravel/office/cioas/vendor/laravel/framework/src/Illuminate/Cookie/Middleware/EncryptCookies.php(67): Illuminate/Pipeline/Pipeline->Illuminate/Pipeline/{closure}(Object(Illuminate/Http/Request))
#37 D:/laravel/office/cioas/vendor/laravel/framework/src/Illuminate/Pipeline/Pipeline.php(183): Illuminate/Cookie/Middleware/EncryptCookies->handle(Object(Illuminate/Http/Request), Object(Closure))
#38 D:/laravel/office/cioas/vendor/laravel/framework/src/Illuminate/Pipeline/Pipeline.php(119): Illuminate/Pipeline/Pipeline->Illuminate/Pipeline/{closure}(Object(Illuminate/Http/Request))
#39 D:/laravel/office/cioas/vendor/laravel/framework/src/Illuminate/Routing/Router.php(805): Illuminate/Pipeline/Pipeline->then(Object(Closure))
#40 D:/laravel/office/cioas/vendor/laravel/framework/src/Illuminate/Routing/Router.php(784): Illuminate/Routing/Router->runRouteWithinStack(Object(Illuminate/Routing/Route), Object(Illuminate/Http/Request))
#41 D:/laravel/office/cioas/vendor/laravel/framework/src/Illuminate/Routing/Router.php(748): Illuminate/Routing/Router->runRoute(Object(Illuminate/Http/Request), Object(Illuminate/Routing/Route))
#42 D:/laravel/office/cioas/vendor/laravel/framework/src/Illuminate/Routing/Router.php(737): Illuminate/Routing/Router->dispatchToRoute(Object(Illuminate/Http/Request))
#43 D:/laravel/office/cioas/vendor/laravel/framework/src/Illuminate/Foundation/Http/Kernel.php(200): Illuminate/Routing/Router->dispatch(Object(Illuminate/Http/Request))
#44 D:/laravel/office/cioas/vendor/laravel/framework/src/Illuminate/Pipeline/Pipeline.php(144): Illuminate/Foundation/Http/Kernel->Illuminate/Foundation/Http/{closure}(Object(Illuminate/Http/Request))
#45 D:/laravel/office/cioas/vendor/laravel/framework/src/Illuminate/Foundation/Http/Middleware/TransformsRequest.php(21): Illuminate/Pipeline/Pipeline->Illuminate/Pipeline/{closure}(Object(Illuminate/Http/Request))
#46 D:/laravel/office/cioas/vendor/laravel/framework/src/Illuminate/Foundation/Http/Middleware/ConvertEmptyStringsToNull.php(31): Illuminate/Foundation/Http/Middleware/TransformsRequest->handle(Object(Illuminate/Http/Request), Object(Closure))
#47 D:/laravel/office/cioas/vendor/laravel/framework/src/Illuminate/Pipeline/Pipeline.php(183): Illuminate/Foundation/Http/Middleware/ConvertEmptyStringsToNull->handle(Object(Illuminate/Http/Request), Object(Closure))
#48 D:/laravel/office/cioas/vendor/laravel/framework/src/Illuminate/Foundation/Http/Middleware/TransformsRequest.php(21): Illuminate/Pipeline/Pipeline->Illuminate/Pipeline/{closure}(Object(Illuminate/Http/Request))
#49 D:/laravel/office/cioas/vendor/laravel/framework/src/Illuminate/Foundation/Http/Middleware/TrimStrings.php(40): Illuminate/Foundation/Http/Middleware/TransformsRequest->handle(Object(Illuminate/Http/Request), Object(Closure))
#50 D:/laravel/office/cioas/vendor/laravel/framework/src/Illuminate/Pipeline/Pipeline.php(183): Illuminate/Foundation/Http/Middleware/TrimStrings->handle(Object(Illuminate/Http/Request), Object(Closure))
#51 D:/laravel/office/cioas/vendor/laravel/framework/src/Illuminate/Foundation/Http/Middleware/ValidatePostSize.php(27): Illuminate/Pipeline/Pipeline->Illuminate/Pipeline/{closure}(Object(Illuminate/Http/Request))
#52 D:/laravel/office/cioas/vendor/laravel/framework/src/Illuminate/Pipeline/Pipeline.php(183): Illuminate/Foundation/Http/Middleware/ValidatePostSize->handle(Object(Illuminate/Http/Request), Object(Closure))
#53 D:/laravel/office/cioas/vendor/laravel/framework/src/Illuminate/Foundation/Http/Middleware/PreventRequestsDuringMaintenance.php(99): Illuminate/Pipeline/Pipeline->Illuminate/Pipeline/{closure}(Object(Illuminate/Http/Request))
#54 D:/laravel/office/cioas/vendor/laravel/framework/src/Illuminate/Pipeline/Pipeline.php(183): Illuminate/Foundation/Http/Middleware/PreventRequestsDuringMaintenance->handle(Object(Illuminate/Http/Request), Object(Closure))
#55 D:/laravel/office/cioas/vendor/laravel/framework/src/Illuminate/Http/Middleware/TrustProxies.php(39): Illuminate/Pipeline/Pipeline->Illuminate/Pipeline/{closure}(Object(Illuminate/Http/Request))
#56 D:/laravel/office/cioas/vendor/laravel/framework/src/Illuminate/Pipeline/Pipeline.php(183): Illuminate/Http/Middleware/TrustProxies->handle(Object(Illuminate/Http/Request), Object(Closure))
#57 D:/laravel/office/cioas/vendor/laravel/framework/src/Illuminate/Pipeline/Pipeline.php(119): Illuminate/Pipeline/Pipeline->Illuminate/Pipeline/{closure}(Object(Illuminate/Http/Request))
#58 D:/laravel/office/cioas/vendor/laravel/framework/src/Illuminate/Foundation/Http/Kernel.php(175): Illuminate/Pipeline/Pipeline->then(Object(Closure))
#59 D:/laravel/office/cioas/vendor/laravel/framework/src/Illuminate/Foundation/Http/Kernel.php(144): Illuminate/Foundation/Http/Kernel->sendRequestThroughRouter(Object(Illuminate/Http/Request))
#60 D:/laravel/office/cioas/public/index.php(51): Illuminate/Foundation/Http/Kernel->handle(Object(Illuminate/Http/Request))
#61 D:/laravel/office/cioas/server.php(21): require_once('D://laravel//offi...')
#62 {main}
"} 
[2026-05-09 17:52:21] local.ERROR: Attempt to read property "gender" on null (View: D:\laravel\office\cioas\resources\views\backend\pages\hotel-restaurant\forms\ownership.blade.php) (View: D:\laravel\office\cioas\resources\views\backend\pages\hotel-restaurant\forms\ownership.blade.php) {"userId":1,"exception":"[object] (Illuminate\\View\\ViewException(code: 0): Attempt to read property \"gender\" on null (View: D:\\laravel\\office\\cioas\\resources\\views\\backend\\pages\\hotel-restaurant\\forms\\ownership.blade.php) (View: D:\\laravel\\office\\cioas\\resources\\views\\backend\\pages\\hotel-restaurant\\forms\\ownership.blade.php) at D:/laravel/office/cioas/storage/framework/views/286d2f91dc3a0890649958bf3891e1c6.php:57)
[stacktrace]
#0 D:/laravel/office/cioas/vendor/laravel/framework/src/Illuminate/View/Engines/PhpEngine.php(60): Illuminate/View/Engines/CompilerEngine->handleViewException(Object(Illuminate/View/ViewException), 1)
#1 D:/laravel/office/cioas/vendor/laravel/framework/src/Illuminate/View/Engines/CompilerEngine.php(72): Illuminate/View/Engines/PhpEngine->evaluatePath('D://laravel//offi...', Array)
#2 D:/laravel/office/cioas/vendor/laravel/framework/src/Illuminate/View/View.php(207): Illuminate/View/Engines/CompilerEngine->get('D://laravel//offi...', Array)
#3 D:/laravel/office/cioas/vendor/laravel/framework/src/Illuminate/View/View.php(190): Illuminate/View/View->getContents()
#4 D:/laravel/office/cioas/vendor/laravel/framework/src/Illuminate/View/View.php(159): Illuminate/View/View->renderContents()
#5 D:/laravel/office/cioas/vendor/laravel/framework/src/Illuminate/Http/Response.php(69): Illuminate/View/View->render()
#6 D:/laravel/office/cioas/vendor/laravel/framework/src/Illuminate/Http/Response.php(35): Illuminate/Http/Response->setContent(Object(Illuminate/View/View))
#7 D:/laravel/office/cioas/vendor/laravel/framework/src/Illuminate/Routing/Router.php(918): Illuminate/Http/Response->__construct(Object(Illuminate/View/View), 200, Array)
#8 D:/laravel/office/cioas/vendor/laravel/framework/src/Illuminate/Routing/Router.php(885): Illuminate/Routing/Router::toResponse(Object(Illuminate/Http/Request), Object(Illuminate/View/View))
#9 D:/laravel/office/cioas/vendor/laravel/framework/src/Illuminate/Routing/Router.php(805): Illuminate/Routing/Router->prepareResponse(Object(Illuminate/Http/Request), Object(Illuminate/View/View))
#10 D:/laravel/office/cioas/vendor/laravel/framework/src/Illuminate/Pipeline/Pipeline.php(144): Illuminate/Routing/Router->Illuminate/Routing/{closure}(Object(Illuminate/Http/Request))
#11 D:/laravel/office/cioas/vendor/laravel/framework/src/Illuminate/Routing/Middleware/SubstituteBindings.php(50): Illuminate/Pipeline/Pipeline->Illuminate/Pipeline/{closure}(Object(Illuminate/Http/Request))
#12 D:/laravel/office/cioas/vendor/laravel/framework/src/Illuminate/Pipeline/Pipeline.php(183): Illuminate/Routing/Middleware/SubstituteBindings->handle(Object(Illuminate/Http/Request), Object(Closure))
#13 D:/laravel/office/cioas/vendor/laravel/framework/src/Illuminate/Auth/Middleware/Authenticate.php(57): Illuminate/Pipeline/Pipeline->Illuminate/Pipeline/{closure}(Object(Illuminate/Http/Request))
#14 D:/laravel/office/cioas/vendor/laravel/framework/src/Illuminate/Pipeline/Pipeline.php(183): Illuminate/Auth/Middleware/Authenticate->handle(Object(Illuminate/Http/Request), Object(Closure))
#15 D:/laravel/office/cioas/vendor/laravel/framework/src/Illuminate/Foundation/Http/Middleware/VerifyCsrfToken.php(78): Illuminate/Pipeline/Pipeline->Illuminate/Pipeline/{closure}(Object(Illuminate/Http/Request))
#16 D:/laravel/office/cioas/vendor/laravel/framework/src/Illuminate/Pipeline/Pipeline.php(183): Illuminate/Foundation/Http/Middleware/VerifyCsrfToken->handle(Object(Illuminate/Http/Request), Object(Closure))
#17 D:/laravel/office/cioas/vendor/laravel/framework/src/Illuminate/View/Middleware/ShareErrorsFromSession.php(49): Illuminate/Pipeline/Pipeline->Illuminate/Pipeline/{closure}(Object(Illuminate/Http/Request))
#18 D:/laravel/office/cioas/vendor/laravel/framework/src/Illuminate/Pipeline/Pipeline.php(183): Illuminate/View/Middleware/ShareErrorsFromSession->handle(Object(Illuminate/Http/Request), Object(Closure))
#19 D:/laravel/office/cioas/vendor/laravel/framework/src/Illuminate/Session/Middleware/StartSession.php(121): Illuminate/Pipeline/Pipeline->Illuminate/Pipeline/{closure}(Object(Illuminate/Http/Request))
#20 D:/laravel/office/cioas/vendor/laravel/framework/src/Illuminate/Session/Middleware/StartSession.php(64): Illuminate/Session/Middleware/StartSession->handleStatefulRequest(Object(Illuminate/Http/Request), Object(Illuminate/Session/Store), Object(Closure))
#21 D:/laravel/office/cioas/vendor/laravel/framework/src/Illuminate/Pipeline/Pipeline.php(183): Illuminate/Session/Middleware/StartSession->handle(Object(Illuminate/Http/Request), Object(Closure))
#22 D:/laravel/office/cioas/vendor/laravel/framework/src/Illuminate/Cookie/Middleware/AddQueuedCookiesToResponse.php(37): Illuminate/Pipeline/Pipeline->Illuminate/Pipeline/{closure}(Object(Illuminate/Http/Request))
#23 D:/laravel/office/cioas/vendor/laravel/framework/src/Illuminate/Pipeline/Pipeline.php(183): Illuminate/Cookie/Middleware/AddQueuedCookiesToResponse->handle(Object(Illuminate/Http/Request), Object(Closure))
#24 D:/laravel/office/cioas/vendor/laravel/framework/src/Illuminate/Cookie/Middleware/EncryptCookies.php(67): Illuminate/Pipeline/Pipeline->Illuminate/Pipeline/{closure}(Object(Illuminate/Http/Request))
#25 D:/laravel/office/cioas/vendor/laravel/framework/src/Illuminate/Pipeline/Pipeline.php(183): Illuminate/Cookie/Middleware/EncryptCookies->handle(Object(Illuminate/Http/Request), Object(Closure))
#26 D:/laravel/office/cioas/vendor/laravel/framework/src/Illuminate/Pipeline/Pipeline.php(119): Illuminate/Pipeline/Pipeline->Illuminate/Pipeline/{closure}(Object(Illuminate/Http/Request))
#27 D:/laravel/office/cioas/vendor/laravel/framework/src/Illuminate/Routing/Router.php(805): Illuminate/Pipeline/Pipeline->then(Object(Closure))
#28 D:/laravel/office/cioas/vendor/laravel/framework/src/Illuminate/Routing/Router.php(784): Illuminate/Routing/Router->runRouteWithinStack(Object(Illuminate/Routing/Route), Object(Illuminate/Http/Request))
#29 D:/laravel/office/cioas/vendor/laravel/framework/src/Illuminate/Routing/Router.php(748): Illuminate/Routing/Router->runRoute(Object(Illuminate/Http/Request), Object(Illuminate/Routing/Route))
#30 D:/laravel/office/cioas/vendor/laravel/framework/src/Illuminate/Routing/Router.php(737): Illuminate/Routing/Router->dispatchToRoute(Object(Illuminate/Http/Request))
#31 D:/laravel/office/cioas/vendor/laravel/framework/src/Illuminate/Foundation/Http/Kernel.php(200): Illuminate/Routing/Router->dispatch(Object(Illuminate/Http/Request))
#32 D:/laravel/office/cioas/vendor/laravel/framework/src/Illuminate/Pipeline/Pipeline.php(144): Illuminate/Foundation/Http/Kernel->Illuminate/Foundation/Http/{closure}(Object(Illuminate/Http/Request))
#33 D:/laravel/office/cioas/vendor/laravel/framework/src/Illuminate/Foundation/Http/Middleware/TransformsRequest.php(21): Illuminate/Pipeline/Pipeline->Illuminate/Pipeline/{closure}(Object(Illuminate/Http/Request))
#34 D:/laravel/office/cioas/vendor/laravel/framework/src/Illuminate/Foundation/Http/Middleware/ConvertEmptyStringsToNull.php(31): Illuminate/Foundation/Http/Middleware/TransformsRequest->handle(Object(Illuminate/Http/Request), Object(Closure))
#35 D:/laravel/office/cioas/vendor/laravel/framework/src/Illuminate/Pipeline/Pipeline.php(183): Illuminate/Foundation/Http/Middleware/ConvertEmptyStringsToNull->handle(Object(Illuminate/Http/Request), Object(Closure))
#36 D:/laravel/office/cioas/vendor/laravel/framework/src/Illuminate/Foundation/Http/Middleware/TransformsRequest.php(21): Illuminate/Pipeline/Pipeline->Illuminate/Pipeline/{closure}(Object(Illuminate/Http/Request))
#37 D:/laravel/office/cioas/vendor/laravel/framework/src/Illuminate/Foundation/Http/Middleware/TrimStrings.php(40): Illuminate/Foundation/Http/Middleware/TransformsRequest->handle(Object(Illuminate/Http/Request), Object(Closure))
#38 D:/laravel/office/cioas/vendor/laravel/framework/src/Illuminate/Pipeline/Pipeline.php(183): Illuminate/Foundation/Http/Middleware/TrimStrings->handle(Object(Illuminate/Http/Request), Object(Closure))
#39 D:/laravel/office/cioas/vendor/laravel/framework/src/Illuminate/Foundation/Http/Middleware/ValidatePostSize.php(27): Illuminate/Pipeline/Pipeline->Illuminate/Pipeline/{closure}(Object(Illuminate/Http/Request))
#40 D:/laravel/office/cioas/vendor/laravel/framework/src/Illuminate/Pipeline/Pipeline.php(183): Illuminate/Foundation/Http/Middleware/ValidatePostSize->handle(Object(Illuminate/Http/Request), Object(Closure))
#41 D:/laravel/office/cioas/vendor/laravel/framework/src/Illuminate/Foundation/Http/Middleware/PreventRequestsDuringMaintenance.php(99): Illuminate/Pipeline/Pipeline->Illuminate/Pipeline/{closure}(Object(Illuminate/Http/Request))
#42 D:/laravel/office/cioas/vendor/laravel/framework/src/Illuminate/Pipeline/Pipeline.php(183): Illuminate/Foundation/Http/Middleware/PreventRequestsDuringMaintenance->handle(Object(Illuminate/Http/Request), Object(Closure))
#43 D:/laravel/office/cioas/vendor/laravel/framework/src/Illuminate/Http/Middleware/TrustProxies.php(39): Illuminate/Pipeline/Pipeline->Illuminate/Pipeline/{closure}(Object(Illuminate/Http/Request))
#44 D:/laravel/office/cioas/vendor/laravel/framework/src/Illuminate/Pipeline/Pipeline.php(183): Illuminate/Http/Middleware/TrustProxies->handle(Object(Illuminate/Http/Request), Object(Closure))
#45 D:/laravel/office/cioas/vendor/laravel/framework/src/Illuminate/Pipeline/Pipeline.php(119): Illuminate/Pipeline/Pipeline->Illuminate/Pipeline/{closure}(Object(Illuminate/Http/Request))
#46 D:/laravel/office/cioas/vendor/laravel/framework/src/Illuminate/Foundation/Http/Kernel.php(175): Illuminate/Pipeline/Pipeline->then(Object(Closure))
#47 D:/laravel/office/cioas/vendor/laravel/framework/src/Illuminate/Foundation/Http/Kernel.php(144): Illuminate/Foundation/Http/Kernel->sendRequestThroughRouter(Object(Illuminate/Http/Request))
#48 D:/laravel/office/cioas/public/index.php(51): Illuminate/Foundation/Http/Kernel->handle(Object(Illuminate/Http/Request))
#49 D:/laravel/office/cioas/server.php(21): require_once('D://laravel//offi...')
#50 {main}

[previous exception] [object] (Illuminate\\View\\ViewException(code: 0): Attempt to read property \"gender\" on null (View: D:\\laravel\\office\\cioas\\resources\\views\\backend\\pages\\hotel-restaurant\\forms\\ownership.blade.php) at D:/laravel/office/cioas/storage/framework/views/286d2f91dc3a0890649958bf3891e1c6.php:57)
[stacktrace]
#0 D:/laravel/office/cioas/vendor/laravel/framework/src/Illuminate/View/Engines/PhpEngine.php(60): Illuminate/View/Engines/CompilerEngine->handleViewException(Object(ErrorException), 3)
#1 D:/laravel/office/cioas/vendor/laravel/framework/src/Illuminate/View/Engines/CompilerEngine.php(72): Illuminate/View/Engines/PhpEngine->evaluatePath('D://laravel//offi...', Array)
#2 D:/laravel/office/cioas/vendor/laravel/framework/src/Illuminate/View/View.php(207): Illuminate/View/Engines/CompilerEngine->get('D://laravel//offi...', Array)
#3 D:/laravel/office/cioas/vendor/laravel/framework/src/Illuminate/View/View.php(190): Illuminate/View/View->getContents()
#4 D:/laravel/office/cioas/vendor/laravel/framework/src/Illuminate/View/View.php(159): Illuminate/View/View->renderContents()
#5 D:/laravel/office/cioas/storage/framework/views/539cc100aa3120664a2ccbace1b73a54.php(62): Illuminate/View/View->render()
#6 D:/laravel/office/cioas/vendor/laravel/framework/src/Illuminate/Filesystem/Filesystem.php(123): require('D://laravel//offi...')
#7 D:/laravel/office/cioas/vendor/laravel/framework/src/Illuminate/Filesystem/Filesystem.php(124): Illuminate/Filesystem/Filesystem::Illuminate/Filesystem/{closure}()
#8 D:/laravel/office/cioas/vendor/laravel/framework/src/Illuminate/View/Engines/PhpEngine.php(58): Illuminate/Filesystem/Filesystem->getRequire('D://laravel//offi...', Array)
#9 D:/laravel/office/cioas/vendor/laravel/framework/src/Illuminate/View/Engines/CompilerEngine.php(72): Illuminate/View/Engines/PhpEngine->evaluatePath('D://laravel//offi...', Array)
#10 D:/laravel/office/cioas/vendor/laravel/framework/src/Illuminate/View/View.php(207): Illuminate/View/Engines/CompilerEngine->get('D://laravel//offi...', Array)
#11 D:/laravel/office/cioas/vendor/laravel/framework/src/Illuminate/View/View.php(190): Illuminate/View/View->getContents()
#12 D:/laravel/office/cioas/vendor/laravel/framework/src/Illuminate/View/View.php(159): Illuminate/View/View->renderContents()
#13 D:/laravel/office/cioas/vendor/laravel/framework/src/Illuminate/Http/Response.php(69): Illuminate/View/View->render()
#14 D:/laravel/office/cioas/vendor/laravel/framework/src/Illuminate/Http/Response.php(35): Illuminate/Http/Response->setContent(Object(Illuminate/View/View))
#15 D:/laravel/office/cioas/vendor/laravel/framework/src/Illuminate/Routing/Router.php(918): Illuminate/Http/Response->__construct(Object(Illuminate/View/View), 200, Array)
#16 D:/laravel/office/cioas/vendor/laravel/framework/src/Illuminate/Routing/Router.php(885): Illuminate/Routing/Router::toResponse(Object(Illuminate/Http/Request), Object(Illuminate/View/View))
#17 D:/laravel/office/cioas/vendor/laravel/framework/src/Illuminate/Routing/Router.php(805): Illuminate/Routing/Router->prepareResponse(Object(Illuminate/Http/Request), Object(Illuminate/View/View))
#18 D:/laravel/office/cioas/vendor/laravel/framework/src/Illuminate/Pipeline/Pipeline.php(144): Illuminate/Routing/Router->Illuminate/Routing/{closure}(Object(Illuminate/Http/Request))
#19 D:/laravel/office/cioas/vendor/laravel/framework/src/Illuminate/Routing/Middleware/SubstituteBindings.php(50): Illuminate/Pipeline/Pipeline->Illuminate/Pipeline/{closure}(Object(Illuminate/Http/Request))
#20 D:/laravel/office/cioas/vendor/laravel/framework/src/Illuminate/Pipeline/Pipeline.php(183): Illuminate/Routing/Middleware/SubstituteBindings->handle(Object(Illuminate/Http/Request), Object(Closure))
#21 D:/laravel/office/cioas/vendor/laravel/framework/src/Illuminate/Auth/Middleware/Authenticate.php(57): Illuminate/Pipeline/Pipeline->Illuminate/Pipeline/{closure}(Object(Illuminate/Http/Request))
#22 D:/laravel/office/cioas/vendor/laravel/framework/src/Illuminate/Pipeline/Pipeline.php(183): Illuminate/Auth/Middleware/Authenticate->handle(Object(Illuminate/Http/Request), Object(Closure))
#23 D:/laravel/office/cioas/vendor/laravel/framework/src/Illuminate/Foundation/Http/Middleware/VerifyCsrfToken.php(78): Illuminate/Pipeline/Pipeline->Illuminate/Pipeline/{closure}(Object(Illuminate/Http/Request))
#24 D:/laravel/office/cioas/vendor/laravel/framework/src/Illuminate/Pipeline/Pipeline.php(183): Illuminate/Foundation/Http/Middleware/VerifyCsrfToken->handle(Object(Illuminate/Http/Request), Object(Closure))
#25 D:/laravel/office/cioas/vendor/laravel/framework/src/Illuminate/View/Middleware/ShareErrorsFromSession.php(49): Illuminate/Pipeline/Pipeline->Illuminate/Pipeline/{closure}(Object(Illuminate/Http/Request))
#26 D:/laravel/office/cioas/vendor/laravel/framework/src/Illuminate/Pipeline/Pipeline.php(183): Illuminate/View/Middleware/ShareErrorsFromSession->handle(Object(Illuminate/Http/Request), Object(Closure))
#27 D:/laravel/office/cioas/vendor/laravel/framework/src/Illuminate/Session/Middleware/StartSession.php(121): Illuminate/Pipeline/Pipeline->Illuminate/Pipeline/{closure}(Object(Illuminate/Http/Request))
#28 D:/laravel/office/cioas/vendor/laravel/framework/src/Illuminate/Session/Middleware/StartSession.php(64): Illuminate/Session/Middleware/StartSession->handleStatefulRequest(Object(Illuminate/Http/Request), Object(Illuminate/Session/Store), Object(Closure))
#29 D:/laravel/office/cioas/vendor/laravel/framework/src/Illuminate/Pipeline/Pipeline.php(183): Illuminate/Session/Middleware/StartSession->handle(Object(Illuminate/Http/Request), Object(Closure))
#30 D:/laravel/office/cioas/vendor/laravel/framework/src/Illuminate/Cookie/Middleware/AddQueuedCookiesToResponse.php(37): Illuminate/Pipeline/Pipeline->Illuminate/Pipeline/{closure}(Object(Illuminate/Http/Request))
#31 D:/laravel/office/cioas/vendor/laravel/framework/src/Illuminate/Pipeline/Pipeline.php(183): Illuminate/Cookie/Middleware/AddQueuedCookiesToResponse->handle(Object(Illuminate/Http/Request), Object(Closure))
#32 D:/laravel/office/cioas/vendor/laravel/framework/src/Illuminate/Cookie/Middleware/EncryptCookies.php(67): Illuminate/Pipeline/Pipeline->Illuminate/Pipeline/{closure}(Object(Illuminate/Http/Request))
#33 D:/laravel/office/cioas/vendor/laravel/framework/src/Illuminate/Pipeline/Pipeline.php(183): Illuminate/Cookie/Middleware/EncryptCookies->handle(Object(Illuminate/Http/Request), Object(Closure))
#34 D:/laravel/office/cioas/vendor/laravel/framework/src/Illuminate/Pipeline/Pipeline.php(119): Illuminate/Pipeline/Pipeline->Illuminate/Pipeline/{closure}(Object(Illuminate/Http/Request))
#35 D:/laravel/office/cioas/vendor/laravel/framework/src/Illuminate/Routing/Router.php(805): Illuminate/Pipeline/Pipeline->then(Object(Closure))
#36 D:/laravel/office/cioas/vendor/laravel/framework/src/Illuminate/Routing/Router.php(784): Illuminate/Routing/Router->runRouteWithinStack(Object(Illuminate/Routing/Route), Object(Illuminate/Http/Request))
#37 D:/laravel/office/cioas/vendor/laravel/framework/src/Illuminate/Routing/Router.php(748): Illuminate/Routing/Router->runRoute(Object(Illuminate/Http/Request), Object(Illuminate/Routing/Route))
#38 D:/laravel/office/cioas/vendor/laravel/framework/src/Illuminate/Routing/Router.php(737): Illuminate/Routing/Router->dispatchToRoute(Object(Illuminate/Http/Request))
#39 D:/laravel/office/cioas/vendor/laravel/framework/src/Illuminate/Foundation/Http/Kernel.php(200): Illuminate/Routing/Router->dispatch(Object(Illuminate/Http/Request))
#40 D:/laravel/office/cioas/vendor/laravel/framework/src/Illuminate/Pipeline/Pipeline.php(144): Illuminate/Foundation/Http/Kernel->Illuminate/Foundation/Http/{closure}(Object(Illuminate/Http/Request))
#41 D:/laravel/office/cioas/vendor/laravel/framework/src/Illuminate/Foundation/Http/Middleware/TransformsRequest.php(21): Illuminate/Pipeline/Pipeline->Illuminate/Pipeline/{closure}(Object(Illuminate/Http/Request))
#42 D:/laravel/office/cioas/vendor/laravel/framework/src/Illuminate/Foundation/Http/Middleware/ConvertEmptyStringsToNull.php(31): Illuminate/Foundation/Http/Middleware/TransformsRequest->handle(Object(Illuminate/Http/Request), Object(Closure))
#43 D:/laravel/office/cioas/vendor/laravel/framework/src/Illuminate/Pipeline/Pipeline.php(183): Illuminate/Foundation/Http/Middleware/ConvertEmptyStringsToNull->handle(Object(Illuminate/Http/Request), Object(Closure))
#44 D:/laravel/office/cioas/vendor/laravel/framework/src/Illuminate/Foundation/Http/Middleware/TransformsRequest.php(21): Illuminate/Pipeline/Pipeline->Illuminate/Pipeline/{closure}(Object(Illuminate/Http/Request))
#45 D:/laravel/office/cioas/vendor/laravel/framework/src/Illuminate/Foundation/Http/Middleware/TrimStrings.php(40): Illuminate/Foundation/Http/Middleware/TransformsRequest->handle(Object(Illuminate/Http/Request), Object(Closure))
#46 D:/laravel/office/cioas/vendor/laravel/framework/src/Illuminate/Pipeline/Pipeline.php(183): Illuminate/Foundation/Http/Middleware/TrimStrings->handle(Object(Illuminate/Http/Request), Object(Closure))
#47 D:/laravel/office/cioas/vendor/laravel/framework/src/Illuminate/Foundation/Http/Middleware/ValidatePostSize.php(27): Illuminate/Pipeline/Pipeline->Illuminate/Pipeline/{closure}(Object(Illuminate/Http/Request))
#48 D:/laravel/office/cioas/vendor/laravel/framework/src/Illuminate/Pipeline/Pipeline.php(183): Illuminate/Foundation/Http/Middleware/ValidatePostSize->handle(Object(Illuminate/Http/Request), Object(Closure))
#49 D:/laravel/office/cioas/vendor/laravel/framework/src/Illuminate/Foundation/Http/Middleware/PreventRequestsDuringMaintenance.php(99): Illuminate/Pipeline/Pipeline->Illuminate/Pipeline/{closure}(Object(Illuminate/Http/Request))
#50 D:/laravel/office/cioas/vendor/laravel/framework/src/Illuminate/Pipeline/Pipeline.php(183): Illuminate/Foundation/Http/Middleware/PreventRequestsDuringMaintenance->handle(Object(Illuminate/Http/Request), Object(Closure))
#51 D:/laravel/office/cioas/vendor/laravel/framework/src/Illuminate/Http/Middleware/TrustProxies.php(39): Illuminate/Pipeline/Pipeline->Illuminate/Pipeline/{closure}(Object(Illuminate/Http/Request))
#52 D:/laravel/office/cioas/vendor/laravel/framework/src/Illuminate/Pipeline/Pipeline.php(183): Illuminate/Http/Middleware/TrustProxies->handle(Object(Illuminate/Http/Request), Object(Closure))
#53 D:/laravel/office/cioas/vendor/laravel/framework/src/Illuminate/Pipeline/Pipeline.php(119): Illuminate/Pipeline/Pipeline->Illuminate/Pipeline/{closure}(Object(Illuminate/Http/Request))
#54 D:/laravel/office/cioas/vendor/laravel/framework/src/Illuminate/Foundation/Http/Kernel.php(175): Illuminate/Pipeline/Pipeline->then(Object(Closure))
#55 D:/laravel/office/cioas/vendor/laravel/framework/src/Illuminate/Foundation/Http/Kernel.php(144): Illuminate/Foundation/Http/Kernel->sendRequestThroughRouter(Object(Illuminate/Http/Request))
#56 D:/laravel/office/cioas/public/index.php(51): Illuminate/Foundation/Http/Kernel->handle(Object(Illuminate/Http/Request))
#57 D:/laravel/office/cioas/server.php(21): require_once('D://laravel//offi...')
#58 {main}

[previous exception] [object] (ErrorException(code: 0): Attempt to read property \"gender\" on null at D:/laravel/office/cioas/storage/framework/views/286d2f91dc3a0890649958bf3891e1c6.php:57)
[stacktrace]
#0 D:/laravel/office/cioas/vendor/laravel/framework/src/Illuminate/Foundation/Bootstrap/HandleExceptions.php(255): Illuminate/Foundation/Bootstrap/HandleExceptions->handleError(2, 'Attempt to read...', 'D://laravel//offi...', 57)
#1 D:/laravel/office/cioas/storage/framework/views/286d2f91dc3a0890649958bf3891e1c6.php(57): Illuminate/Foundation/Bootstrap/HandleExceptions->Illuminate/Foundation/Bootstrap/{closure}(2, 'Attempt to read...', 'D://laravel//offi...', 57)
#2 D:/laravel/office/cioas/vendor/laravel/framework/src/Illuminate/Filesystem/Filesystem.php(123): require('D://laravel//offi...')
#3 D:/laravel/office/cioas/vendor/laravel/framework/src/Illuminate/Filesystem/Filesystem.php(124): Illuminate/Filesystem/Filesystem::Illuminate/Filesystem/{closure}()
#4 D:/laravel/office/cioas/vendor/laravel/framework/src/Illuminate/View/Engines/PhpEngine.php(58): Illuminate/Filesystem/Filesystem->getRequire('D://laravel//offi...', Array)
#5 D:/laravel/office/cioas/vendor/laravel/framework/src/Illuminate/View/Engines/CompilerEngine.php(72): Illuminate/View/Engines/PhpEngine->evaluatePath('D://laravel//offi...', Array)
#6 D:/laravel/office/cioas/vendor/laravel/framework/src/Illuminate/View/View.php(207): Illuminate/View/Engines/CompilerEngine->get('D://laravel//offi...', Array)
#7 D:/laravel/office/cioas/vendor/laravel/framework/src/Illuminate/View/View.php(190): Illuminate/View/View->getContents()
#8 D:/laravel/office/cioas/vendor/laravel/framework/src/Illuminate/View/View.php(159): Illuminate/View/View->renderContents()
#9 D:/laravel/office/cioas/storage/framework/views/539cc100aa3120664a2ccbace1b73a54.php(62): Illuminate/View/View->render()
#10 D:/laravel/office/cioas/vendor/laravel/framework/src/Illuminate/Filesystem/Filesystem.php(123): require('D://laravel//offi...')
#11 D:/laravel/office/cioas/vendor/laravel/framework/src/Illuminate/Filesystem/Filesystem.php(124): Illuminate/Filesystem/Filesystem::Illuminate/Filesystem/{closure}()
#12 D:/laravel/office/cioas/vendor/laravel/framework/src/Illuminate/View/Engines/PhpEngine.php(58): Illuminate/Filesystem/Filesystem->getRequire('D://laravel//offi...', Array)
#13 D:/laravel/office/cioas/vendor/laravel/framework/src/Illuminate/View/Engines/CompilerEngine.php(72): Illuminate/View/Engines/PhpEngine->evaluatePath('D://laravel//offi...', Array)
#14 D:/laravel/office/cioas/vendor/laravel/framework/src/Illuminate/View/View.php(207): Illuminate/View/Engines/CompilerEngine->get('D://laravel//offi...', Array)
#15 D:/laravel/office/cioas/vendor/laravel/framework/src/Illuminate/View/View.php(190): Illuminate/View/View->getContents()
#16 D:/laravel/office/cioas/vendor/laravel/framework/src/Illuminate/View/View.php(159): Illuminate/View/View->renderContents()
#17 D:/laravel/office/cioas/vendor/laravel/framework/src/Illuminate/Http/Response.php(69): Illuminate/View/View->render()
#18 D:/laravel/office/cioas/vendor/laravel/framework/src/Illuminate/Http/Response.php(35): Illuminate/Http/Response->setContent(Object(Illuminate/View/View))
#19 D:/laravel/office/cioas/vendor/laravel/framework/src/Illuminate/Routing/Router.php(918): Illuminate/Http/Response->__construct(Object(Illuminate/View/View), 200, Array)
#20 D:/laravel/office/cioas/vendor/laravel/framework/src/Illuminate/Routing/Router.php(885): Illuminate/Routing/Router::toResponse(Object(Illuminate/Http/Request), Object(Illuminate/View/View))
#21 D:/laravel/office/cioas/vendor/laravel/framework/src/Illuminate/Routing/Router.php(805): Illuminate/Routing/Router->prepareResponse(Object(Illuminate/Http/Request), Object(Illuminate/View/View))
#22 D:/laravel/office/cioas/vendor/laravel/framework/src/Illuminate/Pipeline/Pipeline.php(144): Illuminate/Routing/Router->Illuminate/Routing/{closure}(Object(Illuminate/Http/Request))
#23 D:/laravel/office/cioas/vendor/laravel/framework/src/Illuminate/Routing/Middleware/SubstituteBindings.php(50): Illuminate/Pipeline/Pipeline->Illuminate/Pipeline/{closure}(Object(Illuminate/Http/Request))
#24 D:/laravel/office/cioas/vendor/laravel/framework/src/Illuminate/Pipeline/Pipeline.php(183): Illuminate/Routing/Middleware/SubstituteBindings->handle(Object(Illuminate/Http/Request), Object(Closure))
#25 D:/laravel/office/cioas/vendor/laravel/framework/src/Illuminate/Auth/Middleware/Authenticate.php(57): Illuminate/Pipeline/Pipeline->Illuminate/Pipeline/{closure}(Object(Illuminate/Http/Request))
#26 D:/laravel/office/cioas/vendor/laravel/framework/src/Illuminate/Pipeline/Pipeline.php(183): Illuminate/Auth/Middleware/Authenticate->handle(Object(Illuminate/Http/Request), Object(Closure))
#27 D:/laravel/office/cioas/vendor/laravel/framework/src/Illuminate/Foundation/Http/Middleware/VerifyCsrfToken.php(78): Illuminate/Pipeline/Pipeline->Illuminate/Pipeline/{closure}(Object(Illuminate/Http/Request))
#28 D:/laravel/office/cioas/vendor/laravel/framework/src/Illuminate/Pipeline/Pipeline.php(183): Illuminate/Foundation/Http/Middleware/VerifyCsrfToken->handle(Object(Illuminate/Http/Request), Object(Closure))
#29 D:/laravel/office/cioas/vendor/laravel/framework/src/Illuminate/View/Middleware/ShareErrorsFromSession.php(49): Illuminate/Pipeline/Pipeline->Illuminate/Pipeline/{closure}(Object(Illuminate/Http/Request))
#30 D:/laravel/office/cioas/vendor/laravel/framework/src/Illuminate/Pipeline/Pipeline.php(183): Illuminate/View/Middleware/ShareErrorsFromSession->handle(Object(Illuminate/Http/Request), Object(Closure))
#31 D:/laravel/office/cioas/vendor/laravel/framework/src/Illuminate/Session/Middleware/StartSession.php(121): Illuminate/Pipeline/Pipeline->Illuminate/Pipeline/{closure}(Object(Illuminate/Http/Request))
#32 D:/laravel/office/cioas/vendor/laravel/framework/src/Illuminate/Session/Middleware/StartSession.php(64): Illuminate/Session/Middleware/StartSession->handleStatefulRequest(Object(Illuminate/Http/Request), Object(Illuminate/Session/Store), Object(Closure))
#33 D:/laravel/office/cioas/vendor/laravel/framework/src/Illuminate/Pipeline/Pipeline.php(183): Illuminate/Session/Middleware/StartSession->handle(Object(Illuminate/Http/Request), Object(Closure))
#34 D:/laravel/office/cioas/vendor/laravel/framework/src/Illuminate/Cookie/Middleware/AddQueuedCookiesToResponse.php(37): Illuminate/Pipeline/Pipeline->Illuminate/Pipeline/{closure}(Object(Illuminate/Http/Request))
#35 D:/laravel/office/cioas/vendor/laravel/framework/src/Illuminate/Pipeline/Pipeline.php(183): Illuminate/Cookie/Middleware/AddQueuedCookiesToResponse->handle(Object(Illuminate/Http/Request), Object(Closure))
#36 D:/laravel/office/cioas/vendor/laravel/framework/src/Illuminate/Cookie/Middleware/EncryptCookies.php(67): Illuminate/Pipeline/Pipeline->Illuminate/Pipeline/{closure}(Object(Illuminate/Http/Request))
#37 D:/laravel/office/cioas/vendor/laravel/framework/src/Illuminate/Pipeline/Pipeline.php(183): Illuminate/Cookie/Middleware/EncryptCookies->handle(Object(Illuminate/Http/Request), Object(Closure))
#38 D:/laravel/office/cioas/vendor/laravel/framework/src/Illuminate/Pipeline/Pipeline.php(119): Illuminate/Pipeline/Pipeline->Illuminate/Pipeline/{closure}(Object(Illuminate/Http/Request))
#39 D:/laravel/office/cioas/vendor/laravel/framework/src/Illuminate/Routing/Router.php(805): Illuminate/Pipeline/Pipeline->then(Object(Closure))
#40 D:/laravel/office/cioas/vendor/laravel/framework/src/Illuminate/Routing/Router.php(784): Illuminate/Routing/Router->runRouteWithinStack(Object(Illuminate/Routing/Route), Object(Illuminate/Http/Request))
#41 D:/laravel/office/cioas/vendor/laravel/framework/src/Illuminate/Routing/Router.php(748): Illuminate/Routing/Router->runRoute(Object(Illuminate/Http/Request), Object(Illuminate/Routing/Route))
#42 D:/laravel/office/cioas/vendor/laravel/framework/src/Illuminate/Routing/Router.php(737): Illuminate/Routing/Router->dispatchToRoute(Object(Illuminate/Http/Request))
#43 D:/laravel/office/cioas/vendor/laravel/framework/src/Illuminate/Foundation/Http/Kernel.php(200): Illuminate/Routing/Router->dispatch(Object(Illuminate/Http/Request))
#44 D:/laravel/office/cioas/vendor/laravel/framework/src/Illuminate/Pipeline/Pipeline.php(144): Illuminate/Foundation/Http/Kernel->Illuminate/Foundation/Http/{closure}(Object(Illuminate/Http/Request))
#45 D:/laravel/office/cioas/vendor/laravel/framework/src/Illuminate/Foundation/Http/Middleware/TransformsRequest.php(21): Illuminate/Pipeline/Pipeline->Illuminate/Pipeline/{closure}(Object(Illuminate/Http/Request))
#46 D:/laravel/office/cioas/vendor/laravel/framework/src/Illuminate/Foundation/Http/Middleware/ConvertEmptyStringsToNull.php(31): Illuminate/Foundation/Http/Middleware/TransformsRequest->handle(Object(Illuminate/Http/Request), Object(Closure))
#47 D:/laravel/office/cioas/vendor/laravel/framework/src/Illuminate/Pipeline/Pipeline.php(183): Illuminate/Foundation/Http/Middleware/ConvertEmptyStringsToNull->handle(Object(Illuminate/Http/Request), Object(Closure))
#48 D:/laravel/office/cioas/vendor/laravel/framework/src/Illuminate/Foundation/Http/Middleware/TransformsRequest.php(21): Illuminate/Pipeline/Pipeline->Illuminate/Pipeline/{closure}(Object(Illuminate/Http/Request))
#49 D:/laravel/office/cioas/vendor/laravel/framework/src/Illuminate/Foundation/Http/Middleware/TrimStrings.php(40): Illuminate/Foundation/Http/Middleware/TransformsRequest->handle(Object(Illuminate/Http/Request), Object(Closure))
#50 D:/laravel/office/cioas/vendor/laravel/framework/src/Illuminate/Pipeline/Pipeline.php(183): Illuminate/Foundation/Http/Middleware/TrimStrings->handle(Object(Illuminate/Http/Request), Object(Closure))
#51 D:/laravel/office/cioas/vendor/laravel/framework/src/Illuminate/Foundation/Http/Middleware/ValidatePostSize.php(27): Illuminate/Pipeline/Pipeline->Illuminate/Pipeline/{closure}(Object(Illuminate/Http/Request))
#52 D:/laravel/office/cioas/vendor/laravel/framework/src/Illuminate/Pipeline/Pipeline.php(183): Illuminate/Foundation/Http/Middleware/ValidatePostSize->handle(Object(Illuminate/Http/Request), Object(Closure))
#53 D:/laravel/office/cioas/vendor/laravel/framework/src/Illuminate/Foundation/Http/Middleware/PreventRequestsDuringMaintenance.php(99): Illuminate/Pipeline/Pipeline->Illuminate/Pipeline/{closure}(Object(Illuminate/Http/Request))
#54 D:/laravel/office/cioas/vendor/laravel/framework/src/Illuminate/Pipeline/Pipeline.php(183): Illuminate/Foundation/Http/Middleware/PreventRequestsDuringMaintenance->handle(Object(Illuminate/Http/Request), Object(Closure))
#55 D:/laravel/office/cioas/vendor/laravel/framework/src/Illuminate/Http/Middleware/TrustProxies.php(39): Illuminate/Pipeline/Pipeline->Illuminate/Pipeline/{closure}(Object(Illuminate/Http/Request))
#56 D:/laravel/office/cioas/vendor/laravel/framework/src/Illuminate/Pipeline/Pipeline.php(183): Illuminate/Http/Middleware/TrustProxies->handle(Object(Illuminate/Http/Request), Object(Closure))
#57 D:/laravel/office/cioas/vendor/laravel/framework/src/Illuminate/Pipeline/Pipeline.php(119): Illuminate/Pipeline/Pipeline->Illuminate/Pipeline/{closure}(Object(Illuminate/Http/Request))
#58 D:/laravel/office/cioas/vendor/laravel/framework/src/Illuminate/Foundation/Http/Kernel.php(175): Illuminate/Pipeline/Pipeline->then(Object(Closure))
#59 D:/laravel/office/cioas/vendor/laravel/framework/src/Illuminate/Foundation/Http/Kernel.php(144): Illuminate/Foundation/Http/Kernel->sendRequestThroughRouter(Object(Illuminate/Http/Request))
#60 D:/laravel/office/cioas/public/index.php(51): Illuminate/Foundation/Http/Kernel->handle(Object(Illuminate/Http/Request))
#61 D:/laravel/office/cioas/server.php(21): require_once('D://laravel//offi...')
#62 {main}
"} 
[2026-05-09 17:53:03] local.ERROR: Attempt to read property "gender" on null (View: D:\laravel\office\cioas\resources\views\backend\pages\hotel-restaurant\forms\ownership.blade.php) (View: D:\laravel\office\cioas\resources\views\backend\pages\hotel-restaurant\forms\ownership.blade.php) {"userId":1,"exception":"[object] (Illuminate\\View\\ViewException(code: 0): Attempt to read property \"gender\" on null (View: D:\\laravel\\office\\cioas\\resources\\views\\backend\\pages\\hotel-restaurant\\forms\\ownership.blade.php) (View: D:\\laravel\\office\\cioas\\resources\\views\\backend\\pages\\hotel-restaurant\\forms\\ownership.blade.php) at D:/laravel/office/cioas/storage/framework/views/286d2f91dc3a0890649958bf3891e1c6.php:60)
[stacktrace]
#0 D:/laravel/office/cioas/vendor/laravel/framework/src/Illuminate/View/Engines/PhpEngine.php(60): Illuminate/View/Engines/CompilerEngine->handleViewException(Object(Illuminate/View/ViewException), 1)
#1 D:/laravel/office/cioas/vendor/laravel/framework/src/Illuminate/View/Engines/CompilerEngine.php(72): Illuminate/View/Engines/PhpEngine->evaluatePath('D://laravel//offi...', Array)
#2 D:/laravel/office/cioas/vendor/laravel/framework/src/Illuminate/View/View.php(207): Illuminate/View/Engines/CompilerEngine->get('D://laravel//offi...', Array)
#3 D:/laravel/office/cioas/vendor/laravel/framework/src/Illuminate/View/View.php(190): Illuminate/View/View->getContents()
#4 D:/laravel/office/cioas/vendor/laravel/framework/src/Illuminate/View/View.php(159): Illuminate/View/View->renderContents()
#5 D:/laravel/office/cioas/vendor/laravel/framework/src/Illuminate/Http/Response.php(69): Illuminate/View/View->render()
#6 D:/laravel/office/cioas/vendor/laravel/framework/src/Illuminate/Http/Response.php(35): Illuminate/Http/Response->setContent(Object(Illuminate/View/View))
#7 D:/laravel/office/cioas/vendor/laravel/framework/src/Illuminate/Routing/Router.php(918): Illuminate/Http/Response->__construct(Object(Illuminate/View/View), 200, Array)
#8 D:/laravel/office/cioas/vendor/laravel/framework/src/Illuminate/Routing/Router.php(885): Illuminate/Routing/Router::toResponse(Object(Illuminate/Http/Request), Object(Illuminate/View/View))
#9 D:/laravel/office/cioas/vendor/laravel/framework/src/Illuminate/Routing/Router.php(805): Illuminate/Routing/Router->prepareResponse(Object(Illuminate/Http/Request), Object(Illuminate/View/View))
#10 D:/laravel/office/cioas/vendor/laravel/framework/src/Illuminate/Pipeline/Pipeline.php(144): Illuminate/Routing/Router->Illuminate/Routing/{closure}(Object(Illuminate/Http/Request))
#11 D:/laravel/office/cioas/vendor/laravel/framework/src/Illuminate/Routing/Middleware/SubstituteBindings.php(50): Illuminate/Pipeline/Pipeline->Illuminate/Pipeline/{closure}(Object(Illuminate/Http/Request))
#12 D:/laravel/office/cioas/vendor/laravel/framework/src/Illuminate/Pipeline/Pipeline.php(183): Illuminate/Routing/Middleware/SubstituteBindings->handle(Object(Illuminate/Http/Request), Object(Closure))
#13 D:/laravel/office/cioas/vendor/laravel/framework/src/Illuminate/Auth/Middleware/Authenticate.php(57): Illuminate/Pipeline/Pipeline->Illuminate/Pipeline/{closure}(Object(Illuminate/Http/Request))
#14 D:/laravel/office/cioas/vendor/laravel/framework/src/Illuminate/Pipeline/Pipeline.php(183): Illuminate/Auth/Middleware/Authenticate->handle(Object(Illuminate/Http/Request), Object(Closure))
#15 D:/laravel/office/cioas/vendor/laravel/framework/src/Illuminate/Foundation/Http/Middleware/VerifyCsrfToken.php(78): Illuminate/Pipeline/Pipeline->Illuminate/Pipeline/{closure}(Object(Illuminate/Http/Request))
#16 D:/laravel/office/cioas/vendor/laravel/framework/src/Illuminate/Pipeline/Pipeline.php(183): Illuminate/Foundation/Http/Middleware/VerifyCsrfToken->handle(Object(Illuminate/Http/Request), Object(Closure))
#17 D:/laravel/office/cioas/vendor/laravel/framework/src/Illuminate/View/Middleware/ShareErrorsFromSession.php(49): Illuminate/Pipeline/Pipeline->Illuminate/Pipeline/{closure}(Object(Illuminate/Http/Request))
#18 D:/laravel/office/cioas/vendor/laravel/framework/src/Illuminate/Pipeline/Pipeline.php(183): Illuminate/View/Middleware/ShareErrorsFromSession->handle(Object(Illuminate/Http/Request), Object(Closure))
#19 D:/laravel/office/cioas/vendor/laravel/framework/src/Illuminate/Session/Middleware/StartSession.php(121): Illuminate/Pipeline/Pipeline->Illuminate/Pipeline/{closure}(Object(Illuminate/Http/Request))
#20 D:/laravel/office/cioas/vendor/laravel/framework/src/Illuminate/Session/Middleware/StartSession.php(64): Illuminate/Session/Middleware/StartSession->handleStatefulRequest(Object(Illuminate/Http/Request), Object(Illuminate/Session/Store), Object(Closure))
#21 D:/laravel/office/cioas/vendor/laravel/framework/src/Illuminate/Pipeline/Pipeline.php(183): Illuminate/Session/Middleware/StartSession->handle(Object(Illuminate/Http/Request), Object(Closure))
#22 D:/laravel/office/cioas/vendor/laravel/framework/src/Illuminate/Cookie/Middleware/AddQueuedCookiesToResponse.php(37): Illuminate/Pipeline/Pipeline->Illuminate/Pipeline/{closure}(Object(Illuminate/Http/Request))
#23 D:/laravel/office/cioas/vendor/laravel/framework/src/Illuminate/Pipeline/Pipeline.php(183): Illuminate/Cookie/Middleware/AddQueuedCookiesToResponse->handle(Object(Illuminate/Http/Request), Object(Closure))
#24 D:/laravel/office/cioas/vendor/laravel/framework/src/Illuminate/Cookie/Middleware/EncryptCookies.php(67): Illuminate/Pipeline/Pipeline->Illuminate/Pipeline/{closure}(Object(Illuminate/Http/Request))
#25 D:/laravel/office/cioas/vendor/laravel/framework/src/Illuminate/Pipeline/Pipeline.php(183): Illuminate/Cookie/Middleware/EncryptCookies->handle(Object(Illuminate/Http/Request), Object(Closure))
#26 D:/laravel/office/cioas/vendor/laravel/framework/src/Illuminate/Pipeline/Pipeline.php(119): Illuminate/Pipeline/Pipeline->Illuminate/Pipeline/{closure}(Object(Illuminate/Http/Request))
#27 D:/laravel/office/cioas/vendor/laravel/framework/src/Illuminate/Routing/Router.php(805): Illuminate/Pipeline/Pipeline->then(Object(Closure))
#28 D:/laravel/office/cioas/vendor/laravel/framework/src/Illuminate/Routing/Router.php(784): Illuminate/Routing/Router->runRouteWithinStack(Object(Illuminate/Routing/Route), Object(Illuminate/Http/Request))
#29 D:/laravel/office/cioas/vendor/laravel/framework/src/Illuminate/Routing/Router.php(748): Illuminate/Routing/Router->runRoute(Object(Illuminate/Http/Request), Object(Illuminate/Routing/Route))
#30 D:/laravel/office/cioas/vendor/laravel/framework/src/Illuminate/Routing/Router.php(737): Illuminate/Routing/Router->dispatchToRoute(Object(Illuminate/Http/Request))
#31 D:/laravel/office/cioas/vendor/laravel/framework/src/Illuminate/Foundation/Http/Kernel.php(200): Illuminate/Routing/Router->dispatch(Object(Illuminate/Http/Request))
#32 D:/laravel/office/cioas/vendor/laravel/framework/src/Illuminate/Pipeline/Pipeline.php(144): Illuminate/Foundation/Http/Kernel->Illuminate/Foundation/Http/{closure}(Object(Illuminate/Http/Request))
#33 D:/laravel/office/cioas/vendor/laravel/framework/src/Illuminate/Foundation/Http/Middleware/TransformsRequest.php(21): Illuminate/Pipeline/Pipeline->Illuminate/Pipeline/{closure}(Object(Illuminate/Http/Request))
#34 D:/laravel/office/cioas/vendor/laravel/framework/src/Illuminate/Foundation/Http/Middleware/ConvertEmptyStringsToNull.php(31): Illuminate/Foundation/Http/Middleware/TransformsRequest->handle(Object(Illuminate/Http/Request), Object(Closure))
#35 D:/laravel/office/cioas/vendor/laravel/framework/src/Illuminate/Pipeline/Pipeline.php(183): Illuminate/Foundation/Http/Middleware/ConvertEmptyStringsToNull->handle(Object(Illuminate/Http/Request), Object(Closure))
#36 D:/laravel/office/cioas/vendor/laravel/framework/src/Illuminate/Foundation/Http/Middleware/TransformsRequest.php(21): Illuminate/Pipeline/Pipeline->Illuminate/Pipeline/{closure}(Object(Illuminate/Http/Request))
#37 D:/laravel/office/cioas/vendor/laravel/framework/src/Illuminate/Foundation/Http/Middleware/TrimStrings.php(40): Illuminate/Foundation/Http/Middleware/TransformsRequest->handle(Object(Illuminate/Http/Request), Object(Closure))
#38 D:/laravel/office/cioas/vendor/laravel/framework/src/Illuminate/Pipeline/Pipeline.php(183): Illuminate/Foundation/Http/Middleware/TrimStrings->handle(Object(Illuminate/Http/Request), Object(Closure))
#39 D:/laravel/office/cioas/vendor/laravel/framework/src/Illuminate/Foundation/Http/Middleware/ValidatePostSize.php(27): Illuminate/Pipeline/Pipeline->Illuminate/Pipeline/{closure}(Object(Illuminate/Http/Request))
#40 D:/laravel/office/cioas/vendor/laravel/framework/src/Illuminate/Pipeline/Pipeline.php(183): Illuminate/Foundation/Http/Middleware/ValidatePostSize->handle(Object(Illuminate/Http/Request), Object(Closure))
#41 D:/laravel/office/cioas/vendor/laravel/framework/src/Illuminate/Foundation/Http/Middleware/PreventRequestsDuringMaintenance.php(99): Illuminate/Pipeline/Pipeline->Illuminate/Pipeline/{closure}(Object(Illuminate/Http/Request))
#42 D:/laravel/office/cioas/vendor/laravel/framework/src/Illuminate/Pipeline/Pipeline.php(183): Illuminate/Foundation/Http/Middleware/PreventRequestsDuringMaintenance->handle(Object(Illuminate/Http/Request), Object(Closure))
#43 D:/laravel/office/cioas/vendor/laravel/framework/src/Illuminate/Http/Middleware/TrustProxies.php(39): Illuminate/Pipeline/Pipeline->Illuminate/Pipeline/{closure}(Object(Illuminate/Http/Request))
#44 D:/laravel/office/cioas/vendor/laravel/framework/src/Illuminate/Pipeline/Pipeline.php(183): Illuminate/Http/Middleware/TrustProxies->handle(Object(Illuminate/Http/Request), Object(Closure))
#45 D:/laravel/office/cioas/vendor/laravel/framework/src/Illuminate/Pipeline/Pipeline.php(119): Illuminate/Pipeline/Pipeline->Illuminate/Pipeline/{closure}(Object(Illuminate/Http/Request))
#46 D:/laravel/office/cioas/vendor/laravel/framework/src/Illuminate/Foundation/Http/Kernel.php(175): Illuminate/Pipeline/Pipeline->then(Object(Closure))
#47 D:/laravel/office/cioas/vendor/laravel/framework/src/Illuminate/Foundation/Http/Kernel.php(144): Illuminate/Foundation/Http/Kernel->sendRequestThroughRouter(Object(Illuminate/Http/Request))
#48 D:/laravel/office/cioas/public/index.php(51): Illuminate/Foundation/Http/Kernel->handle(Object(Illuminate/Http/Request))
#49 D:/laravel/office/cioas/server.php(21): require_once('D://laravel//offi...')
#50 {main}

[previous exception] [object] (Illuminate\\View\\ViewException(code: 0): Attempt to read property \"gender\" on null (View: D:\\laravel\\office\\cioas\\resources\\views\\backend\\pages\\hotel-restaurant\\forms\\ownership.blade.php) at D:/laravel/office/cioas/storage/framework/views/286d2f91dc3a0890649958bf3891e1c6.php:60)
[stacktrace]
#0 D:/laravel/office/cioas/vendor/laravel/framework/src/Illuminate/View/Engines/PhpEngine.php(60): Illuminate/View/Engines/CompilerEngine->handleViewException(Object(ErrorException), 3)
#1 D:/laravel/office/cioas/vendor/laravel/framework/src/Illuminate/View/Engines/CompilerEngine.php(72): Illuminate/View/Engines/PhpEngine->evaluatePath('D://laravel//offi...', Array)
#2 D:/laravel/office/cioas/vendor/laravel/framework/src/Illuminate/View/View.php(207): Illuminate/View/Engines/CompilerEngine->get('D://laravel//offi...', Array)
#3 D:/laravel/office/cioas/vendor/laravel/framework/src/Illuminate/View/View.php(190): Illuminate/View/View->getContents()
#4 D:/laravel/office/cioas/vendor/laravel/framework/src/Illuminate/View/View.php(159): Illuminate/View/View->renderContents()
#5 D:/laravel/office/cioas/storage/framework/views/539cc100aa3120664a2ccbace1b73a54.php(62): Illuminate/View/View->render()
#6 D:/laravel/office/cioas/vendor/laravel/framework/src/Illuminate/Filesystem/Filesystem.php(123): require('D://laravel//offi...')
#7 D:/laravel/office/cioas/vendor/laravel/framework/src/Illuminate/Filesystem/Filesystem.php(124): Illuminate/Filesystem/Filesystem::Illuminate/Filesystem/{closure}()
#8 D:/laravel/office/cioas/vendor/laravel/framework/src/Illuminate/View/Engines/PhpEngine.php(58): Illuminate/Filesystem/Filesystem->getRequire('D://laravel//offi...', Array)
#9 D:/laravel/office/cioas/vendor/laravel/framework/src/Illuminate/View/Engines/CompilerEngine.php(72): Illuminate/View/Engines/PhpEngine->evaluatePath('D://laravel//offi...', Array)
#10 D:/laravel/office/cioas/vendor/laravel/framework/src/Illuminate/View/View.php(207): Illuminate/View/Engines/CompilerEngine->get('D://laravel//offi...', Array)
#11 D:/laravel/office/cioas/vendor/laravel/framework/src/Illuminate/View/View.php(190): Illuminate/View/View->getContents()
#12 D:/laravel/office/cioas/vendor/laravel/framework/src/Illuminate/View/View.php(159): Illuminate/View/View->renderContents()
#13 D:/laravel/office/cioas/vendor/laravel/framework/src/Illuminate/Http/Response.php(69): Illuminate/View/View->render()
#14 D:/laravel/office/cioas/vendor/laravel/framework/src/Illuminate/Http/Response.php(35): Illuminate/Http/Response->setContent(Object(Illuminate/View/View))
#15 D:/laravel/office/cioas/vendor/laravel/framework/src/Illuminate/Routing/Router.php(918): Illuminate/Http/Response->__construct(Object(Illuminate/View/View), 200, Array)
#16 D:/laravel/office/cioas/vendor/laravel/framework/src/Illuminate/Routing/Router.php(885): Illuminate/Routing/Router::toResponse(Object(Illuminate/Http/Request), Object(Illuminate/View/View))
#17 D:/laravel/office/cioas/vendor/laravel/framework/src/Illuminate/Routing/Router.php(805): Illuminate/Routing/Router->prepareResponse(Object(Illuminate/Http/Request), Object(Illuminate/View/View))
#18 D:/laravel/office/cioas/vendor/laravel/framework/src/Illuminate/Pipeline/Pipeline.php(144): Illuminate/Routing/Router->Illuminate/Routing/{closure}(Object(Illuminate/Http/Request))
#19 D:/laravel/office/cioas/vendor/laravel/framework/src/Illuminate/Routing/Middleware/SubstituteBindings.php(50): Illuminate/Pipeline/Pipeline->Illuminate/Pipeline/{closure}(Object(Illuminate/Http/Request))
#20 D:/laravel/office/cioas/vendor/laravel/framework/src/Illuminate/Pipeline/Pipeline.php(183): Illuminate/Routing/Middleware/SubstituteBindings->handle(Object(Illuminate/Http/Request), Object(Closure))
#21 D:/laravel/office/cioas/vendor/laravel/framework/src/Illuminate/Auth/Middleware/Authenticate.php(57): Illuminate/Pipeline/Pipeline->Illuminate/Pipeline/{closure}(Object(Illuminate/Http/Request))
#22 D:/laravel/office/cioas/vendor/laravel/framework/src/Illuminate/Pipeline/Pipeline.php(183): Illuminate/Auth/Middleware/Authenticate->handle(Object(Illuminate/Http/Request), Object(Closure))
#23 D:/laravel/office/cioas/vendor/laravel/framework/src/Illuminate/Foundation/Http/Middleware/VerifyCsrfToken.php(78): Illuminate/Pipeline/Pipeline->Illuminate/Pipeline/{closure}(Object(Illuminate/Http/Request))
#24 D:/laravel/office/cioas/vendor/laravel/framework/src/Illuminate/Pipeline/Pipeline.php(183): Illuminate/Foundation/Http/Middleware/VerifyCsrfToken->handle(Object(Illuminate/Http/Request), Object(Closure))
#25 D:/laravel/office/cioas/vendor/laravel/framework/src/Illuminate/View/Middleware/ShareErrorsFromSession.php(49): Illuminate/Pipeline/Pipeline->Illuminate/Pipeline/{closure}(Object(Illuminate/Http/Request))
#26 D:/laravel/office/cioas/vendor/laravel/framework/src/Illuminate/Pipeline/Pipeline.php(183): Illuminate/View/Middleware/ShareErrorsFromSession->handle(Object(Illuminate/Http/Request), Object(Closure))
#27 D:/laravel/office/cioas/vendor/laravel/framework/src/Illuminate/Session/Middleware/StartSession.php(121): Illuminate/Pipeline/Pipeline->Illuminate/Pipeline/{closure}(Object(Illuminate/Http/Request))
#28 D:/laravel/office/cioas/vendor/laravel/framework/src/Illuminate/Session/Middleware/StartSession.php(64): Illuminate/Session/Middleware/StartSession->handleStatefulRequest(Object(Illuminate/Http/Request), Object(Illuminate/Session/Store), Object(Closure))
#29 D:/laravel/office/cioas/vendor/laravel/framework/src/Illuminate/Pipeline/Pipeline.php(183): Illuminate/Session/Middleware/StartSession->handle(Object(Illuminate/Http/Request), Object(Closure))
#30 D:/laravel/office/cioas/vendor/laravel/framework/src/Illuminate/Cookie/Middleware/AddQueuedCookiesToResponse.php(37): Illuminate/Pipeline/Pipeline->Illuminate/Pipeline/{closure}(Object(Illuminate/Http/Request))
#31 D:/laravel/office/cioas/vendor/laravel/framework/src/Illuminate/Pipeline/Pipeline.php(183): Illuminate/Cookie/Middleware/AddQueuedCookiesToResponse->handle(Object(Illuminate/Http/Request), Object(Closure))
#32 D:/laravel/office/cioas/vendor/laravel/framework/src/Illuminate/Cookie/Middleware/EncryptCookies.php(67): Illuminate/Pipeline/Pipeline->Illuminate/Pipeline/{closure}(Object(Illuminate/Http/Request))
#33 D:/laravel/office/cioas/vendor/laravel/framework/src/Illuminate/Pipeline/Pipeline.php(183): Illuminate/Cookie/Middleware/EncryptCookies->handle(Object(Illuminate/Http/Request), Object(Closure))
#34 D:/laravel/office/cioas/vendor/laravel/framework/src/Illuminate/Pipeline/Pipeline.php(119): Illuminate/Pipeline/Pipeline->Illuminate/Pipeline/{closure}(Object(Illuminate/Http/Request))
#35 D:/laravel/office/cioas/vendor/laravel/framework/src/Illuminate/Routing/Router.php(805): Illuminate/Pipeline/Pipeline->then(Object(Closure))
#36 D:/laravel/office/cioas/vendor/laravel/framework/src/Illuminate/Routing/Router.php(784): Illuminate/Routing/Router->runRouteWithinStack(Object(Illuminate/Routing/Route), Object(Illuminate/Http/Request))
#37 D:/laravel/office/cioas/vendor/laravel/framework/src/Illuminate/Routing/Router.php(748): Illuminate/Routing/Router->runRoute(Object(Illuminate/Http/Request), Object(Illuminate/Routing/Route))
#38 D:/laravel/office/cioas/vendor/laravel/framework/src/Illuminate/Routing/Router.php(737): Illuminate/Routing/Router->dispatchToRoute(Object(Illuminate/Http/Request))
#39 D:/laravel/office/cioas/vendor/laravel/framework/src/Illuminate/Foundation/Http/Kernel.php(200): Illuminate/Routing/Router->dispatch(Object(Illuminate/Http/Request))
#40 D:/laravel/office/cioas/vendor/laravel/framework/src/Illuminate/Pipeline/Pipeline.php(144): Illuminate/Foundation/Http/Kernel->Illuminate/Foundation/Http/{closure}(Object(Illuminate/Http/Request))
#41 D:/laravel/office/cioas/vendor/laravel/framework/src/Illuminate/Foundation/Http/Middleware/TransformsRequest.php(21): Illuminate/Pipeline/Pipeline->Illuminate/Pipeline/{closure}(Object(Illuminate/Http/Request))
#42 D:/laravel/office/cioas/vendor/laravel/framework/src/Illuminate/Foundation/Http/Middleware/ConvertEmptyStringsToNull.php(31): Illuminate/Foundation/Http/Middleware/TransformsRequest->handle(Object(Illuminate/Http/Request), Object(Closure))
#43 D:/laravel/office/cioas/vendor/laravel/framework/src/Illuminate/Pipeline/Pipeline.php(183): Illuminate/Foundation/Http/Middleware/ConvertEmptyStringsToNull->handle(Object(Illuminate/Http/Request), Object(Closure))
#44 D:/laravel/office/cioas/vendor/laravel/framework/src/Illuminate/Foundation/Http/Middleware/TransformsRequest.php(21): Illuminate/Pipeline/Pipeline->Illuminate/Pipeline/{closure}(Object(Illuminate/Http/Request))
#45 D:/laravel/office/cioas/vendor/laravel/framework/src/Illuminate/Foundation/Http/Middleware/TrimStrings.php(40): Illuminate/Foundation/Http/Middleware/TransformsRequest->handle(Object(Illuminate/Http/Request), Object(Closure))
#46 D:/laravel/office/cioas/vendor/laravel/framework/src/Illuminate/Pipeline/Pipeline.php(183): Illuminate/Foundation/Http/Middleware/TrimStrings->handle(Object(Illuminate/Http/Request), Object(Closure))
#47 D:/laravel/office/cioas/vendor/laravel/framework/src/Illuminate/Foundation/Http/Middleware/ValidatePostSize.php(27): Illuminate/Pipeline/Pipeline->Illuminate/Pipeline/{closure}(Object(Illuminate/Http/Request))
#48 D:/laravel/office/cioas/vendor/laravel/framework/src/Illuminate/Pipeline/Pipeline.php(183): Illuminate/Foundation/Http/Middleware/ValidatePostSize->handle(Object(Illuminate/Http/Request), Object(Closure))
#49 D:/laravel/office/cioas/vendor/laravel/framework/src/Illuminate/Foundation/Http/Middleware/PreventRequestsDuringMaintenance.php(99): Illuminate/Pipeline/Pipeline->Illuminate/Pipeline/{closure}(Object(Illuminate/Http/Request))
#50 D:/laravel/office/cioas/vendor/laravel/framework/src/Illuminate/Pipeline/Pipeline.php(183): Illuminate/Foundation/Http/Middleware/PreventRequestsDuringMaintenance->handle(Object(Illuminate/Http/Request), Object(Closure))
#51 D:/laravel/office/cioas/vendor/laravel/framework/src/Illuminate/Http/Middleware/TrustProxies.php(39): Illuminate/Pipeline/Pipeline->Illuminate/Pipeline/{closure}(Object(Illuminate/Http/Request))
#52 D:/laravel/office/cioas/vendor/laravel/framework/src/Illuminate/Pipeline/Pipeline.php(183): Illuminate/Http/Middleware/TrustProxies->handle(Object(Illuminate/Http/Request), Object(Closure))
#53 D:/laravel/office/cioas/vendor/laravel/framework/src/Illuminate/Pipeline/Pipeline.php(119): Illuminate/Pipeline/Pipeline->Illuminate/Pipeline/{closure}(Object(Illuminate/Http/Request))
#54 D:/laravel/office/cioas/vendor/laravel/framework/src/Illuminate/Foundation/Http/Kernel.php(175): Illuminate/Pipeline/Pipeline->then(Object(Closure))
#55 D:/laravel/office/cioas/vendor/laravel/framework/src/Illuminate/Foundation/Http/Kernel.php(144): Illuminate/Foundation/Http/Kernel->sendRequestThroughRouter(Object(Illuminate/Http/Request))
#56 D:/laravel/office/cioas/public/index.php(51): Illuminate/Foundation/Http/Kernel->handle(Object(Illuminate/Http/Request))
#57 D:/laravel/office/cioas/server.php(21): require_once('D://laravel//offi...')
#58 {main}

[previous exception] [object] (ErrorException(code: 0): Attempt to read property \"gender\" on null at D:/laravel/office/cioas/storage/framework/views/286d2f91dc3a0890649958bf3891e1c6.php:60)
[stacktrace]
#0 D:/laravel/office/cioas/vendor/laravel/framework/src/Illuminate/Foundation/Bootstrap/HandleExceptions.php(255): Illuminate/Foundation/Bootstrap/HandleExceptions->handleError(2, 'Attempt to read...', 'D://laravel//offi...', 60)
#1 D:/laravel/office/cioas/storage/framework/views/286d2f91dc3a0890649958bf3891e1c6.php(60): Illuminate/Foundation/Bootstrap/HandleExceptions->Illuminate/Foundation/Bootstrap/{closure}(2, 'Attempt to read...', 'D://laravel//offi...', 60)
#2 D:/laravel/office/cioas/vendor/laravel/framework/src/Illuminate/Filesystem/Filesystem.php(123): require('D://laravel//offi...')
#3 D:/laravel/office/cioas/vendor/laravel/framework/src/Illuminate/Filesystem/Filesystem.php(124): Illuminate/Filesystem/Filesystem::Illuminate/Filesystem/{closure}()
#4 D:/laravel/office/cioas/vendor/laravel/framework/src/Illuminate/View/Engines/PhpEngine.php(58): Illuminate/Filesystem/Filesystem->getRequire('D://laravel//offi...', Array)
#5 D:/laravel/office/cioas/vendor/laravel/framework/src/Illuminate/View/Engines/CompilerEngine.php(72): Illuminate/View/Engines/PhpEngine->evaluatePath('D://laravel//offi...', Array)
#6 D:/laravel/office/cioas/vendor/laravel/framework/src/Illuminate/View/View.php(207): Illuminate/View/Engines/CompilerEngine->get('D://laravel//offi...', Array)
#7 D:/laravel/office/cioas/vendor/laravel/framework/src/Illuminate/View/View.php(190): Illuminate/View/View->getContents()
#8 D:/laravel/office/cioas/vendor/laravel/framework/src/Illuminate/View/View.php(159): Illuminate/View/View->renderContents()
#9 D:/laravel/office/cioas/storage/framework/views/539cc100aa3120664a2ccbace1b73a54.php(62): Illuminate/View/View->render()
#10 D:/laravel/office/cioas/vendor/laravel/framework/src/Illuminate/Filesystem/Filesystem.php(123): require('D://laravel//offi...')
#11 D:/laravel/office/cioas/vendor/laravel/framework/src/Illuminate/Filesystem/Filesystem.php(124): Illuminate/Filesystem/Filesystem::Illuminate/Filesystem/{closure}()
#12 D:/laravel/office/cioas/vendor/laravel/framework/src/Illuminate/View/Engines/PhpEngine.php(58): Illuminate/Filesystem/Filesystem->getRequire('D://laravel//offi...', Array)
#13 D:/laravel/office/cioas/vendor/laravel/framework/src/Illuminate/View/Engines/CompilerEngine.php(72): Illuminate/View/Engines/PhpEngine->evaluatePath('D://laravel//offi...', Array)
#14 D:/laravel/office/cioas/vendor/laravel/framework/src/Illuminate/View/View.php(207): Illuminate/View/Engines/CompilerEngine->get('D://laravel//offi...', Array)
#15 D:/laravel/office/cioas/vendor/laravel/framework/src/Illuminate/View/View.php(190): Illuminate/View/View->getContents()
#16 D:/laravel/office/cioas/vendor/laravel/framework/src/Illuminate/View/View.php(159): Illuminate/View/View->renderContents()
#17 D:/laravel/office/cioas/vendor/laravel/framework/src/Illuminate/Http/Response.php(69): Illuminate/View/View->render()
#18 D:/laravel/office/cioas/vendor/laravel/framework/src/Illuminate/Http/Response.php(35): Illuminate/Http/Response->setContent(Object(Illuminate/View/View))
#19 D:/laravel/office/cioas/vendor/laravel/framework/src/Illuminate/Routing/Router.php(918): Illuminate/Http/Response->__construct(Object(Illuminate/View/View), 200, Array)
#20 D:/laravel/office/cioas/vendor/laravel/framework/src/Illuminate/Routing/Router.php(885): Illuminate/Routing/Router::toResponse(Object(Illuminate/Http/Request), Object(Illuminate/View/View))
#21 D:/laravel/office/cioas/vendor/laravel/framework/src/Illuminate/Routing/Router.php(805): Illuminate/Routing/Router->prepareResponse(Object(Illuminate/Http/Request), Object(Illuminate/View/View))
#22 D:/laravel/office/cioas/vendor/laravel/framework/src/Illuminate/Pipeline/Pipeline.php(144): Illuminate/Routing/Router->Illuminate/Routing/{closure}(Object(Illuminate/Http/Request))
#23 D:/laravel/office/cioas/vendor/laravel/framework/src/Illuminate/Routing/Middleware/SubstituteBindings.php(50): Illuminate/Pipeline/Pipeline->Illuminate/Pipeline/{closure}(Object(Illuminate/Http/Request))
#24 D:/laravel/office/cioas/vendor/laravel/framework/src/Illuminate/Pipeline/Pipeline.php(183): Illuminate/Routing/Middleware/SubstituteBindings->handle(Object(Illuminate/Http/Request), Object(Closure))
#25 D:/laravel/office/cioas/vendor/laravel/framework/src/Illuminate/Auth/Middleware/Authenticate.php(57): Illuminate/Pipeline/Pipeline->Illuminate/Pipeline/{closure}(Object(Illuminate/Http/Request))
#26 D:/laravel/office/cioas/vendor/laravel/framework/src/Illuminate/Pipeline/Pipeline.php(183): Illuminate/Auth/Middleware/Authenticate->handle(Object(Illuminate/Http/Request), Object(Closure))
#27 D:/laravel/office/cioas/vendor/laravel/framework/src/Illuminate/Foundation/Http/Middleware/VerifyCsrfToken.php(78): Illuminate/Pipeline/Pipeline->Illuminate/Pipeline/{closure}(Object(Illuminate/Http/Request))
#28 D:/laravel/office/cioas/vendor/laravel/framework/src/Illuminate/Pipeline/Pipeline.php(183): Illuminate/Foundation/Http/Middleware/VerifyCsrfToken->handle(Object(Illuminate/Http/Request), Object(Closure))
#29 D:/laravel/office/cioas/vendor/laravel/framework/src/Illuminate/View/Middleware/ShareErrorsFromSession.php(49): Illuminate/Pipeline/Pipeline->Illuminate/Pipeline/{closure}(Object(Illuminate/Http/Request))
#30 D:/laravel/office/cioas/vendor/laravel/framework/src/Illuminate/Pipeline/Pipeline.php(183): Illuminate/View/Middleware/ShareErrorsFromSession->handle(Object(Illuminate/Http/Request), Object(Closure))
#31 D:/laravel/office/cioas/vendor/laravel/framework/src/Illuminate/Session/Middleware/StartSession.php(121): Illuminate/Pipeline/Pipeline->Illuminate/Pipeline/{closure}(Object(Illuminate/Http/Request))
#32 D:/laravel/office/cioas/vendor/laravel/framework/src/Illuminate/Session/Middleware/StartSession.php(64): Illuminate/Session/Middleware/StartSession->handleStatefulRequest(Object(Illuminate/Http/Request), Object(Illuminate/Session/Store), Object(Closure))
#33 D:/laravel/office/cioas/vendor/laravel/framework/src/Illuminate/Pipeline/Pipeline.php(183): Illuminate/Session/Middleware/StartSession->handle(Object(Illuminate/Http/Request), Object(Closure))
#34 D:/laravel/office/cioas/vendor/laravel/framework/src/Illuminate/Cookie/Middleware/AddQueuedCookiesToResponse.php(37): Illuminate/Pipeline/Pipeline->Illuminate/Pipeline/{closure}(Object(Illuminate/Http/Request))
#35 D:/laravel/office/cioas/vendor/laravel/framework/src/Illuminate/Pipeline/Pipeline.php(183): Illuminate/Cookie/Middleware/AddQueuedCookiesToResponse->handle(Object(Illuminate/Http/Request), Object(Closure))
#36 D:/laravel/office/cioas/vendor/laravel/framework/src/Illuminate/Cookie/Middleware/EncryptCookies.php(67): Illuminate/Pipeline/Pipeline->Illuminate/Pipeline/{closure}(Object(Illuminate/Http/Request))
#37 D:/laravel/office/cioas/vendor/laravel/framework/src/Illuminate/Pipeline/Pipeline.php(183): Illuminate/Cookie/Middleware/EncryptCookies->handle(Object(Illuminate/Http/Request), Object(Closure))
#38 D:/laravel/office/cioas/vendor/laravel/framework/src/Illuminate/Pipeline/Pipeline.php(119): Illuminate/Pipeline/Pipeline->Illuminate/Pipeline/{closure}(Object(Illuminate/Http/Request))
#39 D:/laravel/office/cioas/vendor/laravel/framework/src/Illuminate/Routing/Router.php(805): Illuminate/Pipeline/Pipeline->then(Object(Closure))
#40 D:/laravel/office/cioas/vendor/laravel/framework/src/Illuminate/Routing/Router.php(784): Illuminate/Routing/Router->runRouteWithinStack(Object(Illuminate/Routing/Route), Object(Illuminate/Http/Request))
#41 D:/laravel/office/cioas/vendor/laravel/framework/src/Illuminate/Routing/Router.php(748): Illuminate/Routing/Router->runRoute(Object(Illuminate/Http/Request), Object(Illuminate/Routing/Route))
#42 D:/laravel/office/cioas/vendor/laravel/framework/src/Illuminate/Routing/Router.php(737): Illuminate/Routing/Router->dispatchToRoute(Object(Illuminate/Http/Request))
#43 D:/laravel/office/cioas/vendor/laravel/framework/src/Illuminate/Foundation/Http/Kernel.php(200): Illuminate/Routing/Router->dispatch(Object(Illuminate/Http/Request))
#44 D:/laravel/office/cioas/vendor/laravel/framework/src/Illuminate/Pipeline/Pipeline.php(144): Illuminate/Foundation/Http/Kernel->Illuminate/Foundation/Http/{closure}(Object(Illuminate/Http/Request))
#45 D:/laravel/office/cioas/vendor/laravel/framework/src/Illuminate/Foundation/Http/Middleware/TransformsRequest.php(21): Illuminate/Pipeline/Pipeline->Illuminate/Pipeline/{closure}(Object(Illuminate/Http/Request))
#46 D:/laravel/office/cioas/vendor/laravel/framework/src/Illuminate/Foundation/Http/Middleware/ConvertEmptyStringsToNull.php(31): Illuminate/Foundation/Http/Middleware/TransformsRequest->handle(Object(Illuminate/Http/Request), Object(Closure))
#47 D:/laravel/office/cioas/vendor/laravel/framework/src/Illuminate/Pipeline/Pipeline.php(183): Illuminate/Foundation/Http/Middleware/ConvertEmptyStringsToNull->handle(Object(Illuminate/Http/Request), Object(Closure))
#48 D:/laravel/office/cioas/vendor/laravel/framework/src/Illuminate/Foundation/Http/Middleware/TransformsRequest.php(21): Illuminate/Pipeline/Pipeline->Illuminate/Pipeline/{closure}(Object(Illuminate/Http/Request))
#49 D:/laravel/office/cioas/vendor/laravel/framework/src/Illuminate/Foundation/Http/Middleware/TrimStrings.php(40): Illuminate/Foundation/Http/Middleware/TransformsRequest->handle(Object(Illuminate/Http/Request), Object(Closure))
#50 D:/laravel/office/cioas/vendor/laravel/framework/src/Illuminate/Pipeline/Pipeline.php(183): Illuminate/Foundation/Http/Middleware/TrimStrings->handle(Object(Illuminate/Http/Request), Object(Closure))
#51 D:/laravel/office/cioas/vendor/laravel/framework/src/Illuminate/Foundation/Http/Middleware/ValidatePostSize.php(27): Illuminate/Pipeline/Pipeline->Illuminate/Pipeline/{closure}(Object(Illuminate/Http/Request))
#52 D:/laravel/office/cioas/vendor/laravel/framework/src/Illuminate/Pipeline/Pipeline.php(183): Illuminate/Foundation/Http/Middleware/ValidatePostSize->handle(Object(Illuminate/Http/Request), Object(Closure))
#53 D:/laravel/office/cioas/vendor/laravel/framework/src/Illuminate/Foundation/Http/Middleware/PreventRequestsDuringMaintenance.php(99): Illuminate/Pipeline/Pipeline->Illuminate/Pipeline/{closure}(Object(Illuminate/Http/Request))
#54 D:/laravel/office/cioas/vendor/laravel/framework/src/Illuminate/Pipeline/Pipeline.php(183): Illuminate/Foundation/Http/Middleware/PreventRequestsDuringMaintenance->handle(Object(Illuminate/Http/Request), Object(Closure))
#55 D:/laravel/office/cioas/vendor/laravel/framework/src/Illuminate/Http/Middleware/TrustProxies.php(39): Illuminate/Pipeline/Pipeline->Illuminate/Pipeline/{closure}(Object(Illuminate/Http/Request))
#56 D:/laravel/office/cioas/vendor/laravel/framework/src/Illuminate/Pipeline/Pipeline.php(183): Illuminate/Http/Middleware/TrustProxies->handle(Object(Illuminate/Http/Request), Object(Closure))
#57 D:/laravel/office/cioas/vendor/laravel/framework/src/Illuminate/Pipeline/Pipeline.php(119): Illuminate/Pipeline/Pipeline->Illuminate/Pipeline/{closure}(Object(Illuminate/Http/Request))
#58 D:/laravel/office/cioas/vendor/laravel/framework/src/Illuminate/Foundation/Http/Kernel.php(175): Illuminate/Pipeline/Pipeline->then(Object(Closure))
#59 D:/laravel/office/cioas/vendor/laravel/framework/src/Illuminate/Foundation/Http/Kernel.php(144): Illuminate/Foundation/Http/Kernel->sendRequestThroughRouter(Object(Illuminate/Http/Request))
#60 D:/laravel/office/cioas/public/index.php(51): Illuminate/Foundation/Http/Kernel->handle(Object(Illuminate/Http/Request))
#61 D:/laravel/office/cioas/server.php(21): require_once('D://laravel//offi...')
#62 {main}
"} 
[2026-05-09 17:53:04] local.ERROR: Attempt to read property "gender" on null (View: D:\laravel\office\cioas\resources\views\backend\pages\hotel-restaurant\forms\ownership.blade.php) (View: D:\laravel\office\cioas\resources\views\backend\pages\hotel-restaurant\forms\ownership.blade.php) {"userId":1,"exception":"[object] (Illuminate\\View\\ViewException(code: 0): Attempt to read property \"gender\" on null (View: D:\\laravel\\office\\cioas\\resources\\views\\backend\\pages\\hotel-restaurant\\forms\\ownership.blade.php) (View: D:\\laravel\\office\\cioas\\resources\\views\\backend\\pages\\hotel-restaurant\\forms\\ownership.blade.php) at D:/laravel/office/cioas/storage/framework/views/286d2f91dc3a0890649958bf3891e1c6.php:60)
[stacktrace]
#0 D:/laravel/office/cioas/vendor/laravel/framework/src/Illuminate/View/Engines/PhpEngine.php(60): Illuminate/View/Engines/CompilerEngine->handleViewException(Object(Illuminate/View/ViewException), 1)
#1 D:/laravel/office/cioas/vendor/laravel/framework/src/Illuminate/View/Engines/CompilerEngine.php(72): Illuminate/View/Engines/PhpEngine->evaluatePath('D://laravel//offi...', Array)
#2 D:/laravel/office/cioas/vendor/laravel/framework/src/Illuminate/View/View.php(207): Illuminate/View/Engines/CompilerEngine->get('D://laravel//offi...', Array)
#3 D:/laravel/office/cioas/vendor/laravel/framework/src/Illuminate/View/View.php(190): Illuminate/View/View->getContents()
#4 D:/laravel/office/cioas/vendor/laravel/framework/src/Illuminate/View/View.php(159): Illuminate/View/View->renderContents()
#5 D:/laravel/office/cioas/vendor/laravel/framework/src/Illuminate/Http/Response.php(69): Illuminate/View/View->render()
#6 D:/laravel/office/cioas/vendor/laravel/framework/src/Illuminate/Http/Response.php(35): Illuminate/Http/Response->setContent(Object(Illuminate/View/View))
#7 D:/laravel/office/cioas/vendor/laravel/framework/src/Illuminate/Routing/Router.php(918): Illuminate/Http/Response->__construct(Object(Illuminate/View/View), 200, Array)
#8 D:/laravel/office/cioas/vendor/laravel/framework/src/Illuminate/Routing/Router.php(885): Illuminate/Routing/Router::toResponse(Object(Illuminate/Http/Request), Object(Illuminate/View/View))
#9 D:/laravel/office/cioas/vendor/laravel/framework/src/Illuminate/Routing/Router.php(805): Illuminate/Routing/Router->prepareResponse(Object(Illuminate/Http/Request), Object(Illuminate/View/View))
#10 D:/laravel/office/cioas/vendor/laravel/framework/src/Illuminate/Pipeline/Pipeline.php(144): Illuminate/Routing/Router->Illuminate/Routing/{closure}(Object(Illuminate/Http/Request))
#11 D:/laravel/office/cioas/vendor/laravel/framework/src/Illuminate/Routing/Middleware/SubstituteBindings.php(50): Illuminate/Pipeline/Pipeline->Illuminate/Pipeline/{closure}(Object(Illuminate/Http/Request))
#12 D:/laravel/office/cioas/vendor/laravel/framework/src/Illuminate/Pipeline/Pipeline.php(183): Illuminate/Routing/Middleware/SubstituteBindings->handle(Object(Illuminate/Http/Request), Object(Closure))
#13 D:/laravel/office/cioas/vendor/laravel/framework/src/Illuminate/Auth/Middleware/Authenticate.php(57): Illuminate/Pipeline/Pipeline->Illuminate/Pipeline/{closure}(Object(Illuminate/Http/Request))
#14 D:/laravel/office/cioas/vendor/laravel/framework/src/Illuminate/Pipeline/Pipeline.php(183): Illuminate/Auth/Middleware/Authenticate->handle(Object(Illuminate/Http/Request), Object(Closure))
#15 D:/laravel/office/cioas/vendor/laravel/framework/src/Illuminate/Foundation/Http/Middleware/VerifyCsrfToken.php(78): Illuminate/Pipeline/Pipeline->Illuminate/Pipeline/{closure}(Object(Illuminate/Http/Request))
#16 D:/laravel/office/cioas/vendor/laravel/framework/src/Illuminate/Pipeline/Pipeline.php(183): Illuminate/Foundation/Http/Middleware/VerifyCsrfToken->handle(Object(Illuminate/Http/Request), Object(Closure))
#17 D:/laravel/office/cioas/vendor/laravel/framework/src/Illuminate/View/Middleware/ShareErrorsFromSession.php(49): Illuminate/Pipeline/Pipeline->Illuminate/Pipeline/{closure}(Object(Illuminate/Http/Request))
#18 D:/laravel/office/cioas/vendor/laravel/framework/src/Illuminate/Pipeline/Pipeline.php(183): Illuminate/View/Middleware/ShareErrorsFromSession->handle(Object(Illuminate/Http/Request), Object(Closure))
#19 D:/laravel/office/cioas/vendor/laravel/framework/src/Illuminate/Session/Middleware/StartSession.php(121): Illuminate/Pipeline/Pipeline->Illuminate/Pipeline/{closure}(Object(Illuminate/Http/Request))
#20 D:/laravel/office/cioas/vendor/laravel/framework/src/Illuminate/Session/Middleware/StartSession.php(64): Illuminate/Session/Middleware/StartSession->handleStatefulRequest(Object(Illuminate/Http/Request), Object(Illuminate/Session/Store), Object(Closure))
#21 D:/laravel/office/cioas/vendor/laravel/framework/src/Illuminate/Pipeline/Pipeline.php(183): Illuminate/Session/Middleware/StartSession->handle(Object(Illuminate/Http/Request), Object(Closure))
#22 D:/laravel/office/cioas/vendor/laravel/framework/src/Illuminate/Cookie/Middleware/AddQueuedCookiesToResponse.php(37): Illuminate/Pipeline/Pipeline->Illuminate/Pipeline/{closure}(Object(Illuminate/Http/Request))
#23 D:/laravel/office/cioas/vendor/laravel/framework/src/Illuminate/Pipeline/Pipeline.php(183): Illuminate/Cookie/Middleware/AddQueuedCookiesToResponse->handle(Object(Illuminate/Http/Request), Object(Closure))
#24 D:/laravel/office/cioas/vendor/laravel/framework/src/Illuminate/Cookie/Middleware/EncryptCookies.php(67): Illuminate/Pipeline/Pipeline->Illuminate/Pipeline/{closure}(Object(Illuminate/Http/Request))
#25 D:/laravel/office/cioas/vendor/laravel/framework/src/Illuminate/Pipeline/Pipeline.php(183): Illuminate/Cookie/Middleware/EncryptCookies->handle(Object(Illuminate/Http/Request), Object(Closure))
#26 D:/laravel/office/cioas/vendor/laravel/framework/src/Illuminate/Pipeline/Pipeline.php(119): Illuminate/Pipeline/Pipeline->Illuminate/Pipeline/{closure}(Object(Illuminate/Http/Request))
#27 D:/laravel/office/cioas/vendor/laravel/framework/src/Illuminate/Routing/Router.php(805): Illuminate/Pipeline/Pipeline->then(Object(Closure))
#28 D:/laravel/office/cioas/vendor/laravel/framework/src/Illuminate/Routing/Router.php(784): Illuminate/Routing/Router->runRouteWithinStack(Object(Illuminate/Routing/Route), Object(Illuminate/Http/Request))
#29 D:/laravel/office/cioas/vendor/laravel/framework/src/Illuminate/Routing/Router.php(748): Illuminate/Routing/Router->runRoute(Object(Illuminate/Http/Request), Object(Illuminate/Routing/Route))
#30 D:/laravel/office/cioas/vendor/laravel/framework/src/Illuminate/Routing/Router.php(737): Illuminate/Routing/Router->dispatchToRoute(Object(Illuminate/Http/Request))
#31 D:/laravel/office/cioas/vendor/laravel/framework/src/Illuminate/Foundation/Http/Kernel.php(200): Illuminate/Routing/Router->dispatch(Object(Illuminate/Http/Request))
#32 D:/laravel/office/cioas/vendor/laravel/framework/src/Illuminate/Pipeline/Pipeline.php(144): Illuminate/Foundation/Http/Kernel->Illuminate/Foundation/Http/{closure}(Object(Illuminate/Http/Request))
#33 D:/laravel/office/cioas/vendor/laravel/framework/src/Illuminate/Foundation/Http/Middleware/TransformsRequest.php(21): Illuminate/Pipeline/Pipeline->Illuminate/Pipeline/{closure}(Object(Illuminate/Http/Request))
#34 D:/laravel/office/cioas/vendor/laravel/framework/src/Illuminate/Foundation/Http/Middleware/ConvertEmptyStringsToNull.php(31): Illuminate/Foundation/Http/Middleware/TransformsRequest->handle(Object(Illuminate/Http/Request), Object(Closure))
#35 D:/laravel/office/cioas/vendor/laravel/framework/src/Illuminate/Pipeline/Pipeline.php(183): Illuminate/Foundation/Http/Middleware/ConvertEmptyStringsToNull->handle(Object(Illuminate/Http/Request), Object(Closure))
#36 D:/laravel/office/cioas/vendor/laravel/framework/src/Illuminate/Foundation/Http/Middleware/TransformsRequest.php(21): Illuminate/Pipeline/Pipeline->Illuminate/Pipeline/{closure}(Object(Illuminate/Http/Request))
#37 D:/laravel/office/cioas/vendor/laravel/framework/src/Illuminate/Foundation/Http/Middleware/TrimStrings.php(40): Illuminate/Foundation/Http/Middleware/TransformsRequest->handle(Object(Illuminate/Http/Request), Object(Closure))
#38 D:/laravel/office/cioas/vendor/laravel/framework/src/Illuminate/Pipeline/Pipeline.php(183): Illuminate/Foundation/Http/Middleware/TrimStrings->handle(Object(Illuminate/Http/Request), Object(Closure))
#39 D:/laravel/office/cioas/vendor/laravel/framework/src/Illuminate/Foundation/Http/Middleware/ValidatePostSize.php(27): Illuminate/Pipeline/Pipeline->Illuminate/Pipeline/{closure}(Object(Illuminate/Http/Request))
#40 D:/laravel/office/cioas/vendor/laravel/framework/src/Illuminate/Pipeline/Pipeline.php(183): Illuminate/Foundation/Http/Middleware/ValidatePostSize->handle(Object(Illuminate/Http/Request), Object(Closure))
#41 D:/laravel/office/cioas/vendor/laravel/framework/src/Illuminate/Foundation/Http/Middleware/PreventRequestsDuringMaintenance.php(99): Illuminate/Pipeline/Pipeline->Illuminate/Pipeline/{closure}(Object(Illuminate/Http/Request))
#42 D:/laravel/office/cioas/vendor/laravel/framework/src/Illuminate/Pipeline/Pipeline.php(183): Illuminate/Foundation/Http/Middleware/PreventRequestsDuringMaintenance->handle(Object(Illuminate/Http/Request), Object(Closure))
#43 D:/laravel/office/cioas/vendor/laravel/framework/src/Illuminate/Http/Middleware/TrustProxies.php(39): Illuminate/Pipeline/Pipeline->Illuminate/Pipeline/{closure}(Object(Illuminate/Http/Request))
#44 D:/laravel/office/cioas/vendor/laravel/framework/src/Illuminate/Pipeline/Pipeline.php(183): Illuminate/Http/Middleware/TrustProxies->handle(Object(Illuminate/Http/Request), Object(Closure))
#45 D:/laravel/office/cioas/vendor/laravel/framework/src/Illuminate/Pipeline/Pipeline.php(119): Illuminate/Pipeline/Pipeline->Illuminate/Pipeline/{closure}(Object(Illuminate/Http/Request))
#46 D:/laravel/office/cioas/vendor/laravel/framework/src/Illuminate/Foundation/Http/Kernel.php(175): Illuminate/Pipeline/Pipeline->then(Object(Closure))
#47 D:/laravel/office/cioas/vendor/laravel/framework/src/Illuminate/Foundation/Http/Kernel.php(144): Illuminate/Foundation/Http/Kernel->sendRequestThroughRouter(Object(Illuminate/Http/Request))
#48 D:/laravel/office/cioas/public/index.php(51): Illuminate/Foundation/Http/Kernel->handle(Object(Illuminate/Http/Request))
#49 D:/laravel/office/cioas/server.php(21): require_once('D://laravel//offi...')
#50 {main}

[previous exception] [object] (Illuminate\\View\\ViewException(code: 0): Attempt to read property \"gender\" on null (View: D:\\laravel\\office\\cioas\\resources\\views\\backend\\pages\\hotel-restaurant\\forms\\ownership.blade.php) at D:/laravel/office/cioas/storage/framework/views/286d2f91dc3a0890649958bf3891e1c6.php:60)
[stacktrace]
#0 D:/laravel/office/cioas/vendor/laravel/framework/src/Illuminate/View/Engines/PhpEngine.php(60): Illuminate/View/Engines/CompilerEngine->handleViewException(Object(ErrorException), 3)
#1 D:/laravel/office/cioas/vendor/laravel/framework/src/Illuminate/View/Engines/CompilerEngine.php(72): Illuminate/View/Engines/PhpEngine->evaluatePath('D://laravel//offi...', Array)
#2 D:/laravel/office/cioas/vendor/laravel/framework/src/Illuminate/View/View.php(207): Illuminate/View/Engines/CompilerEngine->get('D://laravel//offi...', Array)
#3 D:/laravel/office/cioas/vendor/laravel/framework/src/Illuminate/View/View.php(190): Illuminate/View/View->getContents()
#4 D:/laravel/office/cioas/vendor/laravel/framework/src/Illuminate/View/View.php(159): Illuminate/View/View->renderContents()
#5 D:/laravel/office/cioas/storage/framework/views/539cc100aa3120664a2ccbace1b73a54.php(62): Illuminate/View/View->render()
#6 D:/laravel/office/cioas/vendor/laravel/framework/src/Illuminate/Filesystem/Filesystem.php(123): require('D://laravel//offi...')
#7 D:/laravel/office/cioas/vendor/laravel/framework/src/Illuminate/Filesystem/Filesystem.php(124): Illuminate/Filesystem/Filesystem::Illuminate/Filesystem/{closure}()
#8 D:/laravel/office/cioas/vendor/laravel/framework/src/Illuminate/View/Engines/PhpEngine.php(58): Illuminate/Filesystem/Filesystem->getRequire('D://laravel//offi...', Array)
#9 D:/laravel/office/cioas/vendor/laravel/framework/src/Illuminate/View/Engines/CompilerEngine.php(72): Illuminate/View/Engines/PhpEngine->evaluatePath('D://laravel//offi...', Array)
#10 D:/laravel/office/cioas/vendor/laravel/framework/src/Illuminate/View/View.php(207): Illuminate/View/Engines/CompilerEngine->get('D://laravel//offi...', Array)
#11 D:/laravel/office/cioas/vendor/laravel/framework/src/Illuminate/View/View.php(190): Illuminate/View/View->getContents()
#12 D:/laravel/office/cioas/vendor/laravel/framework/src/Illuminate/View/View.php(159): Illuminate/View/View->renderContents()
#13 D:/laravel/office/cioas/vendor/laravel/framework/src/Illuminate/Http/Response.php(69): Illuminate/View/View->render()
#14 D:/laravel/office/cioas/vendor/laravel/framework/src/Illuminate/Http/Response.php(35): Illuminate/Http/Response->setContent(Object(Illuminate/View/View))
#15 D:/laravel/office/cioas/vendor/laravel/framework/src/Illuminate/Routing/Router.php(918): Illuminate/Http/Response->__construct(Object(Illuminate/View/View), 200, Array)
#16 D:/laravel/office/cioas/vendor/laravel/framework/src/Illuminate/Routing/Router.php(885): Illuminate/Routing/Router::toResponse(Object(Illuminate/Http/Request), Object(Illuminate/View/View))
#17 D:/laravel/office/cioas/vendor/laravel/framework/src/Illuminate/Routing/Router.php(805): Illuminate/Routing/Router->prepareResponse(Object(Illuminate/Http/Request), Object(Illuminate/View/View))
#18 D:/laravel/office/cioas/vendor/laravel/framework/src/Illuminate/Pipeline/Pipeline.php(144): Illuminate/Routing/Router->Illuminate/Routing/{closure}(Object(Illuminate/Http/Request))
#19 D:/laravel/office/cioas/vendor/laravel/framework/src/Illuminate/Routing/Middleware/SubstituteBindings.php(50): Illuminate/Pipeline/Pipeline->Illuminate/Pipeline/{closure}(Object(Illuminate/Http/Request))
#20 D:/laravel/office/cioas/vendor/laravel/framework/src/Illuminate/Pipeline/Pipeline.php(183): Illuminate/Routing/Middleware/SubstituteBindings->handle(Object(Illuminate/Http/Request), Object(Closure))
#21 D:/laravel/office/cioas/vendor/laravel/framework/src/Illuminate/Auth/Middleware/Authenticate.php(57): Illuminate/Pipeline/Pipeline->Illuminate/Pipeline/{closure}(Object(Illuminate/Http/Request))
#22 D:/laravel/office/cioas/vendor/laravel/framework/src/Illuminate/Pipeline/Pipeline.php(183): Illuminate/Auth/Middleware/Authenticate->handle(Object(Illuminate/Http/Request), Object(Closure))
#23 D:/laravel/office/cioas/vendor/laravel/framework/src/Illuminate/Foundation/Http/Middleware/VerifyCsrfToken.php(78): Illuminate/Pipeline/Pipeline->Illuminate/Pipeline/{closure}(Object(Illuminate/Http/Request))
#24 D:/laravel/office/cioas/vendor/laravel/framework/src/Illuminate/Pipeline/Pipeline.php(183): Illuminate/Foundation/Http/Middleware/VerifyCsrfToken->handle(Object(Illuminate/Http/Request), Object(Closure))
#25 D:/laravel/office/cioas/vendor/laravel/framework/src/Illuminate/View/Middleware/ShareErrorsFromSession.php(49): Illuminate/Pipeline/Pipeline->Illuminate/Pipeline/{closure}(Object(Illuminate/Http/Request))
#26 D:/laravel/office/cioas/vendor/laravel/framework/src/Illuminate/Pipeline/Pipeline.php(183): Illuminate/View/Middleware/ShareErrorsFromSession->handle(Object(Illuminate/Http/Request), Object(Closure))
#27 D:/laravel/office/cioas/vendor/laravel/framework/src/Illuminate/Session/Middleware/StartSession.php(121): Illuminate/Pipeline/Pipeline->Illuminate/Pipeline/{closure}(Object(Illuminate/Http/Request))
#28 D:/laravel/office/cioas/vendor/laravel/framework/src/Illuminate/Session/Middleware/StartSession.php(64): Illuminate/Session/Middleware/StartSession->handleStatefulRequest(Object(Illuminate/Http/Request), Object(Illuminate/Session/Store), Object(Closure))
#29 D:/laravel/office/cioas/vendor/laravel/framework/src/Illuminate/Pipeline/Pipeline.php(183): Illuminate/Session/Middleware/StartSession->handle(Object(Illuminate/Http/Request), Object(Closure))
#30 D:/laravel/office/cioas/vendor/laravel/framework/src/Illuminate/Cookie/Middleware/AddQueuedCookiesToResponse.php(37): Illuminate/Pipeline/Pipeline->Illuminate/Pipeline/{closure}(Object(Illuminate/Http/Request))
#31 D:/laravel/office/cioas/vendor/laravel/framework/src/Illuminate/Pipeline/Pipeline.php(183): Illuminate/Cookie/Middleware/AddQueuedCookiesToResponse->handle(Object(Illuminate/Http/Request), Object(Closure))
#32 D:/laravel/office/cioas/vendor/laravel/framework/src/Illuminate/Cookie/Middleware/EncryptCookies.php(67): Illuminate/Pipeline/Pipeline->Illuminate/Pipeline/{closure}(Object(Illuminate/Http/Request))
#33 D:/laravel/office/cioas/vendor/laravel/framework/src/Illuminate/Pipeline/Pipeline.php(183): Illuminate/Cookie/Middleware/EncryptCookies->handle(Object(Illuminate/Http/Request), Object(Closure))
#34 D:/laravel/office/cioas/vendor/laravel/framework/src/Illuminate/Pipeline/Pipeline.php(119): Illuminate/Pipeline/Pipeline->Illuminate/Pipeline/{closure}(Object(Illuminate/Http/Request))
#35 D:/laravel/office/cioas/vendor/laravel/framework/src/Illuminate/Routing/Router.php(805): Illuminate/Pipeline/Pipeline->then(Object(Closure))
#36 D:/laravel/office/cioas/vendor/laravel/framework/src/Illuminate/Routing/Router.php(784): Illuminate/Routing/Router->runRouteWithinStack(Object(Illuminate/Routing/Route), Object(Illuminate/Http/Request))
#37 D:/laravel/office/cioas/vendor/laravel/framework/src/Illuminate/Routing/Router.php(748): Illuminate/Routing/Router->runRoute(Object(Illuminate/Http/Request), Object(Illuminate/Routing/Route))
#38 D:/laravel/office/cioas/vendor/laravel/framework/src/Illuminate/Routing/Router.php(737): Illuminate/Routing/Router->dispatchToRoute(Object(Illuminate/Http/Request))
#39 D:/laravel/office/cioas/vendor/laravel/framework/src/Illuminate/Foundation/Http/Kernel.php(200): Illuminate/Routing/Router->dispatch(Object(Illuminate/Http/Request))
#40 D:/laravel/office/cioas/vendor/laravel/framework/src/Illuminate/Pipeline/Pipeline.php(144): Illuminate/Foundation/Http/Kernel->Illuminate/Foundation/Http/{closure}(Object(Illuminate/Http/Request))
#41 D:/laravel/office/cioas/vendor/laravel/framework/src/Illuminate/Foundation/Http/Middleware/TransformsRequest.php(21): Illuminate/Pipeline/Pipeline->Illuminate/Pipeline/{closure}(Object(Illuminate/Http/Request))
#42 D:/laravel/office/cioas/vendor/laravel/framework/src/Illuminate/Foundation/Http/Middleware/ConvertEmptyStringsToNull.php(31): Illuminate/Foundation/Http/Middleware/TransformsRequest->handle(Object(Illuminate/Http/Request), Object(Closure))
#43 D:/laravel/office/cioas/vendor/laravel/framework/src/Illuminate/Pipeline/Pipeline.php(183): Illuminate/Foundation/Http/Middleware/ConvertEmptyStringsToNull->handle(Object(Illuminate/Http/Request), Object(Closure))
#44 D:/laravel/office/cioas/vendor/laravel/framework/src/Illuminate/Foundation/Http/Middleware/TransformsRequest.php(21): Illuminate/Pipeline/Pipeline->Illuminate/Pipeline/{closure}(Object(Illuminate/Http/Request))
#45 D:/laravel/office/cioas/vendor/laravel/framework/src/Illuminate/Foundation/Http/Middleware/TrimStrings.php(40): Illuminate/Foundation/Http/Middleware/TransformsRequest->handle(Object(Illuminate/Http/Request), Object(Closure))
#46 D:/laravel/office/cioas/vendor/laravel/framework/src/Illuminate/Pipeline/Pipeline.php(183): Illuminate/Foundation/Http/Middleware/TrimStrings->handle(Object(Illuminate/Http/Request), Object(Closure))
#47 D:/laravel/office/cioas/vendor/laravel/framework/src/Illuminate/Foundation/Http/Middleware/ValidatePostSize.php(27): Illuminate/Pipeline/Pipeline->Illuminate/Pipeline/{closure}(Object(Illuminate/Http/Request))
#48 D:/laravel/office/cioas/vendor/laravel/framework/src/Illuminate/Pipeline/Pipeline.php(183): Illuminate/Foundation/Http/Middleware/ValidatePostSize->handle(Object(Illuminate/Http/Request), Object(Closure))
#49 D:/laravel/office/cioas/vendor/laravel/framework/src/Illuminate/Foundation/Http/Middleware/PreventRequestsDuringMaintenance.php(99): Illuminate/Pipeline/Pipeline->Illuminate/Pipeline/{closure}(Object(Illuminate/Http/Request))
#50 D:/laravel/office/cioas/vendor/laravel/framework/src/Illuminate/Pipeline/Pipeline.php(183): Illuminate/Foundation/Http/Middleware/PreventRequestsDuringMaintenance->handle(Object(Illuminate/Http/Request), Object(Closure))
#51 D:/laravel/office/cioas/vendor/laravel/framework/src/Illuminate/Http/Middleware/TrustProxies.php(39): Illuminate/Pipeline/Pipeline->Illuminate/Pipeline/{closure}(Object(Illuminate/Http/Request))
#52 D:/laravel/office/cioas/vendor/laravel/framework/src/Illuminate/Pipeline/Pipeline.php(183): Illuminate/Http/Middleware/TrustProxies->handle(Object(Illuminate/Http/Request), Object(Closure))
#53 D:/laravel/office/cioas/vendor/laravel/framework/src/Illuminate/Pipeline/Pipeline.php(119): Illuminate/Pipeline/Pipeline->Illuminate/Pipeline/{closure}(Object(Illuminate/Http/Request))
#54 D:/laravel/office/cioas/vendor/laravel/framework/src/Illuminate/Foundation/Http/Kernel.php(175): Illuminate/Pipeline/Pipeline->then(Object(Closure))
#55 D:/laravel/office/cioas/vendor/laravel/framework/src/Illuminate/Foundation/Http/Kernel.php(144): Illuminate/Foundation/Http/Kernel->sendRequestThroughRouter(Object(Illuminate/Http/Request))
#56 D:/laravel/office/cioas/public/index.php(51): Illuminate/Foundation/Http/Kernel->handle(Object(Illuminate/Http/Request))
#57 D:/laravel/office/cioas/server.php(21): require_once('D://laravel//offi...')
#58 {main}

[previous exception] [object] (ErrorException(code: 0): Attempt to read property \"gender\" on null at D:/laravel/office/cioas/storage/framework/views/286d2f91dc3a0890649958bf3891e1c6.php:60)
[stacktrace]
#0 D:/laravel/office/cioas/vendor/laravel/framework/src/Illuminate/Foundation/Bootstrap/HandleExceptions.php(255): Illuminate/Foundation/Bootstrap/HandleExceptions->handleError(2, 'Attempt to read...', 'D://laravel//offi...', 60)
#1 D:/laravel/office/cioas/storage/framework/views/286d2f91dc3a0890649958bf3891e1c6.php(60): Illuminate/Foundation/Bootstrap/HandleExceptions->Illuminate/Foundation/Bootstrap/{closure}(2, 'Attempt to read...', 'D://laravel//offi...', 60)
#2 D:/laravel/office/cioas/vendor/laravel/framework/src/Illuminate/Filesystem/Filesystem.php(123): require('D://laravel//offi...')
#3 D:/laravel/office/cioas/vendor/laravel/framework/src/Illuminate/Filesystem/Filesystem.php(124): Illuminate/Filesystem/Filesystem::Illuminate/Filesystem/{closure}()
#4 D:/laravel/office/cioas/vendor/laravel/framework/src/Illuminate/View/Engines/PhpEngine.php(58): Illuminate/Filesystem/Filesystem->getRequire('D://laravel//offi...', Array)
#5 D:/laravel/office/cioas/vendor/laravel/framework/src/Illuminate/View/Engines/CompilerEngine.php(72): Illuminate/View/Engines/PhpEngine->evaluatePath('D://laravel//offi...', Array)
#6 D:/laravel/office/cioas/vendor/laravel/framework/src/Illuminate/View/View.php(207): Illuminate/View/Engines/CompilerEngine->get('D://laravel//offi...', Array)
#7 D:/laravel/office/cioas/vendor/laravel/framework/src/Illuminate/View/View.php(190): Illuminate/View/View->getContents()
#8 D:/laravel/office/cioas/vendor/laravel/framework/src/Illuminate/View/View.php(159): Illuminate/View/View->renderContents()
#9 D:/laravel/office/cioas/storage/framework/views/539cc100aa3120664a2ccbace1b73a54.php(62): Illuminate/View/View->render()
#10 D:/laravel/office/cioas/vendor/laravel/framework/src/Illuminate/Filesystem/Filesystem.php(123): require('D://laravel//offi...')
#11 D:/laravel/office/cioas/vendor/laravel/framework/src/Illuminate/Filesystem/Filesystem.php(124): Illuminate/Filesystem/Filesystem::Illuminate/Filesystem/{closure}()
#12 D:/laravel/office/cioas/vendor/laravel/framework/src/Illuminate/View/Engines/PhpEngine.php(58): Illuminate/Filesystem/Filesystem->getRequire('D://laravel//offi...', Array)
#13 D:/laravel/office/cioas/vendor/laravel/framework/src/Illuminate/View/Engines/CompilerEngine.php(72): Illuminate/View/Engines/PhpEngine->evaluatePath('D://laravel//offi...', Array)
#14 D:/laravel/office/cioas/vendor/laravel/framework/src/Illuminate/View/View.php(207): Illuminate/View/Engines/CompilerEngine->get('D://laravel//offi...', Array)
#15 D:/laravel/office/cioas/vendor/laravel/framework/src/Illuminate/View/View.php(190): Illuminate/View/View->getContents()
#16 D:/laravel/office/cioas/vendor/laravel/framework/src/Illuminate/View/View.php(159): Illuminate/View/View->renderContents()
#17 D:/laravel/office/cioas/vendor/laravel/framework/src/Illuminate/Http/Response.php(69): Illuminate/View/View->render()
#18 D:/laravel/office/cioas/vendor/laravel/framework/src/Illuminate/Http/Response.php(35): Illuminate/Http/Response->setContent(Object(Illuminate/View/View))
#19 D:/laravel/office/cioas/vendor/laravel/framework/src/Illuminate/Routing/Router.php(918): Illuminate/Http/Response->__construct(Object(Illuminate/View/View), 200, Array)
#20 D:/laravel/office/cioas/vendor/laravel/framework/src/Illuminate/Routing/Router.php(885): Illuminate/Routing/Router::toResponse(Object(Illuminate/Http/Request), Object(Illuminate/View/View))
#21 D:/laravel/office/cioas/vendor/laravel/framework/src/Illuminate/Routing/Router.php(805): Illuminate/Routing/Router->prepareResponse(Object(Illuminate/Http/Request), Object(Illuminate/View/View))
#22 D:/laravel/office/cioas/vendor/laravel/framework/src/Illuminate/Pipeline/Pipeline.php(144): Illuminate/Routing/Router->Illuminate/Routing/{closure}(Object(Illuminate/Http/Request))
#23 D:/laravel/office/cioas/vendor/laravel/framework/src/Illuminate/Routing/Middleware/SubstituteBindings.php(50): Illuminate/Pipeline/Pipeline->Illuminate/Pipeline/{closure}(Object(Illuminate/Http/Request))
#24 D:/laravel/office/cioas/vendor/laravel/framework/src/Illuminate/Pipeline/Pipeline.php(183): Illuminate/Routing/Middleware/SubstituteBindings->handle(Object(Illuminate/Http/Request), Object(Closure))
#25 D:/laravel/office/cioas/vendor/laravel/framework/src/Illuminate/Auth/Middleware/Authenticate.php(57): Illuminate/Pipeline/Pipeline->Illuminate/Pipeline/{closure}(Object(Illuminate/Http/Request))
#26 D:/laravel/office/cioas/vendor/laravel/framework/src/Illuminate/Pipeline/Pipeline.php(183): Illuminate/Auth/Middleware/Authenticate->handle(Object(Illuminate/Http/Request), Object(Closure))
#27 D:/laravel/office/cioas/vendor/laravel/framework/src/Illuminate/Foundation/Http/Middleware/VerifyCsrfToken.php(78): Illuminate/Pipeline/Pipeline->Illuminate/Pipeline/{closure}(Object(Illuminate/Http/Request))
#28 D:/laravel/office/cioas/vendor/laravel/framework/src/Illuminate/Pipeline/Pipeline.php(183): Illuminate/Foundation/Http/Middleware/VerifyCsrfToken->handle(Object(Illuminate/Http/Request), Object(Closure))
#29 D:/laravel/office/cioas/vendor/laravel/framework/src/Illuminate/View/Middleware/ShareErrorsFromSession.php(49): Illuminate/Pipeline/Pipeline->Illuminate/Pipeline/{closure}(Object(Illuminate/Http/Request))
#30 D:/laravel/office/cioas/vendor/laravel/framework/src/Illuminate/Pipeline/Pipeline.php(183): Illuminate/View/Middleware/ShareErrorsFromSession->handle(Object(Illuminate/Http/Request), Object(Closure))
#31 D:/laravel/office/cioas/vendor/laravel/framework/src/Illuminate/Session/Middleware/StartSession.php(121): Illuminate/Pipeline/Pipeline->Illuminate/Pipeline/{closure}(Object(Illuminate/Http/Request))
#32 D:/laravel/office/cioas/vendor/laravel/framework/src/Illuminate/Session/Middleware/StartSession.php(64): Illuminate/Session/Middleware/StartSession->handleStatefulRequest(Object(Illuminate/Http/Request), Object(Illuminate/Session/Store), Object(Closure))
#33 D:/laravel/office/cioas/vendor/laravel/framework/src/Illuminate/Pipeline/Pipeline.php(183): Illuminate/Session/Middleware/StartSession->handle(Object(Illuminate/Http/Request), Object(Closure))
#34 D:/laravel/office/cioas/vendor/laravel/framework/src/Illuminate/Cookie/Middleware/AddQueuedCookiesToResponse.php(37): Illuminate/Pipeline/Pipeline->Illuminate/Pipeline/{closure}(Object(Illuminate/Http/Request))
#35 D:/laravel/office/cioas/vendor/laravel/framework/src/Illuminate/Pipeline/Pipeline.php(183): Illuminate/Cookie/Middleware/AddQueuedCookiesToResponse->handle(Object(Illuminate/Http/Request), Object(Closure))
#36 D:/laravel/office/cioas/vendor/laravel/framework/src/Illuminate/Cookie/Middleware/EncryptCookies.php(67): Illuminate/Pipeline/Pipeline->Illuminate/Pipeline/{closure}(Object(Illuminate/Http/Request))
#37 D:/laravel/office/cioas/vendor/laravel/framework/src/Illuminate/Pipeline/Pipeline.php(183): Illuminate/Cookie/Middleware/EncryptCookies->handle(Object(Illuminate/Http/Request), Object(Closure))
#38 D:/laravel/office/cioas/vendor/laravel/framework/src/Illuminate/Pipeline/Pipeline.php(119): Illuminate/Pipeline/Pipeline->Illuminate/Pipeline/{closure}(Object(Illuminate/Http/Request))
#39 D:/laravel/office/cioas/vendor/laravel/framework/src/Illuminate/Routing/Router.php(805): Illuminate/Pipeline/Pipeline->then(Object(Closure))
#40 D:/laravel/office/cioas/vendor/laravel/framework/src/Illuminate/Routing/Router.php(784): Illuminate/Routing/Router->runRouteWithinStack(Object(Illuminate/Routing/Route), Object(Illuminate/Http/Request))
#41 D:/laravel/office/cioas/vendor/laravel/framework/src/Illuminate/Routing/Router.php(748): Illuminate/Routing/Router->runRoute(Object(Illuminate/Http/Request), Object(Illuminate/Routing/Route))
#42 D:/laravel/office/cioas/vendor/laravel/framework/src/Illuminate/Routing/Router.php(737): Illuminate/Routing/Router->dispatchToRoute(Object(Illuminate/Http/Request))
#43 D:/laravel/office/cioas/vendor/laravel/framework/src/Illuminate/Foundation/Http/Kernel.php(200): Illuminate/Routing/Router->dispatch(Object(Illuminate/Http/Request))
#44 D:/laravel/office/cioas/vendor/laravel/framework/src/Illuminate/Pipeline/Pipeline.php(144): Illuminate/Foundation/Http/Kernel->Illuminate/Foundation/Http/{closure}(Object(Illuminate/Http/Request))
#45 D:/laravel/office/cioas/vendor/laravel/framework/src/Illuminate/Foundation/Http/Middleware/TransformsRequest.php(21): Illuminate/Pipeline/Pipeline->Illuminate/Pipeline/{closure}(Object(Illuminate/Http/Request))
#46 D:/laravel/office/cioas/vendor/laravel/framework/src/Illuminate/Foundation/Http/Middleware/ConvertEmptyStringsToNull.php(31): Illuminate/Foundation/Http/Middleware/TransformsRequest->handle(Object(Illuminate/Http/Request), Object(Closure))
#47 D:/laravel/office/cioas/vendor/laravel/framework/src/Illuminate/Pipeline/Pipeline.php(183): Illuminate/Foundation/Http/Middleware/ConvertEmptyStringsToNull->handle(Object(Illuminate/Http/Request), Object(Closure))
#48 D:/laravel/office/cioas/vendor/laravel/framework/src/Illuminate/Foundation/Http/Middleware/TransformsRequest.php(21): Illuminate/Pipeline/Pipeline->Illuminate/Pipeline/{closure}(Object(Illuminate/Http/Request))
#49 D:/laravel/office/cioas/vendor/laravel/framework/src/Illuminate/Foundation/Http/Middleware/TrimStrings.php(40): Illuminate/Foundation/Http/Middleware/TransformsRequest->handle(Object(Illuminate/Http/Request), Object(Closure))
#50 D:/laravel/office/cioas/vendor/laravel/framework/src/Illuminate/Pipeline/Pipeline.php(183): Illuminate/Foundation/Http/Middleware/TrimStrings->handle(Object(Illuminate/Http/Request), Object(Closure))
#51 D:/laravel/office/cioas/vendor/laravel/framework/src/Illuminate/Foundation/Http/Middleware/ValidatePostSize.php(27): Illuminate/Pipeline/Pipeline->Illuminate/Pipeline/{closure}(Object(Illuminate/Http/Request))
#52 D:/laravel/office/cioas/vendor/laravel/framework/src/Illuminate/Pipeline/Pipeline.php(183): Illuminate/Foundation/Http/Middleware/ValidatePostSize->handle(Object(Illuminate/Http/Request), Object(Closure))
#53 D:/laravel/office/cioas/vendor/laravel/framework/src/Illuminate/Foundation/Http/Middleware/PreventRequestsDuringMaintenance.php(99): Illuminate/Pipeline/Pipeline->Illuminate/Pipeline/{closure}(Object(Illuminate/Http/Request))
#54 D:/laravel/office/cioas/vendor/laravel/framework/src/Illuminate/Pipeline/Pipeline.php(183): Illuminate/Foundation/Http/Middleware/PreventRequestsDuringMaintenance->handle(Object(Illuminate/Http/Request), Object(Closure))
#55 D:/laravel/office/cioas/vendor/laravel/framework/src/Illuminate/Http/Middleware/TrustProxies.php(39): Illuminate/Pipeline/Pipeline->Illuminate/Pipeline/{closure}(Object(Illuminate/Http/Request))
#56 D:/laravel/office/cioas/vendor/laravel/framework/src/Illuminate/Pipeline/Pipeline.php(183): Illuminate/Http/Middleware/TrustProxies->handle(Object(Illuminate/Http/Request), Object(Closure))
#57 D:/laravel/office/cioas/vendor/laravel/framework/src/Illuminate/Pipeline/Pipeline.php(119): Illuminate/Pipeline/Pipeline->Illuminate/Pipeline/{closure}(Object(Illuminate/Http/Request))
#58 D:/laravel/office/cioas/vendor/laravel/framework/src/Illuminate/Foundation/Http/Kernel.php(175): Illuminate/Pipeline/Pipeline->then(Object(Closure))
#59 D:/laravel/office/cioas/vendor/laravel/framework/src/Illuminate/Foundation/Http/Kernel.php(144): Illuminate/Foundation/Http/Kernel->sendRequestThroughRouter(Object(Illuminate/Http/Request))
#60 D:/laravel/office/cioas/public/index.php(51): Illuminate/Foundation/Http/Kernel->handle(Object(Illuminate/Http/Request))
#61 D:/laravel/office/cioas/server.php(21): require_once('D://laravel//offi...')
#62 {main}
"} 
[2026-05-09 17:54:12] local.ERROR: Attempt to read property "gender" on array (View: D:\laravel\office\cioas\resources\views\backend\pages\hotel-restaurant\forms\ownership.blade.php) (View: D:\laravel\office\cioas\resources\views\backend\pages\hotel-restaurant\forms\ownership.blade.php) {"userId":1,"exception":"[object] (Illuminate\\View\\ViewException(code: 0): Attempt to read property \"gender\" on array (View: D:\\laravel\\office\\cioas\\resources\\views\\backend\\pages\\hotel-restaurant\\forms\\ownership.blade.php) (View: D:\\laravel\\office\\cioas\\resources\\views\\backend\\pages\\hotel-restaurant\\forms\\ownership.blade.php) at D:/laravel/office/cioas/storage/framework/views/286d2f91dc3a0890649958bf3891e1c6.php:60)
[stacktrace]
#0 D:/laravel/office/cioas/vendor/laravel/framework/src/Illuminate/View/Engines/PhpEngine.php(60): Illuminate/View/Engines/CompilerEngine->handleViewException(Object(Illuminate/View/ViewException), 1)
#1 D:/laravel/office/cioas/vendor/laravel/framework/src/Illuminate/View/Engines/CompilerEngine.php(72): Illuminate/View/Engines/PhpEngine->evaluatePath('D://laravel//offi...', Array)
#2 D:/laravel/office/cioas/vendor/laravel/framework/src/Illuminate/View/View.php(207): Illuminate/View/Engines/CompilerEngine->get('D://laravel//offi...', Array)
#3 D:/laravel/office/cioas/vendor/laravel/framework/src/Illuminate/View/View.php(190): Illuminate/View/View->getContents()
#4 D:/laravel/office/cioas/vendor/laravel/framework/src/Illuminate/View/View.php(159): Illuminate/View/View->renderContents()
#5 D:/laravel/office/cioas/vendor/laravel/framework/src/Illuminate/Http/Response.php(69): Illuminate/View/View->render()
#6 D:/laravel/office/cioas/vendor/laravel/framework/src/Illuminate/Http/Response.php(35): Illuminate/Http/Response->setContent(Object(Illuminate/View/View))
#7 D:/laravel/office/cioas/vendor/laravel/framework/src/Illuminate/Routing/Router.php(918): Illuminate/Http/Response->__construct(Object(Illuminate/View/View), 200, Array)
#8 D:/laravel/office/cioas/vendor/laravel/framework/src/Illuminate/Routing/Router.php(885): Illuminate/Routing/Router::toResponse(Object(Illuminate/Http/Request), Object(Illuminate/View/View))
#9 D:/laravel/office/cioas/vendor/laravel/framework/src/Illuminate/Routing/Router.php(805): Illuminate/Routing/Router->prepareResponse(Object(Illuminate/Http/Request), Object(Illuminate/View/View))
#10 D:/laravel/office/cioas/vendor/laravel/framework/src/Illuminate/Pipeline/Pipeline.php(144): Illuminate/Routing/Router->Illuminate/Routing/{closure}(Object(Illuminate/Http/Request))
#11 D:/laravel/office/cioas/vendor/laravel/framework/src/Illuminate/Routing/Middleware/SubstituteBindings.php(50): Illuminate/Pipeline/Pipeline->Illuminate/Pipeline/{closure}(Object(Illuminate/Http/Request))
#12 D:/laravel/office/cioas/vendor/laravel/framework/src/Illuminate/Pipeline/Pipeline.php(183): Illuminate/Routing/Middleware/SubstituteBindings->handle(Object(Illuminate/Http/Request), Object(Closure))
#13 D:/laravel/office/cioas/vendor/laravel/framework/src/Illuminate/Auth/Middleware/Authenticate.php(57): Illuminate/Pipeline/Pipeline->Illuminate/Pipeline/{closure}(Object(Illuminate/Http/Request))
#14 D:/laravel/office/cioas/vendor/laravel/framework/src/Illuminate/Pipeline/Pipeline.php(183): Illuminate/Auth/Middleware/Authenticate->handle(Object(Illuminate/Http/Request), Object(Closure))
#15 D:/laravel/office/cioas/vendor/laravel/framework/src/Illuminate/Foundation/Http/Middleware/VerifyCsrfToken.php(78): Illuminate/Pipeline/Pipeline->Illuminate/Pipeline/{closure}(Object(Illuminate/Http/Request))
#16 D:/laravel/office/cioas/vendor/laravel/framework/src/Illuminate/Pipeline/Pipeline.php(183): Illuminate/Foundation/Http/Middleware/VerifyCsrfToken->handle(Object(Illuminate/Http/Request), Object(Closure))
#17 D:/laravel/office/cioas/vendor/laravel/framework/src/Illuminate/View/Middleware/ShareErrorsFromSession.php(49): Illuminate/Pipeline/Pipeline->Illuminate/Pipeline/{closure}(Object(Illuminate/Http/Request))
#18 D:/laravel/office/cioas/vendor/laravel/framework/src/Illuminate/Pipeline/Pipeline.php(183): Illuminate/View/Middleware/ShareErrorsFromSession->handle(Object(Illuminate/Http/Request), Object(Closure))
#19 D:/laravel/office/cioas/vendor/laravel/framework/src/Illuminate/Session/Middleware/StartSession.php(121): Illuminate/Pipeline/Pipeline->Illuminate/Pipeline/{closure}(Object(Illuminate/Http/Request))
#20 D:/laravel/office/cioas/vendor/laravel/framework/src/Illuminate/Session/Middleware/StartSession.php(64): Illuminate/Session/Middleware/StartSession->handleStatefulRequest(Object(Illuminate/Http/Request), Object(Illuminate/Session/Store), Object(Closure))
#21 D:/laravel/office/cioas/vendor/laravel/framework/src/Illuminate/Pipeline/Pipeline.php(183): Illuminate/Session/Middleware/StartSession->handle(Object(Illuminate/Http/Request), Object(Closure))
#22 D:/laravel/office/cioas/vendor/laravel/framework/src/Illuminate/Cookie/Middleware/AddQueuedCookiesToResponse.php(37): Illuminate/Pipeline/Pipeline->Illuminate/Pipeline/{closure}(Object(Illuminate/Http/Request))
#23 D:/laravel/office/cioas/vendor/laravel/framework/src/Illuminate/Pipeline/Pipeline.php(183): Illuminate/Cookie/Middleware/AddQueuedCookiesToResponse->handle(Object(Illuminate/Http/Request), Object(Closure))
#24 D:/laravel/office/cioas/vendor/laravel/framework/src/Illuminate/Cookie/Middleware/EncryptCookies.php(67): Illuminate/Pipeline/Pipeline->Illuminate/Pipeline/{closure}(Object(Illuminate/Http/Request))
#25 D:/laravel/office/cioas/vendor/laravel/framework/src/Illuminate/Pipeline/Pipeline.php(183): Illuminate/Cookie/Middleware/EncryptCookies->handle(Object(Illuminate/Http/Request), Object(Closure))
#26 D:/laravel/office/cioas/vendor/laravel/framework/src/Illuminate/Pipeline/Pipeline.php(119): Illuminate/Pipeline/Pipeline->Illuminate/Pipeline/{closure}(Object(Illuminate/Http/Request))
#27 D:/laravel/office/cioas/vendor/laravel/framework/src/Illuminate/Routing/Router.php(805): Illuminate/Pipeline/Pipeline->then(Object(Closure))
#28 D:/laravel/office/cioas/vendor/laravel/framework/src/Illuminate/Routing/Router.php(784): Illuminate/Routing/Router->runRouteWithinStack(Object(Illuminate/Routing/Route), Object(Illuminate/Http/Request))
#29 D:/laravel/office/cioas/vendor/laravel/framework/src/Illuminate/Routing/Router.php(748): Illuminate/Routing/Router->runRoute(Object(Illuminate/Http/Request), Object(Illuminate/Routing/Route))
#30 D:/laravel/office/cioas/vendor/laravel/framework/src/Illuminate/Routing/Router.php(737): Illuminate/Routing/Router->dispatchToRoute(Object(Illuminate/Http/Request))
#31 D:/laravel/office/cioas/vendor/laravel/framework/src/Illuminate/Foundation/Http/Kernel.php(200): Illuminate/Routing/Router->dispatch(Object(Illuminate/Http/Request))
#32 D:/laravel/office/cioas/vendor/laravel/framework/src/Illuminate/Pipeline/Pipeline.php(144): Illuminate/Foundation/Http/Kernel->Illuminate/Foundation/Http/{closure}(Object(Illuminate/Http/Request))
#33 D:/laravel/office/cioas/vendor/laravel/framework/src/Illuminate/Foundation/Http/Middleware/TransformsRequest.php(21): Illuminate/Pipeline/Pipeline->Illuminate/Pipeline/{closure}(Object(Illuminate/Http/Request))
#34 D:/laravel/office/cioas/vendor/laravel/framework/src/Illuminate/Foundation/Http/Middleware/ConvertEmptyStringsToNull.php(31): Illuminate/Foundation/Http/Middleware/TransformsRequest->handle(Object(Illuminate/Http/Request), Object(Closure))
#35 D:/laravel/office/cioas/vendor/laravel/framework/src/Illuminate/Pipeline/Pipeline.php(183): Illuminate/Foundation/Http/Middleware/ConvertEmptyStringsToNull->handle(Object(Illuminate/Http/Request), Object(Closure))
#36 D:/laravel/office/cioas/vendor/laravel/framework/src/Illuminate/Foundation/Http/Middleware/TransformsRequest.php(21): Illuminate/Pipeline/Pipeline->Illuminate/Pipeline/{closure}(Object(Illuminate/Http/Request))
#37 D:/laravel/office/cioas/vendor/laravel/framework/src/Illuminate/Foundation/Http/Middleware/TrimStrings.php(40): Illuminate/Foundation/Http/Middleware/TransformsRequest->handle(Object(Illuminate/Http/Request), Object(Closure))
#38 D:/laravel/office/cioas/vendor/laravel/framework/src/Illuminate/Pipeline/Pipeline.php(183): Illuminate/Foundation/Http/Middleware/TrimStrings->handle(Object(Illuminate/Http/Request), Object(Closure))
#39 D:/laravel/office/cioas/vendor/laravel/framework/src/Illuminate/Foundation/Http/Middleware/ValidatePostSize.php(27): Illuminate/Pipeline/Pipeline->Illuminate/Pipeline/{closure}(Object(Illuminate/Http/Request))
#40 D:/laravel/office/cioas/vendor/laravel/framework/src/Illuminate/Pipeline/Pipeline.php(183): Illuminate/Foundation/Http/Middleware/ValidatePostSize->handle(Object(Illuminate/Http/Request), Object(Closure))
#41 D:/laravel/office/cioas/vendor/laravel/framework/src/Illuminate/Foundation/Http/Middleware/PreventRequestsDuringMaintenance.php(99): Illuminate/Pipeline/Pipeline->Illuminate/Pipeline/{closure}(Object(Illuminate/Http/Request))
#42 D:/laravel/office/cioas/vendor/laravel/framework/src/Illuminate/Pipeline/Pipeline.php(183): Illuminate/Foundation/Http/Middleware/PreventRequestsDuringMaintenance->handle(Object(Illuminate/Http/Request), Object(Closure))
#43 D:/laravel/office/cioas/vendor/laravel/framework/src/Illuminate/Http/Middleware/TrustProxies.php(39): Illuminate/Pipeline/Pipeline->Illuminate/Pipeline/{closure}(Object(Illuminate/Http/Request))
#44 D:/laravel/office/cioas/vendor/laravel/framework/src/Illuminate/Pipeline/Pipeline.php(183): Illuminate/Http/Middleware/TrustProxies->handle(Object(Illuminate/Http/Request), Object(Closure))
#45 D:/laravel/office/cioas/vendor/laravel/framework/src/Illuminate/Pipeline/Pipeline.php(119): Illuminate/Pipeline/Pipeline->Illuminate/Pipeline/{closure}(Object(Illuminate/Http/Request))
#46 D:/laravel/office/cioas/vendor/laravel/framework/src/Illuminate/Foundation/Http/Kernel.php(175): Illuminate/Pipeline/Pipeline->then(Object(Closure))
#47 D:/laravel/office/cioas/vendor/laravel/framework/src/Illuminate/Foundation/Http/Kernel.php(144): Illuminate/Foundation/Http/Kernel->sendRequestThroughRouter(Object(Illuminate/Http/Request))
#48 D:/laravel/office/cioas/public/index.php(51): Illuminate/Foundation/Http/Kernel->handle(Object(Illuminate/Http/Request))
#49 D:/laravel/office/cioas/server.php(21): require_once('D://laravel//offi...')
#50 {main}

[previous exception] [object] (Illuminate\\View\\ViewException(code: 0): Attempt to read property \"gender\" on array (View: D:\\laravel\\office\\cioas\\resources\\views\\backend\\pages\\hotel-restaurant\\forms\\ownership.blade.php) at D:/laravel/office/cioas/storage/framework/views/286d2f91dc3a0890649958bf3891e1c6.php:60)
[stacktrace]
#0 D:/laravel/office/cioas/vendor/laravel/framework/src/Illuminate/View/Engines/PhpEngine.php(60): Illuminate/View/Engines/CompilerEngine->handleViewException(Object(ErrorException), 3)
#1 D:/laravel/office/cioas/vendor/laravel/framework/src/Illuminate/View/Engines/CompilerEngine.php(72): Illuminate/View/Engines/PhpEngine->evaluatePath('D://laravel//offi...', Array)
#2 D:/laravel/office/cioas/vendor/laravel/framework/src/Illuminate/View/View.php(207): Illuminate/View/Engines/CompilerEngine->get('D://laravel//offi...', Array)
#3 D:/laravel/office/cioas/vendor/laravel/framework/src/Illuminate/View/View.php(190): Illuminate/View/View->getContents()
#4 D:/laravel/office/cioas/vendor/laravel/framework/src/Illuminate/View/View.php(159): Illuminate/View/View->renderContents()
#5 D:/laravel/office/cioas/storage/framework/views/539cc100aa3120664a2ccbace1b73a54.php(60): Illuminate/View/View->render()
#6 D:/laravel/office/cioas/vendor/laravel/framework/src/Illuminate/Filesystem/Filesystem.php(123): require('D://laravel//offi...')
#7 D:/laravel/office/cioas/vendor/laravel/framework/src/Illuminate/Filesystem/Filesystem.php(124): Illuminate/Filesystem/Filesystem::Illuminate/Filesystem/{closure}()
#8 D:/laravel/office/cioas/vendor/laravel/framework/src/Illuminate/View/Engines/PhpEngine.php(58): Illuminate/Filesystem/Filesystem->getRequire('D://laravel//offi...', Array)
#9 D:/laravel/office/cioas/vendor/laravel/framework/src/Illuminate/View/Engines/CompilerEngine.php(72): Illuminate/View/Engines/PhpEngine->evaluatePath('D://laravel//offi...', Array)
#10 D:/laravel/office/cioas/vendor/laravel/framework/src/Illuminate/View/View.php(207): Illuminate/View/Engines/CompilerEngine->get('D://laravel//offi...', Array)
#11 D:/laravel/office/cioas/vendor/laravel/framework/src/Illuminate/View/View.php(190): Illuminate/View/View->getContents()
#12 D:/laravel/office/cioas/vendor/laravel/framework/src/Illuminate/View/View.php(159): Illuminate/View/View->renderContents()
#13 D:/laravel/office/cioas/vendor/laravel/framework/src/Illuminate/Http/Response.php(69): Illuminate/View/View->render()
#14 D:/laravel/office/cioas/vendor/laravel/framework/src/Illuminate/Http/Response.php(35): Illuminate/Http/Response->setContent(Object(Illuminate/View/View))
#15 D:/laravel/office/cioas/vendor/laravel/framework/src/Illuminate/Routing/Router.php(918): Illuminate/Http/Response->__construct(Object(Illuminate/View/View), 200, Array)
#16 D:/laravel/office/cioas/vendor/laravel/framework/src/Illuminate/Routing/Router.php(885): Illuminate/Routing/Router::toResponse(Object(Illuminate/Http/Request), Object(Illuminate/View/View))
#17 D:/laravel/office/cioas/vendor/laravel/framework/src/Illuminate/Routing/Router.php(805): Illuminate/Routing/Router->prepareResponse(Object(Illuminate/Http/Request), Object(Illuminate/View/View))
#18 D:/laravel/office/cioas/vendor/laravel/framework/src/Illuminate/Pipeline/Pipeline.php(144): Illuminate/Routing/Router->Illuminate/Routing/{closure}(Object(Illuminate/Http/Request))
#19 D:/laravel/office/cioas/vendor/laravel/framework/src/Illuminate/Routing/Middleware/SubstituteBindings.php(50): Illuminate/Pipeline/Pipeline->Illuminate/Pipeline/{closure}(Object(Illuminate/Http/Request))
#20 D:/laravel/office/cioas/vendor/laravel/framework/src/Illuminate/Pipeline/Pipeline.php(183): Illuminate/Routing/Middleware/SubstituteBindings->handle(Object(Illuminate/Http/Request), Object(Closure))
#21 D:/laravel/office/cioas/vendor/laravel/framework/src/Illuminate/Auth/Middleware/Authenticate.php(57): Illuminate/Pipeline/Pipeline->Illuminate/Pipeline/{closure}(Object(Illuminate/Http/Request))
#22 D:/laravel/office/cioas/vendor/laravel/framework/src/Illuminate/Pipeline/Pipeline.php(183): Illuminate/Auth/Middleware/Authenticate->handle(Object(Illuminate/Http/Request), Object(Closure))
#23 D:/laravel/office/cioas/vendor/laravel/framework/src/Illuminate/Foundation/Http/Middleware/VerifyCsrfToken.php(78): Illuminate/Pipeline/Pipeline->Illuminate/Pipeline/{closure}(Object(Illuminate/Http/Request))
#24 D:/laravel/office/cioas/vendor/laravel/framework/src/Illuminate/Pipeline/Pipeline.php(183): Illuminate/Foundation/Http/Middleware/VerifyCsrfToken->handle(Object(Illuminate/Http/Request), Object(Closure))
#25 D:/laravel/office/cioas/vendor/laravel/framework/src/Illuminate/View/Middleware/ShareErrorsFromSession.php(49): Illuminate/Pipeline/Pipeline->Illuminate/Pipeline/{closure}(Object(Illuminate/Http/Request))
#26 D:/laravel/office/cioas/vendor/laravel/framework/src/Illuminate/Pipeline/Pipeline.php(183): Illuminate/View/Middleware/ShareErrorsFromSession->handle(Object(Illuminate/Http/Request), Object(Closure))
#27 D:/laravel/office/cioas/vendor/laravel/framework/src/Illuminate/Session/Middleware/StartSession.php(121): Illuminate/Pipeline/Pipeline->Illuminate/Pipeline/{closure}(Object(Illuminate/Http/Request))
#28 D:/laravel/office/cioas/vendor/laravel/framework/src/Illuminate/Session/Middleware/StartSession.php(64): Illuminate/Session/Middleware/StartSession->handleStatefulRequest(Object(Illuminate/Http/Request), Object(Illuminate/Session/Store), Object(Closure))
#29 D:/laravel/office/cioas/vendor/laravel/framework/src/Illuminate/Pipeline/Pipeline.php(183): Illuminate/Session/Middleware/StartSession->handle(Object(Illuminate/Http/Request), Object(Closure))
#30 D:/laravel/office/cioas/vendor/laravel/framework/src/Illuminate/Cookie/Middleware/AddQueuedCookiesToResponse.php(37): Illuminate/Pipeline/Pipeline->Illuminate/Pipeline/{closure}(Object(Illuminate/Http/Request))
#31 D:/laravel/office/cioas/vendor/laravel/framework/src/Illuminate/Pipeline/Pipeline.php(183): Illuminate/Cookie/Middleware/AddQueuedCookiesToResponse->handle(Object(Illuminate/Http/Request), Object(Closure))
#32 D:/laravel/office/cioas/vendor/laravel/framework/src/Illuminate/Cookie/Middleware/EncryptCookies.php(67): Illuminate/Pipeline/Pipeline->Illuminate/Pipeline/{closure}(Object(Illuminate/Http/Request))
#33 D:/laravel/office/cioas/vendor/laravel/framework/src/Illuminate/Pipeline/Pipeline.php(183): Illuminate/Cookie/Middleware/EncryptCookies->handle(Object(Illuminate/Http/Request), Object(Closure))
#34 D:/laravel/office/cioas/vendor/laravel/framework/src/Illuminate/Pipeline/Pipeline.php(119): Illuminate/Pipeline/Pipeline->Illuminate/Pipeline/{closure}(Object(Illuminate/Http/Request))
#35 D:/laravel/office/cioas/vendor/laravel/framework/src/Illuminate/Routing/Router.php(805): Illuminate/Pipeline/Pipeline->then(Object(Closure))
#36 D:/laravel/office/cioas/vendor/laravel/framework/src/Illuminate/Routing/Router.php(784): Illuminate/Routing/Router->runRouteWithinStack(Object(Illuminate/Routing/Route), Object(Illuminate/Http/Request))
#37 D:/laravel/office/cioas/vendor/laravel/framework/src/Illuminate/Routing/Router.php(748): Illuminate/Routing/Router->runRoute(Object(Illuminate/Http/Request), Object(Illuminate/Routing/Route))
#38 D:/laravel/office/cioas/vendor/laravel/framework/src/Illuminate/Routing/Router.php(737): Illuminate/Routing/Router->dispatchToRoute(Object(Illuminate/Http/Request))
#39 D:/laravel/office/cioas/vendor/laravel/framework/src/Illuminate/Foundation/Http/Kernel.php(200): Illuminate/Routing/Router->dispatch(Object(Illuminate/Http/Request))
#40 D:/laravel/office/cioas/vendor/laravel/framework/src/Illuminate/Pipeline/Pipeline.php(144): Illuminate/Foundation/Http/Kernel->Illuminate/Foundation/Http/{closure}(Object(Illuminate/Http/Request))
#41 D:/laravel/office/cioas/vendor/laravel/framework/src/Illuminate/Foundation/Http/Middleware/TransformsRequest.php(21): Illuminate/Pipeline/Pipeline->Illuminate/Pipeline/{closure}(Object(Illuminate/Http/Request))
#42 D:/laravel/office/cioas/vendor/laravel/framework/src/Illuminate/Foundation/Http/Middleware/ConvertEmptyStringsToNull.php(31): Illuminate/Foundation/Http/Middleware/TransformsRequest->handle(Object(Illuminate/Http/Request), Object(Closure))
#43 D:/laravel/office/cioas/vendor/laravel/framework/src/Illuminate/Pipeline/Pipeline.php(183): Illuminate/Foundation/Http/Middleware/ConvertEmptyStringsToNull->handle(Object(Illuminate/Http/Request), Object(Closure))
#44 D:/laravel/office/cioas/vendor/laravel/framework/src/Illuminate/Foundation/Http/Middleware/TransformsRequest.php(21): Illuminate/Pipeline/Pipeline->Illuminate/Pipeline/{closure}(Object(Illuminate/Http/Request))
#45 D:/laravel/office/cioas/vendor/laravel/framework/src/Illuminate/Foundation/Http/Middleware/TrimStrings.php(40): Illuminate/Foundation/Http/Middleware/TransformsRequest->handle(Object(Illuminate/Http/Request), Object(Closure))
#46 D:/laravel/office/cioas/vendor/laravel/framework/src/Illuminate/Pipeline/Pipeline.php(183): Illuminate/Foundation/Http/Middleware/TrimStrings->handle(Object(Illuminate/Http/Request), Object(Closure))
#47 D:/laravel/office/cioas/vendor/laravel/framework/src/Illuminate/Foundation/Http/Middleware/ValidatePostSize.php(27): Illuminate/Pipeline/Pipeline->Illuminate/Pipeline/{closure}(Object(Illuminate/Http/Request))
#48 D:/laravel/office/cioas/vendor/laravel/framework/src/Illuminate/Pipeline/Pipeline.php(183): Illuminate/Foundation/Http/Middleware/ValidatePostSize->handle(Object(Illuminate/Http/Request), Object(Closure))
#49 D:/laravel/office/cioas/vendor/laravel/framework/src/Illuminate/Foundation/Http/Middleware/PreventRequestsDuringMaintenance.php(99): Illuminate/Pipeline/Pipeline->Illuminate/Pipeline/{closure}(Object(Illuminate/Http/Request))
#50 D:/laravel/office/cioas/vendor/laravel/framework/src/Illuminate/Pipeline/Pipeline.php(183): Illuminate/Foundation/Http/Middleware/PreventRequestsDuringMaintenance->handle(Object(Illuminate/Http/Request), Object(Closure))
#51 D:/laravel/office/cioas/vendor/laravel/framework/src/Illuminate/Http/Middleware/TrustProxies.php(39): Illuminate/Pipeline/Pipeline->Illuminate/Pipeline/{closure}(Object(Illuminate/Http/Request))
#52 D:/laravel/office/cioas/vendor/laravel/framework/src/Illuminate/Pipeline/Pipeline.php(183): Illuminate/Http/Middleware/TrustProxies->handle(Object(Illuminate/Http/Request), Object(Closure))
#53 D:/laravel/office/cioas/vendor/laravel/framework/src/Illuminate/Pipeline/Pipeline.php(119): Illuminate/Pipeline/Pipeline->Illuminate/Pipeline/{closure}(Object(Illuminate/Http/Request))
#54 D:/laravel/office/cioas/vendor/laravel/framework/src/Illuminate/Foundation/Http/Kernel.php(175): Illuminate/Pipeline/Pipeline->then(Object(Closure))
#55 D:/laravel/office/cioas/vendor/laravel/framework/src/Illuminate/Foundation/Http/Kernel.php(144): Illuminate/Foundation/Http/Kernel->sendRequestThroughRouter(Object(Illuminate/Http/Request))
#56 D:/laravel/office/cioas/public/index.php(51): Illuminate/Foundation/Http/Kernel->handle(Object(Illuminate/Http/Request))
#57 D:/laravel/office/cioas/server.php(21): require_once('D://laravel//offi...')
#58 {main}

[previous exception] [object] (ErrorException(code: 0): Attempt to read property \"gender\" on array at D:/laravel/office/cioas/storage/framework/views/286d2f91dc3a0890649958bf3891e1c6.php:60)
[stacktrace]
#0 D:/laravel/office/cioas/vendor/laravel/framework/src/Illuminate/Foundation/Bootstrap/HandleExceptions.php(255): Illuminate/Foundation/Bootstrap/HandleExceptions->handleError(2, 'Attempt to read...', 'D://laravel//offi...', 60)
#1 D:/laravel/office/cioas/storage/framework/views/286d2f91dc3a0890649958bf3891e1c6.php(60): Illuminate/Foundation/Bootstrap/HandleExceptions->Illuminate/Foundation/Bootstrap/{closure}(2, 'Attempt to read...', 'D://laravel//offi...', 60)
#2 D:/laravel/office/cioas/vendor/laravel/framework/src/Illuminate/Filesystem/Filesystem.php(123): require('D://laravel//offi...')
#3 D:/laravel/office/cioas/vendor/laravel/framework/src/Illuminate/Filesystem/Filesystem.php(124): Illuminate/Filesystem/Filesystem::Illuminate/Filesystem/{closure}()
#4 D:/laravel/office/cioas/vendor/laravel/framework/src/Illuminate/View/Engines/PhpEngine.php(58): Illuminate/Filesystem/Filesystem->getRequire('D://laravel//offi...', Array)
#5 D:/laravel/office/cioas/vendor/laravel/framework/src/Illuminate/View/Engines/CompilerEngine.php(72): Illuminate/View/Engines/PhpEngine->evaluatePath('D://laravel//offi...', Array)
#6 D:/laravel/office/cioas/vendor/laravel/framework/src/Illuminate/View/View.php(207): Illuminate/View/Engines/CompilerEngine->get('D://laravel//offi...', Array)
#7 D:/laravel/office/cioas/vendor/laravel/framework/src/Illuminate/View/View.php(190): Illuminate/View/View->getContents()
#8 D:/laravel/office/cioas/vendor/laravel/framework/src/Illuminate/View/View.php(159): Illuminate/View/View->renderContents()
#9 D:/laravel/office/cioas/storage/framework/views/539cc100aa3120664a2ccbace1b73a54.php(60): Illuminate/View/View->render()
#10 D:/laravel/office/cioas/vendor/laravel/framework/src/Illuminate/Filesystem/Filesystem.php(123): require('D://laravel//offi...')
#11 D:/laravel/office/cioas/vendor/laravel/framework/src/Illuminate/Filesystem/Filesystem.php(124): Illuminate/Filesystem/Filesystem::Illuminate/Filesystem/{closure}()
#12 D:/laravel/office/cioas/vendor/laravel/framework/src/Illuminate/View/Engines/PhpEngine.php(58): Illuminate/Filesystem/Filesystem->getRequire('D://laravel//offi...', Array)
#13 D:/laravel/office/cioas/vendor/laravel/framework/src/Illuminate/View/Engines/CompilerEngine.php(72): Illuminate/View/Engines/PhpEngine->evaluatePath('D://laravel//offi...', Array)
#14 D:/laravel/office/cioas/vendor/laravel/framework/src/Illuminate/View/View.php(207): Illuminate/View/Engines/CompilerEngine->get('D://laravel//offi...', Array)
#15 D:/laravel/office/cioas/vendor/laravel/framework/src/Illuminate/View/View.php(190): Illuminate/View/View->getContents()
#16 D:/laravel/office/cioas/vendor/laravel/framework/src/Illuminate/View/View.php(159): Illuminate/View/View->renderContents()
#17 D:/laravel/office/cioas/vendor/laravel/framework/src/Illuminate/Http/Response.php(69): Illuminate/View/View->render()
#18 D:/laravel/office/cioas/vendor/laravel/framework/src/Illuminate/Http/Response.php(35): Illuminate/Http/Response->setContent(Object(Illuminate/View/View))
#19 D:/laravel/office/cioas/vendor/laravel/framework/src/Illuminate/Routing/Router.php(918): Illuminate/Http/Response->__construct(Object(Illuminate/View/View), 200, Array)
#20 D:/laravel/office/cioas/vendor/laravel/framework/src/Illuminate/Routing/Router.php(885): Illuminate/Routing/Router::toResponse(Object(Illuminate/Http/Request), Object(Illuminate/View/View))
#21 D:/laravel/office/cioas/vendor/laravel/framework/src/Illuminate/Routing/Router.php(805): Illuminate/Routing/Router->prepareResponse(Object(Illuminate/Http/Request), Object(Illuminate/View/View))
#22 D:/laravel/office/cioas/vendor/laravel/framework/src/Illuminate/Pipeline/Pipeline.php(144): Illuminate/Routing/Router->Illuminate/Routing/{closure}(Object(Illuminate/Http/Request))
#23 D:/laravel/office/cioas/vendor/laravel/framework/src/Illuminate/Routing/Middleware/SubstituteBindings.php(50): Illuminate/Pipeline/Pipeline->Illuminate/Pipeline/{closure}(Object(Illuminate/Http/Request))
#24 D:/laravel/office/cioas/vendor/laravel/framework/src/Illuminate/Pipeline/Pipeline.php(183): Illuminate/Routing/Middleware/SubstituteBindings->handle(Object(Illuminate/Http/Request), Object(Closure))
#25 D:/laravel/office/cioas/vendor/laravel/framework/src/Illuminate/Auth/Middleware/Authenticate.php(57): Illuminate/Pipeline/Pipeline->Illuminate/Pipeline/{closure}(Object(Illuminate/Http/Request))
#26 D:/laravel/office/cioas/vendor/laravel/framework/src/Illuminate/Pipeline/Pipeline.php(183): Illuminate/Auth/Middleware/Authenticate->handle(Object(Illuminate/Http/Request), Object(Closure))
#27 D:/laravel/office/cioas/vendor/laravel/framework/src/Illuminate/Foundation/Http/Middleware/VerifyCsrfToken.php(78): Illuminate/Pipeline/Pipeline->Illuminate/Pipeline/{closure}(Object(Illuminate/Http/Request))
#28 D:/laravel/office/cioas/vendor/laravel/framework/src/Illuminate/Pipeline/Pipeline.php(183): Illuminate/Foundation/Http/Middleware/VerifyCsrfToken->handle(Object(Illuminate/Http/Request), Object(Closure))
#29 D:/laravel/office/cioas/vendor/laravel/framework/src/Illuminate/View/Middleware/ShareErrorsFromSession.php(49): Illuminate/Pipeline/Pipeline->Illuminate/Pipeline/{closure}(Object(Illuminate/Http/Request))
#30 D:/laravel/office/cioas/vendor/laravel/framework/src/Illuminate/Pipeline/Pipeline.php(183): Illuminate/View/Middleware/ShareErrorsFromSession->handle(Object(Illuminate/Http/Request), Object(Closure))
#31 D:/laravel/office/cioas/vendor/laravel/framework/src/Illuminate/Session/Middleware/StartSession.php(121): Illuminate/Pipeline/Pipeline->Illuminate/Pipeline/{closure}(Object(Illuminate/Http/Request))
#32 D:/laravel/office/cioas/vendor/laravel/framework/src/Illuminate/Session/Middleware/StartSession.php(64): Illuminate/Session/Middleware/StartSession->handleStatefulRequest(Object(Illuminate/Http/Request), Object(Illuminate/Session/Store), Object(Closure))
#33 D:/laravel/office/cioas/vendor/laravel/framework/src/Illuminate/Pipeline/Pipeline.php(183): Illuminate/Session/Middleware/StartSession->handle(Object(Illuminate/Http/Request), Object(Closure))
#34 D:/laravel/office/cioas/vendor/laravel/framework/src/Illuminate/Cookie/Middleware/AddQueuedCookiesToResponse.php(37): Illuminate/Pipeline/Pipeline->Illuminate/Pipeline/{closure}(Object(Illuminate/Http/Request))
#35 D:/laravel/office/cioas/vendor/laravel/framework/src/Illuminate/Pipeline/Pipeline.php(183): Illuminate/Cookie/Middleware/AddQueuedCookiesToResponse->handle(Object(Illuminate/Http/Request), Object(Closure))
#36 D:/laravel/office/cioas/vendor/laravel/framework/src/Illuminate/Cookie/Middleware/EncryptCookies.php(67): Illuminate/Pipeline/Pipeline->Illuminate/Pipeline/{closure}(Object(Illuminate/Http/Request))
#37 D:/laravel/office/cioas/vendor/laravel/framework/src/Illuminate/Pipeline/Pipeline.php(183): Illuminate/Cookie/Middleware/EncryptCookies->handle(Object(Illuminate/Http/Request), Object(Closure))
#38 D:/laravel/office/cioas/vendor/laravel/framework/src/Illuminate/Pipeline/Pipeline.php(119): Illuminate/Pipeline/Pipeline->Illuminate/Pipeline/{closure}(Object(Illuminate/Http/Request))
#39 D:/laravel/office/cioas/vendor/laravel/framework/src/Illuminate/Routing/Router.php(805): Illuminate/Pipeline/Pipeline->then(Object(Closure))
#40 D:/laravel/office/cioas/vendor/laravel/framework/src/Illuminate/Routing/Router.php(784): Illuminate/Routing/Router->runRouteWithinStack(Object(Illuminate/Routing/Route), Object(Illuminate/Http/Request))
#41 D:/laravel/office/cioas/vendor/laravel/framework/src/Illuminate/Routing/Router.php(748): Illuminate/Routing/Router->runRoute(Object(Illuminate/Http/Request), Object(Illuminate/Routing/Route))
#42 D:/laravel/office/cioas/vendor/laravel/framework/src/Illuminate/Routing/Router.php(737): Illuminate/Routing/Router->dispatchToRoute(Object(Illuminate/Http/Request))
#43 D:/laravel/office/cioas/vendor/laravel/framework/src/Illuminate/Foundation/Http/Kernel.php(200): Illuminate/Routing/Router->dispatch(Object(Illuminate/Http/Request))
#44 D:/laravel/office/cioas/vendor/laravel/framework/src/Illuminate/Pipeline/Pipeline.php(144): Illuminate/Foundation/Http/Kernel->Illuminate/Foundation/Http/{closure}(Object(Illuminate/Http/Request))
#45 D:/laravel/office/cioas/vendor/laravel/framework/src/Illuminate/Foundation/Http/Middleware/TransformsRequest.php(21): Illuminate/Pipeline/Pipeline->Illuminate/Pipeline/{closure}(Object(Illuminate/Http/Request))
#46 D:/laravel/office/cioas/vendor/laravel/framework/src/Illuminate/Foundation/Http/Middleware/ConvertEmptyStringsToNull.php(31): Illuminate/Foundation/Http/Middleware/TransformsRequest->handle(Object(Illuminate/Http/Request), Object(Closure))
#47 D:/laravel/office/cioas/vendor/laravel/framework/src/Illuminate/Pipeline/Pipeline.php(183): Illuminate/Foundation/Http/Middleware/ConvertEmptyStringsToNull->handle(Object(Illuminate/Http/Request), Object(Closure))
#48 D:/laravel/office/cioas/vendor/laravel/framework/src/Illuminate/Foundation/Http/Middleware/TransformsRequest.php(21): Illuminate/Pipeline/Pipeline->Illuminate/Pipeline/{closure}(Object(Illuminate/Http/Request))
#49 D:/laravel/office/cioas/vendor/laravel/framework/src/Illuminate/Foundation/Http/Middleware/TrimStrings.php(40): Illuminate/Foundation/Http/Middleware/TransformsRequest->handle(Object(Illuminate/Http/Request), Object(Closure))
#50 D:/laravel/office/cioas/vendor/laravel/framework/src/Illuminate/Pipeline/Pipeline.php(183): Illuminate/Foundation/Http/Middleware/TrimStrings->handle(Object(Illuminate/Http/Request), Object(Closure))
#51 D:/laravel/office/cioas/vendor/laravel/framework/src/Illuminate/Foundation/Http/Middleware/ValidatePostSize.php(27): Illuminate/Pipeline/Pipeline->Illuminate/Pipeline/{closure}(Object(Illuminate/Http/Request))
#52 D:/laravel/office/cioas/vendor/laravel/framework/src/Illuminate/Pipeline/Pipeline.php(183): Illuminate/Foundation/Http/Middleware/ValidatePostSize->handle(Object(Illuminate/Http/Request), Object(Closure))
#53 D:/laravel/office/cioas/vendor/laravel/framework/src/Illuminate/Foundation/Http/Middleware/PreventRequestsDuringMaintenance.php(99): Illuminate/Pipeline/Pipeline->Illuminate/Pipeline/{closure}(Object(Illuminate/Http/Request))
#54 D:/laravel/office/cioas/vendor/laravel/framework/src/Illuminate/Pipeline/Pipeline.php(183): Illuminate/Foundation/Http/Middleware/PreventRequestsDuringMaintenance->handle(Object(Illuminate/Http/Request), Object(Closure))
#55 D:/laravel/office/cioas/vendor/laravel/framework/src/Illuminate/Http/Middleware/TrustProxies.php(39): Illuminate/Pipeline/Pipeline->Illuminate/Pipeline/{closure}(Object(Illuminate/Http/Request))
#56 D:/laravel/office/cioas/vendor/laravel/framework/src/Illuminate/Pipeline/Pipeline.php(183): Illuminate/Http/Middleware/TrustProxies->handle(Object(Illuminate/Http/Request), Object(Closure))
#57 D:/laravel/office/cioas/vendor/laravel/framework/src/Illuminate/Pipeline/Pipeline.php(119): Illuminate/Pipeline/Pipeline->Illuminate/Pipeline/{closure}(Object(Illuminate/Http/Request))
#58 D:/laravel/office/cioas/vendor/laravel/framework/src/Illuminate/Foundation/Http/Kernel.php(175): Illuminate/Pipeline/Pipeline->then(Object(Closure))
#59 D:/laravel/office/cioas/vendor/laravel/framework/src/Illuminate/Foundation/Http/Kernel.php(144): Illuminate/Foundation/Http/Kernel->sendRequestThroughRouter(Object(Illuminate/Http/Request))
#60 D:/laravel/office/cioas/public/index.php(51): Illuminate/Foundation/Http/Kernel->handle(Object(Illuminate/Http/Request))
#61 D:/laravel/office/cioas/server.php(21): require_once('D://laravel//offi...')
#62 {main}
"} 
[2026-05-09 17:54:13] local.ERROR: Attempt to read property "gender" on array (View: D:\laravel\office\cioas\resources\views\backend\pages\hotel-restaurant\forms\ownership.blade.php) (View: D:\laravel\office\cioas\resources\views\backend\pages\hotel-restaurant\forms\ownership.blade.php) {"userId":1,"exception":"[object] (Illuminate\\View\\ViewException(code: 0): Attempt to read property \"gender\" on array (View: D:\\laravel\\office\\cioas\\resources\\views\\backend\\pages\\hotel-restaurant\\forms\\ownership.blade.php) (View: D:\\laravel\\office\\cioas\\resources\\views\\backend\\pages\\hotel-restaurant\\forms\\ownership.blade.php) at D:/laravel/office/cioas/storage/framework/views/286d2f91dc3a0890649958bf3891e1c6.php:60)
[stacktrace]
#0 D:/laravel/office/cioas/vendor/laravel/framework/src/Illuminate/View/Engines/PhpEngine.php(60): Illuminate/View/Engines/CompilerEngine->handleViewException(Object(Illuminate/View/ViewException), 1)
#1 D:/laravel/office/cioas/vendor/laravel/framework/src/Illuminate/View/Engines/CompilerEngine.php(72): Illuminate/View/Engines/PhpEngine->evaluatePath('D://laravel//offi...', Array)
#2 D:/laravel/office/cioas/vendor/laravel/framework/src/Illuminate/View/View.php(207): Illuminate/View/Engines/CompilerEngine->get('D://laravel//offi...', Array)
#3 D:/laravel/office/cioas/vendor/laravel/framework/src/Illuminate/View/View.php(190): Illuminate/View/View->getContents()
#4 D:/laravel/office/cioas/vendor/laravel/framework/src/Illuminate/View/View.php(159): Illuminate/View/View->renderContents()
#5 D:/laravel/office/cioas/vendor/laravel/framework/src/Illuminate/Http/Response.php(69): Illuminate/View/View->render()
#6 D:/laravel/office/cioas/vendor/laravel/framework/src/Illuminate/Http/Response.php(35): Illuminate/Http/Response->setContent(Object(Illuminate/View/View))
#7 D:/laravel/office/cioas/vendor/laravel/framework/src/Illuminate/Routing/Router.php(918): Illuminate/Http/Response->__construct(Object(Illuminate/View/View), 200, Array)
#8 D:/laravel/office/cioas/vendor/laravel/framework/src/Illuminate/Routing/Router.php(885): Illuminate/Routing/Router::toResponse(Object(Illuminate/Http/Request), Object(Illuminate/View/View))
#9 D:/laravel/office/cioas/vendor/laravel/framework/src/Illuminate/Routing/Router.php(805): Illuminate/Routing/Router->prepareResponse(Object(Illuminate/Http/Request), Object(Illuminate/View/View))
#10 D:/laravel/office/cioas/vendor/laravel/framework/src/Illuminate/Pipeline/Pipeline.php(144): Illuminate/Routing/Router->Illuminate/Routing/{closure}(Object(Illuminate/Http/Request))
#11 D:/laravel/office/cioas/vendor/laravel/framework/src/Illuminate/Routing/Middleware/SubstituteBindings.php(50): Illuminate/Pipeline/Pipeline->Illuminate/Pipeline/{closure}(Object(Illuminate/Http/Request))
#12 D:/laravel/office/cioas/vendor/laravel/framework/src/Illuminate/Pipeline/Pipeline.php(183): Illuminate/Routing/Middleware/SubstituteBindings->handle(Object(Illuminate/Http/Request), Object(Closure))
#13 D:/laravel/office/cioas/vendor/laravel/framework/src/Illuminate/Auth/Middleware/Authenticate.php(57): Illuminate/Pipeline/Pipeline->Illuminate/Pipeline/{closure}(Object(Illuminate/Http/Request))
#14 D:/laravel/office/cioas/vendor/laravel/framework/src/Illuminate/Pipeline/Pipeline.php(183): Illuminate/Auth/Middleware/Authenticate->handle(Object(Illuminate/Http/Request), Object(Closure))
#15 D:/laravel/office/cioas/vendor/laravel/framework/src/Illuminate/Foundation/Http/Middleware/VerifyCsrfToken.php(78): Illuminate/Pipeline/Pipeline->Illuminate/Pipeline/{closure}(Object(Illuminate/Http/Request))
#16 D:/laravel/office/cioas/vendor/laravel/framework/src/Illuminate/Pipeline/Pipeline.php(183): Illuminate/Foundation/Http/Middleware/VerifyCsrfToken->handle(Object(Illuminate/Http/Request), Object(Closure))
#17 D:/laravel/office/cioas/vendor/laravel/framework/src/Illuminate/View/Middleware/ShareErrorsFromSession.php(49): Illuminate/Pipeline/Pipeline->Illuminate/Pipeline/{closure}(Object(Illuminate/Http/Request))
#18 D:/laravel/office/cioas/vendor/laravel/framework/src/Illuminate/Pipeline/Pipeline.php(183): Illuminate/View/Middleware/ShareErrorsFromSession->handle(Object(Illuminate/Http/Request), Object(Closure))
#19 D:/laravel/office/cioas/vendor/laravel/framework/src/Illuminate/Session/Middleware/StartSession.php(121): Illuminate/Pipeline/Pipeline->Illuminate/Pipeline/{closure}(Object(Illuminate/Http/Request))
#20 D:/laravel/office/cioas/vendor/laravel/framework/src/Illuminate/Session/Middleware/StartSession.php(64): Illuminate/Session/Middleware/StartSession->handleStatefulRequest(Object(Illuminate/Http/Request), Object(Illuminate/Session/Store), Object(Closure))
#21 D:/laravel/office/cioas/vendor/laravel/framework/src/Illuminate/Pipeline/Pipeline.php(183): Illuminate/Session/Middleware/StartSession->handle(Object(Illuminate/Http/Request), Object(Closure))
#22 D:/laravel/office/cioas/vendor/laravel/framework/src/Illuminate/Cookie/Middleware/AddQueuedCookiesToResponse.php(37): Illuminate/Pipeline/Pipeline->Illuminate/Pipeline/{closure}(Object(Illuminate/Http/Request))
#23 D:/laravel/office/cioas/vendor/laravel/framework/src/Illuminate/Pipeline/Pipeline.php(183): Illuminate/Cookie/Middleware/AddQueuedCookiesToResponse->handle(Object(Illuminate/Http/Request), Object(Closure))
#24 D:/laravel/office/cioas/vendor/laravel/framework/src/Illuminate/Cookie/Middleware/EncryptCookies.php(67): Illuminate/Pipeline/Pipeline->Illuminate/Pipeline/{closure}(Object(Illuminate/Http/Request))
#25 D:/laravel/office/cioas/vendor/laravel/framework/src/Illuminate/Pipeline/Pipeline.php(183): Illuminate/Cookie/Middleware/EncryptCookies->handle(Object(Illuminate/Http/Request), Object(Closure))
#26 D:/laravel/office/cioas/vendor/laravel/framework/src/Illuminate/Pipeline/Pipeline.php(119): Illuminate/Pipeline/Pipeline->Illuminate/Pipeline/{closure}(Object(Illuminate/Http/Request))
#27 D:/laravel/office/cioas/vendor/laravel/framework/src/Illuminate/Routing/Router.php(805): Illuminate/Pipeline/Pipeline->then(Object(Closure))
#28 D:/laravel/office/cioas/vendor/laravel/framework/src/Illuminate/Routing/Router.php(784): Illuminate/Routing/Router->runRouteWithinStack(Object(Illuminate/Routing/Route), Object(Illuminate/Http/Request))
#29 D:/laravel/office/cioas/vendor/laravel/framework/src/Illuminate/Routing/Router.php(748): Illuminate/Routing/Router->runRoute(Object(Illuminate/Http/Request), Object(Illuminate/Routing/Route))
#30 D:/laravel/office/cioas/vendor/laravel/framework/src/Illuminate/Routing/Router.php(737): Illuminate/Routing/Router->dispatchToRoute(Object(Illuminate/Http/Request))
#31 D:/laravel/office/cioas/vendor/laravel/framework/src/Illuminate/Foundation/Http/Kernel.php(200): Illuminate/Routing/Router->dispatch(Object(Illuminate/Http/Request))
#32 D:/laravel/office/cioas/vendor/laravel/framework/src/Illuminate/Pipeline/Pipeline.php(144): Illuminate/Foundation/Http/Kernel->Illuminate/Foundation/Http/{closure}(Object(Illuminate/Http/Request))
#33 D:/laravel/office/cioas/vendor/laravel/framework/src/Illuminate/Foundation/Http/Middleware/TransformsRequest.php(21): Illuminate/Pipeline/Pipeline->Illuminate/Pipeline/{closure}(Object(Illuminate/Http/Request))
#34 D:/laravel/office/cioas/vendor/laravel/framework/src/Illuminate/Foundation/Http/Middleware/ConvertEmptyStringsToNull.php(31): Illuminate/Foundation/Http/Middleware/TransformsRequest->handle(Object(Illuminate/Http/Request), Object(Closure))
#35 D:/laravel/office/cioas/vendor/laravel/framework/src/Illuminate/Pipeline/Pipeline.php(183): Illuminate/Foundation/Http/Middleware/ConvertEmptyStringsToNull->handle(Object(Illuminate/Http/Request), Object(Closure))
#36 D:/laravel/office/cioas/vendor/laravel/framework/src/Illuminate/Foundation/Http/Middleware/TransformsRequest.php(21): Illuminate/Pipeline/Pipeline->Illuminate/Pipeline/{closure}(Object(Illuminate/Http/Request))
#37 D:/laravel/office/cioas/vendor/laravel/framework/src/Illuminate/Foundation/Http/Middleware/TrimStrings.php(40): Illuminate/Foundation/Http/Middleware/TransformsRequest->handle(Object(Illuminate/Http/Request), Object(Closure))
#38 D:/laravel/office/cioas/vendor/laravel/framework/src/Illuminate/Pipeline/Pipeline.php(183): Illuminate/Foundation/Http/Middleware/TrimStrings->handle(Object(Illuminate/Http/Request), Object(Closure))
#39 D:/laravel/office/cioas/vendor/laravel/framework/src/Illuminate/Foundation/Http/Middleware/ValidatePostSize.php(27): Illuminate/Pipeline/Pipeline->Illuminate/Pipeline/{closure}(Object(Illuminate/Http/Request))
#40 D:/laravel/office/cioas/vendor/laravel/framework/src/Illuminate/Pipeline/Pipeline.php(183): Illuminate/Foundation/Http/Middleware/ValidatePostSize->handle(Object(Illuminate/Http/Request), Object(Closure))
#41 D:/laravel/office/cioas/vendor/laravel/framework/src/Illuminate/Foundation/Http/Middleware/PreventRequestsDuringMaintenance.php(99): Illuminate/Pipeline/Pipeline->Illuminate/Pipeline/{closure}(Object(Illuminate/Http/Request))
#42 D:/laravel/office/cioas/vendor/laravel/framework/src/Illuminate/Pipeline/Pipeline.php(183): Illuminate/Foundation/Http/Middleware/PreventRequestsDuringMaintenance->handle(Object(Illuminate/Http/Request), Object(Closure))
#43 D:/laravel/office/cioas/vendor/laravel/framework/src/Illuminate/Http/Middleware/TrustProxies.php(39): Illuminate/Pipeline/Pipeline->Illuminate/Pipeline/{closure}(Object(Illuminate/Http/Request))
#44 D:/laravel/office/cioas/vendor/laravel/framework/src/Illuminate/Pipeline/Pipeline.php(183): Illuminate/Http/Middleware/TrustProxies->handle(Object(Illuminate/Http/Request), Object(Closure))
#45 D:/laravel/office/cioas/vendor/laravel/framework/src/Illuminate/Pipeline/Pipeline.php(119): Illuminate/Pipeline/Pipeline->Illuminate/Pipeline/{closure}(Object(Illuminate/Http/Request))
#46 D:/laravel/office/cioas/vendor/laravel/framework/src/Illuminate/Foundation/Http/Kernel.php(175): Illuminate/Pipeline/Pipeline->then(Object(Closure))
#47 D:/laravel/office/cioas/vendor/laravel/framework/src/Illuminate/Foundation/Http/Kernel.php(144): Illuminate/Foundation/Http/Kernel->sendRequestThroughRouter(Object(Illuminate/Http/Request))
#48 D:/laravel/office/cioas/public/index.php(51): Illuminate/Foundation/Http/Kernel->handle(Object(Illuminate/Http/Request))
#49 D:/laravel/office/cioas/server.php(21): require_once('D://laravel//offi...')
#50 {main}

[previous exception] [object] (Illuminate\\View\\ViewException(code: 0): Attempt to read property \"gender\" on array (View: D:\\laravel\\office\\cioas\\resources\\views\\backend\\pages\\hotel-restaurant\\forms\\ownership.blade.php) at D:/laravel/office/cioas/storage/framework/views/286d2f91dc3a0890649958bf3891e1c6.php:60)
[stacktrace]
#0 D:/laravel/office/cioas/vendor/laravel/framework/src/Illuminate/View/Engines/PhpEngine.php(60): Illuminate/View/Engines/CompilerEngine->handleViewException(Object(ErrorException), 3)
#1 D:/laravel/office/cioas/vendor/laravel/framework/src/Illuminate/View/Engines/CompilerEngine.php(72): Illuminate/View/Engines/PhpEngine->evaluatePath('D://laravel//offi...', Array)
#2 D:/laravel/office/cioas/vendor/laravel/framework/src/Illuminate/View/View.php(207): Illuminate/View/Engines/CompilerEngine->get('D://laravel//offi...', Array)
#3 D:/laravel/office/cioas/vendor/laravel/framework/src/Illuminate/View/View.php(190): Illuminate/View/View->getContents()
#4 D:/laravel/office/cioas/vendor/laravel/framework/src/Illuminate/View/View.php(159): Illuminate/View/View->renderContents()
#5 D:/laravel/office/cioas/storage/framework/views/539cc100aa3120664a2ccbace1b73a54.php(60): Illuminate/View/View->render()
#6 D:/laravel/office/cioas/vendor/laravel/framework/src/Illuminate/Filesystem/Filesystem.php(123): require('D://laravel//offi...')
#7 D:/laravel/office/cioas/vendor/laravel/framework/src/Illuminate/Filesystem/Filesystem.php(124): Illuminate/Filesystem/Filesystem::Illuminate/Filesystem/{closure}()
#8 D:/laravel/office/cioas/vendor/laravel/framework/src/Illuminate/View/Engines/PhpEngine.php(58): Illuminate/Filesystem/Filesystem->getRequire('D://laravel//offi...', Array)
#9 D:/laravel/office/cioas/vendor/laravel/framework/src/Illuminate/View/Engines/CompilerEngine.php(72): Illuminate/View/Engines/PhpEngine->evaluatePath('D://laravel//offi...', Array)
#10 D:/laravel/office/cioas/vendor/laravel/framework/src/Illuminate/View/View.php(207): Illuminate/View/Engines/CompilerEngine->get('D://laravel//offi...', Array)
#11 D:/laravel/office/cioas/vendor/laravel/framework/src/Illuminate/View/View.php(190): Illuminate/View/View->getContents()
#12 D:/laravel/office/cioas/vendor/laravel/framework/src/Illuminate/View/View.php(159): Illuminate/View/View->renderContents()
#13 D:/laravel/office/cioas/vendor/laravel/framework/src/Illuminate/Http/Response.php(69): Illuminate/View/View->render()
#14 D:/laravel/office/cioas/vendor/laravel/framework/src/Illuminate/Http/Response.php(35): Illuminate/Http/Response->setContent(Object(Illuminate/View/View))
#15 D:/laravel/office/cioas/vendor/laravel/framework/src/Illuminate/Routing/Router.php(918): Illuminate/Http/Response->__construct(Object(Illuminate/View/View), 200, Array)
#16 D:/laravel/office/cioas/vendor/laravel/framework/src/Illuminate/Routing/Router.php(885): Illuminate/Routing/Router::toResponse(Object(Illuminate/Http/Request), Object(Illuminate/View/View))
#17 D:/laravel/office/cioas/vendor/laravel/framework/src/Illuminate/Routing/Router.php(805): Illuminate/Routing/Router->prepareResponse(Object(Illuminate/Http/Request), Object(Illuminate/View/View))
#18 D:/laravel/office/cioas/vendor/laravel/framework/src/Illuminate/Pipeline/Pipeline.php(144): Illuminate/Routing/Router->Illuminate/Routing/{closure}(Object(Illuminate/Http/Request))
#19 D:/laravel/office/cioas/vendor/laravel/framework/src/Illuminate/Routing/Middleware/SubstituteBindings.php(50): Illuminate/Pipeline/Pipeline->Illuminate/Pipeline/{closure}(Object(Illuminate/Http/Request))
#20 D:/laravel/office/cioas/vendor/laravel/framework/src/Illuminate/Pipeline/Pipeline.php(183): Illuminate/Routing/Middleware/SubstituteBindings->handle(Object(Illuminate/Http/Request), Object(Closure))
#21 D:/laravel/office/cioas/vendor/laravel/framework/src/Illuminate/Auth/Middleware/Authenticate.php(57): Illuminate/Pipeline/Pipeline->Illuminate/Pipeline/{closure}(Object(Illuminate/Http/Request))
#22 D:/laravel/office/cioas/vendor/laravel/framework/src/Illuminate/Pipeline/Pipeline.php(183): Illuminate/Auth/Middleware/Authenticate->handle(Object(Illuminate/Http/Request), Object(Closure))
#23 D:/laravel/office/cioas/vendor/laravel/framework/src/Illuminate/Foundation/Http/Middleware/VerifyCsrfToken.php(78): Illuminate/Pipeline/Pipeline->Illuminate/Pipeline/{closure}(Object(Illuminate/Http/Request))
#24 D:/laravel/office/cioas/vendor/laravel/framework/src/Illuminate/Pipeline/Pipeline.php(183): Illuminate/Foundation/Http/Middleware/VerifyCsrfToken->handle(Object(Illuminate/Http/Request), Object(Closure))
#25 D:/laravel/office/cioas/vendor/laravel/framework/src/Illuminate/View/Middleware/ShareErrorsFromSession.php(49): Illuminate/Pipeline/Pipeline->Illuminate/Pipeline/{closure}(Object(Illuminate/Http/Request))
#26 D:/laravel/office/cioas/vendor/laravel/framework/src/Illuminate/Pipeline/Pipeline.php(183): Illuminate/View/Middleware/ShareErrorsFromSession->handle(Object(Illuminate/Http/Request), Object(Closure))
#27 D:/laravel/office/cioas/vendor/laravel/framework/src/Illuminate/Session/Middleware/StartSession.php(121): Illuminate/Pipeline/Pipeline->Illuminate/Pipeline/{closure}(Object(Illuminate/Http/Request))
#28 D:/laravel/office/cioas/vendor/laravel/framework/src/Illuminate/Session/Middleware/StartSession.php(64): Illuminate/Session/Middleware/StartSession->handleStatefulRequest(Object(Illuminate/Http/Request), Object(Illuminate/Session/Store), Object(Closure))
#29 D:/laravel/office/cioas/vendor/laravel/framework/src/Illuminate/Pipeline/Pipeline.php(183): Illuminate/Session/Middleware/StartSession->handle(Object(Illuminate/Http/Request), Object(Closure))
#30 D:/laravel/office/cioas/vendor/laravel/framework/src/Illuminate/Cookie/Middleware/AddQueuedCookiesToResponse.php(37): Illuminate/Pipeline/Pipeline->Illuminate/Pipeline/{closure}(Object(Illuminate/Http/Request))
#31 D:/laravel/office/cioas/vendor/laravel/framework/src/Illuminate/Pipeline/Pipeline.php(183): Illuminate/Cookie/Middleware/AddQueuedCookiesToResponse->handle(Object(Illuminate/Http/Request), Object(Closure))
#32 D:/laravel/office/cioas/vendor/laravel/framework/src/Illuminate/Cookie/Middleware/EncryptCookies.php(67): Illuminate/Pipeline/Pipeline->Illuminate/Pipeline/{closure}(Object(Illuminate/Http/Request))
#33 D:/laravel/office/cioas/vendor/laravel/framework/src/Illuminate/Pipeline/Pipeline.php(183): Illuminate/Cookie/Middleware/EncryptCookies->handle(Object(Illuminate/Http/Request), Object(Closure))
#34 D:/laravel/office/cioas/vendor/laravel/framework/src/Illuminate/Pipeline/Pipeline.php(119): Illuminate/Pipeline/Pipeline->Illuminate/Pipeline/{closure}(Object(Illuminate/Http/Request))
#35 D:/laravel/office/cioas/vendor/laravel/framework/src/Illuminate/Routing/Router.php(805): Illuminate/Pipeline/Pipeline->then(Object(Closure))
#36 D:/laravel/office/cioas/vendor/laravel/framework/src/Illuminate/Routing/Router.php(784): Illuminate/Routing/Router->runRouteWithinStack(Object(Illuminate/Routing/Route), Object(Illuminate/Http/Request))
#37 D:/laravel/office/cioas/vendor/laravel/framework/src/Illuminate/Routing/Router.php(748): Illuminate/Routing/Router->runRoute(Object(Illuminate/Http/Request), Object(Illuminate/Routing/Route))
#38 D:/laravel/office/cioas/vendor/laravel/framework/src/Illuminate/Routing/Router.php(737): Illuminate/Routing/Router->dispatchToRoute(Object(Illuminate/Http/Request))
#39 D:/laravel/office/cioas/vendor/laravel/framework/src/Illuminate/Foundation/Http/Kernel.php(200): Illuminate/Routing/Router->dispatch(Object(Illuminate/Http/Request))
#40 D:/laravel/office/cioas/vendor/laravel/framework/src/Illuminate/Pipeline/Pipeline.php(144): Illuminate/Foundation/Http/Kernel->Illuminate/Foundation/Http/{closure}(Object(Illuminate/Http/Request))
#41 D:/laravel/office/cioas/vendor/laravel/framework/src/Illuminate/Foundation/Http/Middleware/TransformsRequest.php(21): Illuminate/Pipeline/Pipeline->Illuminate/Pipeline/{closure}(Object(Illuminate/Http/Request))
#42 D:/laravel/office/cioas/vendor/laravel/framework/src/Illuminate/Foundation/Http/Middleware/ConvertEmptyStringsToNull.php(31): Illuminate/Foundation/Http/Middleware/TransformsRequest->handle(Object(Illuminate/Http/Request), Object(Closure))
#43 D:/laravel/office/cioas/vendor/laravel/framework/src/Illuminate/Pipeline/Pipeline.php(183): Illuminate/Foundation/Http/Middleware/ConvertEmptyStringsToNull->handle(Object(Illuminate/Http/Request), Object(Closure))
#44 D:/laravel/office/cioas/vendor/laravel/framework/src/Illuminate/Foundation/Http/Middleware/TransformsRequest.php(21): Illuminate/Pipeline/Pipeline->Illuminate/Pipeline/{closure}(Object(Illuminate/Http/Request))
#45 D:/laravel/office/cioas/vendor/laravel/framework/src/Illuminate/Foundation/Http/Middleware/TrimStrings.php(40): Illuminate/Foundation/Http/Middleware/TransformsRequest->handle(Object(Illuminate/Http/Request), Object(Closure))
#46 D:/laravel/office/cioas/vendor/laravel/framework/src/Illuminate/Pipeline/Pipeline.php(183): Illuminate/Foundation/Http/Middleware/TrimStrings->handle(Object(Illuminate/Http/Request), Object(Closure))
#47 D:/laravel/office/cioas/vendor/laravel/framework/src/Illuminate/Foundation/Http/Middleware/ValidatePostSize.php(27): Illuminate/Pipeline/Pipeline->Illuminate/Pipeline/{closure}(Object(Illuminate/Http/Request))
#48 D:/laravel/office/cioas/vendor/laravel/framework/src/Illuminate/Pipeline/Pipeline.php(183): Illuminate/Foundation/Http/Middleware/ValidatePostSize->handle(Object(Illuminate/Http/Request), Object(Closure))
#49 D:/laravel/office/cioas/vendor/laravel/framework/src/Illuminate/Foundation/Http/Middleware/PreventRequestsDuringMaintenance.php(99): Illuminate/Pipeline/Pipeline->Illuminate/Pipeline/{closure}(Object(Illuminate/Http/Request))
#50 D:/laravel/office/cioas/vendor/laravel/framework/src/Illuminate/Pipeline/Pipeline.php(183): Illuminate/Foundation/Http/Middleware/PreventRequestsDuringMaintenance->handle(Object(Illuminate/Http/Request), Object(Closure))
#51 D:/laravel/office/cioas/vendor/laravel/framework/src/Illuminate/Http/Middleware/TrustProxies.php(39): Illuminate/Pipeline/Pipeline->Illuminate/Pipeline/{closure}(Object(Illuminate/Http/Request))
#52 D:/laravel/office/cioas/vendor/laravel/framework/src/Illuminate/Pipeline/Pipeline.php(183): Illuminate/Http/Middleware/TrustProxies->handle(Object(Illuminate/Http/Request), Object(Closure))
#53 D:/laravel/office/cioas/vendor/laravel/framework/src/Illuminate/Pipeline/Pipeline.php(119): Illuminate/Pipeline/Pipeline->Illuminate/Pipeline/{closure}(Object(Illuminate/Http/Request))
#54 D:/laravel/office/cioas/vendor/laravel/framework/src/Illuminate/Foundation/Http/Kernel.php(175): Illuminate/Pipeline/Pipeline->then(Object(Closure))
#55 D:/laravel/office/cioas/vendor/laravel/framework/src/Illuminate/Foundation/Http/Kernel.php(144): Illuminate/Foundation/Http/Kernel->sendRequestThroughRouter(Object(Illuminate/Http/Request))
#56 D:/laravel/office/cioas/public/index.php(51): Illuminate/Foundation/Http/Kernel->handle(Object(Illuminate/Http/Request))
#57 D:/laravel/office/cioas/server.php(21): require_once('D://laravel//offi...')
#58 {main}

[previous exception] [object] (ErrorException(code: 0): Attempt to read property \"gender\" on array at D:/laravel/office/cioas/storage/framework/views/286d2f91dc3a0890649958bf3891e1c6.php:60)
[stacktrace]
#0 D:/laravel/office/cioas/vendor/laravel/framework/src/Illuminate/Foundation/Bootstrap/HandleExceptions.php(255): Illuminate/Foundation/Bootstrap/HandleExceptions->handleError(2, 'Attempt to read...', 'D://laravel//offi...', 60)
#1 D:/laravel/office/cioas/storage/framework/views/286d2f91dc3a0890649958bf3891e1c6.php(60): Illuminate/Foundation/Bootstrap/HandleExceptions->Illuminate/Foundation/Bootstrap/{closure}(2, 'Attempt to read...', 'D://laravel//offi...', 60)
#2 D:/laravel/office/cioas/vendor/laravel/framework/src/Illuminate/Filesystem/Filesystem.php(123): require('D://laravel//offi...')
#3 D:/laravel/office/cioas/vendor/laravel/framework/src/Illuminate/Filesystem/Filesystem.php(124): Illuminate/Filesystem/Filesystem::Illuminate/Filesystem/{closure}()
#4 D:/laravel/office/cioas/vendor/laravel/framework/src/Illuminate/View/Engines/PhpEngine.php(58): Illuminate/Filesystem/Filesystem->getRequire('D://laravel//offi...', Array)
#5 D:/laravel/office/cioas/vendor/laravel/framework/src/Illuminate/View/Engines/CompilerEngine.php(72): Illuminate/View/Engines/PhpEngine->evaluatePath('D://laravel//offi...', Array)
#6 D:/laravel/office/cioas/vendor/laravel/framework/src/Illuminate/View/View.php(207): Illuminate/View/Engines/CompilerEngine->get('D://laravel//offi...', Array)
#7 D:/laravel/office/cioas/vendor/laravel/framework/src/Illuminate/View/View.php(190): Illuminate/View/View->getContents()
#8 D:/laravel/office/cioas/vendor/laravel/framework/src/Illuminate/View/View.php(159): Illuminate/View/View->renderContents()
#9 D:/laravel/office/cioas/storage/framework/views/539cc100aa3120664a2ccbace1b73a54.php(60): Illuminate/View/View->render()
#10 D:/laravel/office/cioas/vendor/laravel/framework/src/Illuminate/Filesystem/Filesystem.php(123): require('D://laravel//offi...')
#11 D:/laravel/office/cioas/vendor/laravel/framework/src/Illuminate/Filesystem/Filesystem.php(124): Illuminate/Filesystem/Filesystem::Illuminate/Filesystem/{closure}()
#12 D:/laravel/office/cioas/vendor/laravel/framework/src/Illuminate/View/Engines/PhpEngine.php(58): Illuminate/Filesystem/Filesystem->getRequire('D://laravel//offi...', Array)
#13 D:/laravel/office/cioas/vendor/laravel/framework/src/Illuminate/View/Engines/CompilerEngine.php(72): Illuminate/View/Engines/PhpEngine->evaluatePath('D://laravel//offi...', Array)
#14 D:/laravel/office/cioas/vendor/laravel/framework/src/Illuminate/View/View.php(207): Illuminate/View/Engines/CompilerEngine->get('D://laravel//offi...', Array)
#15 D:/laravel/office/cioas/vendor/laravel/framework/src/Illuminate/View/View.php(190): Illuminate/View/View->getContents()
#16 D:/laravel/office/cioas/vendor/laravel/framework/src/Illuminate/View/View.php(159): Illuminate/View/View->renderContents()
#17 D:/laravel/office/cioas/vendor/laravel/framework/src/Illuminate/Http/Response.php(69): Illuminate/View/View->render()
#18 D:/laravel/office/cioas/vendor/laravel/framework/src/Illuminate/Http/Response.php(35): Illuminate/Http/Response->setContent(Object(Illuminate/View/View))
#19 D:/laravel/office/cioas/vendor/laravel/framework/src/Illuminate/Routing/Router.php(918): Illuminate/Http/Response->__construct(Object(Illuminate/View/View), 200, Array)
#20 D:/laravel/office/cioas/vendor/laravel/framework/src/Illuminate/Routing/Router.php(885): Illuminate/Routing/Router::toResponse(Object(Illuminate/Http/Request), Object(Illuminate/View/View))
#21 D:/laravel/office/cioas/vendor/laravel/framework/src/Illuminate/Routing/Router.php(805): Illuminate/Routing/Router->prepareResponse(Object(Illuminate/Http/Request), Object(Illuminate/View/View))
#22 D:/laravel/office/cioas/vendor/laravel/framework/src/Illuminate/Pipeline/Pipeline.php(144): Illuminate/Routing/Router->Illuminate/Routing/{closure}(Object(Illuminate/Http/Request))
#23 D:/laravel/office/cioas/vendor/laravel/framework/src/Illuminate/Routing/Middleware/SubstituteBindings.php(50): Illuminate/Pipeline/Pipeline->Illuminate/Pipeline/{closure}(Object(Illuminate/Http/Request))
#24 D:/laravel/office/cioas/vendor/laravel/framework/src/Illuminate/Pipeline/Pipeline.php(183): Illuminate/Routing/Middleware/SubstituteBindings->handle(Object(Illuminate/Http/Request), Object(Closure))
#25 D:/laravel/office/cioas/vendor/laravel/framework/src/Illuminate/Auth/Middleware/Authenticate.php(57): Illuminate/Pipeline/Pipeline->Illuminate/Pipeline/{closure}(Object(Illuminate/Http/Request))
#26 D:/laravel/office/cioas/vendor/laravel/framework/src/Illuminate/Pipeline/Pipeline.php(183): Illuminate/Auth/Middleware/Authenticate->handle(Object(Illuminate/Http/Request), Object(Closure))
#27 D:/laravel/office/cioas/vendor/laravel/framework/src/Illuminate/Foundation/Http/Middleware/VerifyCsrfToken.php(78): Illuminate/Pipeline/Pipeline->Illuminate/Pipeline/{closure}(Object(Illuminate/Http/Request))
#28 D:/laravel/office/cioas/vendor/laravel/framework/src/Illuminate/Pipeline/Pipeline.php(183): Illuminate/Foundation/Http/Middleware/VerifyCsrfToken->handle(Object(Illuminate/Http/Request), Object(Closure))
#29 D:/laravel/office/cioas/vendor/laravel/framework/src/Illuminate/View/Middleware/ShareErrorsFromSession.php(49): Illuminate/Pipeline/Pipeline->Illuminate/Pipeline/{closure}(Object(Illuminate/Http/Request))
#30 D:/laravel/office/cioas/vendor/laravel/framework/src/Illuminate/Pipeline/Pipeline.php(183): Illuminate/View/Middleware/ShareErrorsFromSession->handle(Object(Illuminate/Http/Request), Object(Closure))
#31 D:/laravel/office/cioas/vendor/laravel/framework/src/Illuminate/Session/Middleware/StartSession.php(121): Illuminate/Pipeline/Pipeline->Illuminate/Pipeline/{closure}(Object(Illuminate/Http/Request))
#32 D:/laravel/office/cioas/vendor/laravel/framework/src/Illuminate/Session/Middleware/StartSession.php(64): Illuminate/Session/Middleware/StartSession->handleStatefulRequest(Object(Illuminate/Http/Request), Object(Illuminate/Session/Store), Object(Closure))
#33 D:/laravel/office/cioas/vendor/laravel/framework/src/Illuminate/Pipeline/Pipeline.php(183): Illuminate/Session/Middleware/StartSession->handle(Object(Illuminate/Http/Request), Object(Closure))
#34 D:/laravel/office/cioas/vendor/laravel/framework/src/Illuminate/Cookie/Middleware/AddQueuedCookiesToResponse.php(37): Illuminate/Pipeline/Pipeline->Illuminate/Pipeline/{closure}(Object(Illuminate/Http/Request))
#35 D:/laravel/office/cioas/vendor/laravel/framework/src/Illuminate/Pipeline/Pipeline.php(183): Illuminate/Cookie/Middleware/AddQueuedCookiesToResponse->handle(Object(Illuminate/Http/Request), Object(Closure))
#36 D:/laravel/office/cioas/vendor/laravel/framework/src/Illuminate/Cookie/Middleware/EncryptCookies.php(67): Illuminate/Pipeline/Pipeline->Illuminate/Pipeline/{closure}(Object(Illuminate/Http/Request))
#37 D:/laravel/office/cioas/vendor/laravel/framework/src/Illuminate/Pipeline/Pipeline.php(183): Illuminate/Cookie/Middleware/EncryptCookies->handle(Object(Illuminate/Http/Request), Object(Closure))
#38 D:/laravel/office/cioas/vendor/laravel/framework/src/Illuminate/Pipeline/Pipeline.php(119): Illuminate/Pipeline/Pipeline->Illuminate/Pipeline/{closure}(Object(Illuminate/Http/Request))
#39 D:/laravel/office/cioas/vendor/laravel/framework/src/Illuminate/Routing/Router.php(805): Illuminate/Pipeline/Pipeline->then(Object(Closure))
#40 D:/laravel/office/cioas/vendor/laravel/framework/src/Illuminate/Routing/Router.php(784): Illuminate/Routing/Router->runRouteWithinStack(Object(Illuminate/Routing/Route), Object(Illuminate/Http/Request))
#41 D:/laravel/office/cioas/vendor/laravel/framework/src/Illuminate/Routing/Router.php(748): Illuminate/Routing/Router->runRoute(Object(Illuminate/Http/Request), Object(Illuminate/Routing/Route))
#42 D:/laravel/office/cioas/vendor/laravel/framework/src/Illuminate/Routing/Router.php(737): Illuminate/Routing/Router->dispatchToRoute(Object(Illuminate/Http/Request))
#43 D:/laravel/office/cioas/vendor/laravel/framework/src/Illuminate/Foundation/Http/Kernel.php(200): Illuminate/Routing/Router->dispatch(Object(Illuminate/Http/Request))
#44 D:/laravel/office/cioas/vendor/laravel/framework/src/Illuminate/Pipeline/Pipeline.php(144): Illuminate/Foundation/Http/Kernel->Illuminate/Foundation/Http/{closure}(Object(Illuminate/Http/Request))
#45 D:/laravel/office/cioas/vendor/laravel/framework/src/Illuminate/Foundation/Http/Middleware/TransformsRequest.php(21): Illuminate/Pipeline/Pipeline->Illuminate/Pipeline/{closure}(Object(Illuminate/Http/Request))
#46 D:/laravel/office/cioas/vendor/laravel/framework/src/Illuminate/Foundation/Http/Middleware/ConvertEmptyStringsToNull.php(31): Illuminate/Foundation/Http/Middleware/TransformsRequest->handle(Object(Illuminate/Http/Request), Object(Closure))
#47 D:/laravel/office/cioas/vendor/laravel/framework/src/Illuminate/Pipeline/Pipeline.php(183): Illuminate/Foundation/Http/Middleware/ConvertEmptyStringsToNull->handle(Object(Illuminate/Http/Request), Object(Closure))
#48 D:/laravel/office/cioas/vendor/laravel/framework/src/Illuminate/Foundation/Http/Middleware/TransformsRequest.php(21): Illuminate/Pipeline/Pipeline->Illuminate/Pipeline/{closure}(Object(Illuminate/Http/Request))
#49 D:/laravel/office/cioas/vendor/laravel/framework/src/Illuminate/Foundation/Http/Middleware/TrimStrings.php(40): Illuminate/Foundation/Http/Middleware/TransformsRequest->handle(Object(Illuminate/Http/Request), Object(Closure))
#50 D:/laravel/office/cioas/vendor/laravel/framework/src/Illuminate/Pipeline/Pipeline.php(183): Illuminate/Foundation/Http/Middleware/TrimStrings->handle(Object(Illuminate/Http/Request), Object(Closure))
#51 D:/laravel/office/cioas/vendor/laravel/framework/src/Illuminate/Foundation/Http/Middleware/ValidatePostSize.php(27): Illuminate/Pipeline/Pipeline->Illuminate/Pipeline/{closure}(Object(Illuminate/Http/Request))
#52 D:/laravel/office/cioas/vendor/laravel/framework/src/Illuminate/Pipeline/Pipeline.php(183): Illuminate/Foundation/Http/Middleware/ValidatePostSize->handle(Object(Illuminate/Http/Request), Object(Closure))
#53 D:/laravel/office/cioas/vendor/laravel/framework/src/Illuminate/Foundation/Http/Middleware/PreventRequestsDuringMaintenance.php(99): Illuminate/Pipeline/Pipeline->Illuminate/Pipeline/{closure}(Object(Illuminate/Http/Request))
#54 D:/laravel/office/cioas/vendor/laravel/framework/src/Illuminate/Pipeline/Pipeline.php(183): Illuminate/Foundation/Http/Middleware/PreventRequestsDuringMaintenance->handle(Object(Illuminate/Http/Request), Object(Closure))
#55 D:/laravel/office/cioas/vendor/laravel/framework/src/Illuminate/Http/Middleware/TrustProxies.php(39): Illuminate/Pipeline/Pipeline->Illuminate/Pipeline/{closure}(Object(Illuminate/Http/Request))
#56 D:/laravel/office/cioas/vendor/laravel/framework/src/Illuminate/Pipeline/Pipeline.php(183): Illuminate/Http/Middleware/TrustProxies->handle(Object(Illuminate/Http/Request), Object(Closure))
#57 D:/laravel/office/cioas/vendor/laravel/framework/src/Illuminate/Pipeline/Pipeline.php(119): Illuminate/Pipeline/Pipeline->Illuminate/Pipeline/{closure}(Object(Illuminate/Http/Request))
#58 D:/laravel/office/cioas/vendor/laravel/framework/src/Illuminate/Foundation/Http/Kernel.php(175): Illuminate/Pipeline/Pipeline->then(Object(Closure))
#59 D:/laravel/office/cioas/vendor/laravel/framework/src/Illuminate/Foundation/Http/Kernel.php(144): Illuminate/Foundation/Http/Kernel->sendRequestThroughRouter(Object(Illuminate/Http/Request))
#60 D:/laravel/office/cioas/public/index.php(51): Illuminate/Foundation/Http/Kernel->handle(Object(Illuminate/Http/Request))
#61 D:/laravel/office/cioas/server.php(21): require_once('D://laravel//offi...')
#62 {main}
"} 
[2026-05-09 17:54:14] local.ERROR: Attempt to read property "gender" on array (View: D:\laravel\office\cioas\resources\views\backend\pages\hotel-restaurant\forms\ownership.blade.php) (View: D:\laravel\office\cioas\resources\views\backend\pages\hotel-restaurant\forms\ownership.blade.php) {"userId":1,"exception":"[object] (Illuminate\\View\\ViewException(code: 0): Attempt to read property \"gender\" on array (View: D:\\laravel\\office\\cioas\\resources\\views\\backend\\pages\\hotel-restaurant\\forms\\ownership.blade.php) (View: D:\\laravel\\office\\cioas\\resources\\views\\backend\\pages\\hotel-restaurant\\forms\\ownership.blade.php) at D:/laravel/office/cioas/storage/framework/views/286d2f91dc3a0890649958bf3891e1c6.php:60)
[stacktrace]
#0 D:/laravel/office/cioas/vendor/laravel/framework/src/Illuminate/View/Engines/PhpEngine.php(60): Illuminate/View/Engines/CompilerEngine->handleViewException(Object(Illuminate/View/ViewException), 1)
#1 D:/laravel/office/cioas/vendor/laravel/framework/src/Illuminate/View/Engines/CompilerEngine.php(72): Illuminate/View/Engines/PhpEngine->evaluatePath('D://laravel//offi...', Array)
#2 D:/laravel/office/cioas/vendor/laravel/framework/src/Illuminate/View/View.php(207): Illuminate/View/Engines/CompilerEngine->get('D://laravel//offi...', Array)
#3 D:/laravel/office/cioas/vendor/laravel/framework/src/Illuminate/View/View.php(190): Illuminate/View/View->getContents()
#4 D:/laravel/office/cioas/vendor/laravel/framework/src/Illuminate/View/View.php(159): Illuminate/View/View->renderContents()
#5 D:/laravel/office/cioas/vendor/laravel/framework/src/Illuminate/Http/Response.php(69): Illuminate/View/View->render()
#6 D:/laravel/office/cioas/vendor/laravel/framework/src/Illuminate/Http/Response.php(35): Illuminate/Http/Response->setContent(Object(Illuminate/View/View))
#7 D:/laravel/office/cioas/vendor/laravel/framework/src/Illuminate/Routing/Router.php(918): Illuminate/Http/Response->__construct(Object(Illuminate/View/View), 200, Array)
#8 D:/laravel/office/cioas/vendor/laravel/framework/src/Illuminate/Routing/Router.php(885): Illuminate/Routing/Router::toResponse(Object(Illuminate/Http/Request), Object(Illuminate/View/View))
#9 D:/laravel/office/cioas/vendor/laravel/framework/src/Illuminate/Routing/Router.php(805): Illuminate/Routing/Router->prepareResponse(Object(Illuminate/Http/Request), Object(Illuminate/View/View))
#10 D:/laravel/office/cioas/vendor/laravel/framework/src/Illuminate/Pipeline/Pipeline.php(144): Illuminate/Routing/Router->Illuminate/Routing/{closure}(Object(Illuminate/Http/Request))
#11 D:/laravel/office/cioas/vendor/laravel/framework/src/Illuminate/Routing/Middleware/SubstituteBindings.php(50): Illuminate/Pipeline/Pipeline->Illuminate/Pipeline/{closure}(Object(Illuminate/Http/Request))
#12 D:/laravel/office/cioas/vendor/laravel/framework/src/Illuminate/Pipeline/Pipeline.php(183): Illuminate/Routing/Middleware/SubstituteBindings->handle(Object(Illuminate/Http/Request), Object(Closure))
#13 D:/laravel/office/cioas/vendor/laravel/framework/src/Illuminate/Auth/Middleware/Authenticate.php(57): Illuminate/Pipeline/Pipeline->Illuminate/Pipeline/{closure}(Object(Illuminate/Http/Request))
#14 D:/laravel/office/cioas/vendor/laravel/framework/src/Illuminate/Pipeline/Pipeline.php(183): Illuminate/Auth/Middleware/Authenticate->handle(Object(Illuminate/Http/Request), Object(Closure))
#15 D:/laravel/office/cioas/vendor/laravel/framework/src/Illuminate/Foundation/Http/Middleware/VerifyCsrfToken.php(78): Illuminate/Pipeline/Pipeline->Illuminate/Pipeline/{closure}(Object(Illuminate/Http/Request))
#16 D:/laravel/office/cioas/vendor/laravel/framework/src/Illuminate/Pipeline/Pipeline.php(183): Illuminate/Foundation/Http/Middleware/VerifyCsrfToken->handle(Object(Illuminate/Http/Request), Object(Closure))
#17 D:/laravel/office/cioas/vendor/laravel/framework/src/Illuminate/View/Middleware/ShareErrorsFromSession.php(49): Illuminate/Pipeline/Pipeline->Illuminate/Pipeline/{closure}(Object(Illuminate/Http/Request))
#18 D:/laravel/office/cioas/vendor/laravel/framework/src/Illuminate/Pipeline/Pipeline.php(183): Illuminate/View/Middleware/ShareErrorsFromSession->handle(Object(Illuminate/Http/Request), Object(Closure))
#19 D:/laravel/office/cioas/vendor/laravel/framework/src/Illuminate/Session/Middleware/StartSession.php(121): Illuminate/Pipeline/Pipeline->Illuminate/Pipeline/{closure}(Object(Illuminate/Http/Request))
#20 D:/laravel/office/cioas/vendor/laravel/framework/src/Illuminate/Session/Middleware/StartSession.php(64): Illuminate/Session/Middleware/StartSession->handleStatefulRequest(Object(Illuminate/Http/Request), Object(Illuminate/Session/Store), Object(Closure))
#21 D:/laravel/office/cioas/vendor/laravel/framework/src/Illuminate/Pipeline/Pipeline.php(183): Illuminate/Session/Middleware/StartSession->handle(Object(Illuminate/Http/Request), Object(Closure))
#22 D:/laravel/office/cioas/vendor/laravel/framework/src/Illuminate/Cookie/Middleware/AddQueuedCookiesToResponse.php(37): Illuminate/Pipeline/Pipeline->Illuminate/Pipeline/{closure}(Object(Illuminate/Http/Request))
#23 D:/laravel/office/cioas/vendor/laravel/framework/src/Illuminate/Pipeline/Pipeline.php(183): Illuminate/Cookie/Middleware/AddQueuedCookiesToResponse->handle(Object(Illuminate/Http/Request), Object(Closure))
#24 D:/laravel/office/cioas/vendor/laravel/framework/src/Illuminate/Cookie/Middleware/EncryptCookies.php(67): Illuminate/Pipeline/Pipeline->Illuminate/Pipeline/{closure}(Object(Illuminate/Http/Request))
#25 D:/laravel/office/cioas/vendor/laravel/framework/src/Illuminate/Pipeline/Pipeline.php(183): Illuminate/Cookie/Middleware/EncryptCookies->handle(Object(Illuminate/Http/Request), Object(Closure))
#26 D:/laravel/office/cioas/vendor/laravel/framework/src/Illuminate/Pipeline/Pipeline.php(119): Illuminate/Pipeline/Pipeline->Illuminate/Pipeline/{closure}(Object(Illuminate/Http/Request))
#27 D:/laravel/office/cioas/vendor/laravel/framework/src/Illuminate/Routing/Router.php(805): Illuminate/Pipeline/Pipeline->then(Object(Closure))
#28 D:/laravel/office/cioas/vendor/laravel/framework/src/Illuminate/Routing/Router.php(784): Illuminate/Routing/Router->runRouteWithinStack(Object(Illuminate/Routing/Route), Object(Illuminate/Http/Request))
#29 D:/laravel/office/cioas/vendor/laravel/framework/src/Illuminate/Routing/Router.php(748): Illuminate/Routing/Router->runRoute(Object(Illuminate/Http/Request), Object(Illuminate/Routing/Route))
#30 D:/laravel/office/cioas/vendor/laravel/framework/src/Illuminate/Routing/Router.php(737): Illuminate/Routing/Router->dispatchToRoute(Object(Illuminate/Http/Request))
#31 D:/laravel/office/cioas/vendor/laravel/framework/src/Illuminate/Foundation/Http/Kernel.php(200): Illuminate/Routing/Router->dispatch(Object(Illuminate/Http/Request))
#32 D:/laravel/office/cioas/vendor/laravel/framework/src/Illuminate/Pipeline/Pipeline.php(144): Illuminate/Foundation/Http/Kernel->Illuminate/Foundation/Http/{closure}(Object(Illuminate/Http/Request))
#33 D:/laravel/office/cioas/vendor/laravel/framework/src/Illuminate/Foundation/Http/Middleware/TransformsRequest.php(21): Illuminate/Pipeline/Pipeline->Illuminate/Pipeline/{closure}(Object(Illuminate/Http/Request))
#34 D:/laravel/office/cioas/vendor/laravel/framework/src/Illuminate/Foundation/Http/Middleware/ConvertEmptyStringsToNull.php(31): Illuminate/Foundation/Http/Middleware/TransformsRequest->handle(Object(Illuminate/Http/Request), Object(Closure))
#35 D:/laravel/office/cioas/vendor/laravel/framework/src/Illuminate/Pipeline/Pipeline.php(183): Illuminate/Foundation/Http/Middleware/ConvertEmptyStringsToNull->handle(Object(Illuminate/Http/Request), Object(Closure))
#36 D:/laravel/office/cioas/vendor/laravel/framework/src/Illuminate/Foundation/Http/Middleware/TransformsRequest.php(21): Illuminate/Pipeline/Pipeline->Illuminate/Pipeline/{closure}(Object(Illuminate/Http/Request))
#37 D:/laravel/office/cioas/vendor/laravel/framework/src/Illuminate/Foundation/Http/Middleware/TrimStrings.php(40): Illuminate/Foundation/Http/Middleware/TransformsRequest->handle(Object(Illuminate/Http/Request), Object(Closure))
#38 D:/laravel/office/cioas/vendor/laravel/framework/src/Illuminate/Pipeline/Pipeline.php(183): Illuminate/Foundation/Http/Middleware/TrimStrings->handle(Object(Illuminate/Http/Request), Object(Closure))
#39 D:/laravel/office/cioas/vendor/laravel/framework/src/Illuminate/Foundation/Http/Middleware/ValidatePostSize.php(27): Illuminate/Pipeline/Pipeline->Illuminate/Pipeline/{closure}(Object(Illuminate/Http/Request))
#40 D:/laravel/office/cioas/vendor/laravel/framework/src/Illuminate/Pipeline/Pipeline.php(183): Illuminate/Foundation/Http/Middleware/ValidatePostSize->handle(Object(Illuminate/Http/Request), Object(Closure))
#41 D:/laravel/office/cioas/vendor/laravel/framework/src/Illuminate/Foundation/Http/Middleware/PreventRequestsDuringMaintenance.php(99): Illuminate/Pipeline/Pipeline->Illuminate/Pipeline/{closure}(Object(Illuminate/Http/Request))
#42 D:/laravel/office/cioas/vendor/laravel/framework/src/Illuminate/Pipeline/Pipeline.php(183): Illuminate/Foundation/Http/Middleware/PreventRequestsDuringMaintenance->handle(Object(Illuminate/Http/Request), Object(Closure))
#43 D:/laravel/office/cioas/vendor/laravel/framework/src/Illuminate/Http/Middleware/TrustProxies.php(39): Illuminate/Pipeline/Pipeline->Illuminate/Pipeline/{closure}(Object(Illuminate/Http/Request))
#44 D:/laravel/office/cioas/vendor/laravel/framework/src/Illuminate/Pipeline/Pipeline.php(183): Illuminate/Http/Middleware/TrustProxies->handle(Object(Illuminate/Http/Request), Object(Closure))
#45 D:/laravel/office/cioas/vendor/laravel/framework/src/Illuminate/Pipeline/Pipeline.php(119): Illuminate/Pipeline/Pipeline->Illuminate/Pipeline/{closure}(Object(Illuminate/Http/Request))
#46 D:/laravel/office/cioas/vendor/laravel/framework/src/Illuminate/Foundation/Http/Kernel.php(175): Illuminate/Pipeline/Pipeline->then(Object(Closure))
#47 D:/laravel/office/cioas/vendor/laravel/framework/src/Illuminate/Foundation/Http/Kernel.php(144): Illuminate/Foundation/Http/Kernel->sendRequestThroughRouter(Object(Illuminate/Http/Request))
#48 D:/laravel/office/cioas/public/index.php(51): Illuminate/Foundation/Http/Kernel->handle(Object(Illuminate/Http/Request))
#49 D:/laravel/office/cioas/server.php(21): require_once('D://laravel//offi...')
#50 {main}

[previous exception] [object] (Illuminate\\View\\ViewException(code: 0): Attempt to read property \"gender\" on array (View: D:\\laravel\\office\\cioas\\resources\\views\\backend\\pages\\hotel-restaurant\\forms\\ownership.blade.php) at D:/laravel/office/cioas/storage/framework/views/286d2f91dc3a0890649958bf3891e1c6.php:60)
[stacktrace]
#0 D:/laravel/office/cioas/vendor/laravel/framework/src/Illuminate/View/Engines/PhpEngine.php(60): Illuminate/View/Engines/CompilerEngine->handleViewException(Object(ErrorException), 3)
#1 D:/laravel/office/cioas/vendor/laravel/framework/src/Illuminate/View/Engines/CompilerEngine.php(72): Illuminate/View/Engines/PhpEngine->evaluatePath('D://laravel//offi...', Array)
#2 D:/laravel/office/cioas/vendor/laravel/framework/src/Illuminate/View/View.php(207): Illuminate/View/Engines/CompilerEngine->get('D://laravel//offi...', Array)
#3 D:/laravel/office/cioas/vendor/laravel/framework/src/Illuminate/View/View.php(190): Illuminate/View/View->getContents()
#4 D:/laravel/office/cioas/vendor/laravel/framework/src/Illuminate/View/View.php(159): Illuminate/View/View->renderContents()
#5 D:/laravel/office/cioas/storage/framework/views/539cc100aa3120664a2ccbace1b73a54.php(60): Illuminate/View/View->render()
#6 D:/laravel/office/cioas/vendor/laravel/framework/src/Illuminate/Filesystem/Filesystem.php(123): require('D://laravel//offi...')
#7 D:/laravel/office/cioas/vendor/laravel/framework/src/Illuminate/Filesystem/Filesystem.php(124): Illuminate/Filesystem/Filesystem::Illuminate/Filesystem/{closure}()
#8 D:/laravel/office/cioas/vendor/laravel/framework/src/Illuminate/View/Engines/PhpEngine.php(58): Illuminate/Filesystem/Filesystem->getRequire('D://laravel//offi...', Array)
#9 D:/laravel/office/cioas/vendor/laravel/framework/src/Illuminate/View/Engines/CompilerEngine.php(72): Illuminate/View/Engines/PhpEngine->evaluatePath('D://laravel//offi...', Array)
#10 D:/laravel/office/cioas/vendor/laravel/framework/src/Illuminate/View/View.php(207): Illuminate/View/Engines/CompilerEngine->get('D://laravel//offi...', Array)
#11 D:/laravel/office/cioas/vendor/laravel/framework/src/Illuminate/View/View.php(190): Illuminate/View/View->getContents()
#12 D:/laravel/office/cioas/vendor/laravel/framework/src/Illuminate/View/View.php(159): Illuminate/View/View->renderContents()
#13 D:/laravel/office/cioas/vendor/laravel/framework/src/Illuminate/Http/Response.php(69): Illuminate/View/View->render()
#14 D:/laravel/office/cioas/vendor/laravel/framework/src/Illuminate/Http/Response.php(35): Illuminate/Http/Response->setContent(Object(Illuminate/View/View))
#15 D:/laravel/office/cioas/vendor/laravel/framework/src/Illuminate/Routing/Router.php(918): Illuminate/Http/Response->__construct(Object(Illuminate/View/View), 200, Array)
#16 D:/laravel/office/cioas/vendor/laravel/framework/src/Illuminate/Routing/Router.php(885): Illuminate/Routing/Router::toResponse(Object(Illuminate/Http/Request), Object(Illuminate/View/View))
#17 D:/laravel/office/cioas/vendor/laravel/framework/src/Illuminate/Routing/Router.php(805): Illuminate/Routing/Router->prepareResponse(Object(Illuminate/Http/Request), Object(Illuminate/View/View))
#18 D:/laravel/office/cioas/vendor/laravel/framework/src/Illuminate/Pipeline/Pipeline.php(144): Illuminate/Routing/Router->Illuminate/Routing/{closure}(Object(Illuminate/Http/Request))
#19 D:/laravel/office/cioas/vendor/laravel/framework/src/Illuminate/Routing/Middleware/SubstituteBindings.php(50): Illuminate/Pipeline/Pipeline->Illuminate/Pipeline/{closure}(Object(Illuminate/Http/Request))
#20 D:/laravel/office/cioas/vendor/laravel/framework/src/Illuminate/Pipeline/Pipeline.php(183): Illuminate/Routing/Middleware/SubstituteBindings->handle(Object(Illuminate/Http/Request), Object(Closure))
#21 D:/laravel/office/cioas/vendor/laravel/framework/src/Illuminate/Auth/Middleware/Authenticate.php(57): Illuminate/Pipeline/Pipeline->Illuminate/Pipeline/{closure}(Object(Illuminate/Http/Request))
#22 D:/laravel/office/cioas/vendor/laravel/framework/src/Illuminate/Pipeline/Pipeline.php(183): Illuminate/Auth/Middleware/Authenticate->handle(Object(Illuminate/Http/Request), Object(Closure))
#23 D:/laravel/office/cioas/vendor/laravel/framework/src/Illuminate/Foundation/Http/Middleware/VerifyCsrfToken.php(78): Illuminate/Pipeline/Pipeline->Illuminate/Pipeline/{closure}(Object(Illuminate/Http/Request))
#24 D:/laravel/office/cioas/vendor/laravel/framework/src/Illuminate/Pipeline/Pipeline.php(183): Illuminate/Foundation/Http/Middleware/VerifyCsrfToken->handle(Object(Illuminate/Http/Request), Object(Closure))
#25 D:/laravel/office/cioas/vendor/laravel/framework/src/Illuminate/View/Middleware/ShareErrorsFromSession.php(49): Illuminate/Pipeline/Pipeline->Illuminate/Pipeline/{closure}(Object(Illuminate/Http/Request))
#26 D:/laravel/office/cioas/vendor/laravel/framework/src/Illuminate/Pipeline/Pipeline.php(183): Illuminate/View/Middleware/ShareErrorsFromSession->handle(Object(Illuminate/Http/Request), Object(Closure))
#27 D:/laravel/office/cioas/vendor/laravel/framework/src/Illuminate/Session/Middleware/StartSession.php(121): Illuminate/Pipeline/Pipeline->Illuminate/Pipeline/{closure}(Object(Illuminate/Http/Request))
#28 D:/laravel/office/cioas/vendor/laravel/framework/src/Illuminate/Session/Middleware/StartSession.php(64): Illuminate/Session/Middleware/StartSession->handleStatefulRequest(Object(Illuminate/Http/Request), Object(Illuminate/Session/Store), Object(Closure))
#29 D:/laravel/office/cioas/vendor/laravel/framework/src/Illuminate/Pipeline/Pipeline.php(183): Illuminate/Session/Middleware/StartSession->handle(Object(Illuminate/Http/Request), Object(Closure))
#30 D:/laravel/office/cioas/vendor/laravel/framework/src/Illuminate/Cookie/Middleware/AddQueuedCookiesToResponse.php(37): Illuminate/Pipeline/Pipeline->Illuminate/Pipeline/{closure}(Object(Illuminate/Http/Request))
#31 D:/laravel/office/cioas/vendor/laravel/framework/src/Illuminate/Pipeline/Pipeline.php(183): Illuminate/Cookie/Middleware/AddQueuedCookiesToResponse->handle(Object(Illuminate/Http/Request), Object(Closure))
#32 D:/laravel/office/cioas/vendor/laravel/framework/src/Illuminate/Cookie/Middleware/EncryptCookies.php(67): Illuminate/Pipeline/Pipeline->Illuminate/Pipeline/{closure}(Object(Illuminate/Http/Request))
#33 D:/laravel/office/cioas/vendor/laravel/framework/src/Illuminate/Pipeline/Pipeline.php(183): Illuminate/Cookie/Middleware/EncryptCookies->handle(Object(Illuminate/Http/Request), Object(Closure))
#34 D:/laravel/office/cioas/vendor/laravel/framework/src/Illuminate/Pipeline/Pipeline.php(119): Illuminate/Pipeline/Pipeline->Illuminate/Pipeline/{closure}(Object(Illuminate/Http/Request))
#35 D:/laravel/office/cioas/vendor/laravel/framework/src/Illuminate/Routing/Router.php(805): Illuminate/Pipeline/Pipeline->then(Object(Closure))
#36 D:/laravel/office/cioas/vendor/laravel/framework/src/Illuminate/Routing/Router.php(784): Illuminate/Routing/Router->runRouteWithinStack(Object(Illuminate/Routing/Route), Object(Illuminate/Http/Request))
#37 D:/laravel/office/cioas/vendor/laravel/framework/src/Illuminate/Routing/Router.php(748): Illuminate/Routing/Router->runRoute(Object(Illuminate/Http/Request), Object(Illuminate/Routing/Route))
#38 D:/laravel/office/cioas/vendor/laravel/framework/src/Illuminate/Routing/Router.php(737): Illuminate/Routing/Router->dispatchToRoute(Object(Illuminate/Http/Request))
#39 D:/laravel/office/cioas/vendor/laravel/framework/src/Illuminate/Foundation/Http/Kernel.php(200): Illuminate/Routing/Router->dispatch(Object(Illuminate/Http/Request))
#40 D:/laravel/office/cioas/vendor/laravel/framework/src/Illuminate/Pipeline/Pipeline.php(144): Illuminate/Foundation/Http/Kernel->Illuminate/Foundation/Http/{closure}(Object(Illuminate/Http/Request))
#41 D:/laravel/office/cioas/vendor/laravel/framework/src/Illuminate/Foundation/Http/Middleware/TransformsRequest.php(21): Illuminate/Pipeline/Pipeline->Illuminate/Pipeline/{closure}(Object(Illuminate/Http/Request))
#42 D:/laravel/office/cioas/vendor/laravel/framework/src/Illuminate/Foundation/Http/Middleware/ConvertEmptyStringsToNull.php(31): Illuminate/Foundation/Http/Middleware/TransformsRequest->handle(Object(Illuminate/Http/Request), Object(Closure))
#43 D:/laravel/office/cioas/vendor/laravel/framework/src/Illuminate/Pipeline/Pipeline.php(183): Illuminate/Foundation/Http/Middleware/ConvertEmptyStringsToNull->handle(Object(Illuminate/Http/Request), Object(Closure))
#44 D:/laravel/office/cioas/vendor/laravel/framework/src/Illuminate/Foundation/Http/Middleware/TransformsRequest.php(21): Illuminate/Pipeline/Pipeline->Illuminate/Pipeline/{closure}(Object(Illuminate/Http/Request))
#45 D:/laravel/office/cioas/vendor/laravel/framework/src/Illuminate/Foundation/Http/Middleware/TrimStrings.php(40): Illuminate/Foundation/Http/Middleware/TransformsRequest->handle(Object(Illuminate/Http/Request), Object(Closure))
#46 D:/laravel/office/cioas/vendor/laravel/framework/src/Illuminate/Pipeline/Pipeline.php(183): Illuminate/Foundation/Http/Middleware/TrimStrings->handle(Object(Illuminate/Http/Request), Object(Closure))
#47 D:/laravel/office/cioas/vendor/laravel/framework/src/Illuminate/Foundation/Http/Middleware/ValidatePostSize.php(27): Illuminate/Pipeline/Pipeline->Illuminate/Pipeline/{closure}(Object(Illuminate/Http/Request))
#48 D:/laravel/office/cioas/vendor/laravel/framework/src/Illuminate/Pipeline/Pipeline.php(183): Illuminate/Foundation/Http/Middleware/ValidatePostSize->handle(Object(Illuminate/Http/Request), Object(Closure))
#49 D:/laravel/office/cioas/vendor/laravel/framework/src/Illuminate/Foundation/Http/Middleware/PreventRequestsDuringMaintenance.php(99): Illuminate/Pipeline/Pipeline->Illuminate/Pipeline/{closure}(Object(Illuminate/Http/Request))
#50 D:/laravel/office/cioas/vendor/laravel/framework/src/Illuminate/Pipeline/Pipeline.php(183): Illuminate/Foundation/Http/Middleware/PreventRequestsDuringMaintenance->handle(Object(Illuminate/Http/Request), Object(Closure))
#51 D:/laravel/office/cioas/vendor/laravel/framework/src/Illuminate/Http/Middleware/TrustProxies.php(39): Illuminate/Pipeline/Pipeline->Illuminate/Pipeline/{closure}(Object(Illuminate/Http/Request))
#52 D:/laravel/office/cioas/vendor/laravel/framework/src/Illuminate/Pipeline/Pipeline.php(183): Illuminate/Http/Middleware/TrustProxies->handle(Object(Illuminate/Http/Request), Object(Closure))
#53 D:/laravel/office/cioas/vendor/laravel/framework/src/Illuminate/Pipeline/Pipeline.php(119): Illuminate/Pipeline/Pipeline->Illuminate/Pipeline/{closure}(Object(Illuminate/Http/Request))
#54 D:/laravel/office/cioas/vendor/laravel/framework/src/Illuminate/Foundation/Http/Kernel.php(175): Illuminate/Pipeline/Pipeline->then(Object(Closure))
#55 D:/laravel/office/cioas/vendor/laravel/framework/src/Illuminate/Foundation/Http/Kernel.php(144): Illuminate/Foundation/Http/Kernel->sendRequestThroughRouter(Object(Illuminate/Http/Request))
#56 D:/laravel/office/cioas/public/index.php(51): Illuminate/Foundation/Http/Kernel->handle(Object(Illuminate/Http/Request))
#57 D:/laravel/office/cioas/server.php(21): require_once('D://laravel//offi...')
#58 {main}

[previous exception] [object] (ErrorException(code: 0): Attempt to read property \"gender\" on array at D:/laravel/office/cioas/storage/framework/views/286d2f91dc3a0890649958bf3891e1c6.php:60)
[stacktrace]
#0 D:/laravel/office/cioas/vendor/laravel/framework/src/Illuminate/Foundation/Bootstrap/HandleExceptions.php(255): Illuminate/Foundation/Bootstrap/HandleExceptions->handleError(2, 'Attempt to read...', 'D://laravel//offi...', 60)
#1 D:/laravel/office/cioas/storage/framework/views/286d2f91dc3a0890649958bf3891e1c6.php(60): Illuminate/Foundation/Bootstrap/HandleExceptions->Illuminate/Foundation/Bootstrap/{closure}(2, 'Attempt to read...', 'D://laravel//offi...', 60)
#2 D:/laravel/office/cioas/vendor/laravel/framework/src/Illuminate/Filesystem/Filesystem.php(123): require('D://laravel//offi...')
#3 D:/laravel/office/cioas/vendor/laravel/framework/src/Illuminate/Filesystem/Filesystem.php(124): Illuminate/Filesystem/Filesystem::Illuminate/Filesystem/{closure}()
#4 D:/laravel/office/cioas/vendor/laravel/framework/src/Illuminate/View/Engines/PhpEngine.php(58): Illuminate/Filesystem/Filesystem->getRequire('D://laravel//offi...', Array)
#5 D:/laravel/office/cioas/vendor/laravel/framework/src/Illuminate/View/Engines/CompilerEngine.php(72): Illuminate/View/Engines/PhpEngine->evaluatePath('D://laravel//offi...', Array)
#6 D:/laravel/office/cioas/vendor/laravel/framework/src/Illuminate/View/View.php(207): Illuminate/View/Engines/CompilerEngine->get('D://laravel//offi...', Array)
#7 D:/laravel/office/cioas/vendor/laravel/framework/src/Illuminate/View/View.php(190): Illuminate/View/View->getContents()
#8 D:/laravel/office/cioas/vendor/laravel/framework/src/Illuminate/View/View.php(159): Illuminate/View/View->renderContents()
#9 D:/laravel/office/cioas/storage/framework/views/539cc100aa3120664a2ccbace1b73a54.php(60): Illuminate/View/View->render()
#10 D:/laravel/office/cioas/vendor/laravel/framework/src/Illuminate/Filesystem/Filesystem.php(123): require('D://laravel//offi...')
#11 D:/laravel/office/cioas/vendor/laravel/framework/src/Illuminate/Filesystem/Filesystem.php(124): Illuminate/Filesystem/Filesystem::Illuminate/Filesystem/{closure}()
#12 D:/laravel/office/cioas/vendor/laravel/framework/src/Illuminate/View/Engines/PhpEngine.php(58): Illuminate/Filesystem/Filesystem->getRequire('D://laravel//offi...', Array)
#13 D:/laravel/office/cioas/vendor/laravel/framework/src/Illuminate/View/Engines/CompilerEngine.php(72): Illuminate/View/Engines/PhpEngine->evaluatePath('D://laravel//offi...', Array)
#14 D:/laravel/office/cioas/vendor/laravel/framework/src/Illuminate/View/View.php(207): Illuminate/View/Engines/CompilerEngine->get('D://laravel//offi...', Array)
#15 D:/laravel/office/cioas/vendor/laravel/framework/src/Illuminate/View/View.php(190): Illuminate/View/View->getContents()
#16 D:/laravel/office/cioas/vendor/laravel/framework/src/Illuminate/View/View.php(159): Illuminate/View/View->renderContents()
#17 D:/laravel/office/cioas/vendor/laravel/framework/src/Illuminate/Http/Response.php(69): Illuminate/View/View->render()
#18 D:/laravel/office/cioas/vendor/laravel/framework/src/Illuminate/Http/Response.php(35): Illuminate/Http/Response->setContent(Object(Illuminate/View/View))
#19 D:/laravel/office/cioas/vendor/laravel/framework/src/Illuminate/Routing/Router.php(918): Illuminate/Http/Response->__construct(Object(Illuminate/View/View), 200, Array)
#20 D:/laravel/office/cioas/vendor/laravel/framework/src/Illuminate/Routing/Router.php(885): Illuminate/Routing/Router::toResponse(Object(Illuminate/Http/Request), Object(Illuminate/View/View))
#21 D:/laravel/office/cioas/vendor/laravel/framework/src/Illuminate/Routing/Router.php(805): Illuminate/Routing/Router->prepareResponse(Object(Illuminate/Http/Request), Object(Illuminate/View/View))
#22 D:/laravel/office/cioas/vendor/laravel/framework/src/Illuminate/Pipeline/Pipeline.php(144): Illuminate/Routing/Router->Illuminate/Routing/{closure}(Object(Illuminate/Http/Request))
#23 D:/laravel/office/cioas/vendor/laravel/framework/src/Illuminate/Routing/Middleware/SubstituteBindings.php(50): Illuminate/Pipeline/Pipeline->Illuminate/Pipeline/{closure}(Object(Illuminate/Http/Request))
#24 D:/laravel/office/cioas/vendor/laravel/framework/src/Illuminate/Pipeline/Pipeline.php(183): Illuminate/Routing/Middleware/SubstituteBindings->handle(Object(Illuminate/Http/Request), Object(Closure))
#25 D:/laravel/office/cioas/vendor/laravel/framework/src/Illuminate/Auth/Middleware/Authenticate.php(57): Illuminate/Pipeline/Pipeline->Illuminate/Pipeline/{closure}(Object(Illuminate/Http/Request))
#26 D:/laravel/office/cioas/vendor/laravel/framework/src/Illuminate/Pipeline/Pipeline.php(183): Illuminate/Auth/Middleware/Authenticate->handle(Object(Illuminate/Http/Request), Object(Closure))
#27 D:/laravel/office/cioas/vendor/laravel/framework/src/Illuminate/Foundation/Http/Middleware/VerifyCsrfToken.php(78): Illuminate/Pipeline/Pipeline->Illuminate/Pipeline/{closure}(Object(Illuminate/Http/Request))
#28 D:/laravel/office/cioas/vendor/laravel/framework/src/Illuminate/Pipeline/Pipeline.php(183): Illuminate/Foundation/Http/Middleware/VerifyCsrfToken->handle(Object(Illuminate/Http/Request), Object(Closure))
#29 D:/laravel/office/cioas/vendor/laravel/framework/src/Illuminate/View/Middleware/ShareErrorsFromSession.php(49): Illuminate/Pipeline/Pipeline->Illuminate/Pipeline/{closure}(Object(Illuminate/Http/Request))
#30 D:/laravel/office/cioas/vendor/laravel/framework/src/Illuminate/Pipeline/Pipeline.php(183): Illuminate/View/Middleware/ShareErrorsFromSession->handle(Object(Illuminate/Http/Request), Object(Closure))
#31 D:/laravel/office/cioas/vendor/laravel/framework/src/Illuminate/Session/Middleware/StartSession.php(121): Illuminate/Pipeline/Pipeline->Illuminate/Pipeline/{closure}(Object(Illuminate/Http/Request))
#32 D:/laravel/office/cioas/vendor/laravel/framework/src/Illuminate/Session/Middleware/StartSession.php(64): Illuminate/Session/Middleware/StartSession->handleStatefulRequest(Object(Illuminate/Http/Request), Object(Illuminate/Session/Store), Object(Closure))
#33 D:/laravel/office/cioas/vendor/laravel/framework/src/Illuminate/Pipeline/Pipeline.php(183): Illuminate/Session/Middleware/StartSession->handle(Object(Illuminate/Http/Request), Object(Closure))
#34 D:/laravel/office/cioas/vendor/laravel/framework/src/Illuminate/Cookie/Middleware/AddQueuedCookiesToResponse.php(37): Illuminate/Pipeline/Pipeline->Illuminate/Pipeline/{closure}(Object(Illuminate/Http/Request))
#35 D:/laravel/office/cioas/vendor/laravel/framework/src/Illuminate/Pipeline/Pipeline.php(183): Illuminate/Cookie/Middleware/AddQueuedCookiesToResponse->handle(Object(Illuminate/Http/Request), Object(Closure))
#36 D:/laravel/office/cioas/vendor/laravel/framework/src/Illuminate/Cookie/Middleware/EncryptCookies.php(67): Illuminate/Pipeline/Pipeline->Illuminate/Pipeline/{closure}(Object(Illuminate/Http/Request))
#37 D:/laravel/office/cioas/vendor/laravel/framework/src/Illuminate/Pipeline/Pipeline.php(183): Illuminate/Cookie/Middleware/EncryptCookies->handle(Object(Illuminate/Http/Request), Object(Closure))
#38 D:/laravel/office/cioas/vendor/laravel/framework/src/Illuminate/Pipeline/Pipeline.php(119): Illuminate/Pipeline/Pipeline->Illuminate/Pipeline/{closure}(Object(Illuminate/Http/Request))
#39 D:/laravel/office/cioas/vendor/laravel/framework/src/Illuminate/Routing/Router.php(805): Illuminate/Pipeline/Pipeline->then(Object(Closure))
#40 D:/laravel/office/cioas/vendor/laravel/framework/src/Illuminate/Routing/Router.php(784): Illuminate/Routing/Router->runRouteWithinStack(Object(Illuminate/Routing/Route), Object(Illuminate/Http/Request))
#41 D:/laravel/office/cioas/vendor/laravel/framework/src/Illuminate/Routing/Router.php(748): Illuminate/Routing/Router->runRoute(Object(Illuminate/Http/Request), Object(Illuminate/Routing/Route))
#42 D:/laravel/office/cioas/vendor/laravel/framework/src/Illuminate/Routing/Router.php(737): Illuminate/Routing/Router->dispatchToRoute(Object(Illuminate/Http/Request))
#43 D:/laravel/office/cioas/vendor/laravel/framework/src/Illuminate/Foundation/Http/Kernel.php(200): Illuminate/Routing/Router->dispatch(Object(Illuminate/Http/Request))
#44 D:/laravel/office/cioas/vendor/laravel/framework/src/Illuminate/Pipeline/Pipeline.php(144): Illuminate/Foundation/Http/Kernel->Illuminate/Foundation/Http/{closure}(Object(Illuminate/Http/Request))
#45 D:/laravel/office/cioas/vendor/laravel/framework/src/Illuminate/Foundation/Http/Middleware/TransformsRequest.php(21): Illuminate/Pipeline/Pipeline->Illuminate/Pipeline/{closure}(Object(Illuminate/Http/Request))
#46 D:/laravel/office/cioas/vendor/laravel/framework/src/Illuminate/Foundation/Http/Middleware/ConvertEmptyStringsToNull.php(31): Illuminate/Foundation/Http/Middleware/TransformsRequest->handle(Object(Illuminate/Http/Request), Object(Closure))
#47 D:/laravel/office/cioas/vendor/laravel/framework/src/Illuminate/Pipeline/Pipeline.php(183): Illuminate/Foundation/Http/Middleware/ConvertEmptyStringsToNull->handle(Object(Illuminate/Http/Request), Object(Closure))
#48 D:/laravel/office/cioas/vendor/laravel/framework/src/Illuminate/Foundation/Http/Middleware/TransformsRequest.php(21): Illuminate/Pipeline/Pipeline->Illuminate/Pipeline/{closure}(Object(Illuminate/Http/Request))
#49 D:/laravel/office/cioas/vendor/laravel/framework/src/Illuminate/Foundation/Http/Middleware/TrimStrings.php(40): Illuminate/Foundation/Http/Middleware/TransformsRequest->handle(Object(Illuminate/Http/Request), Object(Closure))
#50 D:/laravel/office/cioas/vendor/laravel/framework/src/Illuminate/Pipeline/Pipeline.php(183): Illuminate/Foundation/Http/Middleware/TrimStrings->handle(Object(Illuminate/Http/Request), Object(Closure))
#51 D:/laravel/office/cioas/vendor/laravel/framework/src/Illuminate/Foundation/Http/Middleware/ValidatePostSize.php(27): Illuminate/Pipeline/Pipeline->Illuminate/Pipeline/{closure}(Object(Illuminate/Http/Request))
#52 D:/laravel/office/cioas/vendor/laravel/framework/src/Illuminate/Pipeline/Pipeline.php(183): Illuminate/Foundation/Http/Middleware/ValidatePostSize->handle(Object(Illuminate/Http/Request), Object(Closure))
#53 D:/laravel/office/cioas/vendor/laravel/framework/src/Illuminate/Foundation/Http/Middleware/PreventRequestsDuringMaintenance.php(99): Illuminate/Pipeline/Pipeline->Illuminate/Pipeline/{closure}(Object(Illuminate/Http/Request))
#54 D:/laravel/office/cioas/vendor/laravel/framework/src/Illuminate/Pipeline/Pipeline.php(183): Illuminate/Foundation/Http/Middleware/PreventRequestsDuringMaintenance->handle(Object(Illuminate/Http/Request), Object(Closure))
#55 D:/laravel/office/cioas/vendor/laravel/framework/src/Illuminate/Http/Middleware/TrustProxies.php(39): Illuminate/Pipeline/Pipeline->Illuminate/Pipeline/{closure}(Object(Illuminate/Http/Request))
#56 D:/laravel/office/cioas/vendor/laravel/framework/src/Illuminate/Pipeline/Pipeline.php(183): Illuminate/Http/Middleware/TrustProxies->handle(Object(Illuminate/Http/Request), Object(Closure))
#57 D:/laravel/office/cioas/vendor/laravel/framework/src/Illuminate/Pipeline/Pipeline.php(119): Illuminate/Pipeline/Pipeline->Illuminate/Pipeline/{closure}(Object(Illuminate/Http/Request))
#58 D:/laravel/office/cioas/vendor/laravel/framework/src/Illuminate/Foundation/Http/Kernel.php(175): Illuminate/Pipeline/Pipeline->then(Object(Closure))
#59 D:/laravel/office/cioas/vendor/laravel/framework/src/Illuminate/Foundation/Http/Kernel.php(144): Illuminate/Foundation/Http/Kernel->sendRequestThroughRouter(Object(Illuminate/Http/Request))
#60 D:/laravel/office/cioas/public/index.php(51): Illuminate/Foundation/Http/Kernel->handle(Object(Illuminate/Http/Request))
#61 D:/laravel/office/cioas/server.php(21): require_once('D://laravel//offi...')
#62 {main}
"} 
[2026-05-09 17:55:14] local.ERROR: Attempt to read property "religion" on array (View: D:\laravel\office\cioas\resources\views\backend\pages\hotel-restaurant\forms\ownership.blade.php) (View: D:\laravel\office\cioas\resources\views\backend\pages\hotel-restaurant\forms\ownership.blade.php) {"userId":1,"exception":"[object] (Illuminate\\View\\ViewException(code: 0): Attempt to read property \"religion\" on array (View: D:\\laravel\\office\\cioas\\resources\\views\\backend\\pages\\hotel-restaurant\\forms\\ownership.blade.php) (View: D:\\laravel\\office\\cioas\\resources\\views\\backend\\pages\\hotel-restaurant\\forms\\ownership.blade.php) at D:/laravel/office/cioas/storage/framework/views/286d2f91dc3a0890649958bf3891e1c6.php:77)
[stacktrace]
#0 D:/laravel/office/cioas/vendor/laravel/framework/src/Illuminate/View/Engines/PhpEngine.php(60): Illuminate/View/Engines/CompilerEngine->handleViewException(Object(Illuminate/View/ViewException), 1)
#1 D:/laravel/office/cioas/vendor/laravel/framework/src/Illuminate/View/Engines/CompilerEngine.php(72): Illuminate/View/Engines/PhpEngine->evaluatePath('D://laravel//offi...', Array)
#2 D:/laravel/office/cioas/vendor/laravel/framework/src/Illuminate/View/View.php(207): Illuminate/View/Engines/CompilerEngine->get('D://laravel//offi...', Array)
#3 D:/laravel/office/cioas/vendor/laravel/framework/src/Illuminate/View/View.php(190): Illuminate/View/View->getContents()
#4 D:/laravel/office/cioas/vendor/laravel/framework/src/Illuminate/View/View.php(159): Illuminate/View/View->renderContents()
#5 D:/laravel/office/cioas/vendor/laravel/framework/src/Illuminate/Http/Response.php(69): Illuminate/View/View->render()
#6 D:/laravel/office/cioas/vendor/laravel/framework/src/Illuminate/Http/Response.php(35): Illuminate/Http/Response->setContent(Object(Illuminate/View/View))
#7 D:/laravel/office/cioas/vendor/laravel/framework/src/Illuminate/Routing/Router.php(918): Illuminate/Http/Response->__construct(Object(Illuminate/View/View), 200, Array)
#8 D:/laravel/office/cioas/vendor/laravel/framework/src/Illuminate/Routing/Router.php(885): Illuminate/Routing/Router::toResponse(Object(Illuminate/Http/Request), Object(Illuminate/View/View))
#9 D:/laravel/office/cioas/vendor/laravel/framework/src/Illuminate/Routing/Router.php(805): Illuminate/Routing/Router->prepareResponse(Object(Illuminate/Http/Request), Object(Illuminate/View/View))
#10 D:/laravel/office/cioas/vendor/laravel/framework/src/Illuminate/Pipeline/Pipeline.php(144): Illuminate/Routing/Router->Illuminate/Routing/{closure}(Object(Illuminate/Http/Request))
#11 D:/laravel/office/cioas/vendor/laravel/framework/src/Illuminate/Routing/Middleware/SubstituteBindings.php(50): Illuminate/Pipeline/Pipeline->Illuminate/Pipeline/{closure}(Object(Illuminate/Http/Request))
#12 D:/laravel/office/cioas/vendor/laravel/framework/src/Illuminate/Pipeline/Pipeline.php(183): Illuminate/Routing/Middleware/SubstituteBindings->handle(Object(Illuminate/Http/Request), Object(Closure))
#13 D:/laravel/office/cioas/vendor/laravel/framework/src/Illuminate/Auth/Middleware/Authenticate.php(57): Illuminate/Pipeline/Pipeline->Illuminate/Pipeline/{closure}(Object(Illuminate/Http/Request))
#14 D:/laravel/office/cioas/vendor/laravel/framework/src/Illuminate/Pipeline/Pipeline.php(183): Illuminate/Auth/Middleware/Authenticate->handle(Object(Illuminate/Http/Request), Object(Closure))
#15 D:/laravel/office/cioas/vendor/laravel/framework/src/Illuminate/Foundation/Http/Middleware/VerifyCsrfToken.php(78): Illuminate/Pipeline/Pipeline->Illuminate/Pipeline/{closure}(Object(Illuminate/Http/Request))
#16 D:/laravel/office/cioas/vendor/laravel/framework/src/Illuminate/Pipeline/Pipeline.php(183): Illuminate/Foundation/Http/Middleware/VerifyCsrfToken->handle(Object(Illuminate/Http/Request), Object(Closure))
#17 D:/laravel/office/cioas/vendor/laravel/framework/src/Illuminate/View/Middleware/ShareErrorsFromSession.php(49): Illuminate/Pipeline/Pipeline->Illuminate/Pipeline/{closure}(Object(Illuminate/Http/Request))
#18 D:/laravel/office/cioas/vendor/laravel/framework/src/Illuminate/Pipeline/Pipeline.php(183): Illuminate/View/Middleware/ShareErrorsFromSession->handle(Object(Illuminate/Http/Request), Object(Closure))
#19 D:/laravel/office/cioas/vendor/laravel/framework/src/Illuminate/Session/Middleware/StartSession.php(121): Illuminate/Pipeline/Pipeline->Illuminate/Pipeline/{closure}(Object(Illuminate/Http/Request))
#20 D:/laravel/office/cioas/vendor/laravel/framework/src/Illuminate/Session/Middleware/StartSession.php(64): Illuminate/Session/Middleware/StartSession->handleStatefulRequest(Object(Illuminate/Http/Request), Object(Illuminate/Session/Store), Object(Closure))
#21 D:/laravel/office/cioas/vendor/laravel/framework/src/Illuminate/Pipeline/Pipeline.php(183): Illuminate/Session/Middleware/StartSession->handle(Object(Illuminate/Http/Request), Object(Closure))
#22 D:/laravel/office/cioas/vendor/laravel/framework/src/Illuminate/Cookie/Middleware/AddQueuedCookiesToResponse.php(37): Illuminate/Pipeline/Pipeline->Illuminate/Pipeline/{closure}(Object(Illuminate/Http/Request))
#23 D:/laravel/office/cioas/vendor/laravel/framework/src/Illuminate/Pipeline/Pipeline.php(183): Illuminate/Cookie/Middleware/AddQueuedCookiesToResponse->handle(Object(Illuminate/Http/Request), Object(Closure))
#24 D:/laravel/office/cioas/vendor/laravel/framework/src/Illuminate/Cookie/Middleware/EncryptCookies.php(67): Illuminate/Pipeline/Pipeline->Illuminate/Pipeline/{closure}(Object(Illuminate/Http/Request))
#25 D:/laravel/office/cioas/vendor/laravel/framework/src/Illuminate/Pipeline/Pipeline.php(183): Illuminate/Cookie/Middleware/EncryptCookies->handle(Object(Illuminate/Http/Request), Object(Closure))
#26 D:/laravel/office/cioas/vendor/laravel/framework/src/Illuminate/Pipeline/Pipeline.php(119): Illuminate/Pipeline/Pipeline->Illuminate/Pipeline/{closure}(Object(Illuminate/Http/Request))
#27 D:/laravel/office/cioas/vendor/laravel/framework/src/Illuminate/Routing/Router.php(805): Illuminate/Pipeline/Pipeline->then(Object(Closure))
#28 D:/laravel/office/cioas/vendor/laravel/framework/src/Illuminate/Routing/Router.php(784): Illuminate/Routing/Router->runRouteWithinStack(Object(Illuminate/Routing/Route), Object(Illuminate/Http/Request))
#29 D:/laravel/office/cioas/vendor/laravel/framework/src/Illuminate/Routing/Router.php(748): Illuminate/Routing/Router->runRoute(Object(Illuminate/Http/Request), Object(Illuminate/Routing/Route))
#30 D:/laravel/office/cioas/vendor/laravel/framework/src/Illuminate/Routing/Router.php(737): Illuminate/Routing/Router->dispatchToRoute(Object(Illuminate/Http/Request))
#31 D:/laravel/office/cioas/vendor/laravel/framework/src/Illuminate/Foundation/Http/Kernel.php(200): Illuminate/Routing/Router->dispatch(Object(Illuminate/Http/Request))
#32 D:/laravel/office/cioas/vendor/laravel/framework/src/Illuminate/Pipeline/Pipeline.php(144): Illuminate/Foundation/Http/Kernel->Illuminate/Foundation/Http/{closure}(Object(Illuminate/Http/Request))
#33 D:/laravel/office/cioas/vendor/laravel/framework/src/Illuminate/Foundation/Http/Middleware/TransformsRequest.php(21): Illuminate/Pipeline/Pipeline->Illuminate/Pipeline/{closure}(Object(Illuminate/Http/Request))
#34 D:/laravel/office/cioas/vendor/laravel/framework/src/Illuminate/Foundation/Http/Middleware/ConvertEmptyStringsToNull.php(31): Illuminate/Foundation/Http/Middleware/TransformsRequest->handle(Object(Illuminate/Http/Request), Object(Closure))
#35 D:/laravel/office/cioas/vendor/laravel/framework/src/Illuminate/Pipeline/Pipeline.php(183): Illuminate/Foundation/Http/Middleware/ConvertEmptyStringsToNull->handle(Object(Illuminate/Http/Request), Object(Closure))
#36 D:/laravel/office/cioas/vendor/laravel/framework/src/Illuminate/Foundation/Http/Middleware/TransformsRequest.php(21): Illuminate/Pipeline/Pipeline->Illuminate/Pipeline/{closure}(Object(Illuminate/Http/Request))
#37 D:/laravel/office/cioas/vendor/laravel/framework/src/Illuminate/Foundation/Http/Middleware/TrimStrings.php(40): Illuminate/Foundation/Http/Middleware/TransformsRequest->handle(Object(Illuminate/Http/Request), Object(Closure))
#38 D:/laravel/office/cioas/vendor/laravel/framework/src/Illuminate/Pipeline/Pipeline.php(183): Illuminate/Foundation/Http/Middleware/TrimStrings->handle(Object(Illuminate/Http/Request), Object(Closure))
#39 D:/laravel/office/cioas/vendor/laravel/framework/src/Illuminate/Foundation/Http/Middleware/ValidatePostSize.php(27): Illuminate/Pipeline/Pipeline->Illuminate/Pipeline/{closure}(Object(Illuminate/Http/Request))
#40 D:/laravel/office/cioas/vendor/laravel/framework/src/Illuminate/Pipeline/Pipeline.php(183): Illuminate/Foundation/Http/Middleware/ValidatePostSize->handle(Object(Illuminate/Http/Request), Object(Closure))
#41 D:/laravel/office/cioas/vendor/laravel/framework/src/Illuminate/Foundation/Http/Middleware/PreventRequestsDuringMaintenance.php(99): Illuminate/Pipeline/Pipeline->Illuminate/Pipeline/{closure}(Object(Illuminate/Http/Request))
#42 D:/laravel/office/cioas/vendor/laravel/framework/src/Illuminate/Pipeline/Pipeline.php(183): Illuminate/Foundation/Http/Middleware/PreventRequestsDuringMaintenance->handle(Object(Illuminate/Http/Request), Object(Closure))
#43 D:/laravel/office/cioas/vendor/laravel/framework/src/Illuminate/Http/Middleware/TrustProxies.php(39): Illuminate/Pipeline/Pipeline->Illuminate/Pipeline/{closure}(Object(Illuminate/Http/Request))
#44 D:/laravel/office/cioas/vendor/laravel/framework/src/Illuminate/Pipeline/Pipeline.php(183): Illuminate/Http/Middleware/TrustProxies->handle(Object(Illuminate/Http/Request), Object(Closure))
#45 D:/laravel/office/cioas/vendor/laravel/framework/src/Illuminate/Pipeline/Pipeline.php(119): Illuminate/Pipeline/Pipeline->Illuminate/Pipeline/{closure}(Object(Illuminate/Http/Request))
#46 D:/laravel/office/cioas/vendor/laravel/framework/src/Illuminate/Foundation/Http/Kernel.php(175): Illuminate/Pipeline/Pipeline->then(Object(Closure))
#47 D:/laravel/office/cioas/vendor/laravel/framework/src/Illuminate/Foundation/Http/Kernel.php(144): Illuminate/Foundation/Http/Kernel->sendRequestThroughRouter(Object(Illuminate/Http/Request))
#48 D:/laravel/office/cioas/public/index.php(51): Illuminate/Foundation/Http/Kernel->handle(Object(Illuminate/Http/Request))
#49 D:/laravel/office/cioas/server.php(21): require_once('D://laravel//offi...')
#50 {main}

[previous exception] [object] (Illuminate\\View\\ViewException(code: 0): Attempt to read property \"religion\" on array (View: D:\\laravel\\office\\cioas\\resources\\views\\backend\\pages\\hotel-restaurant\\forms\\ownership.blade.php) at D:/laravel/office/cioas/storage/framework/views/286d2f91dc3a0890649958bf3891e1c6.php:77)
[stacktrace]
#0 D:/laravel/office/cioas/vendor/laravel/framework/src/Illuminate/View/Engines/PhpEngine.php(60): Illuminate/View/Engines/CompilerEngine->handleViewException(Object(ErrorException), 3)
#1 D:/laravel/office/cioas/vendor/laravel/framework/src/Illuminate/View/Engines/CompilerEngine.php(72): Illuminate/View/Engines/PhpEngine->evaluatePath('D://laravel//offi...', Array)
#2 D:/laravel/office/cioas/vendor/laravel/framework/src/Illuminate/View/View.php(207): Illuminate/View/Engines/CompilerEngine->get('D://laravel//offi...', Array)
#3 D:/laravel/office/cioas/vendor/laravel/framework/src/Illuminate/View/View.php(190): Illuminate/View/View->getContents()
#4 D:/laravel/office/cioas/vendor/laravel/framework/src/Illuminate/View/View.php(159): Illuminate/View/View->renderContents()
#5 D:/laravel/office/cioas/storage/framework/views/539cc100aa3120664a2ccbace1b73a54.php(60): Illuminate/View/View->render()
#6 D:/laravel/office/cioas/vendor/laravel/framework/src/Illuminate/Filesystem/Filesystem.php(123): require('D://laravel//offi...')
#7 D:/laravel/office/cioas/vendor/laravel/framework/src/Illuminate/Filesystem/Filesystem.php(124): Illuminate/Filesystem/Filesystem::Illuminate/Filesystem/{closure}()
#8 D:/laravel/office/cioas/vendor/laravel/framework/src/Illuminate/View/Engines/PhpEngine.php(58): Illuminate/Filesystem/Filesystem->getRequire('D://laravel//offi...', Array)
#9 D:/laravel/office/cioas/vendor/laravel/framework/src/Illuminate/View/Engines/CompilerEngine.php(72): Illuminate/View/Engines/PhpEngine->evaluatePath('D://laravel//offi...', Array)
#10 D:/laravel/office/cioas/vendor/laravel/framework/src/Illuminate/View/View.php(207): Illuminate/View/Engines/CompilerEngine->get('D://laravel//offi...', Array)
#11 D:/laravel/office/cioas/vendor/laravel/framework/src/Illuminate/View/View.php(190): Illuminate/View/View->getContents()
#12 D:/laravel/office/cioas/vendor/laravel/framework/src/Illuminate/View/View.php(159): Illuminate/View/View->renderContents()
#13 D:/laravel/office/cioas/vendor/laravel/framework/src/Illuminate/Http/Response.php(69): Illuminate/View/View->render()
#14 D:/laravel/office/cioas/vendor/laravel/framework/src/Illuminate/Http/Response.php(35): Illuminate/Http/Response->setContent(Object(Illuminate/View/View))
#15 D:/laravel/office/cioas/vendor/laravel/framework/src/Illuminate/Routing/Router.php(918): Illuminate/Http/Response->__construct(Object(Illuminate/View/View), 200, Array)
#16 D:/laravel/office/cioas/vendor/laravel/framework/src/Illuminate/Routing/Router.php(885): Illuminate/Routing/Router::toResponse(Object(Illuminate/Http/Request), Object(Illuminate/View/View))
#17 D:/laravel/office/cioas/vendor/laravel/framework/src/Illuminate/Routing/Router.php(805): Illuminate/Routing/Router->prepareResponse(Object(Illuminate/Http/Request), Object(Illuminate/View/View))
#18 D:/laravel/office/cioas/vendor/laravel/framework/src/Illuminate/Pipeline/Pipeline.php(144): Illuminate/Routing/Router->Illuminate/Routing/{closure}(Object(Illuminate/Http/Request))
#19 D:/laravel/office/cioas/vendor/laravel/framework/src/Illuminate/Routing/Middleware/SubstituteBindings.php(50): Illuminate/Pipeline/Pipeline->Illuminate/Pipeline/{closure}(Object(Illuminate/Http/Request))
#20 D:/laravel/office/cioas/vendor/laravel/framework/src/Illuminate/Pipeline/Pipeline.php(183): Illuminate/Routing/Middleware/SubstituteBindings->handle(Object(Illuminate/Http/Request), Object(Closure))
#21 D:/laravel/office/cioas/vendor/laravel/framework/src/Illuminate/Auth/Middleware/Authenticate.php(57): Illuminate/Pipeline/Pipeline->Illuminate/Pipeline/{closure}(Object(Illuminate/Http/Request))
#22 D:/laravel/office/cioas/vendor/laravel/framework/src/Illuminate/Pipeline/Pipeline.php(183): Illuminate/Auth/Middleware/Authenticate->handle(Object(Illuminate/Http/Request), Object(Closure))
#23 D:/laravel/office/cioas/vendor/laravel/framework/src/Illuminate/Foundation/Http/Middleware/VerifyCsrfToken.php(78): Illuminate/Pipeline/Pipeline->Illuminate/Pipeline/{closure}(Object(Illuminate/Http/Request))
#24 D:/laravel/office/cioas/vendor/laravel/framework/src/Illuminate/Pipeline/Pipeline.php(183): Illuminate/Foundation/Http/Middleware/VerifyCsrfToken->handle(Object(Illuminate/Http/Request), Object(Closure))
#25 D:/laravel/office/cioas/vendor/laravel/framework/src/Illuminate/View/Middleware/ShareErrorsFromSession.php(49): Illuminate/Pipeline/Pipeline->Illuminate/Pipeline/{closure}(Object(Illuminate/Http/Request))
#26 D:/laravel/office/cioas/vendor/laravel/framework/src/Illuminate/Pipeline/Pipeline.php(183): Illuminate/View/Middleware/ShareErrorsFromSession->handle(Object(Illuminate/Http/Request), Object(Closure))
#27 D:/laravel/office/cioas/vendor/laravel/framework/src/Illuminate/Session/Middleware/StartSession.php(121): Illuminate/Pipeline/Pipeline->Illuminate/Pipeline/{closure}(Object(Illuminate/Http/Request))
#28 D:/laravel/office/cioas/vendor/laravel/framework/src/Illuminate/Session/Middleware/StartSession.php(64): Illuminate/Session/Middleware/StartSession->handleStatefulRequest(Object(Illuminate/Http/Request), Object(Illuminate/Session/Store), Object(Closure))
#29 D:/laravel/office/cioas/vendor/laravel/framework/src/Illuminate/Pipeline/Pipeline.php(183): Illuminate/Session/Middleware/StartSession->handle(Object(Illuminate/Http/Request), Object(Closure))
#30 D:/laravel/office/cioas/vendor/laravel/framework/src/Illuminate/Cookie/Middleware/AddQueuedCookiesToResponse.php(37): Illuminate/Pipeline/Pipeline->Illuminate/Pipeline/{closure}(Object(Illuminate/Http/Request))
#31 D:/laravel/office/cioas/vendor/laravel/framework/src/Illuminate/Pipeline/Pipeline.php(183): Illuminate/Cookie/Middleware/AddQueuedCookiesToResponse->handle(Object(Illuminate/Http/Request), Object(Closure))
#32 D:/laravel/office/cioas/vendor/laravel/framework/src/Illuminate/Cookie/Middleware/EncryptCookies.php(67): Illuminate/Pipeline/Pipeline->Illuminate/Pipeline/{closure}(Object(Illuminate/Http/Request))
#33 D:/laravel/office/cioas/vendor/laravel/framework/src/Illuminate/Pipeline/Pipeline.php(183): Illuminate/Cookie/Middleware/EncryptCookies->handle(Object(Illuminate/Http/Request), Object(Closure))
#34 D:/laravel/office/cioas/vendor/laravel/framework/src/Illuminate/Pipeline/Pipeline.php(119): Illuminate/Pipeline/Pipeline->Illuminate/Pipeline/{closure}(Object(Illuminate/Http/Request))
#35 D:/laravel/office/cioas/vendor/laravel/framework/src/Illuminate/Routing/Router.php(805): Illuminate/Pipeline/Pipeline->then(Object(Closure))
#36 D:/laravel/office/cioas/vendor/laravel/framework/src/Illuminate/Routing/Router.php(784): Illuminate/Routing/Router->runRouteWithinStack(Object(Illuminate/Routing/Route), Object(Illuminate/Http/Request))
#37 D:/laravel/office/cioas/vendor/laravel/framework/src/Illuminate/Routing/Router.php(748): Illuminate/Routing/Router->runRoute(Object(Illuminate/Http/Request), Object(Illuminate/Routing/Route))
#38 D:/laravel/office/cioas/vendor/laravel/framework/src/Illuminate/Routing/Router.php(737): Illuminate/Routing/Router->dispatchToRoute(Object(Illuminate/Http/Request))
#39 D:/laravel/office/cioas/vendor/laravel/framework/src/Illuminate/Foundation/Http/Kernel.php(200): Illuminate/Routing/Router->dispatch(Object(Illuminate/Http/Request))
#40 D:/laravel/office/cioas/vendor/laravel/framework/src/Illuminate/Pipeline/Pipeline.php(144): Illuminate/Foundation/Http/Kernel->Illuminate/Foundation/Http/{closure}(Object(Illuminate/Http/Request))
#41 D:/laravel/office/cioas/vendor/laravel/framework/src/Illuminate/Foundation/Http/Middleware/TransformsRequest.php(21): Illuminate/Pipeline/Pipeline->Illuminate/Pipeline/{closure}(Object(Illuminate/Http/Request))
#42 D:/laravel/office/cioas/vendor/laravel/framework/src/Illuminate/Foundation/Http/Middleware/ConvertEmptyStringsToNull.php(31): Illuminate/Foundation/Http/Middleware/TransformsRequest->handle(Object(Illuminate/Http/Request), Object(Closure))
#43 D:/laravel/office/cioas/vendor/laravel/framework/src/Illuminate/Pipeline/Pipeline.php(183): Illuminate/Foundation/Http/Middleware/ConvertEmptyStringsToNull->handle(Object(Illuminate/Http/Request), Object(Closure))
#44 D:/laravel/office/cioas/vendor/laravel/framework/src/Illuminate/Foundation/Http/Middleware/TransformsRequest.php(21): Illuminate/Pipeline/Pipeline->Illuminate/Pipeline/{closure}(Object(Illuminate/Http/Request))
#45 D:/laravel/office/cioas/vendor/laravel/framework/src/Illuminate/Foundation/Http/Middleware/TrimStrings.php(40): Illuminate/Foundation/Http/Middleware/TransformsRequest->handle(Object(Illuminate/Http/Request), Object(Closure))
#46 D:/laravel/office/cioas/vendor/laravel/framework/src/Illuminate/Pipeline/Pipeline.php(183): Illuminate/Foundation/Http/Middleware/TrimStrings->handle(Object(Illuminate/Http/Request), Object(Closure))
#47 D:/laravel/office/cioas/vendor/laravel/framework/src/Illuminate/Foundation/Http/Middleware/ValidatePostSize.php(27): Illuminate/Pipeline/Pipeline->Illuminate/Pipeline/{closure}(Object(Illuminate/Http/Request))
#48 D:/laravel/office/cioas/vendor/laravel/framework/src/Illuminate/Pipeline/Pipeline.php(183): Illuminate/Foundation/Http/Middleware/ValidatePostSize->handle(Object(Illuminate/Http/Request), Object(Closure))
#49 D:/laravel/office/cioas/vendor/laravel/framework/src/Illuminate/Foundation/Http/Middleware/PreventRequestsDuringMaintenance.php(99): Illuminate/Pipeline/Pipeline->Illuminate/Pipeline/{closure}(Object(Illuminate/Http/Request))
#50 D:/laravel/office/cioas/vendor/laravel/framework/src/Illuminate/Pipeline/Pipeline.php(183): Illuminate/Foundation/Http/Middleware/PreventRequestsDuringMaintenance->handle(Object(Illuminate/Http/Request), Object(Closure))
#51 D:/laravel/office/cioas/vendor/laravel/framework/src/Illuminate/Http/Middleware/TrustProxies.php(39): Illuminate/Pipeline/Pipeline->Illuminate/Pipeline/{closure}(Object(Illuminate/Http/Request))
#52 D:/laravel/office/cioas/vendor/laravel/framework/src/Illuminate/Pipeline/Pipeline.php(183): Illuminate/Http/Middleware/TrustProxies->handle(Object(Illuminate/Http/Request), Object(Closure))
#53 D:/laravel/office/cioas/vendor/laravel/framework/src/Illuminate/Pipeline/Pipeline.php(119): Illuminate/Pipeline/Pipeline->Illuminate/Pipeline/{closure}(Object(Illuminate/Http/Request))
#54 D:/laravel/office/cioas/vendor/laravel/framework/src/Illuminate/Foundation/Http/Kernel.php(175): Illuminate/Pipeline/Pipeline->then(Object(Closure))
#55 D:/laravel/office/cioas/vendor/laravel/framework/src/Illuminate/Foundation/Http/Kernel.php(144): Illuminate/Foundation/Http/Kernel->sendRequestThroughRouter(Object(Illuminate/Http/Request))
#56 D:/laravel/office/cioas/public/index.php(51): Illuminate/Foundation/Http/Kernel->handle(Object(Illuminate/Http/Request))
#57 D:/laravel/office/cioas/server.php(21): require_once('D://laravel//offi...')
#58 {main}

[previous exception] [object] (ErrorException(code: 0): Attempt to read property \"religion\" on array at D:/laravel/office/cioas/storage/framework/views/286d2f91dc3a0890649958bf3891e1c6.php:77)
[stacktrace]
#0 D:/laravel/office/cioas/vendor/laravel/framework/src/Illuminate/Foundation/Bootstrap/HandleExceptions.php(255): Illuminate/Foundation/Bootstrap/HandleExceptions->handleError(2, 'Attempt to read...', 'D://laravel//offi...', 77)
#1 D:/laravel/office/cioas/storage/framework/views/286d2f91dc3a0890649958bf3891e1c6.php(77): Illuminate/Foundation/Bootstrap/HandleExceptions->Illuminate/Foundation/Bootstrap/{closure}(2, 'Attempt to read...', 'D://laravel//offi...', 77)
#2 D:/laravel/office/cioas/vendor/laravel/framework/src/Illuminate/Filesystem/Filesystem.php(123): require('D://laravel//offi...')
#3 D:/laravel/office/cioas/vendor/laravel/framework/src/Illuminate/Filesystem/Filesystem.php(124): Illuminate/Filesystem/Filesystem::Illuminate/Filesystem/{closure}()
#4 D:/laravel/office/cioas/vendor/laravel/framework/src/Illuminate/View/Engines/PhpEngine.php(58): Illuminate/Filesystem/Filesystem->getRequire('D://laravel//offi...', Array)
#5 D:/laravel/office/cioas/vendor/laravel/framework/src/Illuminate/View/Engines/CompilerEngine.php(72): Illuminate/View/Engines/PhpEngine->evaluatePath('D://laravel//offi...', Array)
#6 D:/laravel/office/cioas/vendor/laravel/framework/src/Illuminate/View/View.php(207): Illuminate/View/Engines/CompilerEngine->get('D://laravel//offi...', Array)
#7 D:/laravel/office/cioas/vendor/laravel/framework/src/Illuminate/View/View.php(190): Illuminate/View/View->getContents()
#8 D:/laravel/office/cioas/vendor/laravel/framework/src/Illuminate/View/View.php(159): Illuminate/View/View->renderContents()
#9 D:/laravel/office/cioas/storage/framework/views/539cc100aa3120664a2ccbace1b73a54.php(60): Illuminate/View/View->render()
#10 D:/laravel/office/cioas/vendor/laravel/framework/src/Illuminate/Filesystem/Filesystem.php(123): require('D://laravel//offi...')
#11 D:/laravel/office/cioas/vendor/laravel/framework/src/Illuminate/Filesystem/Filesystem.php(124): Illuminate/Filesystem/Filesystem::Illuminate/Filesystem/{closure}()
#12 D:/laravel/office/cioas/vendor/laravel/framework/src/Illuminate/View/Engines/PhpEngine.php(58): Illuminate/Filesystem/Filesystem->getRequire('D://laravel//offi...', Array)
#13 D:/laravel/office/cioas/vendor/laravel/framework/src/Illuminate/View/Engines/CompilerEngine.php(72): Illuminate/View/Engines/PhpEngine->evaluatePath('D://laravel//offi...', Array)
#14 D:/laravel/office/cioas/vendor/laravel/framework/src/Illuminate/View/View.php(207): Illuminate/View/Engines/CompilerEngine->get('D://laravel//offi...', Array)
#15 D:/laravel/office/cioas/vendor/laravel/framework/src/Illuminate/View/View.php(190): Illuminate/View/View->getContents()
#16 D:/laravel/office/cioas/vendor/laravel/framework/src/Illuminate/View/View.php(159): Illuminate/View/View->renderContents()
#17 D:/laravel/office/cioas/vendor/laravel/framework/src/Illuminate/Http/Response.php(69): Illuminate/View/View->render()
#18 D:/laravel/office/cioas/vendor/laravel/framework/src/Illuminate/Http/Response.php(35): Illuminate/Http/Response->setContent(Object(Illuminate/View/View))
#19 D:/laravel/office/cioas/vendor/laravel/framework/src/Illuminate/Routing/Router.php(918): Illuminate/Http/Response->__construct(Object(Illuminate/View/View), 200, Array)
#20 D:/laravel/office/cioas/vendor/laravel/framework/src/Illuminate/Routing/Router.php(885): Illuminate/Routing/Router::toResponse(Object(Illuminate/Http/Request), Object(Illuminate/View/View))
#21 D:/laravel/office/cioas/vendor/laravel/framework/src/Illuminate/Routing/Router.php(805): Illuminate/Routing/Router->prepareResponse(Object(Illuminate/Http/Request), Object(Illuminate/View/View))
#22 D:/laravel/office/cioas/vendor/laravel/framework/src/Illuminate/Pipeline/Pipeline.php(144): Illuminate/Routing/Router->Illuminate/Routing/{closure}(Object(Illuminate/Http/Request))
#23 D:/laravel/office/cioas/vendor/laravel/framework/src/Illuminate/Routing/Middleware/SubstituteBindings.php(50): Illuminate/Pipeline/Pipeline->Illuminate/Pipeline/{closure}(Object(Illuminate/Http/Request))
#24 D:/laravel/office/cioas/vendor/laravel/framework/src/Illuminate/Pipeline/Pipeline.php(183): Illuminate/Routing/Middleware/SubstituteBindings->handle(Object(Illuminate/Http/Request), Object(Closure))
#25 D:/laravel/office/cioas/vendor/laravel/framework/src/Illuminate/Auth/Middleware/Authenticate.php(57): Illuminate/Pipeline/Pipeline->Illuminate/Pipeline/{closure}(Object(Illuminate/Http/Request))
#26 D:/laravel/office/cioas/vendor/laravel/framework/src/Illuminate/Pipeline/Pipeline.php(183): Illuminate/Auth/Middleware/Authenticate->handle(Object(Illuminate/Http/Request), Object(Closure))
#27 D:/laravel/office/cioas/vendor/laravel/framework/src/Illuminate/Foundation/Http/Middleware/VerifyCsrfToken.php(78): Illuminate/Pipeline/Pipeline->Illuminate/Pipeline/{closure}(Object(Illuminate/Http/Request))
#28 D:/laravel/office/cioas/vendor/laravel/framework/src/Illuminate/Pipeline/Pipeline.php(183): Illuminate/Foundation/Http/Middleware/VerifyCsrfToken->handle(Object(Illuminate/Http/Request), Object(Closure))
#29 D:/laravel/office/cioas/vendor/laravel/framework/src/Illuminate/View/Middleware/ShareErrorsFromSession.php(49): Illuminate/Pipeline/Pipeline->Illuminate/Pipeline/{closure}(Object(Illuminate/Http/Request))
#30 D:/laravel/office/cioas/vendor/laravel/framework/src/Illuminate/Pipeline/Pipeline.php(183): Illuminate/View/Middleware/ShareErrorsFromSession->handle(Object(Illuminate/Http/Request), Object(Closure))
#31 D:/laravel/office/cioas/vendor/laravel/framework/src/Illuminate/Session/Middleware/StartSession.php(121): Illuminate/Pipeline/Pipeline->Illuminate/Pipeline/{closure}(Object(Illuminate/Http/Request))
#32 D:/laravel/office/cioas/vendor/laravel/framework/src/Illuminate/Session/Middleware/StartSession.php(64): Illuminate/Session/Middleware/StartSession->handleStatefulRequest(Object(Illuminate/Http/Request), Object(Illuminate/Session/Store), Object(Closure))
#33 D:/laravel/office/cioas/vendor/laravel/framework/src/Illuminate/Pipeline/Pipeline.php(183): Illuminate/Session/Middleware/StartSession->handle(Object(Illuminate/Http/Request), Object(Closure))
#34 D:/laravel/office/cioas/vendor/laravel/framework/src/Illuminate/Cookie/Middleware/AddQueuedCookiesToResponse.php(37): Illuminate/Pipeline/Pipeline->Illuminate/Pipeline/{closure}(Object(Illuminate/Http/Request))
#35 D:/laravel/office/cioas/vendor/laravel/framework/src/Illuminate/Pipeline/Pipeline.php(183): Illuminate/Cookie/Middleware/AddQueuedCookiesToResponse->handle(Object(Illuminate/Http/Request), Object(Closure))
#36 D:/laravel/office/cioas/vendor/laravel/framework/src/Illuminate/Cookie/Middleware/EncryptCookies.php(67): Illuminate/Pipeline/Pipeline->Illuminate/Pipeline/{closure}(Object(Illuminate/Http/Request))
#37 D:/laravel/office/cioas/vendor/laravel/framework/src/Illuminate/Pipeline/Pipeline.php(183): Illuminate/Cookie/Middleware/EncryptCookies->handle(Object(Illuminate/Http/Request), Object(Closure))
#38 D:/laravel/office/cioas/vendor/laravel/framework/src/Illuminate/Pipeline/Pipeline.php(119): Illuminate/Pipeline/Pipeline->Illuminate/Pipeline/{closure}(Object(Illuminate/Http/Request))
#39 D:/laravel/office/cioas/vendor/laravel/framework/src/Illuminate/Routing/Router.php(805): Illuminate/Pipeline/Pipeline->then(Object(Closure))
#40 D:/laravel/office/cioas/vendor/laravel/framework/src/Illuminate/Routing/Router.php(784): Illuminate/Routing/Router->runRouteWithinStack(Object(Illuminate/Routing/Route), Object(Illuminate/Http/Request))
#41 D:/laravel/office/cioas/vendor/laravel/framework/src/Illuminate/Routing/Router.php(748): Illuminate/Routing/Router->runRoute(Object(Illuminate/Http/Request), Object(Illuminate/Routing/Route))
#42 D:/laravel/office/cioas/vendor/laravel/framework/src/Illuminate/Routing/Router.php(737): Illuminate/Routing/Router->dispatchToRoute(Object(Illuminate/Http/Request))
#43 D:/laravel/office/cioas/vendor/laravel/framework/src/Illuminate/Foundation/Http/Kernel.php(200): Illuminate/Routing/Router->dispatch(Object(Illuminate/Http/Request))
#44 D:/laravel/office/cioas/vendor/laravel/framework/src/Illuminate/Pipeline/Pipeline.php(144): Illuminate/Foundation/Http/Kernel->Illuminate/Foundation/Http/{closure}(Object(Illuminate/Http/Request))
#45 D:/laravel/office/cioas/vendor/laravel/framework/src/Illuminate/Foundation/Http/Middleware/TransformsRequest.php(21): Illuminate/Pipeline/Pipeline->Illuminate/Pipeline/{closure}(Object(Illuminate/Http/Request))
#46 D:/laravel/office/cioas/vendor/laravel/framework/src/Illuminate/Foundation/Http/Middleware/ConvertEmptyStringsToNull.php(31): Illuminate/Foundation/Http/Middleware/TransformsRequest->handle(Object(Illuminate/Http/Request), Object(Closure))
#47 D:/laravel/office/cioas/vendor/laravel/framework/src/Illuminate/Pipeline/Pipeline.php(183): Illuminate/Foundation/Http/Middleware/ConvertEmptyStringsToNull->handle(Object(Illuminate/Http/Request), Object(Closure))
#48 D:/laravel/office/cioas/vendor/laravel/framework/src/Illuminate/Foundation/Http/Middleware/TransformsRequest.php(21): Illuminate/Pipeline/Pipeline->Illuminate/Pipeline/{closure}(Object(Illuminate/Http/Request))
#49 D:/laravel/office/cioas/vendor/laravel/framework/src/Illuminate/Foundation/Http/Middleware/TrimStrings.php(40): Illuminate/Foundation/Http/Middleware/TransformsRequest->handle(Object(Illuminate/Http/Request), Object(Closure))
#50 D:/laravel/office/cioas/vendor/laravel/framework/src/Illuminate/Pipeline/Pipeline.php(183): Illuminate/Foundation/Http/Middleware/TrimStrings->handle(Object(Illuminate/Http/Request), Object(Closure))
#51 D:/laravel/office/cioas/vendor/laravel/framework/src/Illuminate/Foundation/Http/Middleware/ValidatePostSize.php(27): Illuminate/Pipeline/Pipeline->Illuminate/Pipeline/{closure}(Object(Illuminate/Http/Request))
#52 D:/laravel/office/cioas/vendor/laravel/framework/src/Illuminate/Pipeline/Pipeline.php(183): Illuminate/Foundation/Http/Middleware/ValidatePostSize->handle(Object(Illuminate/Http/Request), Object(Closure))
#53 D:/laravel/office/cioas/vendor/laravel/framework/src/Illuminate/Foundation/Http/Middleware/PreventRequestsDuringMaintenance.php(99): Illuminate/Pipeline/Pipeline->Illuminate/Pipeline/{closure}(Object(Illuminate/Http/Request))
#54 D:/laravel/office/cioas/vendor/laravel/framework/src/Illuminate/Pipeline/Pipeline.php(183): Illuminate/Foundation/Http/Middleware/PreventRequestsDuringMaintenance->handle(Object(Illuminate/Http/Request), Object(Closure))
#55 D:/laravel/office/cioas/vendor/laravel/framework/src/Illuminate/Http/Middleware/TrustProxies.php(39): Illuminate/Pipeline/Pipeline->Illuminate/Pipeline/{closure}(Object(Illuminate/Http/Request))
#56 D:/laravel/office/cioas/vendor/laravel/framework/src/Illuminate/Pipeline/Pipeline.php(183): Illuminate/Http/Middleware/TrustProxies->handle(Object(Illuminate/Http/Request), Object(Closure))
#57 D:/laravel/office/cioas/vendor/laravel/framework/src/Illuminate/Pipeline/Pipeline.php(119): Illuminate/Pipeline/Pipeline->Illuminate/Pipeline/{closure}(Object(Illuminate/Http/Request))
#58 D:/laravel/office/cioas/vendor/laravel/framework/src/Illuminate/Foundation/Http/Kernel.php(175): Illuminate/Pipeline/Pipeline->then(Object(Closure))
#59 D:/laravel/office/cioas/vendor/laravel/framework/src/Illuminate/Foundation/Http/Kernel.php(144): Illuminate/Foundation/Http/Kernel->sendRequestThroughRouter(Object(Illuminate/Http/Request))
#60 D:/laravel/office/cioas/public/index.php(51): Illuminate/Foundation/Http/Kernel->handle(Object(Illuminate/Http/Request))
#61 D:/laravel/office/cioas/server.php(21): require_once('D://laravel//offi...')
#62 {main}
"} 
[2026-05-09 17:55:15] local.ERROR: Attempt to read property "religion" on array (View: D:\laravel\office\cioas\resources\views\backend\pages\hotel-restaurant\forms\ownership.blade.php) (View: D:\laravel\office\cioas\resources\views\backend\pages\hotel-restaurant\forms\ownership.blade.php) {"userId":1,"exception":"[object] (Illuminate\\View\\ViewException(code: 0): Attempt to read property \"religion\" on array (View: D:\\laravel\\office\\cioas\\resources\\views\\backend\\pages\\hotel-restaurant\\forms\\ownership.blade.php) (View: D:\\laravel\\office\\cioas\\resources\\views\\backend\\pages\\hotel-restaurant\\forms\\ownership.blade.php) at D:/laravel/office/cioas/storage/framework/views/286d2f91dc3a0890649958bf3891e1c6.php:77)
[stacktrace]
#0 D:/laravel/office/cioas/vendor/laravel/framework/src/Illuminate/View/Engines/PhpEngine.php(60): Illuminate/View/Engines/CompilerEngine->handleViewException(Object(Illuminate/View/ViewException), 1)
#1 D:/laravel/office/cioas/vendor/laravel/framework/src/Illuminate/View/Engines/CompilerEngine.php(72): Illuminate/View/Engines/PhpEngine->evaluatePath('D://laravel//offi...', Array)
#2 D:/laravel/office/cioas/vendor/laravel/framework/src/Illuminate/View/View.php(207): Illuminate/View/Engines/CompilerEngine->get('D://laravel//offi...', Array)
#3 D:/laravel/office/cioas/vendor/laravel/framework/src/Illuminate/View/View.php(190): Illuminate/View/View->getContents()
#4 D:/laravel/office/cioas/vendor/laravel/framework/src/Illuminate/View/View.php(159): Illuminate/View/View->renderContents()
#5 D:/laravel/office/cioas/vendor/laravel/framework/src/Illuminate/Http/Response.php(69): Illuminate/View/View->render()
#6 D:/laravel/office/cioas/vendor/laravel/framework/src/Illuminate/Http/Response.php(35): Illuminate/Http/Response->setContent(Object(Illuminate/View/View))
#7 D:/laravel/office/cioas/vendor/laravel/framework/src/Illuminate/Routing/Router.php(918): Illuminate/Http/Response->__construct(Object(Illuminate/View/View), 200, Array)
#8 D:/laravel/office/cioas/vendor/laravel/framework/src/Illuminate/Routing/Router.php(885): Illuminate/Routing/Router::toResponse(Object(Illuminate/Http/Request), Object(Illuminate/View/View))
#9 D:/laravel/office/cioas/vendor/laravel/framework/src/Illuminate/Routing/Router.php(805): Illuminate/Routing/Router->prepareResponse(Object(Illuminate/Http/Request), Object(Illuminate/View/View))
#10 D:/laravel/office/cioas/vendor/laravel/framework/src/Illuminate/Pipeline/Pipeline.php(144): Illuminate/Routing/Router->Illuminate/Routing/{closure}(Object(Illuminate/Http/Request))
#11 D:/laravel/office/cioas/vendor/laravel/framework/src/Illuminate/Routing/Middleware/SubstituteBindings.php(50): Illuminate/Pipeline/Pipeline->Illuminate/Pipeline/{closure}(Object(Illuminate/Http/Request))
#12 D:/laravel/office/cioas/vendor/laravel/framework/src/Illuminate/Pipeline/Pipeline.php(183): Illuminate/Routing/Middleware/SubstituteBindings->handle(Object(Illuminate/Http/Request), Object(Closure))
#13 D:/laravel/office/cioas/vendor/laravel/framework/src/Illuminate/Auth/Middleware/Authenticate.php(57): Illuminate/Pipeline/Pipeline->Illuminate/Pipeline/{closure}(Object(Illuminate/Http/Request))
#14 D:/laravel/office/cioas/vendor/laravel/framework/src/Illuminate/Pipeline/Pipeline.php(183): Illuminate/Auth/Middleware/Authenticate->handle(Object(Illuminate/Http/Request), Object(Closure))
#15 D:/laravel/office/cioas/vendor/laravel/framework/src/Illuminate/Foundation/Http/Middleware/VerifyCsrfToken.php(78): Illuminate/Pipeline/Pipeline->Illuminate/Pipeline/{closure}(Object(Illuminate/Http/Request))
#16 D:/laravel/office/cioas/vendor/laravel/framework/src/Illuminate/Pipeline/Pipeline.php(183): Illuminate/Foundation/Http/Middleware/VerifyCsrfToken->handle(Object(Illuminate/Http/Request), Object(Closure))
#17 D:/laravel/office/cioas/vendor/laravel/framework/src/Illuminate/View/Middleware/ShareErrorsFromSession.php(49): Illuminate/Pipeline/Pipeline->Illuminate/Pipeline/{closure}(Object(Illuminate/Http/Request))
#18 D:/laravel/office/cioas/vendor/laravel/framework/src/Illuminate/Pipeline/Pipeline.php(183): Illuminate/View/Middleware/ShareErrorsFromSession->handle(Object(Illuminate/Http/Request), Object(Closure))
#19 D:/laravel/office/cioas/vendor/laravel/framework/src/Illuminate/Session/Middleware/StartSession.php(121): Illuminate/Pipeline/Pipeline->Illuminate/Pipeline/{closure}(Object(Illuminate/Http/Request))
#20 D:/laravel/office/cioas/vendor/laravel/framework/src/Illuminate/Session/Middleware/StartSession.php(64): Illuminate/Session/Middleware/StartSession->handleStatefulRequest(Object(Illuminate/Http/Request), Object(Illuminate/Session/Store), Object(Closure))
#21 D:/laravel/office/cioas/vendor/laravel/framework/src/Illuminate/Pipeline/Pipeline.php(183): Illuminate/Session/Middleware/StartSession->handle(Object(Illuminate/Http/Request), Object(Closure))
#22 D:/laravel/office/cioas/vendor/laravel/framework/src/Illuminate/Cookie/Middleware/AddQueuedCookiesToResponse.php(37): Illuminate/Pipeline/Pipeline->Illuminate/Pipeline/{closure}(Object(Illuminate/Http/Request))
#23 D:/laravel/office/cioas/vendor/laravel/framework/src/Illuminate/Pipeline/Pipeline.php(183): Illuminate/Cookie/Middleware/AddQueuedCookiesToResponse->handle(Object(Illuminate/Http/Request), Object(Closure))
#24 D:/laravel/office/cioas/vendor/laravel/framework/src/Illuminate/Cookie/Middleware/EncryptCookies.php(67): Illuminate/Pipeline/Pipeline->Illuminate/Pipeline/{closure}(Object(Illuminate/Http/Request))
#25 D:/laravel/office/cioas/vendor/laravel/framework/src/Illuminate/Pipeline/Pipeline.php(183): Illuminate/Cookie/Middleware/EncryptCookies->handle(Object(Illuminate/Http/Request), Object(Closure))
#26 D:/laravel/office/cioas/vendor/laravel/framework/src/Illuminate/Pipeline/Pipeline.php(119): Illuminate/Pipeline/Pipeline->Illuminate/Pipeline/{closure}(Object(Illuminate/Http/Request))
#27 D:/laravel/office/cioas/vendor/laravel/framework/src/Illuminate/Routing/Router.php(805): Illuminate/Pipeline/Pipeline->then(Object(Closure))
#28 D:/laravel/office/cioas/vendor/laravel/framework/src/Illuminate/Routing/Router.php(784): Illuminate/Routing/Router->runRouteWithinStack(Object(Illuminate/Routing/Route), Object(Illuminate/Http/Request))
#29 D:/laravel/office/cioas/vendor/laravel/framework/src/Illuminate/Routing/Router.php(748): Illuminate/Routing/Router->runRoute(Object(Illuminate/Http/Request), Object(Illuminate/Routing/Route))
#30 D:/laravel/office/cioas/vendor/laravel/framework/src/Illuminate/Routing/Router.php(737): Illuminate/Routing/Router->dispatchToRoute(Object(Illuminate/Http/Request))
#31 D:/laravel/office/cioas/vendor/laravel/framework/src/Illuminate/Foundation/Http/Kernel.php(200): Illuminate/Routing/Router->dispatch(Object(Illuminate/Http/Request))
#32 D:/laravel/office/cioas/vendor/laravel/framework/src/Illuminate/Pipeline/Pipeline.php(144): Illuminate/Foundation/Http/Kernel->Illuminate/Foundation/Http/{closure}(Object(Illuminate/Http/Request))
#33 D:/laravel/office/cioas/vendor/laravel/framework/src/Illuminate/Foundation/Http/Middleware/TransformsRequest.php(21): Illuminate/Pipeline/Pipeline->Illuminate/Pipeline/{closure}(Object(Illuminate/Http/Request))
#34 D:/laravel/office/cioas/vendor/laravel/framework/src/Illuminate/Foundation/Http/Middleware/ConvertEmptyStringsToNull.php(31): Illuminate/Foundation/Http/Middleware/TransformsRequest->handle(Object(Illuminate/Http/Request), Object(Closure))
#35 D:/laravel/office/cioas/vendor/laravel/framework/src/Illuminate/Pipeline/Pipeline.php(183): Illuminate/Foundation/Http/Middleware/ConvertEmptyStringsToNull->handle(Object(Illuminate/Http/Request), Object(Closure))
#36 D:/laravel/office/cioas/vendor/laravel/framework/src/Illuminate/Foundation/Http/Middleware/TransformsRequest.php(21): Illuminate/Pipeline/Pipeline->Illuminate/Pipeline/{closure}(Object(Illuminate/Http/Request))
#37 D:/laravel/office/cioas/vendor/laravel/framework/src/Illuminate/Foundation/Http/Middleware/TrimStrings.php(40): Illuminate/Foundation/Http/Middleware/TransformsRequest->handle(Object(Illuminate/Http/Request), Object(Closure))
#38 D:/laravel/office/cioas/vendor/laravel/framework/src/Illuminate/Pipeline/Pipeline.php(183): Illuminate/Foundation/Http/Middleware/TrimStrings->handle(Object(Illuminate/Http/Request), Object(Closure))
#39 D:/laravel/office/cioas/vendor/laravel/framework/src/Illuminate/Foundation/Http/Middleware/ValidatePostSize.php(27): Illuminate/Pipeline/Pipeline->Illuminate/Pipeline/{closure}(Object(Illuminate/Http/Request))
#40 D:/laravel/office/cioas/vendor/laravel/framework/src/Illuminate/Pipeline/Pipeline.php(183): Illuminate/Foundation/Http/Middleware/ValidatePostSize->handle(Object(Illuminate/Http/Request), Object(Closure))
#41 D:/laravel/office/cioas/vendor/laravel/framework/src/Illuminate/Foundation/Http/Middleware/PreventRequestsDuringMaintenance.php(99): Illuminate/Pipeline/Pipeline->Illuminate/Pipeline/{closure}(Object(Illuminate/Http/Request))
#42 D:/laravel/office/cioas/vendor/laravel/framework/src/Illuminate/Pipeline/Pipeline.php(183): Illuminate/Foundation/Http/Middleware/PreventRequestsDuringMaintenance->handle(Object(Illuminate/Http/Request), Object(Closure))
#43 D:/laravel/office/cioas/vendor/laravel/framework/src/Illuminate/Http/Middleware/TrustProxies.php(39): Illuminate/Pipeline/Pipeline->Illuminate/Pipeline/{closure}(Object(Illuminate/Http/Request))
#44 D:/laravel/office/cioas/vendor/laravel/framework/src/Illuminate/Pipeline/Pipeline.php(183): Illuminate/Http/Middleware/TrustProxies->handle(Object(Illuminate/Http/Request), Object(Closure))
#45 D:/laravel/office/cioas/vendor/laravel/framework/src/Illuminate/Pipeline/Pipeline.php(119): Illuminate/Pipeline/Pipeline->Illuminate/Pipeline/{closure}(Object(Illuminate/Http/Request))
#46 D:/laravel/office/cioas/vendor/laravel/framework/src/Illuminate/Foundation/Http/Kernel.php(175): Illuminate/Pipeline/Pipeline->then(Object(Closure))
#47 D:/laravel/office/cioas/vendor/laravel/framework/src/Illuminate/Foundation/Http/Kernel.php(144): Illuminate/Foundation/Http/Kernel->sendRequestThroughRouter(Object(Illuminate/Http/Request))
#48 D:/laravel/office/cioas/public/index.php(51): Illuminate/Foundation/Http/Kernel->handle(Object(Illuminate/Http/Request))
#49 D:/laravel/office/cioas/server.php(21): require_once('D://laravel//offi...')
#50 {main}

[previous exception] [object] (Illuminate\\View\\ViewException(code: 0): Attempt to read property \"religion\" on array (View: D:\\laravel\\office\\cioas\\resources\\views\\backend\\pages\\hotel-restaurant\\forms\\ownership.blade.php) at D:/laravel/office/cioas/storage/framework/views/286d2f91dc3a0890649958bf3891e1c6.php:77)
[stacktrace]
#0 D:/laravel/office/cioas/vendor/laravel/framework/src/Illuminate/View/Engines/PhpEngine.php(60): Illuminate/View/Engines/CompilerEngine->handleViewException(Object(ErrorException), 3)
#1 D:/laravel/office/cioas/vendor/laravel/framework/src/Illuminate/View/Engines/CompilerEngine.php(72): Illuminate/View/Engines/PhpEngine->evaluatePath('D://laravel//offi...', Array)
#2 D:/laravel/office/cioas/vendor/laravel/framework/src/Illuminate/View/View.php(207): Illuminate/View/Engines/CompilerEngine->get('D://laravel//offi...', Array)
#3 D:/laravel/office/cioas/vendor/laravel/framework/src/Illuminate/View/View.php(190): Illuminate/View/View->getContents()
#4 D:/laravel/office/cioas/vendor/laravel/framework/src/Illuminate/View/View.php(159): Illuminate/View/View->renderContents()
#5 D:/laravel/office/cioas/storage/framework/views/539cc100aa3120664a2ccbace1b73a54.php(60): Illuminate/View/View->render()
#6 D:/laravel/office/cioas/vendor/laravel/framework/src/Illuminate/Filesystem/Filesystem.php(123): require('D://laravel//offi...')
#7 D:/laravel/office/cioas/vendor/laravel/framework/src/Illuminate/Filesystem/Filesystem.php(124): Illuminate/Filesystem/Filesystem::Illuminate/Filesystem/{closure}()
#8 D:/laravel/office/cioas/vendor/laravel/framework/src/Illuminate/View/Engines/PhpEngine.php(58): Illuminate/Filesystem/Filesystem->getRequire('D://laravel//offi...', Array)
#9 D:/laravel/office/cioas/vendor/laravel/framework/src/Illuminate/View/Engines/CompilerEngine.php(72): Illuminate/View/Engines/PhpEngine->evaluatePath('D://laravel//offi...', Array)
#10 D:/laravel/office/cioas/vendor/laravel/framework/src/Illuminate/View/View.php(207): Illuminate/View/Engines/CompilerEngine->get('D://laravel//offi...', Array)
#11 D:/laravel/office/cioas/vendor/laravel/framework/src/Illuminate/View/View.php(190): Illuminate/View/View->getContents()
#12 D:/laravel/office/cioas/vendor/laravel/framework/src/Illuminate/View/View.php(159): Illuminate/View/View->renderContents()
#13 D:/laravel/office/cioas/vendor/laravel/framework/src/Illuminate/Http/Response.php(69): Illuminate/View/View->render()
#14 D:/laravel/office/cioas/vendor/laravel/framework/src/Illuminate/Http/Response.php(35): Illuminate/Http/Response->setContent(Object(Illuminate/View/View))
#15 D:/laravel/office/cioas/vendor/laravel/framework/src/Illuminate/Routing/Router.php(918): Illuminate/Http/Response->__construct(Object(Illuminate/View/View), 200, Array)
#16 D:/laravel/office/cioas/vendor/laravel/framework/src/Illuminate/Routing/Router.php(885): Illuminate/Routing/Router::toResponse(Object(Illuminate/Http/Request), Object(Illuminate/View/View))
#17 D:/laravel/office/cioas/vendor/laravel/framework/src/Illuminate/Routing/Router.php(805): Illuminate/Routing/Router->prepareResponse(Object(Illuminate/Http/Request), Object(Illuminate/View/View))
#18 D:/laravel/office/cioas/vendor/laravel/framework/src/Illuminate/Pipeline/Pipeline.php(144): Illuminate/Routing/Router->Illuminate/Routing/{closure}(Object(Illuminate/Http/Request))
#19 D:/laravel/office/cioas/vendor/laravel/framework/src/Illuminate/Routing/Middleware/SubstituteBindings.php(50): Illuminate/Pipeline/Pipeline->Illuminate/Pipeline/{closure}(Object(Illuminate/Http/Request))
#20 D:/laravel/office/cioas/vendor/laravel/framework/src/Illuminate/Pipeline/Pipeline.php(183): Illuminate/Routing/Middleware/SubstituteBindings->handle(Object(Illuminate/Http/Request), Object(Closure))
#21 D:/laravel/office/cioas/vendor/laravel/framework/src/Illuminate/Auth/Middleware/Authenticate.php(57): Illuminate/Pipeline/Pipeline->Illuminate/Pipeline/{closure}(Object(Illuminate/Http/Request))
#22 D:/laravel/office/cioas/vendor/laravel/framework/src/Illuminate/Pipeline/Pipeline.php(183): Illuminate/Auth/Middleware/Authenticate->handle(Object(Illuminate/Http/Request), Object(Closure))
#23 D:/laravel/office/cioas/vendor/laravel/framework/src/Illuminate/Foundation/Http/Middleware/VerifyCsrfToken.php(78): Illuminate/Pipeline/Pipeline->Illuminate/Pipeline/{closure}(Object(Illuminate/Http/Request))
#24 D:/laravel/office/cioas/vendor/laravel/framework/src/Illuminate/Pipeline/Pipeline.php(183): Illuminate/Foundation/Http/Middleware/VerifyCsrfToken->handle(Object(Illuminate/Http/Request), Object(Closure))
#25 D:/laravel/office/cioas/vendor/laravel/framework/src/Illuminate/View/Middleware/ShareErrorsFromSession.php(49): Illuminate/Pipeline/Pipeline->Illuminate/Pipeline/{closure}(Object(Illuminate/Http/Request))
#26 D:/laravel/office/cioas/vendor/laravel/framework/src/Illuminate/Pipeline/Pipeline.php(183): Illuminate/View/Middleware/ShareErrorsFromSession->handle(Object(Illuminate/Http/Request), Object(Closure))
#27 D:/laravel/office/cioas/vendor/laravel/framework/src/Illuminate/Session/Middleware/StartSession.php(121): Illuminate/Pipeline/Pipeline->Illuminate/Pipeline/{closure}(Object(Illuminate/Http/Request))
#28 D:/laravel/office/cioas/vendor/laravel/framework/src/Illuminate/Session/Middleware/StartSession.php(64): Illuminate/Session/Middleware/StartSession->handleStatefulRequest(Object(Illuminate/Http/Request), Object(Illuminate/Session/Store), Object(Closure))
#29 D:/laravel/office/cioas/vendor/laravel/framework/src/Illuminate/Pipeline/Pipeline.php(183): Illuminate/Session/Middleware/StartSession->handle(Object(Illuminate/Http/Request), Object(Closure))
#30 D:/laravel/office/cioas/vendor/laravel/framework/src/Illuminate/Cookie/Middleware/AddQueuedCookiesToResponse.php(37): Illuminate/Pipeline/Pipeline->Illuminate/Pipeline/{closure}(Object(Illuminate/Http/Request))
#31 D:/laravel/office/cioas/vendor/laravel/framework/src/Illuminate/Pipeline/Pipeline.php(183): Illuminate/Cookie/Middleware/AddQueuedCookiesToResponse->handle(Object(Illuminate/Http/Request), Object(Closure))
#32 D:/laravel/office/cioas/vendor/laravel/framework/src/Illuminate/Cookie/Middleware/EncryptCookies.php(67): Illuminate/Pipeline/Pipeline->Illuminate/Pipeline/{closure}(Object(Illuminate/Http/Request))
#33 D:/laravel/office/cioas/vendor/laravel/framework/src/Illuminate/Pipeline/Pipeline.php(183): Illuminate/Cookie/Middleware/EncryptCookies->handle(Object(Illuminate/Http/Request), Object(Closure))
#34 D:/laravel/office/cioas/vendor/laravel/framework/src/Illuminate/Pipeline/Pipeline.php(119): Illuminate/Pipeline/Pipeline->Illuminate/Pipeline/{closure}(Object(Illuminate/Http/Request))
#35 D:/laravel/office/cioas/vendor/laravel/framework/src/Illuminate/Routing/Router.php(805): Illuminate/Pipeline/Pipeline->then(Object(Closure))
#36 D:/laravel/office/cioas/vendor/laravel/framework/src/Illuminate/Routing/Router.php(784): Illuminate/Routing/Router->runRouteWithinStack(Object(Illuminate/Routing/Route), Object(Illuminate/Http/Request))
#37 D:/laravel/office/cioas/vendor/laravel/framework/src/Illuminate/Routing/Router.php(748): Illuminate/Routing/Router->runRoute(Object(Illuminate/Http/Request), Object(Illuminate/Routing/Route))
#38 D:/laravel/office/cioas/vendor/laravel/framework/src/Illuminate/Routing/Router.php(737): Illuminate/Routing/Router->dispatchToRoute(Object(Illuminate/Http/Request))
#39 D:/laravel/office/cioas/vendor/laravel/framework/src/Illuminate/Foundation/Http/Kernel.php(200): Illuminate/Routing/Router->dispatch(Object(Illuminate/Http/Request))
#40 D:/laravel/office/cioas/vendor/laravel/framework/src/Illuminate/Pipeline/Pipeline.php(144): Illuminate/Foundation/Http/Kernel->Illuminate/Foundation/Http/{closure}(Object(Illuminate/Http/Request))
#41 D:/laravel/office/cioas/vendor/laravel/framework/src/Illuminate/Foundation/Http/Middleware/TransformsRequest.php(21): Illuminate/Pipeline/Pipeline->Illuminate/Pipeline/{closure}(Object(Illuminate/Http/Request))
#42 D:/laravel/office/cioas/vendor/laravel/framework/src/Illuminate/Foundation/Http/Middleware/ConvertEmptyStringsToNull.php(31): Illuminate/Foundation/Http/Middleware/TransformsRequest->handle(Object(Illuminate/Http/Request), Object(Closure))
#43 D:/laravel/office/cioas/vendor/laravel/framework/src/Illuminate/Pipeline/Pipeline.php(183): Illuminate/Foundation/Http/Middleware/ConvertEmptyStringsToNull->handle(Object(Illuminate/Http/Request), Object(Closure))
#44 D:/laravel/office/cioas/vendor/laravel/framework/src/Illuminate/Foundation/Http/Middleware/TransformsRequest.php(21): Illuminate/Pipeline/Pipeline->Illuminate/Pipeline/{closure}(Object(Illuminate/Http/Request))
#45 D:/laravel/office/cioas/vendor/laravel/framework/src/Illuminate/Foundation/Http/Middleware/TrimStrings.php(40): Illuminate/Foundation/Http/Middleware/TransformsRequest->handle(Object(Illuminate/Http/Request), Object(Closure))
#46 D:/laravel/office/cioas/vendor/laravel/framework/src/Illuminate/Pipeline/Pipeline.php(183): Illuminate/Foundation/Http/Middleware/TrimStrings->handle(Object(Illuminate/Http/Request), Object(Closure))
#47 D:/laravel/office/cioas/vendor/laravel/framework/src/Illuminate/Foundation/Http/Middleware/ValidatePostSize.php(27): Illuminate/Pipeline/Pipeline->Illuminate/Pipeline/{closure}(Object(Illuminate/Http/Request))
#48 D:/laravel/office/cioas/vendor/laravel/framework/src/Illuminate/Pipeline/Pipeline.php(183): Illuminate/Foundation/Http/Middleware/ValidatePostSize->handle(Object(Illuminate/Http/Request), Object(Closure))
#49 D:/laravel/office/cioas/vendor/laravel/framework/src/Illuminate/Foundation/Http/Middleware/PreventRequestsDuringMaintenance.php(99): Illuminate/Pipeline/Pipeline->Illuminate/Pipeline/{closure}(Object(Illuminate/Http/Request))
#50 D:/laravel/office/cioas/vendor/laravel/framework/src/Illuminate/Pipeline/Pipeline.php(183): Illuminate/Foundation/Http/Middleware/PreventRequestsDuringMaintenance->handle(Object(Illuminate/Http/Request), Object(Closure))
#51 D:/laravel/office/cioas/vendor/laravel/framework/src/Illuminate/Http/Middleware/TrustProxies.php(39): Illuminate/Pipeline/Pipeline->Illuminate/Pipeline/{closure}(Object(Illuminate/Http/Request))
#52 D:/laravel/office/cioas/vendor/laravel/framework/src/Illuminate/Pipeline/Pipeline.php(183): Illuminate/Http/Middleware/TrustProxies->handle(Object(Illuminate/Http/Request), Object(Closure))
#53 D:/laravel/office/cioas/vendor/laravel/framework/src/Illuminate/Pipeline/Pipeline.php(119): Illuminate/Pipeline/Pipeline->Illuminate/Pipeline/{closure}(Object(Illuminate/Http/Request))
#54 D:/laravel/office/cioas/vendor/laravel/framework/src/Illuminate/Foundation/Http/Kernel.php(175): Illuminate/Pipeline/Pipeline->then(Object(Closure))
#55 D:/laravel/office/cioas/vendor/laravel/framework/src/Illuminate/Foundation/Http/Kernel.php(144): Illuminate/Foundation/Http/Kernel->sendRequestThroughRouter(Object(Illuminate/Http/Request))
#56 D:/laravel/office/cioas/public/index.php(51): Illuminate/Foundation/Http/Kernel->handle(Object(Illuminate/Http/Request))
#57 D:/laravel/office/cioas/server.php(21): require_once('D://laravel//offi...')
#58 {main}

[previous exception] [object] (ErrorException(code: 0): Attempt to read property \"religion\" on array at D:/laravel/office/cioas/storage/framework/views/286d2f91dc3a0890649958bf3891e1c6.php:77)
[stacktrace]
#0 D:/laravel/office/cioas/vendor/laravel/framework/src/Illuminate/Foundation/Bootstrap/HandleExceptions.php(255): Illuminate/Foundation/Bootstrap/HandleExceptions->handleError(2, 'Attempt to read...', 'D://laravel//offi...', 77)
#1 D:/laravel/office/cioas/storage/framework/views/286d2f91dc3a0890649958bf3891e1c6.php(77): Illuminate/Foundation/Bootstrap/HandleExceptions->Illuminate/Foundation/Bootstrap/{closure}(2, 'Attempt to read...', 'D://laravel//offi...', 77)
#2 D:/laravel/office/cioas/vendor/laravel/framework/src/Illuminate/Filesystem/Filesystem.php(123): require('D://laravel//offi...')
#3 D:/laravel/office/cioas/vendor/laravel/framework/src/Illuminate/Filesystem/Filesystem.php(124): Illuminate/Filesystem/Filesystem::Illuminate/Filesystem/{closure}()
#4 D:/laravel/office/cioas/vendor/laravel/framework/src/Illuminate/View/Engines/PhpEngine.php(58): Illuminate/Filesystem/Filesystem->getRequire('D://laravel//offi...', Array)
#5 D:/laravel/office/cioas/vendor/laravel/framework/src/Illuminate/View/Engines/CompilerEngine.php(72): Illuminate/View/Engines/PhpEngine->evaluatePath('D://laravel//offi...', Array)
#6 D:/laravel/office/cioas/vendor/laravel/framework/src/Illuminate/View/View.php(207): Illuminate/View/Engines/CompilerEngine->get('D://laravel//offi...', Array)
#7 D:/laravel/office/cioas/vendor/laravel/framework/src/Illuminate/View/View.php(190): Illuminate/View/View->getContents()
#8 D:/laravel/office/cioas/vendor/laravel/framework/src/Illuminate/View/View.php(159): Illuminate/View/View->renderContents()
#9 D:/laravel/office/cioas/storage/framework/views/539cc100aa3120664a2ccbace1b73a54.php(60): Illuminate/View/View->render()
#10 D:/laravel/office/cioas/vendor/laravel/framework/src/Illuminate/Filesystem/Filesystem.php(123): require('D://laravel//offi...')
#11 D:/laravel/office/cioas/vendor/laravel/framework/src/Illuminate/Filesystem/Filesystem.php(124): Illuminate/Filesystem/Filesystem::Illuminate/Filesystem/{closure}()
#12 D:/laravel/office/cioas/vendor/laravel/framework/src/Illuminate/View/Engines/PhpEngine.php(58): Illuminate/Filesystem/Filesystem->getRequire('D://laravel//offi...', Array)
#13 D:/laravel/office/cioas/vendor/laravel/framework/src/Illuminate/View/Engines/CompilerEngine.php(72): Illuminate/View/Engines/PhpEngine->evaluatePath('D://laravel//offi...', Array)
#14 D:/laravel/office/cioas/vendor/laravel/framework/src/Illuminate/View/View.php(207): Illuminate/View/Engines/CompilerEngine->get('D://laravel//offi...', Array)
#15 D:/laravel/office/cioas/vendor/laravel/framework/src/Illuminate/View/View.php(190): Illuminate/View/View->getContents()
#16 D:/laravel/office/cioas/vendor/laravel/framework/src/Illuminate/View/View.php(159): Illuminate/View/View->renderContents()
#17 D:/laravel/office/cioas/vendor/laravel/framework/src/Illuminate/Http/Response.php(69): Illuminate/View/View->render()
#18 D:/laravel/office/cioas/vendor/laravel/framework/src/Illuminate/Http/Response.php(35): Illuminate/Http/Response->setContent(Object(Illuminate/View/View))
#19 D:/laravel/office/cioas/vendor/laravel/framework/src/Illuminate/Routing/Router.php(918): Illuminate/Http/Response->__construct(Object(Illuminate/View/View), 200, Array)
#20 D:/laravel/office/cioas/vendor/laravel/framework/src/Illuminate/Routing/Router.php(885): Illuminate/Routing/Router::toResponse(Object(Illuminate/Http/Request), Object(Illuminate/View/View))
#21 D:/laravel/office/cioas/vendor/laravel/framework/src/Illuminate/Routing/Router.php(805): Illuminate/Routing/Router->prepareResponse(Object(Illuminate/Http/Request), Object(Illuminate/View/View))
#22 D:/laravel/office/cioas/vendor/laravel/framework/src/Illuminate/Pipeline/Pipeline.php(144): Illuminate/Routing/Router->Illuminate/Routing/{closure}(Object(Illuminate/Http/Request))
#23 D:/laravel/office/cioas/vendor/laravel/framework/src/Illuminate/Routing/Middleware/SubstituteBindings.php(50): Illuminate/Pipeline/Pipeline->Illuminate/Pipeline/{closure}(Object(Illuminate/Http/Request))
#24 D:/laravel/office/cioas/vendor/laravel/framework/src/Illuminate/Pipeline/Pipeline.php(183): Illuminate/Routing/Middleware/SubstituteBindings->handle(Object(Illuminate/Http/Request), Object(Closure))
#25 D:/laravel/office/cioas/vendor/laravel/framework/src/Illuminate/Auth/Middleware/Authenticate.php(57): Illuminate/Pipeline/Pipeline->Illuminate/Pipeline/{closure}(Object(Illuminate/Http/Request))
#26 D:/laravel/office/cioas/vendor/laravel/framework/src/Illuminate/Pipeline/Pipeline.php(183): Illuminate/Auth/Middleware/Authenticate->handle(Object(Illuminate/Http/Request), Object(Closure))
#27 D:/laravel/office/cioas/vendor/laravel/framework/src/Illuminate/Foundation/Http/Middleware/VerifyCsrfToken.php(78): Illuminate/Pipeline/Pipeline->Illuminate/Pipeline/{closure}(Object(Illuminate/Http/Request))
#28 D:/laravel/office/cioas/vendor/laravel/framework/src/Illuminate/Pipeline/Pipeline.php(183): Illuminate/Foundation/Http/Middleware/VerifyCsrfToken->handle(Object(Illuminate/Http/Request), Object(Closure))
#29 D:/laravel/office/cioas/vendor/laravel/framework/src/Illuminate/View/Middleware/ShareErrorsFromSession.php(49): Illuminate/Pipeline/Pipeline->Illuminate/Pipeline/{closure}(Object(Illuminate/Http/Request))
#30 D:/laravel/office/cioas/vendor/laravel/framework/src/Illuminate/Pipeline/Pipeline.php(183): Illuminate/View/Middleware/ShareErrorsFromSession->handle(Object(Illuminate/Http/Request), Object(Closure))
#31 D:/laravel/office/cioas/vendor/laravel/framework/src/Illuminate/Session/Middleware/StartSession.php(121): Illuminate/Pipeline/Pipeline->Illuminate/Pipeline/{closure}(Object(Illuminate/Http/Request))
#32 D:/laravel/office/cioas/vendor/laravel/framework/src/Illuminate/Session/Middleware/StartSession.php(64): Illuminate/Session/Middleware/StartSession->handleStatefulRequest(Object(Illuminate/Http/Request), Object(Illuminate/Session/Store), Object(Closure))
#33 D:/laravel/office/cioas/vendor/laravel/framework/src/Illuminate/Pipeline/Pipeline.php(183): Illuminate/Session/Middleware/StartSession->handle(Object(Illuminate/Http/Request), Object(Closure))
#34 D:/laravel/office/cioas/vendor/laravel/framework/src/Illuminate/Cookie/Middleware/AddQueuedCookiesToResponse.php(37): Illuminate/Pipeline/Pipeline->Illuminate/Pipeline/{closure}(Object(Illuminate/Http/Request))
#35 D:/laravel/office/cioas/vendor/laravel/framework/src/Illuminate/Pipeline/Pipeline.php(183): Illuminate/Cookie/Middleware/AddQueuedCookiesToResponse->handle(Object(Illuminate/Http/Request), Object(Closure))
#36 D:/laravel/office/cioas/vendor/laravel/framework/src/Illuminate/Cookie/Middleware/EncryptCookies.php(67): Illuminate/Pipeline/Pipeline->Illuminate/Pipeline/{closure}(Object(Illuminate/Http/Request))
#37 D:/laravel/office/cioas/vendor/laravel/framework/src/Illuminate/Pipeline/Pipeline.php(183): Illuminate/Cookie/Middleware/EncryptCookies->handle(Object(Illuminate/Http/Request), Object(Closure))
#38 D:/laravel/office/cioas/vendor/laravel/framework/src/Illuminate/Pipeline/Pipeline.php(119): Illuminate/Pipeline/Pipeline->Illuminate/Pipeline/{closure}(Object(Illuminate/Http/Request))
#39 D:/laravel/office/cioas/vendor/laravel/framework/src/Illuminate/Routing/Router.php(805): Illuminate/Pipeline/Pipeline->then(Object(Closure))
#40 D:/laravel/office/cioas/vendor/laravel/framework/src/Illuminate/Routing/Router.php(784): Illuminate/Routing/Router->runRouteWithinStack(Object(Illuminate/Routing/Route), Object(Illuminate/Http/Request))
#41 D:/laravel/office/cioas/vendor/laravel/framework/src/Illuminate/Routing/Router.php(748): Illuminate/Routing/Router->runRoute(Object(Illuminate/Http/Request), Object(Illuminate/Routing/Route))
#42 D:/laravel/office/cioas/vendor/laravel/framework/src/Illuminate/Routing/Router.php(737): Illuminate/Routing/Router->dispatchToRoute(Object(Illuminate/Http/Request))
#43 D:/laravel/office/cioas/vendor/laravel/framework/src/Illuminate/Foundation/Http/Kernel.php(200): Illuminate/Routing/Router->dispatch(Object(Illuminate/Http/Request))
#44 D:/laravel/office/cioas/vendor/laravel/framework/src/Illuminate/Pipeline/Pipeline.php(144): Illuminate/Foundation/Http/Kernel->Illuminate/Foundation/Http/{closure}(Object(Illuminate/Http/Request))
#45 D:/laravel/office/cioas/vendor/laravel/framework/src/Illuminate/Foundation/Http/Middleware/TransformsRequest.php(21): Illuminate/Pipeline/Pipeline->Illuminate/Pipeline/{closure}(Object(Illuminate/Http/Request))
#46 D:/laravel/office/cioas/vendor/laravel/framework/src/Illuminate/Foundation/Http/Middleware/ConvertEmptyStringsToNull.php(31): Illuminate/Foundation/Http/Middleware/TransformsRequest->handle(Object(Illuminate/Http/Request), Object(Closure))
#47 D:/laravel/office/cioas/vendor/laravel/framework/src/Illuminate/Pipeline/Pipeline.php(183): Illuminate/Foundation/Http/Middleware/ConvertEmptyStringsToNull->handle(Object(Illuminate/Http/Request), Object(Closure))
#48 D:/laravel/office/cioas/vendor/laravel/framework/src/Illuminate/Foundation/Http/Middleware/TransformsRequest.php(21): Illuminate/Pipeline/Pipeline->Illuminate/Pipeline/{closure}(Object(Illuminate/Http/Request))
#49 D:/laravel/office/cioas/vendor/laravel/framework/src/Illuminate/Foundation/Http/Middleware/TrimStrings.php(40): Illuminate/Foundation/Http/Middleware/TransformsRequest->handle(Object(Illuminate/Http/Request), Object(Closure))
#50 D:/laravel/office/cioas/vendor/laravel/framework/src/Illuminate/Pipeline/Pipeline.php(183): Illuminate/Foundation/Http/Middleware/TrimStrings->handle(Object(Illuminate/Http/Request), Object(Closure))
#51 D:/laravel/office/cioas/vendor/laravel/framework/src/Illuminate/Foundation/Http/Middleware/ValidatePostSize.php(27): Illuminate/Pipeline/Pipeline->Illuminate/Pipeline/{closure}(Object(Illuminate/Http/Request))
#52 D:/laravel/office/cioas/vendor/laravel/framework/src/Illuminate/Pipeline/Pipeline.php(183): Illuminate/Foundation/Http/Middleware/ValidatePostSize->handle(Object(Illuminate/Http/Request), Object(Closure))
#53 D:/laravel/office/cioas/vendor/laravel/framework/src/Illuminate/Foundation/Http/Middleware/PreventRequestsDuringMaintenance.php(99): Illuminate/Pipeline/Pipeline->Illuminate/Pipeline/{closure}(Object(Illuminate/Http/Request))
#54 D:/laravel/office/cioas/vendor/laravel/framework/src/Illuminate/Pipeline/Pipeline.php(183): Illuminate/Foundation/Http/Middleware/PreventRequestsDuringMaintenance->handle(Object(Illuminate/Http/Request), Object(Closure))
#55 D:/laravel/office/cioas/vendor/laravel/framework/src/Illuminate/Http/Middleware/TrustProxies.php(39): Illuminate/Pipeline/Pipeline->Illuminate/Pipeline/{closure}(Object(Illuminate/Http/Request))
#56 D:/laravel/office/cioas/vendor/laravel/framework/src/Illuminate/Pipeline/Pipeline.php(183): Illuminate/Http/Middleware/TrustProxies->handle(Object(Illuminate/Http/Request), Object(Closure))
#57 D:/laravel/office/cioas/vendor/laravel/framework/src/Illuminate/Pipeline/Pipeline.php(119): Illuminate/Pipeline/Pipeline->Illuminate/Pipeline/{closure}(Object(Illuminate/Http/Request))
#58 D:/laravel/office/cioas/vendor/laravel/framework/src/Illuminate/Foundation/Http/Kernel.php(175): Illuminate/Pipeline/Pipeline->then(Object(Closure))
#59 D:/laravel/office/cioas/vendor/laravel/framework/src/Illuminate/Foundation/Http/Kernel.php(144): Illuminate/Foundation/Http/Kernel->sendRequestThroughRouter(Object(Illuminate/Http/Request))
#60 D:/laravel/office/cioas/public/index.php(51): Illuminate/Foundation/Http/Kernel->handle(Object(Illuminate/Http/Request))
#61 D:/laravel/office/cioas/server.php(21): require_once('D://laravel//offi...')
#62 {main}
"} 
[2026-05-09 17:55:16] local.ERROR: Attempt to read property "religion" on array (View: D:\laravel\office\cioas\resources\views\backend\pages\hotel-restaurant\forms\ownership.blade.php) (View: D:\laravel\office\cioas\resources\views\backend\pages\hotel-restaurant\forms\ownership.blade.php) {"userId":1,"exception":"[object] (Illuminate\\View\\ViewException(code: 0): Attempt to read property \"religion\" on array (View: D:\\laravel\\office\\cioas\\resources\\views\\backend\\pages\\hotel-restaurant\\forms\\ownership.blade.php) (View: D:\\laravel\\office\\cioas\\resources\\views\\backend\\pages\\hotel-restaurant\\forms\\ownership.blade.php) at D:/laravel/office/cioas/storage/framework/views/286d2f91dc3a0890649958bf3891e1c6.php:77)
[stacktrace]
#0 D:/laravel/office/cioas/vendor/laravel/framework/src/Illuminate/View/Engines/PhpEngine.php(60): Illuminate/View/Engines/CompilerEngine->handleViewException(Object(Illuminate/View/ViewException), 1)
#1 D:/laravel/office/cioas/vendor/laravel/framework/src/Illuminate/View/Engines/CompilerEngine.php(72): Illuminate/View/Engines/PhpEngine->evaluatePath('D://laravel//offi...', Array)
#2 D:/laravel/office/cioas/vendor/laravel/framework/src/Illuminate/View/View.php(207): Illuminate/View/Engines/CompilerEngine->get('D://laravel//offi...', Array)
#3 D:/laravel/office/cioas/vendor/laravel/framework/src/Illuminate/View/View.php(190): Illuminate/View/View->getContents()
#4 D:/laravel/office/cioas/vendor/laravel/framework/src/Illuminate/View/View.php(159): Illuminate/View/View->renderContents()
#5 D:/laravel/office/cioas/vendor/laravel/framework/src/Illuminate/Http/Response.php(69): Illuminate/View/View->render()
#6 D:/laravel/office/cioas/vendor/laravel/framework/src/Illuminate/Http/Response.php(35): Illuminate/Http/Response->setContent(Object(Illuminate/View/View))
#7 D:/laravel/office/cioas/vendor/laravel/framework/src/Illuminate/Routing/Router.php(918): Illuminate/Http/Response->__construct(Object(Illuminate/View/View), 200, Array)
#8 D:/laravel/office/cioas/vendor/laravel/framework/src/Illuminate/Routing/Router.php(885): Illuminate/Routing/Router::toResponse(Object(Illuminate/Http/Request), Object(Illuminate/View/View))
#9 D:/laravel/office/cioas/vendor/laravel/framework/src/Illuminate/Routing/Router.php(805): Illuminate/Routing/Router->prepareResponse(Object(Illuminate/Http/Request), Object(Illuminate/View/View))
#10 D:/laravel/office/cioas/vendor/laravel/framework/src/Illuminate/Pipeline/Pipeline.php(144): Illuminate/Routing/Router->Illuminate/Routing/{closure}(Object(Illuminate/Http/Request))
#11 D:/laravel/office/cioas/vendor/laravel/framework/src/Illuminate/Routing/Middleware/SubstituteBindings.php(50): Illuminate/Pipeline/Pipeline->Illuminate/Pipeline/{closure}(Object(Illuminate/Http/Request))
#12 D:/laravel/office/cioas/vendor/laravel/framework/src/Illuminate/Pipeline/Pipeline.php(183): Illuminate/Routing/Middleware/SubstituteBindings->handle(Object(Illuminate/Http/Request), Object(Closure))
#13 D:/laravel/office/cioas/vendor/laravel/framework/src/Illuminate/Auth/Middleware/Authenticate.php(57): Illuminate/Pipeline/Pipeline->Illuminate/Pipeline/{closure}(Object(Illuminate/Http/Request))
#14 D:/laravel/office/cioas/vendor/laravel/framework/src/Illuminate/Pipeline/Pipeline.php(183): Illuminate/Auth/Middleware/Authenticate->handle(Object(Illuminate/Http/Request), Object(Closure))
#15 D:/laravel/office/cioas/vendor/laravel/framework/src/Illuminate/Foundation/Http/Middleware/VerifyCsrfToken.php(78): Illuminate/Pipeline/Pipeline->Illuminate/Pipeline/{closure}(Object(Illuminate/Http/Request))
#16 D:/laravel/office/cioas/vendor/laravel/framework/src/Illuminate/Pipeline/Pipeline.php(183): Illuminate/Foundation/Http/Middleware/VerifyCsrfToken->handle(Object(Illuminate/Http/Request), Object(Closure))
#17 D:/laravel/office/cioas/vendor/laravel/framework/src/Illuminate/View/Middleware/ShareErrorsFromSession.php(49): Illuminate/Pipeline/Pipeline->Illuminate/Pipeline/{closure}(Object(Illuminate/Http/Request))
#18 D:/laravel/office/cioas/vendor/laravel/framework/src/Illuminate/Pipeline/Pipeline.php(183): Illuminate/View/Middleware/ShareErrorsFromSession->handle(Object(Illuminate/Http/Request), Object(Closure))
#19 D:/laravel/office/cioas/vendor/laravel/framework/src/Illuminate/Session/Middleware/StartSession.php(121): Illuminate/Pipeline/Pipeline->Illuminate/Pipeline/{closure}(Object(Illuminate/Http/Request))
#20 D:/laravel/office/cioas/vendor/laravel/framework/src/Illuminate/Session/Middleware/StartSession.php(64): Illuminate/Session/Middleware/StartSession->handleStatefulRequest(Object(Illuminate/Http/Request), Object(Illuminate/Session/Store), Object(Closure))
#21 D:/laravel/office/cioas/vendor/laravel/framework/src/Illuminate/Pipeline/Pipeline.php(183): Illuminate/Session/Middleware/StartSession->handle(Object(Illuminate/Http/Request), Object(Closure))
#22 D:/laravel/office/cioas/vendor/laravel/framework/src/Illuminate/Cookie/Middleware/AddQueuedCookiesToResponse.php(37): Illuminate/Pipeline/Pipeline->Illuminate/Pipeline/{closure}(Object(Illuminate/Http/Request))
#23 D:/laravel/office/cioas/vendor/laravel/framework/src/Illuminate/Pipeline/Pipeline.php(183): Illuminate/Cookie/Middleware/AddQueuedCookiesToResponse->handle(Object(Illuminate/Http/Request), Object(Closure))
#24 D:/laravel/office/cioas/vendor/laravel/framework/src/Illuminate/Cookie/Middleware/EncryptCookies.php(67): Illuminate/Pipeline/Pipeline->Illuminate/Pipeline/{closure}(Object(Illuminate/Http/Request))
#25 D:/laravel/office/cioas/vendor/laravel/framework/src/Illuminate/Pipeline/Pipeline.php(183): Illuminate/Cookie/Middleware/EncryptCookies->handle(Object(Illuminate/Http/Request), Object(Closure))
#26 D:/laravel/office/cioas/vendor/laravel/framework/src/Illuminate/Pipeline/Pipeline.php(119): Illuminate/Pipeline/Pipeline->Illuminate/Pipeline/{closure}(Object(Illuminate/Http/Request))
#27 D:/laravel/office/cioas/vendor/laravel/framework/src/Illuminate/Routing/Router.php(805): Illuminate/Pipeline/Pipeline->then(Object(Closure))
#28 D:/laravel/office/cioas/vendor/laravel/framework/src/Illuminate/Routing/Router.php(784): Illuminate/Routing/Router->runRouteWithinStack(Object(Illuminate/Routing/Route), Object(Illuminate/Http/Request))
#29 D:/laravel/office/cioas/vendor/laravel/framework/src/Illuminate/Routing/Router.php(748): Illuminate/Routing/Router->runRoute(Object(Illuminate/Http/Request), Object(Illuminate/Routing/Route))
#30 D:/laravel/office/cioas/vendor/laravel/framework/src/Illuminate/Routing/Router.php(737): Illuminate/Routing/Router->dispatchToRoute(Object(Illuminate/Http/Request))
#31 D:/laravel/office/cioas/vendor/laravel/framework/src/Illuminate/Foundation/Http/Kernel.php(200): Illuminate/Routing/Router->dispatch(Object(Illuminate/Http/Request))
#32 D:/laravel/office/cioas/vendor/laravel/framework/src/Illuminate/Pipeline/Pipeline.php(144): Illuminate/Foundation/Http/Kernel->Illuminate/Foundation/Http/{closure}(Object(Illuminate/Http/Request))
#33 D:/laravel/office/cioas/vendor/laravel/framework/src/Illuminate/Foundation/Http/Middleware/TransformsRequest.php(21): Illuminate/Pipeline/Pipeline->Illuminate/Pipeline/{closure}(Object(Illuminate/Http/Request))
#34 D:/laravel/office/cioas/vendor/laravel/framework/src/Illuminate/Foundation/Http/Middleware/ConvertEmptyStringsToNull.php(31): Illuminate/Foundation/Http/Middleware/TransformsRequest->handle(Object(Illuminate/Http/Request), Object(Closure))
#35 D:/laravel/office/cioas/vendor/laravel/framework/src/Illuminate/Pipeline/Pipeline.php(183): Illuminate/Foundation/Http/Middleware/ConvertEmptyStringsToNull->handle(Object(Illuminate/Http/Request), Object(Closure))
#36 D:/laravel/office/cioas/vendor/laravel/framework/src/Illuminate/Foundation/Http/Middleware/TransformsRequest.php(21): Illuminate/Pipeline/Pipeline->Illuminate/Pipeline/{closure}(Object(Illuminate/Http/Request))
#37 D:/laravel/office/cioas/vendor/laravel/framework/src/Illuminate/Foundation/Http/Middleware/TrimStrings.php(40): Illuminate/Foundation/Http/Middleware/TransformsRequest->handle(Object(Illuminate/Http/Request), Object(Closure))
#38 D:/laravel/office/cioas/vendor/laravel/framework/src/Illuminate/Pipeline/Pipeline.php(183): Illuminate/Foundation/Http/Middleware/TrimStrings->handle(Object(Illuminate/Http/Request), Object(Closure))
#39 D:/laravel/office/cioas/vendor/laravel/framework/src/Illuminate/Foundation/Http/Middleware/ValidatePostSize.php(27): Illuminate/Pipeline/Pipeline->Illuminate/Pipeline/{closure}(Object(Illuminate/Http/Request))
#40 D:/laravel/office/cioas/vendor/laravel/framework/src/Illuminate/Pipeline/Pipeline.php(183): Illuminate/Foundation/Http/Middleware/ValidatePostSize->handle(Object(Illuminate/Http/Request), Object(Closure))
#41 D:/laravel/office/cioas/vendor/laravel/framework/src/Illuminate/Foundation/Http/Middleware/PreventRequestsDuringMaintenance.php(99): Illuminate/Pipeline/Pipeline->Illuminate/Pipeline/{closure}(Object(Illuminate/Http/Request))
#42 D:/laravel/office/cioas/vendor/laravel/framework/src/Illuminate/Pipeline/Pipeline.php(183): Illuminate/Foundation/Http/Middleware/PreventRequestsDuringMaintenance->handle(Object(Illuminate/Http/Request), Object(Closure))
#43 D:/laravel/office/cioas/vendor/laravel/framework/src/Illuminate/Http/Middleware/TrustProxies.php(39): Illuminate/Pipeline/Pipeline->Illuminate/Pipeline/{closure}(Object(Illuminate/Http/Request))
#44 D:/laravel/office/cioas/vendor/laravel/framework/src/Illuminate/Pipeline/Pipeline.php(183): Illuminate/Http/Middleware/TrustProxies->handle(Object(Illuminate/Http/Request), Object(Closure))
#45 D:/laravel/office/cioas/vendor/laravel/framework/src/Illuminate/Pipeline/Pipeline.php(119): Illuminate/Pipeline/Pipeline->Illuminate/Pipeline/{closure}(Object(Illuminate/Http/Request))
#46 D:/laravel/office/cioas/vendor/laravel/framework/src/Illuminate/Foundation/Http/Kernel.php(175): Illuminate/Pipeline/Pipeline->then(Object(Closure))
#47 D:/laravel/office/cioas/vendor/laravel/framework/src/Illuminate/Foundation/Http/Kernel.php(144): Illuminate/Foundation/Http/Kernel->sendRequestThroughRouter(Object(Illuminate/Http/Request))
#48 D:/laravel/office/cioas/public/index.php(51): Illuminate/Foundation/Http/Kernel->handle(Object(Illuminate/Http/Request))
#49 D:/laravel/office/cioas/server.php(21): require_once('D://laravel//offi...')
#50 {main}

[previous exception] [object] (Illuminate\\View\\ViewException(code: 0): Attempt to read property \"religion\" on array (View: D:\\laravel\\office\\cioas\\resources\\views\\backend\\pages\\hotel-restaurant\\forms\\ownership.blade.php) at D:/laravel/office/cioas/storage/framework/views/286d2f91dc3a0890649958bf3891e1c6.php:77)
[stacktrace]
#0 D:/laravel/office/cioas/vendor/laravel/framework/src/Illuminate/View/Engines/PhpEngine.php(60): Illuminate/View/Engines/CompilerEngine->handleViewException(Object(ErrorException), 3)
#1 D:/laravel/office/cioas/vendor/laravel/framework/src/Illuminate/View/Engines/CompilerEngine.php(72): Illuminate/View/Engines/PhpEngine->evaluatePath('D://laravel//offi...', Array)
#2 D:/laravel/office/cioas/vendor/laravel/framework/src/Illuminate/View/View.php(207): Illuminate/View/Engines/CompilerEngine->get('D://laravel//offi...', Array)
#3 D:/laravel/office/cioas/vendor/laravel/framework/src/Illuminate/View/View.php(190): Illuminate/View/View->getContents()
#4 D:/laravel/office/cioas/vendor/laravel/framework/src/Illuminate/View/View.php(159): Illuminate/View/View->renderContents()
#5 D:/laravel/office/cioas/storage/framework/views/539cc100aa3120664a2ccbace1b73a54.php(60): Illuminate/View/View->render()
#6 D:/laravel/office/cioas/vendor/laravel/framework/src/Illuminate/Filesystem/Filesystem.php(123): require('D://laravel//offi...')
#7 D:/laravel/office/cioas/vendor/laravel/framework/src/Illuminate/Filesystem/Filesystem.php(124): Illuminate/Filesystem/Filesystem::Illuminate/Filesystem/{closure}()
#8 D:/laravel/office/cioas/vendor/laravel/framework/src/Illuminate/View/Engines/PhpEngine.php(58): Illuminate/Filesystem/Filesystem->getRequire('D://laravel//offi...', Array)
#9 D:/laravel/office/cioas/vendor/laravel/framework/src/Illuminate/View/Engines/CompilerEngine.php(72): Illuminate/View/Engines/PhpEngine->evaluatePath('D://laravel//offi...', Array)
#10 D:/laravel/office/cioas/vendor/laravel/framework/src/Illuminate/View/View.php(207): Illuminate/View/Engines/CompilerEngine->get('D://laravel//offi...', Array)
#11 D:/laravel/office/cioas/vendor/laravel/framework/src/Illuminate/View/View.php(190): Illuminate/View/View->getContents()
#12 D:/laravel/office/cioas/vendor/laravel/framework/src/Illuminate/View/View.php(159): Illuminate/View/View->renderContents()
#13 D:/laravel/office/cioas/vendor/laravel/framework/src/Illuminate/Http/Response.php(69): Illuminate/View/View->render()
#14 D:/laravel/office/cioas/vendor/laravel/framework/src/Illuminate/Http/Response.php(35): Illuminate/Http/Response->setContent(Object(Illuminate/View/View))
#15 D:/laravel/office/cioas/vendor/laravel/framework/src/Illuminate/Routing/Router.php(918): Illuminate/Http/Response->__construct(Object(Illuminate/View/View), 200, Array)
#16 D:/laravel/office/cioas/vendor/laravel/framework/src/Illuminate/Routing/Router.php(885): Illuminate/Routing/Router::toResponse(Object(Illuminate/Http/Request), Object(Illuminate/View/View))
#17 D:/laravel/office/cioas/vendor/laravel/framework/src/Illuminate/Routing/Router.php(805): Illuminate/Routing/Router->prepareResponse(Object(Illuminate/Http/Request), Object(Illuminate/View/View))
#18 D:/laravel/office/cioas/vendor/laravel/framework/src/Illuminate/Pipeline/Pipeline.php(144): Illuminate/Routing/Router->Illuminate/Routing/{closure}(Object(Illuminate/Http/Request))
#19 D:/laravel/office/cioas/vendor/laravel/framework/src/Illuminate/Routing/Middleware/SubstituteBindings.php(50): Illuminate/Pipeline/Pipeline->Illuminate/Pipeline/{closure}(Object(Illuminate/Http/Request))
#20 D:/laravel/office/cioas/vendor/laravel/framework/src/Illuminate/Pipeline/Pipeline.php(183): Illuminate/Routing/Middleware/SubstituteBindings->handle(Object(Illuminate/Http/Request), Object(Closure))
#21 D:/laravel/office/cioas/vendor/laravel/framework/src/Illuminate/Auth/Middleware/Authenticate.php(57): Illuminate/Pipeline/Pipeline->Illuminate/Pipeline/{closure}(Object(Illuminate/Http/Request))
#22 D:/laravel/office/cioas/vendor/laravel/framework/src/Illuminate/Pipeline/Pipeline.php(183): Illuminate/Auth/Middleware/Authenticate->handle(Object(Illuminate/Http/Request), Object(Closure))
#23 D:/laravel/office/cioas/vendor/laravel/framework/src/Illuminate/Foundation/Http/Middleware/VerifyCsrfToken.php(78): Illuminate/Pipeline/Pipeline->Illuminate/Pipeline/{closure}(Object(Illuminate/Http/Request))
#24 D:/laravel/office/cioas/vendor/laravel/framework/src/Illuminate/Pipeline/Pipeline.php(183): Illuminate/Foundation/Http/Middleware/VerifyCsrfToken->handle(Object(Illuminate/Http/Request), Object(Closure))
#25 D:/laravel/office/cioas/vendor/laravel/framework/src/Illuminate/View/Middleware/ShareErrorsFromSession.php(49): Illuminate/Pipeline/Pipeline->Illuminate/Pipeline/{closure}(Object(Illuminate/Http/Request))
#26 D:/laravel/office/cioas/vendor/laravel/framework/src/Illuminate/Pipeline/Pipeline.php(183): Illuminate/View/Middleware/ShareErrorsFromSession->handle(Object(Illuminate/Http/Request), Object(Closure))
#27 D:/laravel/office/cioas/vendor/laravel/framework/src/Illuminate/Session/Middleware/StartSession.php(121): Illuminate/Pipeline/Pipeline->Illuminate/Pipeline/{closure}(Object(Illuminate/Http/Request))
#28 D:/laravel/office/cioas/vendor/laravel/framework/src/Illuminate/Session/Middleware/StartSession.php(64): Illuminate/Session/Middleware/StartSession->handleStatefulRequest(Object(Illuminate/Http/Request), Object(Illuminate/Session/Store), Object(Closure))
#29 D:/laravel/office/cioas/vendor/laravel/framework/src/Illuminate/Pipeline/Pipeline.php(183): Illuminate/Session/Middleware/StartSession->handle(Object(Illuminate/Http/Request), Object(Closure))
#30 D:/laravel/office/cioas/vendor/laravel/framework/src/Illuminate/Cookie/Middleware/AddQueuedCookiesToResponse.php(37): Illuminate/Pipeline/Pipeline->Illuminate/Pipeline/{closure}(Object(Illuminate/Http/Request))
#31 D:/laravel/office/cioas/vendor/laravel/framework/src/Illuminate/Pipeline/Pipeline.php(183): Illuminate/Cookie/Middleware/AddQueuedCookiesToResponse->handle(Object(Illuminate/Http/Request), Object(Closure))
#32 D:/laravel/office/cioas/vendor/laravel/framework/src/Illuminate/Cookie/Middleware/EncryptCookies.php(67): Illuminate/Pipeline/Pipeline->Illuminate/Pipeline/{closure}(Object(Illuminate/Http/Request))
#33 D:/laravel/office/cioas/vendor/laravel/framework/src/Illuminate/Pipeline/Pipeline.php(183): Illuminate/Cookie/Middleware/EncryptCookies->handle(Object(Illuminate/Http/Request), Object(Closure))
#34 D:/laravel/office/cioas/vendor/laravel/framework/src/Illuminate/Pipeline/Pipeline.php(119): Illuminate/Pipeline/Pipeline->Illuminate/Pipeline/{closure}(Object(Illuminate/Http/Request))
#35 D:/laravel/office/cioas/vendor/laravel/framework/src/Illuminate/Routing/Router.php(805): Illuminate/Pipeline/Pipeline->then(Object(Closure))
#36 D:/laravel/office/cioas/vendor/laravel/framework/src/Illuminate/Routing/Router.php(784): Illuminate/Routing/Router->runRouteWithinStack(Object(Illuminate/Routing/Route), Object(Illuminate/Http/Request))
#37 D:/laravel/office/cioas/vendor/laravel/framework/src/Illuminate/Routing/Router.php(748): Illuminate/Routing/Router->runRoute(Object(Illuminate/Http/Request), Object(Illuminate/Routing/Route))
#38 D:/laravel/office/cioas/vendor/laravel/framework/src/Illuminate/Routing/Router.php(737): Illuminate/Routing/Router->dispatchToRoute(Object(Illuminate/Http/Request))
#39 D:/laravel/office/cioas/vendor/laravel/framework/src/Illuminate/Foundation/Http/Kernel.php(200): Illuminate/Routing/Router->dispatch(Object(Illuminate/Http/Request))
#40 D:/laravel/office/cioas/vendor/laravel/framework/src/Illuminate/Pipeline/Pipeline.php(144): Illuminate/Foundation/Http/Kernel->Illuminate/Foundation/Http/{closure}(Object(Illuminate/Http/Request))
#41 D:/laravel/office/cioas/vendor/laravel/framework/src/Illuminate/Foundation/Http/Middleware/TransformsRequest.php(21): Illuminate/Pipeline/Pipeline->Illuminate/Pipeline/{closure}(Object(Illuminate/Http/Request))
#42 D:/laravel/office/cioas/vendor/laravel/framework/src/Illuminate/Foundation/Http/Middleware/ConvertEmptyStringsToNull.php(31): Illuminate/Foundation/Http/Middleware/TransformsRequest->handle(Object(Illuminate/Http/Request), Object(Closure))
#43 D:/laravel/office/cioas/vendor/laravel/framework/src/Illuminate/Pipeline/Pipeline.php(183): Illuminate/Foundation/Http/Middleware/ConvertEmptyStringsToNull->handle(Object(Illuminate/Http/Request), Object(Closure))
#44 D:/laravel/office/cioas/vendor/laravel/framework/src/Illuminate/Foundation/Http/Middleware/TransformsRequest.php(21): Illuminate/Pipeline/Pipeline->Illuminate/Pipeline/{closure}(Object(Illuminate/Http/Request))
#45 D:/laravel/office/cioas/vendor/laravel/framework/src/Illuminate/Foundation/Http/Middleware/TrimStrings.php(40): Illuminate/Foundation/Http/Middleware/TransformsRequest->handle(Object(Illuminate/Http/Request), Object(Closure))
#46 D:/laravel/office/cioas/vendor/laravel/framework/src/Illuminate/Pipeline/Pipeline.php(183): Illuminate/Foundation/Http/Middleware/TrimStrings->handle(Object(Illuminate/Http/Request), Object(Closure))
#47 D:/laravel/office/cioas/vendor/laravel/framework/src/Illuminate/Foundation/Http/Middleware/ValidatePostSize.php(27): Illuminate/Pipeline/Pipeline->Illuminate/Pipeline/{closure}(Object(Illuminate/Http/Request))
#48 D:/laravel/office/cioas/vendor/laravel/framework/src/Illuminate/Pipeline/Pipeline.php(183): Illuminate/Foundation/Http/Middleware/ValidatePostSize->handle(Object(Illuminate/Http/Request), Object(Closure))
#49 D:/laravel/office/cioas/vendor/laravel/framework/src/Illuminate/Foundation/Http/Middleware/PreventRequestsDuringMaintenance.php(99): Illuminate/Pipeline/Pipeline->Illuminate/Pipeline/{closure}(Object(Illuminate/Http/Request))
#50 D:/laravel/office/cioas/vendor/laravel/framework/src/Illuminate/Pipeline/Pipeline.php(183): Illuminate/Foundation/Http/Middleware/PreventRequestsDuringMaintenance->handle(Object(Illuminate/Http/Request), Object(Closure))
#51 D:/laravel/office/cioas/vendor/laravel/framework/src/Illuminate/Http/Middleware/TrustProxies.php(39): Illuminate/Pipeline/Pipeline->Illuminate/Pipeline/{closure}(Object(Illuminate/Http/Request))
#52 D:/laravel/office/cioas/vendor/laravel/framework/src/Illuminate/Pipeline/Pipeline.php(183): Illuminate/Http/Middleware/TrustProxies->handle(Object(Illuminate/Http/Request), Object(Closure))
#53 D:/laravel/office/cioas/vendor/laravel/framework/src/Illuminate/Pipeline/Pipeline.php(119): Illuminate/Pipeline/Pipeline->Illuminate/Pipeline/{closure}(Object(Illuminate/Http/Request))
#54 D:/laravel/office/cioas/vendor/laravel/framework/src/Illuminate/Foundation/Http/Kernel.php(175): Illuminate/Pipeline/Pipeline->then(Object(Closure))
#55 D:/laravel/office/cioas/vendor/laravel/framework/src/Illuminate/Foundation/Http/Kernel.php(144): Illuminate/Foundation/Http/Kernel->sendRequestThroughRouter(Object(Illuminate/Http/Request))
#56 D:/laravel/office/cioas/public/index.php(51): Illuminate/Foundation/Http/Kernel->handle(Object(Illuminate/Http/Request))
#57 D:/laravel/office/cioas/server.php(21): require_once('D://laravel//offi...')
#58 {main}

[previous exception] [object] (ErrorException(code: 0): Attempt to read property \"religion\" on array at D:/laravel/office/cioas/storage/framework/views/286d2f91dc3a0890649958bf3891e1c6.php:77)
[stacktrace]
#0 D:/laravel/office/cioas/vendor/laravel/framework/src/Illuminate/Foundation/Bootstrap/HandleExceptions.php(255): Illuminate/Foundation/Bootstrap/HandleExceptions->handleError(2, 'Attempt to read...', 'D://laravel//offi...', 77)
#1 D:/laravel/office/cioas/storage/framework/views/286d2f91dc3a0890649958bf3891e1c6.php(77): Illuminate/Foundation/Bootstrap/HandleExceptions->Illuminate/Foundation/Bootstrap/{closure}(2, 'Attempt to read...', 'D://laravel//offi...', 77)
#2 D:/laravel/office/cioas/vendor/laravel/framework/src/Illuminate/Filesystem/Filesystem.php(123): require('D://laravel//offi...')
#3 D:/laravel/office/cioas/vendor/laravel/framework/src/Illuminate/Filesystem/Filesystem.php(124): Illuminate/Filesystem/Filesystem::Illuminate/Filesystem/{closure}()
#4 D:/laravel/office/cioas/vendor/laravel/framework/src/Illuminate/View/Engines/PhpEngine.php(58): Illuminate/Filesystem/Filesystem->getRequire('D://laravel//offi...', Array)
#5 D:/laravel/office/cioas/vendor/laravel/framework/src/Illuminate/View/Engines/CompilerEngine.php(72): Illuminate/View/Engines/PhpEngine->evaluatePath('D://laravel//offi...', Array)
#6 D:/laravel/office/cioas/vendor/laravel/framework/src/Illuminate/View/View.php(207): Illuminate/View/Engines/CompilerEngine->get('D://laravel//offi...', Array)
#7 D:/laravel/office/cioas/vendor/laravel/framework/src/Illuminate/View/View.php(190): Illuminate/View/View->getContents()
#8 D:/laravel/office/cioas/vendor/laravel/framework/src/Illuminate/View/View.php(159): Illuminate/View/View->renderContents()
#9 D:/laravel/office/cioas/storage/framework/views/539cc100aa3120664a2ccbace1b73a54.php(60): Illuminate/View/View->render()
#10 D:/laravel/office/cioas/vendor/laravel/framework/src/Illuminate/Filesystem/Filesystem.php(123): require('D://laravel//offi...')
#11 D:/laravel/office/cioas/vendor/laravel/framework/src/Illuminate/Filesystem/Filesystem.php(124): Illuminate/Filesystem/Filesystem::Illuminate/Filesystem/{closure}()
#12 D:/laravel/office/cioas/vendor/laravel/framework/src/Illuminate/View/Engines/PhpEngine.php(58): Illuminate/Filesystem/Filesystem->getRequire('D://laravel//offi...', Array)
#13 D:/laravel/office/cioas/vendor/laravel/framework/src/Illuminate/View/Engines/CompilerEngine.php(72): Illuminate/View/Engines/PhpEngine->evaluatePath('D://laravel//offi...', Array)
#14 D:/laravel/office/cioas/vendor/laravel/framework/src/Illuminate/View/View.php(207): Illuminate/View/Engines/CompilerEngine->get('D://laravel//offi...', Array)
#15 D:/laravel/office/cioas/vendor/laravel/framework/src/Illuminate/View/View.php(190): Illuminate/View/View->getContents()
#16 D:/laravel/office/cioas/vendor/laravel/framework/src/Illuminate/View/View.php(159): Illuminate/View/View->renderContents()
#17 D:/laravel/office/cioas/vendor/laravel/framework/src/Illuminate/Http/Response.php(69): Illuminate/View/View->render()
#18 D:/laravel/office/cioas/vendor/laravel/framework/src/Illuminate/Http/Response.php(35): Illuminate/Http/Response->setContent(Object(Illuminate/View/View))
#19 D:/laravel/office/cioas/vendor/laravel/framework/src/Illuminate/Routing/Router.php(918): Illuminate/Http/Response->__construct(Object(Illuminate/View/View), 200, Array)
#20 D:/laravel/office/cioas/vendor/laravel/framework/src/Illuminate/Routing/Router.php(885): Illuminate/Routing/Router::toResponse(Object(Illuminate/Http/Request), Object(Illuminate/View/View))
#21 D:/laravel/office/cioas/vendor/laravel/framework/src/Illuminate/Routing/Router.php(805): Illuminate/Routing/Router->prepareResponse(Object(Illuminate/Http/Request), Object(Illuminate/View/View))
#22 D:/laravel/office/cioas/vendor/laravel/framework/src/Illuminate/Pipeline/Pipeline.php(144): Illuminate/Routing/Router->Illuminate/Routing/{closure}(Object(Illuminate/Http/Request))
#23 D:/laravel/office/cioas/vendor/laravel/framework/src/Illuminate/Routing/Middleware/SubstituteBindings.php(50): Illuminate/Pipeline/Pipeline->Illuminate/Pipeline/{closure}(Object(Illuminate/Http/Request))
#24 D:/laravel/office/cioas/vendor/laravel/framework/src/Illuminate/Pipeline/Pipeline.php(183): Illuminate/Routing/Middleware/SubstituteBindings->handle(Object(Illuminate/Http/Request), Object(Closure))
#25 D:/laravel/office/cioas/vendor/laravel/framework/src/Illuminate/Auth/Middleware/Authenticate.php(57): Illuminate/Pipeline/Pipeline->Illuminate/Pipeline/{closure}(Object(Illuminate/Http/Request))
#26 D:/laravel/office/cioas/vendor/laravel/framework/src/Illuminate/Pipeline/Pipeline.php(183): Illuminate/Auth/Middleware/Authenticate->handle(Object(Illuminate/Http/Request), Object(Closure))
#27 D:/laravel/office/cioas/vendor/laravel/framework/src/Illuminate/Foundation/Http/Middleware/VerifyCsrfToken.php(78): Illuminate/Pipeline/Pipeline->Illuminate/Pipeline/{closure}(Object(Illuminate/Http/Request))
#28 D:/laravel/office/cioas/vendor/laravel/framework/src/Illuminate/Pipeline/Pipeline.php(183): Illuminate/Foundation/Http/Middleware/VerifyCsrfToken->handle(Object(Illuminate/Http/Request), Object(Closure))
#29 D:/laravel/office/cioas/vendor/laravel/framework/src/Illuminate/View/Middleware/ShareErrorsFromSession.php(49): Illuminate/Pipeline/Pipeline->Illuminate/Pipeline/{closure}(Object(Illuminate/Http/Request))
#30 D:/laravel/office/cioas/vendor/laravel/framework/src/Illuminate/Pipeline/Pipeline.php(183): Illuminate/View/Middleware/ShareErrorsFromSession->handle(Object(Illuminate/Http/Request), Object(Closure))
#31 D:/laravel/office/cioas/vendor/laravel/framework/src/Illuminate/Session/Middleware/StartSession.php(121): Illuminate/Pipeline/Pipeline->Illuminate/Pipeline/{closure}(Object(Illuminate/Http/Request))
#32 D:/laravel/office/cioas/vendor/laravel/framework/src/Illuminate/Session/Middleware/StartSession.php(64): Illuminate/Session/Middleware/StartSession->handleStatefulRequest(Object(Illuminate/Http/Request), Object(Illuminate/Session/Store), Object(Closure))
#33 D:/laravel/office/cioas/vendor/laravel/framework/src/Illuminate/Pipeline/Pipeline.php(183): Illuminate/Session/Middleware/StartSession->handle(Object(Illuminate/Http/Request), Object(Closure))
#34 D:/laravel/office/cioas/vendor/laravel/framework/src/Illuminate/Cookie/Middleware/AddQueuedCookiesToResponse.php(37): Illuminate/Pipeline/Pipeline->Illuminate/Pipeline/{closure}(Object(Illuminate/Http/Request))
#35 D:/laravel/office/cioas/vendor/laravel/framework/src/Illuminate/Pipeline/Pipeline.php(183): Illuminate/Cookie/Middleware/AddQueuedCookiesToResponse->handle(Object(Illuminate/Http/Request), Object(Closure))
#36 D:/laravel/office/cioas/vendor/laravel/framework/src/Illuminate/Cookie/Middleware/EncryptCookies.php(67): Illuminate/Pipeline/Pipeline->Illuminate/Pipeline/{closure}(Object(Illuminate/Http/Request))
#37 D:/laravel/office/cioas/vendor/laravel/framework/src/Illuminate/Pipeline/Pipeline.php(183): Illuminate/Cookie/Middleware/EncryptCookies->handle(Object(Illuminate/Http/Request), Object(Closure))
#38 D:/laravel/office/cioas/vendor/laravel/framework/src/Illuminate/Pipeline/Pipeline.php(119): Illuminate/Pipeline/Pipeline->Illuminate/Pipeline/{closure}(Object(Illuminate/Http/Request))
#39 D:/laravel/office/cioas/vendor/laravel/framework/src/Illuminate/Routing/Router.php(805): Illuminate/Pipeline/Pipeline->then(Object(Closure))
#40 D:/laravel/office/cioas/vendor/laravel/framework/src/Illuminate/Routing/Router.php(784): Illuminate/Routing/Router->runRouteWithinStack(Object(Illuminate/Routing/Route), Object(Illuminate/Http/Request))
#41 D:/laravel/office/cioas/vendor/laravel/framework/src/Illuminate/Routing/Router.php(748): Illuminate/Routing/Router->runRoute(Object(Illuminate/Http/Request), Object(Illuminate/Routing/Route))
#42 D:/laravel/office/cioas/vendor/laravel/framework/src/Illuminate/Routing/Router.php(737): Illuminate/Routing/Router->dispatchToRoute(Object(Illuminate/Http/Request))
#43 D:/laravel/office/cioas/vendor/laravel/framework/src/Illuminate/Foundation/Http/Kernel.php(200): Illuminate/Routing/Router->dispatch(Object(Illuminate/Http/Request))
#44 D:/laravel/office/cioas/vendor/laravel/framework/src/Illuminate/Pipeline/Pipeline.php(144): Illuminate/Foundation/Http/Kernel->Illuminate/Foundation/Http/{closure}(Object(Illuminate/Http/Request))
#45 D:/laravel/office/cioas/vendor/laravel/framework/src/Illuminate/Foundation/Http/Middleware/TransformsRequest.php(21): Illuminate/Pipeline/Pipeline->Illuminate/Pipeline/{closure}(Object(Illuminate/Http/Request))
#46 D:/laravel/office/cioas/vendor/laravel/framework/src/Illuminate/Foundation/Http/Middleware/ConvertEmptyStringsToNull.php(31): Illuminate/Foundation/Http/Middleware/TransformsRequest->handle(Object(Illuminate/Http/Request), Object(Closure))
#47 D:/laravel/office/cioas/vendor/laravel/framework/src/Illuminate/Pipeline/Pipeline.php(183): Illuminate/Foundation/Http/Middleware/ConvertEmptyStringsToNull->handle(Object(Illuminate/Http/Request), Object(Closure))
#48 D:/laravel/office/cioas/vendor/laravel/framework/src/Illuminate/Foundation/Http/Middleware/TransformsRequest.php(21): Illuminate/Pipeline/Pipeline->Illuminate/Pipeline/{closure}(Object(Illuminate/Http/Request))
#49 D:/laravel/office/cioas/vendor/laravel/framework/src/Illuminate/Foundation/Http/Middleware/TrimStrings.php(40): Illuminate/Foundation/Http/Middleware/TransformsRequest->handle(Object(Illuminate/Http/Request), Object(Closure))
#50 D:/laravel/office/cioas/vendor/laravel/framework/src/Illuminate/Pipeline/Pipeline.php(183): Illuminate/Foundation/Http/Middleware/TrimStrings->handle(Object(Illuminate/Http/Request), Object(Closure))
#51 D:/laravel/office/cioas/vendor/laravel/framework/src/Illuminate/Foundation/Http/Middleware/ValidatePostSize.php(27): Illuminate/Pipeline/Pipeline->Illuminate/Pipeline/{closure}(Object(Illuminate/Http/Request))
#52 D:/laravel/office/cioas/vendor/laravel/framework/src/Illuminate/Pipeline/Pipeline.php(183): Illuminate/Foundation/Http/Middleware/ValidatePostSize->handle(Object(Illuminate/Http/Request), Object(Closure))
#53 D:/laravel/office/cioas/vendor/laravel/framework/src/Illuminate/Foundation/Http/Middleware/PreventRequestsDuringMaintenance.php(99): Illuminate/Pipeline/Pipeline->Illuminate/Pipeline/{closure}(Object(Illuminate/Http/Request))
#54 D:/laravel/office/cioas/vendor/laravel/framework/src/Illuminate/Pipeline/Pipeline.php(183): Illuminate/Foundation/Http/Middleware/PreventRequestsDuringMaintenance->handle(Object(Illuminate/Http/Request), Object(Closure))
#55 D:/laravel/office/cioas/vendor/laravel/framework/src/Illuminate/Http/Middleware/TrustProxies.php(39): Illuminate/Pipeline/Pipeline->Illuminate/Pipeline/{closure}(Object(Illuminate/Http/Request))
#56 D:/laravel/office/cioas/vendor/laravel/framework/src/Illuminate/Pipeline/Pipeline.php(183): Illuminate/Http/Middleware/TrustProxies->handle(Object(Illuminate/Http/Request), Object(Closure))
#57 D:/laravel/office/cioas/vendor/laravel/framework/src/Illuminate/Pipeline/Pipeline.php(119): Illuminate/Pipeline/Pipeline->Illuminate/Pipeline/{closure}(Object(Illuminate/Http/Request))
#58 D:/laravel/office/cioas/vendor/laravel/framework/src/Illuminate/Foundation/Http/Kernel.php(175): Illuminate/Pipeline/Pipeline->then(Object(Closure))
#59 D:/laravel/office/cioas/vendor/laravel/framework/src/Illuminate/Foundation/Http/Kernel.php(144): Illuminate/Foundation/Http/Kernel->sendRequestThroughRouter(Object(Illuminate/Http/Request))
#60 D:/laravel/office/cioas/public/index.php(51): Illuminate/Foundation/Http/Kernel->handle(Object(Illuminate/Http/Request))
#61 D:/laravel/office/cioas/server.php(21): require_once('D://laravel//offi...')
#62 {main}
"} 
[2026-05-09 17:55:54] local.ERROR: Attempt to read property "mother_name" on array (View: D:\laravel\office\cioas\resources\views\backend\pages\hotel-restaurant\forms\ownership.blade.php) (View: D:\laravel\office\cioas\resources\views\backend\pages\hotel-restaurant\forms\ownership.blade.php) {"userId":1,"exception":"[object] (Illuminate\\View\\ViewException(code: 0): Attempt to read property \"mother_name\" on array (View: D:\\laravel\\office\\cioas\\resources\\views\\backend\\pages\\hotel-restaurant\\forms\\ownership.blade.php) (View: D:\\laravel\\office\\cioas\\resources\\views\\backend\\pages\\hotel-restaurant\\forms\\ownership.blade.php) at D:/laravel/office/cioas/storage/framework/views/286d2f91dc3a0890649958bf3891e1c6.php:148)
[stacktrace]
#0 D:/laravel/office/cioas/vendor/laravel/framework/src/Illuminate/View/Engines/PhpEngine.php(60): Illuminate/View/Engines/CompilerEngine->handleViewException(Object(Illuminate/View/ViewException), 1)
#1 D:/laravel/office/cioas/vendor/laravel/framework/src/Illuminate/View/Engines/CompilerEngine.php(72): Illuminate/View/Engines/PhpEngine->evaluatePath('D://laravel//offi...', Array)
#2 D:/laravel/office/cioas/vendor/laravel/framework/src/Illuminate/View/View.php(207): Illuminate/View/Engines/CompilerEngine->get('D://laravel//offi...', Array)
#3 D:/laravel/office/cioas/vendor/laravel/framework/src/Illuminate/View/View.php(190): Illuminate/View/View->getContents()
#4 D:/laravel/office/cioas/vendor/laravel/framework/src/Illuminate/View/View.php(159): Illuminate/View/View->renderContents()
#5 D:/laravel/office/cioas/vendor/laravel/framework/src/Illuminate/Http/Response.php(69): Illuminate/View/View->render()
#6 D:/laravel/office/cioas/vendor/laravel/framework/src/Illuminate/Http/Response.php(35): Illuminate/Http/Response->setContent(Object(Illuminate/View/View))
#7 D:/laravel/office/cioas/vendor/laravel/framework/src/Illuminate/Routing/Router.php(918): Illuminate/Http/Response->__construct(Object(Illuminate/View/View), 200, Array)
#8 D:/laravel/office/cioas/vendor/laravel/framework/src/Illuminate/Routing/Router.php(885): Illuminate/Routing/Router::toResponse(Object(Illuminate/Http/Request), Object(Illuminate/View/View))
#9 D:/laravel/office/cioas/vendor/laravel/framework/src/Illuminate/Routing/Router.php(805): Illuminate/Routing/Router->prepareResponse(Object(Illuminate/Http/Request), Object(Illuminate/View/View))
#10 D:/laravel/office/cioas/vendor/laravel/framework/src/Illuminate/Pipeline/Pipeline.php(144): Illuminate/Routing/Router->Illuminate/Routing/{closure}(Object(Illuminate/Http/Request))
#11 D:/laravel/office/cioas/vendor/laravel/framework/src/Illuminate/Routing/Middleware/SubstituteBindings.php(50): Illuminate/Pipeline/Pipeline->Illuminate/Pipeline/{closure}(Object(Illuminate/Http/Request))
#12 D:/laravel/office/cioas/vendor/laravel/framework/src/Illuminate/Pipeline/Pipeline.php(183): Illuminate/Routing/Middleware/SubstituteBindings->handle(Object(Illuminate/Http/Request), Object(Closure))
#13 D:/laravel/office/cioas/vendor/laravel/framework/src/Illuminate/Auth/Middleware/Authenticate.php(57): Illuminate/Pipeline/Pipeline->Illuminate/Pipeline/{closure}(Object(Illuminate/Http/Request))
#14 D:/laravel/office/cioas/vendor/laravel/framework/src/Illuminate/Pipeline/Pipeline.php(183): Illuminate/Auth/Middleware/Authenticate->handle(Object(Illuminate/Http/Request), Object(Closure))
#15 D:/laravel/office/cioas/vendor/laravel/framework/src/Illuminate/Foundation/Http/Middleware/VerifyCsrfToken.php(78): Illuminate/Pipeline/Pipeline->Illuminate/Pipeline/{closure}(Object(Illuminate/Http/Request))
#16 D:/laravel/office/cioas/vendor/laravel/framework/src/Illuminate/Pipeline/Pipeline.php(183): Illuminate/Foundation/Http/Middleware/VerifyCsrfToken->handle(Object(Illuminate/Http/Request), Object(Closure))
#17 D:/laravel/office/cioas/vendor/laravel/framework/src/Illuminate/View/Middleware/ShareErrorsFromSession.php(49): Illuminate/Pipeline/Pipeline->Illuminate/Pipeline/{closure}(Object(Illuminate/Http/Request))
#18 D:/laravel/office/cioas/vendor/laravel/framework/src/Illuminate/Pipeline/Pipeline.php(183): Illuminate/View/Middleware/ShareErrorsFromSession->handle(Object(Illuminate/Http/Request), Object(Closure))
#19 D:/laravel/office/cioas/vendor/laravel/framework/src/Illuminate/Session/Middleware/StartSession.php(121): Illuminate/Pipeline/Pipeline->Illuminate/Pipeline/{closure}(Object(Illuminate/Http/Request))
#20 D:/laravel/office/cioas/vendor/laravel/framework/src/Illuminate/Session/Middleware/StartSession.php(64): Illuminate/Session/Middleware/StartSession->handleStatefulRequest(Object(Illuminate/Http/Request), Object(Illuminate/Session/Store), Object(Closure))
#21 D:/laravel/office/cioas/vendor/laravel/framework/src/Illuminate/Pipeline/Pipeline.php(183): Illuminate/Session/Middleware/StartSession->handle(Object(Illuminate/Http/Request), Object(Closure))
#22 D:/laravel/office/cioas/vendor/laravel/framework/src/Illuminate/Cookie/Middleware/AddQueuedCookiesToResponse.php(37): Illuminate/Pipeline/Pipeline->Illuminate/Pipeline/{closure}(Object(Illuminate/Http/Request))
#23 D:/laravel/office/cioas/vendor/laravel/framework/src/Illuminate/Pipeline/Pipeline.php(183): Illuminate/Cookie/Middleware/AddQueuedCookiesToResponse->handle(Object(Illuminate/Http/Request), Object(Closure))
#24 D:/laravel/office/cioas/vendor/laravel/framework/src/Illuminate/Cookie/Middleware/EncryptCookies.php(67): Illuminate/Pipeline/Pipeline->Illuminate/Pipeline/{closure}(Object(Illuminate/Http/Request))
#25 D:/laravel/office/cioas/vendor/laravel/framework/src/Illuminate/Pipeline/Pipeline.php(183): Illuminate/Cookie/Middleware/EncryptCookies->handle(Object(Illuminate/Http/Request), Object(Closure))
#26 D:/laravel/office/cioas/vendor/laravel/framework/src/Illuminate/Pipeline/Pipeline.php(119): Illuminate/Pipeline/Pipeline->Illuminate/Pipeline/{closure}(Object(Illuminate/Http/Request))
#27 D:/laravel/office/cioas/vendor/laravel/framework/src/Illuminate/Routing/Router.php(805): Illuminate/Pipeline/Pipeline->then(Object(Closure))
#28 D:/laravel/office/cioas/vendor/laravel/framework/src/Illuminate/Routing/Router.php(784): Illuminate/Routing/Router->runRouteWithinStack(Object(Illuminate/Routing/Route), Object(Illuminate/Http/Request))
#29 D:/laravel/office/cioas/vendor/laravel/framework/src/Illuminate/Routing/Router.php(748): Illuminate/Routing/Router->runRoute(Object(Illuminate/Http/Request), Object(Illuminate/Routing/Route))
#30 D:/laravel/office/cioas/vendor/laravel/framework/src/Illuminate/Routing/Router.php(737): Illuminate/Routing/Router->dispatchToRoute(Object(Illuminate/Http/Request))
#31 D:/laravel/office/cioas/vendor/laravel/framework/src/Illuminate/Foundation/Http/Kernel.php(200): Illuminate/Routing/Router->dispatch(Object(Illuminate/Http/Request))
#32 D:/laravel/office/cioas/vendor/laravel/framework/src/Illuminate/Pipeline/Pipeline.php(144): Illuminate/Foundation/Http/Kernel->Illuminate/Foundation/Http/{closure}(Object(Illuminate/Http/Request))
#33 D:/laravel/office/cioas/vendor/laravel/framework/src/Illuminate/Foundation/Http/Middleware/TransformsRequest.php(21): Illuminate/Pipeline/Pipeline->Illuminate/Pipeline/{closure}(Object(Illuminate/Http/Request))
#34 D:/laravel/office/cioas/vendor/laravel/framework/src/Illuminate/Foundation/Http/Middleware/ConvertEmptyStringsToNull.php(31): Illuminate/Foundation/Http/Middleware/TransformsRequest->handle(Object(Illuminate/Http/Request), Object(Closure))
#35 D:/laravel/office/cioas/vendor/laravel/framework/src/Illuminate/Pipeline/Pipeline.php(183): Illuminate/Foundation/Http/Middleware/ConvertEmptyStringsToNull->handle(Object(Illuminate/Http/Request), Object(Closure))
#36 D:/laravel/office/cioas/vendor/laravel/framework/src/Illuminate/Foundation/Http/Middleware/TransformsRequest.php(21): Illuminate/Pipeline/Pipeline->Illuminate/Pipeline/{closure}(Object(Illuminate/Http/Request))
#37 D:/laravel/office/cioas/vendor/laravel/framework/src/Illuminate/Foundation/Http/Middleware/TrimStrings.php(40): Illuminate/Foundation/Http/Middleware/TransformsRequest->handle(Object(Illuminate/Http/Request), Object(Closure))
#38 D:/laravel/office/cioas/vendor/laravel/framework/src/Illuminate/Pipeline/Pipeline.php(183): Illuminate/Foundation/Http/Middleware/TrimStrings->handle(Object(Illuminate/Http/Request), Object(Closure))
#39 D:/laravel/office/cioas/vendor/laravel/framework/src/Illuminate/Foundation/Http/Middleware/ValidatePostSize.php(27): Illuminate/Pipeline/Pipeline->Illuminate/Pipeline/{closure}(Object(Illuminate/Http/Request))
#40 D:/laravel/office/cioas/vendor/laravel/framework/src/Illuminate/Pipeline/Pipeline.php(183): Illuminate/Foundation/Http/Middleware/ValidatePostSize->handle(Object(Illuminate/Http/Request), Object(Closure))
#41 D:/laravel/office/cioas/vendor/laravel/framework/src/Illuminate/Foundation/Http/Middleware/PreventRequestsDuringMaintenance.php(99): Illuminate/Pipeline/Pipeline->Illuminate/Pipeline/{closure}(Object(Illuminate/Http/Request))
#42 D:/laravel/office/cioas/vendor/laravel/framework/src/Illuminate/Pipeline/Pipeline.php(183): Illuminate/Foundation/Http/Middleware/PreventRequestsDuringMaintenance->handle(Object(Illuminate/Http/Request), Object(Closure))
#43 D:/laravel/office/cioas/vendor/laravel/framework/src/Illuminate/Http/Middleware/TrustProxies.php(39): Illuminate/Pipeline/Pipeline->Illuminate/Pipeline/{closure}(Object(Illuminate/Http/Request))
#44 D:/laravel/office/cioas/vendor/laravel/framework/src/Illuminate/Pipeline/Pipeline.php(183): Illuminate/Http/Middleware/TrustProxies->handle(Object(Illuminate/Http/Request), Object(Closure))
#45 D:/laravel/office/cioas/vendor/laravel/framework/src/Illuminate/Pipeline/Pipeline.php(119): Illuminate/Pipeline/Pipeline->Illuminate/Pipeline/{closure}(Object(Illuminate/Http/Request))
#46 D:/laravel/office/cioas/vendor/laravel/framework/src/Illuminate/Foundation/Http/Kernel.php(175): Illuminate/Pipeline/Pipeline->then(Object(Closure))
#47 D:/laravel/office/cioas/vendor/laravel/framework/src/Illuminate/Foundation/Http/Kernel.php(144): Illuminate/Foundation/Http/Kernel->sendRequestThroughRouter(Object(Illuminate/Http/Request))
#48 D:/laravel/office/cioas/public/index.php(51): Illuminate/Foundation/Http/Kernel->handle(Object(Illuminate/Http/Request))
#49 D:/laravel/office/cioas/server.php(21): require_once('D://laravel//offi...')
#50 {main}

[previous exception] [object] (Illuminate\\View\\ViewException(code: 0): Attempt to read property \"mother_name\" on array (View: D:\\laravel\\office\\cioas\\resources\\views\\backend\\pages\\hotel-restaurant\\forms\\ownership.blade.php) at D:/laravel/office/cioas/storage/framework/views/286d2f91dc3a0890649958bf3891e1c6.php:148)
[stacktrace]
#0 D:/laravel/office/cioas/vendor/laravel/framework/src/Illuminate/View/Engines/PhpEngine.php(60): Illuminate/View/Engines/CompilerEngine->handleViewException(Object(ErrorException), 3)
#1 D:/laravel/office/cioas/vendor/laravel/framework/src/Illuminate/View/Engines/CompilerEngine.php(72): Illuminate/View/Engines/PhpEngine->evaluatePath('D://laravel//offi...', Array)
#2 D:/laravel/office/cioas/vendor/laravel/framework/src/Illuminate/View/View.php(207): Illuminate/View/Engines/CompilerEngine->get('D://laravel//offi...', Array)
#3 D:/laravel/office/cioas/vendor/laravel/framework/src/Illuminate/View/View.php(190): Illuminate/View/View->getContents()
#4 D:/laravel/office/cioas/vendor/laravel/framework/src/Illuminate/View/View.php(159): Illuminate/View/View->renderContents()
#5 D:/laravel/office/cioas/storage/framework/views/539cc100aa3120664a2ccbace1b73a54.php(60): Illuminate/View/View->render()
#6 D:/laravel/office/cioas/vendor/laravel/framework/src/Illuminate/Filesystem/Filesystem.php(123): require('D://laravel//offi...')
#7 D:/laravel/office/cioas/vendor/laravel/framework/src/Illuminate/Filesystem/Filesystem.php(124): Illuminate/Filesystem/Filesystem::Illuminate/Filesystem/{closure}()
#8 D:/laravel/office/cioas/vendor/laravel/framework/src/Illuminate/View/Engines/PhpEngine.php(58): Illuminate/Filesystem/Filesystem->getRequire('D://laravel//offi...', Array)
#9 D:/laravel/office/cioas/vendor/laravel/framework/src/Illuminate/View/Engines/CompilerEngine.php(72): Illuminate/View/Engines/PhpEngine->evaluatePath('D://laravel//offi...', Array)
#10 D:/laravel/office/cioas/vendor/laravel/framework/src/Illuminate/View/View.php(207): Illuminate/View/Engines/CompilerEngine->get('D://laravel//offi...', Array)
#11 D:/laravel/office/cioas/vendor/laravel/framework/src/Illuminate/View/View.php(190): Illuminate/View/View->getContents()
#12 D:/laravel/office/cioas/vendor/laravel/framework/src/Illuminate/View/View.php(159): Illuminate/View/View->renderContents()
#13 D:/laravel/office/cioas/vendor/laravel/framework/src/Illuminate/Http/Response.php(69): Illuminate/View/View->render()
#14 D:/laravel/office/cioas/vendor/laravel/framework/src/Illuminate/Http/Response.php(35): Illuminate/Http/Response->setContent(Object(Illuminate/View/View))
#15 D:/laravel/office/cioas/vendor/laravel/framework/src/Illuminate/Routing/Router.php(918): Illuminate/Http/Response->__construct(Object(Illuminate/View/View), 200, Array)
#16 D:/laravel/office/cioas/vendor/laravel/framework/src/Illuminate/Routing/Router.php(885): Illuminate/Routing/Router::toResponse(Object(Illuminate/Http/Request), Object(Illuminate/View/View))
#17 D:/laravel/office/cioas/vendor/laravel/framework/src/Illuminate/Routing/Router.php(805): Illuminate/Routing/Router->prepareResponse(Object(Illuminate/Http/Request), Object(Illuminate/View/View))
#18 D:/laravel/office/cioas/vendor/laravel/framework/src/Illuminate/Pipeline/Pipeline.php(144): Illuminate/Routing/Router->Illuminate/Routing/{closure}(Object(Illuminate/Http/Request))
#19 D:/laravel/office/cioas/vendor/laravel/framework/src/Illuminate/Routing/Middleware/SubstituteBindings.php(50): Illuminate/Pipeline/Pipeline->Illuminate/Pipeline/{closure}(Object(Illuminate/Http/Request))
#20 D:/laravel/office/cioas/vendor/laravel/framework/src/Illuminate/Pipeline/Pipeline.php(183): Illuminate/Routing/Middleware/SubstituteBindings->handle(Object(Illuminate/Http/Request), Object(Closure))
#21 D:/laravel/office/cioas/vendor/laravel/framework/src/Illuminate/Auth/Middleware/Authenticate.php(57): Illuminate/Pipeline/Pipeline->Illuminate/Pipeline/{closure}(Object(Illuminate/Http/Request))
#22 D:/laravel/office/cioas/vendor/laravel/framework/src/Illuminate/Pipeline/Pipeline.php(183): Illuminate/Auth/Middleware/Authenticate->handle(Object(Illuminate/Http/Request), Object(Closure))
#23 D:/laravel/office/cioas/vendor/laravel/framework/src/Illuminate/Foundation/Http/Middleware/VerifyCsrfToken.php(78): Illuminate/Pipeline/Pipeline->Illuminate/Pipeline/{closure}(Object(Illuminate/Http/Request))
#24 D:/laravel/office/cioas/vendor/laravel/framework/src/Illuminate/Pipeline/Pipeline.php(183): Illuminate/Foundation/Http/Middleware/VerifyCsrfToken->handle(Object(Illuminate/Http/Request), Object(Closure))
#25 D:/laravel/office/cioas/vendor/laravel/framework/src/Illuminate/View/Middleware/ShareErrorsFromSession.php(49): Illuminate/Pipeline/Pipeline->Illuminate/Pipeline/{closure}(Object(Illuminate/Http/Request))
#26 D:/laravel/office/cioas/vendor/laravel/framework/src/Illuminate/Pipeline/Pipeline.php(183): Illuminate/View/Middleware/ShareErrorsFromSession->handle(Object(Illuminate/Http/Request), Object(Closure))
#27 D:/laravel/office/cioas/vendor/laravel/framework/src/Illuminate/Session/Middleware/StartSession.php(121): Illuminate/Pipeline/Pipeline->Illuminate/Pipeline/{closure}(Object(Illuminate/Http/Request))
#28 D:/laravel/office/cioas/vendor/laravel/framework/src/Illuminate/Session/Middleware/StartSession.php(64): Illuminate/Session/Middleware/StartSession->handleStatefulRequest(Object(Illuminate/Http/Request), Object(Illuminate/Session/Store), Object(Closure))
#29 D:/laravel/office/cioas/vendor/laravel/framework/src/Illuminate/Pipeline/Pipeline.php(183): Illuminate/Session/Middleware/StartSession->handle(Object(Illuminate/Http/Request), Object(Closure))
#30 D:/laravel/office/cioas/vendor/laravel/framework/src/Illuminate/Cookie/Middleware/AddQueuedCookiesToResponse.php(37): Illuminate/Pipeline/Pipeline->Illuminate/Pipeline/{closure}(Object(Illuminate/Http/Request))
#31 D:/laravel/office/cioas/vendor/laravel/framework/src/Illuminate/Pipeline/Pipeline.php(183): Illuminate/Cookie/Middleware/AddQueuedCookiesToResponse->handle(Object(Illuminate/Http/Request), Object(Closure))
#32 D:/laravel/office/cioas/vendor/laravel/framework/src/Illuminate/Cookie/Middleware/EncryptCookies.php(67): Illuminate/Pipeline/Pipeline->Illuminate/Pipeline/{closure}(Object(Illuminate/Http/Request))
#33 D:/laravel/office/cioas/vendor/laravel/framework/src/Illuminate/Pipeline/Pipeline.php(183): Illuminate/Cookie/Middleware/EncryptCookies->handle(Object(Illuminate/Http/Request), Object(Closure))
#34 D:/laravel/office/cioas/vendor/laravel/framework/src/Illuminate/Pipeline/Pipeline.php(119): Illuminate/Pipeline/Pipeline->Illuminate/Pipeline/{closure}(Object(Illuminate/Http/Request))
#35 D:/laravel/office/cioas/vendor/laravel/framework/src/Illuminate/Routing/Router.php(805): Illuminate/Pipeline/Pipeline->then(Object(Closure))
#36 D:/laravel/office/cioas/vendor/laravel/framework/src/Illuminate/Routing/Router.php(784): Illuminate/Routing/Router->runRouteWithinStack(Object(Illuminate/Routing/Route), Object(Illuminate/Http/Request))
#37 D:/laravel/office/cioas/vendor/laravel/framework/src/Illuminate/Routing/Router.php(748): Illuminate/Routing/Router->runRoute(Object(Illuminate/Http/Request), Object(Illuminate/Routing/Route))
#38 D:/laravel/office/cioas/vendor/laravel/framework/src/Illuminate/Routing/Router.php(737): Illuminate/Routing/Router->dispatchToRoute(Object(Illuminate/Http/Request))
#39 D:/laravel/office/cioas/vendor/laravel/framework/src/Illuminate/Foundation/Http/Kernel.php(200): Illuminate/Routing/Router->dispatch(Object(Illuminate/Http/Request))
#40 D:/laravel/office/cioas/vendor/laravel/framework/src/Illuminate/Pipeline/Pipeline.php(144): Illuminate/Foundation/Http/Kernel->Illuminate/Foundation/Http/{closure}(Object(Illuminate/Http/Request))
#41 D:/laravel/office/cioas/vendor/laravel/framework/src/Illuminate/Foundation/Http/Middleware/TransformsRequest.php(21): Illuminate/Pipeline/Pipeline->Illuminate/Pipeline/{closure}(Object(Illuminate/Http/Request))
#42 D:/laravel/office/cioas/vendor/laravel/framework/src/Illuminate/Foundation/Http/Middleware/ConvertEmptyStringsToNull.php(31): Illuminate/Foundation/Http/Middleware/TransformsRequest->handle(Object(Illuminate/Http/Request), Object(Closure))
#43 D:/laravel/office/cioas/vendor/laravel/framework/src/Illuminate/Pipeline/Pipeline.php(183): Illuminate/Foundation/Http/Middleware/ConvertEmptyStringsToNull->handle(Object(Illuminate/Http/Request), Object(Closure))
#44 D:/laravel/office/cioas/vendor/laravel/framework/src/Illuminate/Foundation/Http/Middleware/TransformsRequest.php(21): Illuminate/Pipeline/Pipeline->Illuminate/Pipeline/{closure}(Object(Illuminate/Http/Request))
#45 D:/laravel/office/cioas/vendor/laravel/framework/src/Illuminate/Foundation/Http/Middleware/TrimStrings.php(40): Illuminate/Foundation/Http/Middleware/TransformsRequest->handle(Object(Illuminate/Http/Request), Object(Closure))
#46 D:/laravel/office/cioas/vendor/laravel/framework/src/Illuminate/Pipeline/Pipeline.php(183): Illuminate/Foundation/Http/Middleware/TrimStrings->handle(Object(Illuminate/Http/Request), Object(Closure))
#47 D:/laravel/office/cioas/vendor/laravel/framework/src/Illuminate/Foundation/Http/Middleware/ValidatePostSize.php(27): Illuminate/Pipeline/Pipeline->Illuminate/Pipeline/{closure}(Object(Illuminate/Http/Request))
#48 D:/laravel/office/cioas/vendor/laravel/framework/src/Illuminate/Pipeline/Pipeline.php(183): Illuminate/Foundation/Http/Middleware/ValidatePostSize->handle(Object(Illuminate/Http/Request), Object(Closure))
#49 D:/laravel/office/cioas/vendor/laravel/framework/src/Illuminate/Foundation/Http/Middleware/PreventRequestsDuringMaintenance.php(99): Illuminate/Pipeline/Pipeline->Illuminate/Pipeline/{closure}(Object(Illuminate/Http/Request))
#50 D:/laravel/office/cioas/vendor/laravel/framework/src/Illuminate/Pipeline/Pipeline.php(183): Illuminate/Foundation/Http/Middleware/PreventRequestsDuringMaintenance->handle(Object(Illuminate/Http/Request), Object(Closure))
#51 D:/laravel/office/cioas/vendor/laravel/framework/src/Illuminate/Http/Middleware/TrustProxies.php(39): Illuminate/Pipeline/Pipeline->Illuminate/Pipeline/{closure}(Object(Illuminate/Http/Request))
#52 D:/laravel/office/cioas/vendor/laravel/framework/src/Illuminate/Pipeline/Pipeline.php(183): Illuminate/Http/Middleware/TrustProxies->handle(Object(Illuminate/Http/Request), Object(Closure))
#53 D:/laravel/office/cioas/vendor/laravel/framework/src/Illuminate/Pipeline/Pipeline.php(119): Illuminate/Pipeline/Pipeline->Illuminate/Pipeline/{closure}(Object(Illuminate/Http/Request))
#54 D:/laravel/office/cioas/vendor/laravel/framework/src/Illuminate/Foundation/Http/Kernel.php(175): Illuminate/Pipeline/Pipeline->then(Object(Closure))
#55 D:/laravel/office/cioas/vendor/laravel/framework/src/Illuminate/Foundation/Http/Kernel.php(144): Illuminate/Foundation/Http/Kernel->sendRequestThroughRouter(Object(Illuminate/Http/Request))
#56 D:/laravel/office/cioas/public/index.php(51): Illuminate/Foundation/Http/Kernel->handle(Object(Illuminate/Http/Request))
#57 D:/laravel/office/cioas/server.php(21): require_once('D://laravel//offi...')
#58 {main}

[previous exception] [object] (ErrorException(code: 0): Attempt to read property \"mother_name\" on array at D:/laravel/office/cioas/storage/framework/views/286d2f91dc3a0890649958bf3891e1c6.php:148)
[stacktrace]
#0 D:/laravel/office/cioas/vendor/laravel/framework/src/Illuminate/Foundation/Bootstrap/HandleExceptions.php(255): Illuminate/Foundation/Bootstrap/HandleExceptions->handleError(2, 'Attempt to read...', 'D://laravel//offi...', 148)
#1 D:/laravel/office/cioas/storage/framework/views/286d2f91dc3a0890649958bf3891e1c6.php(148): Illuminate/Foundation/Bootstrap/HandleExceptions->Illuminate/Foundation/Bootstrap/{closure}(2, 'Attempt to read...', 'D://laravel//offi...', 148)
#2 D:/laravel/office/cioas/vendor/laravel/framework/src/Illuminate/Filesystem/Filesystem.php(123): require('D://laravel//offi...')
#3 D:/laravel/office/cioas/vendor/laravel/framework/src/Illuminate/Filesystem/Filesystem.php(124): Illuminate/Filesystem/Filesystem::Illuminate/Filesystem/{closure}()
#4 D:/laravel/office/cioas/vendor/laravel/framework/src/Illuminate/View/Engines/PhpEngine.php(58): Illuminate/Filesystem/Filesystem->getRequire('D://laravel//offi...', Array)
#5 D:/laravel/office/cioas/vendor/laravel/framework/src/Illuminate/View/Engines/CompilerEngine.php(72): Illuminate/View/Engines/PhpEngine->evaluatePath('D://laravel//offi...', Array)
#6 D:/laravel/office/cioas/vendor/laravel/framework/src/Illuminate/View/View.php(207): Illuminate/View/Engines/CompilerEngine->get('D://laravel//offi...', Array)
#7 D:/laravel/office/cioas/vendor/laravel/framework/src/Illuminate/View/View.php(190): Illuminate/View/View->getContents()
#8 D:/laravel/office/cioas/vendor/laravel/framework/src/Illuminate/View/View.php(159): Illuminate/View/View->renderContents()
#9 D:/laravel/office/cioas/storage/framework/views/539cc100aa3120664a2ccbace1b73a54.php(60): Illuminate/View/View->render()
#10 D:/laravel/office/cioas/vendor/laravel/framework/src/Illuminate/Filesystem/Filesystem.php(123): require('D://laravel//offi...')
#11 D:/laravel/office/cioas/vendor/laravel/framework/src/Illuminate/Filesystem/Filesystem.php(124): Illuminate/Filesystem/Filesystem::Illuminate/Filesystem/{closure}()
#12 D:/laravel/office/cioas/vendor/laravel/framework/src/Illuminate/View/Engines/PhpEngine.php(58): Illuminate/Filesystem/Filesystem->getRequire('D://laravel//offi...', Array)
#13 D:/laravel/office/cioas/vendor/laravel/framework/src/Illuminate/View/Engines/CompilerEngine.php(72): Illuminate/View/Engines/PhpEngine->evaluatePath('D://laravel//offi...', Array)
#14 D:/laravel/office/cioas/vendor/laravel/framework/src/Illuminate/View/View.php(207): Illuminate/View/Engines/CompilerEngine->get('D://laravel//offi...', Array)
#15 D:/laravel/office/cioas/vendor/laravel/framework/src/Illuminate/View/View.php(190): Illuminate/View/View->getContents()
#16 D:/laravel/office/cioas/vendor/laravel/framework/src/Illuminate/View/View.php(159): Illuminate/View/View->renderContents()
#17 D:/laravel/office/cioas/vendor/laravel/framework/src/Illuminate/Http/Response.php(69): Illuminate/View/View->render()
#18 D:/laravel/office/cioas/vendor/laravel/framework/src/Illuminate/Http/Response.php(35): Illuminate/Http/Response->setContent(Object(Illuminate/View/View))
#19 D:/laravel/office/cioas/vendor/laravel/framework/src/Illuminate/Routing/Router.php(918): Illuminate/Http/Response->__construct(Object(Illuminate/View/View), 200, Array)
#20 D:/laravel/office/cioas/vendor/laravel/framework/src/Illuminate/Routing/Router.php(885): Illuminate/Routing/Router::toResponse(Object(Illuminate/Http/Request), Object(Illuminate/View/View))
#21 D:/laravel/office/cioas/vendor/laravel/framework/src/Illuminate/Routing/Router.php(805): Illuminate/Routing/Router->prepareResponse(Object(Illuminate/Http/Request), Object(Illuminate/View/View))
#22 D:/laravel/office/cioas/vendor/laravel/framework/src/Illuminate/Pipeline/Pipeline.php(144): Illuminate/Routing/Router->Illuminate/Routing/{closure}(Object(Illuminate/Http/Request))
#23 D:/laravel/office/cioas/vendor/laravel/framework/src/Illuminate/Routing/Middleware/SubstituteBindings.php(50): Illuminate/Pipeline/Pipeline->Illuminate/Pipeline/{closure}(Object(Illuminate/Http/Request))
#24 D:/laravel/office/cioas/vendor/laravel/framework/src/Illuminate/Pipeline/Pipeline.php(183): Illuminate/Routing/Middleware/SubstituteBindings->handle(Object(Illuminate/Http/Request), Object(Closure))
#25 D:/laravel/office/cioas/vendor/laravel/framework/src/Illuminate/Auth/Middleware/Authenticate.php(57): Illuminate/Pipeline/Pipeline->Illuminate/Pipeline/{closure}(Object(Illuminate/Http/Request))
#26 D:/laravel/office/cioas/vendor/laravel/framework/src/Illuminate/Pipeline/Pipeline.php(183): Illuminate/Auth/Middleware/Authenticate->handle(Object(Illuminate/Http/Request), Object(Closure))
#27 D:/laravel/office/cioas/vendor/laravel/framework/src/Illuminate/Foundation/Http/Middleware/VerifyCsrfToken.php(78): Illuminate/Pipeline/Pipeline->Illuminate/Pipeline/{closure}(Object(Illuminate/Http/Request))
#28 D:/laravel/office/cioas/vendor/laravel/framework/src/Illuminate/Pipeline/Pipeline.php(183): Illuminate/Foundation/Http/Middleware/VerifyCsrfToken->handle(Object(Illuminate/Http/Request), Object(Closure))
#29 D:/laravel/office/cioas/vendor/laravel/framework/src/Illuminate/View/Middleware/ShareErrorsFromSession.php(49): Illuminate/Pipeline/Pipeline->Illuminate/Pipeline/{closure}(Object(Illuminate/Http/Request))
#30 D:/laravel/office/cioas/vendor/laravel/framework/src/Illuminate/Pipeline/Pipeline.php(183): Illuminate/View/Middleware/ShareErrorsFromSession->handle(Object(Illuminate/Http/Request), Object(Closure))
#31 D:/laravel/office/cioas/vendor/laravel/framework/src/Illuminate/Session/Middleware/StartSession.php(121): Illuminate/Pipeline/Pipeline->Illuminate/Pipeline/{closure}(Object(Illuminate/Http/Request))
#32 D:/laravel/office/cioas/vendor/laravel/framework/src/Illuminate/Session/Middleware/StartSession.php(64): Illuminate/Session/Middleware/StartSession->handleStatefulRequest(Object(Illuminate/Http/Request), Object(Illuminate/Session/Store), Object(Closure))
#33 D:/laravel/office/cioas/vendor/laravel/framework/src/Illuminate/Pipeline/Pipeline.php(183): Illuminate/Session/Middleware/StartSession->handle(Object(Illuminate/Http/Request), Object(Closure))
#34 D:/laravel/office/cioas/vendor/laravel/framework/src/Illuminate/Cookie/Middleware/AddQueuedCookiesToResponse.php(37): Illuminate/Pipeline/Pipeline->Illuminate/Pipeline/{closure}(Object(Illuminate/Http/Request))
#35 D:/laravel/office/cioas/vendor/laravel/framework/src/Illuminate/Pipeline/Pipeline.php(183): Illuminate/Cookie/Middleware/AddQueuedCookiesToResponse->handle(Object(Illuminate/Http/Request), Object(Closure))
#36 D:/laravel/office/cioas/vendor/laravel/framework/src/Illuminate/Cookie/Middleware/EncryptCookies.php(67): Illuminate/Pipeline/Pipeline->Illuminate/Pipeline/{closure}(Object(Illuminate/Http/Request))
#37 D:/laravel/office/cioas/vendor/laravel/framework/src/Illuminate/Pipeline/Pipeline.php(183): Illuminate/Cookie/Middleware/EncryptCookies->handle(Object(Illuminate/Http/Request), Object(Closure))
#38 D:/laravel/office/cioas/vendor/laravel/framework/src/Illuminate/Pipeline/Pipeline.php(119): Illuminate/Pipeline/Pipeline->Illuminate/Pipeline/{closure}(Object(Illuminate/Http/Request))
#39 D:/laravel/office/cioas/vendor/laravel/framework/src/Illuminate/Routing/Router.php(805): Illuminate/Pipeline/Pipeline->then(Object(Closure))
#40 D:/laravel/office/cioas/vendor/laravel/framework/src/Illuminate/Routing/Router.php(784): Illuminate/Routing/Router->runRouteWithinStack(Object(Illuminate/Routing/Route), Object(Illuminate/Http/Request))
#41 D:/laravel/office/cioas/vendor/laravel/framework/src/Illuminate/Routing/Router.php(748): Illuminate/Routing/Router->runRoute(Object(Illuminate/Http/Request), Object(Illuminate/Routing/Route))
#42 D:/laravel/office/cioas/vendor/laravel/framework/src/Illuminate/Routing/Router.php(737): Illuminate/Routing/Router->dispatchToRoute(Object(Illuminate/Http/Request))
#43 D:/laravel/office/cioas/vendor/laravel/framework/src/Illuminate/Foundation/Http/Kernel.php(200): Illuminate/Routing/Router->dispatch(Object(Illuminate/Http/Request))
#44 D:/laravel/office/cioas/vendor/laravel/framework/src/Illuminate/Pipeline/Pipeline.php(144): Illuminate/Foundation/Http/Kernel->Illuminate/Foundation/Http/{closure}(Object(Illuminate/Http/Request))
#45 D:/laravel/office/cioas/vendor/laravel/framework/src/Illuminate/Foundation/Http/Middleware/TransformsRequest.php(21): Illuminate/Pipeline/Pipeline->Illuminate/Pipeline/{closure}(Object(Illuminate/Http/Request))
#46 D:/laravel/office/cioas/vendor/laravel/framework/src/Illuminate/Foundation/Http/Middleware/ConvertEmptyStringsToNull.php(31): Illuminate/Foundation/Http/Middleware/TransformsRequest->handle(Object(Illuminate/Http/Request), Object(Closure))
#47 D:/laravel/office/cioas/vendor/laravel/framework/src/Illuminate/Pipeline/Pipeline.php(183): Illuminate/Foundation/Http/Middleware/ConvertEmptyStringsToNull->handle(Object(Illuminate/Http/Request), Object(Closure))
#48 D:/laravel/office/cioas/vendor/laravel/framework/src/Illuminate/Foundation/Http/Middleware/TransformsRequest.php(21): Illuminate/Pipeline/Pipeline->Illuminate/Pipeline/{closure}(Object(Illuminate/Http/Request))
#49 D:/laravel/office/cioas/vendor/laravel/framework/src/Illuminate/Foundation/Http/Middleware/TrimStrings.php(40): Illuminate/Foundation/Http/Middleware/TransformsRequest->handle(Object(Illuminate/Http/Request), Object(Closure))
#50 D:/laravel/office/cioas/vendor/laravel/framework/src/Illuminate/Pipeline/Pipeline.php(183): Illuminate/Foundation/Http/Middleware/TrimStrings->handle(Object(Illuminate/Http/Request), Object(Closure))
#51 D:/laravel/office/cioas/vendor/laravel/framework/src/Illuminate/Foundation/Http/Middleware/ValidatePostSize.php(27): Illuminate/Pipeline/Pipeline->Illuminate/Pipeline/{closure}(Object(Illuminate/Http/Request))
#52 D:/laravel/office/cioas/vendor/laravel/framework/src/Illuminate/Pipeline/Pipeline.php(183): Illuminate/Foundation/Http/Middleware/ValidatePostSize->handle(Object(Illuminate/Http/Request), Object(Closure))
#53 D:/laravel/office/cioas/vendor/laravel/framework/src/Illuminate/Foundation/Http/Middleware/PreventRequestsDuringMaintenance.php(99): Illuminate/Pipeline/Pipeline->Illuminate/Pipeline/{closure}(Object(Illuminate/Http/Request))
#54 D:/laravel/office/cioas/vendor/laravel/framework/src/Illuminate/Pipeline/Pipeline.php(183): Illuminate/Foundation/Http/Middleware/PreventRequestsDuringMaintenance->handle(Object(Illuminate/Http/Request), Object(Closure))
#55 D:/laravel/office/cioas/vendor/laravel/framework/src/Illuminate/Http/Middleware/TrustProxies.php(39): Illuminate/Pipeline/Pipeline->Illuminate/Pipeline/{closure}(Object(Illuminate/Http/Request))
#56 D:/laravel/office/cioas/vendor/laravel/framework/src/Illuminate/Pipeline/Pipeline.php(183): Illuminate/Http/Middleware/TrustProxies->handle(Object(Illuminate/Http/Request), Object(Closure))
#57 D:/laravel/office/cioas/vendor/laravel/framework/src/Illuminate/Pipeline/Pipeline.php(119): Illuminate/Pipeline/Pipeline->Illuminate/Pipeline/{closure}(Object(Illuminate/Http/Request))
#58 D:/laravel/office/cioas/vendor/laravel/framework/src/Illuminate/Foundation/Http/Kernel.php(175): Illuminate/Pipeline/Pipeline->then(Object(Closure))
#59 D:/laravel/office/cioas/vendor/laravel/framework/src/Illuminate/Foundation/Http/Kernel.php(144): Illuminate/Foundation/Http/Kernel->sendRequestThroughRouter(Object(Illuminate/Http/Request))
#60 D:/laravel/office/cioas/public/index.php(51): Illuminate/Foundation/Http/Kernel->handle(Object(Illuminate/Http/Request))
#61 D:/laravel/office/cioas/server.php(21): require_once('D://laravel//offi...')
#62 {main}
"} 
[2026-05-09 17:55:55] local.ERROR: Attempt to read property "mother_name" on array (View: D:\laravel\office\cioas\resources\views\backend\pages\hotel-restaurant\forms\ownership.blade.php) (View: D:\laravel\office\cioas\resources\views\backend\pages\hotel-restaurant\forms\ownership.blade.php) {"userId":1,"exception":"[object] (Illuminate\\View\\ViewException(code: 0): Attempt to read property \"mother_name\" on array (View: D:\\laravel\\office\\cioas\\resources\\views\\backend\\pages\\hotel-restaurant\\forms\\ownership.blade.php) (View: D:\\laravel\\office\\cioas\\resources\\views\\backend\\pages\\hotel-restaurant\\forms\\ownership.blade.php) at D:/laravel/office/cioas/storage/framework/views/286d2f91dc3a0890649958bf3891e1c6.php:148)
[stacktrace]
#0 D:/laravel/office/cioas/vendor/laravel/framework/src/Illuminate/View/Engines/PhpEngine.php(60): Illuminate/View/Engines/CompilerEngine->handleViewException(Object(Illuminate/View/ViewException), 1)
#1 D:/laravel/office/cioas/vendor/laravel/framework/src/Illuminate/View/Engines/CompilerEngine.php(72): Illuminate/View/Engines/PhpEngine->evaluatePath('D://laravel//offi...', Array)
#2 D:/laravel/office/cioas/vendor/laravel/framework/src/Illuminate/View/View.php(207): Illuminate/View/Engines/CompilerEngine->get('D://laravel//offi...', Array)
#3 D:/laravel/office/cioas/vendor/laravel/framework/src/Illuminate/View/View.php(190): Illuminate/View/View->getContents()
#4 D:/laravel/office/cioas/vendor/laravel/framework/src/Illuminate/View/View.php(159): Illuminate/View/View->renderContents()
#5 D:/laravel/office/cioas/vendor/laravel/framework/src/Illuminate/Http/Response.php(69): Illuminate/View/View->render()
#6 D:/laravel/office/cioas/vendor/laravel/framework/src/Illuminate/Http/Response.php(35): Illuminate/Http/Response->setContent(Object(Illuminate/View/View))
#7 D:/laravel/office/cioas/vendor/laravel/framework/src/Illuminate/Routing/Router.php(918): Illuminate/Http/Response->__construct(Object(Illuminate/View/View), 200, Array)
#8 D:/laravel/office/cioas/vendor/laravel/framework/src/Illuminate/Routing/Router.php(885): Illuminate/Routing/Router::toResponse(Object(Illuminate/Http/Request), Object(Illuminate/View/View))
#9 D:/laravel/office/cioas/vendor/laravel/framework/src/Illuminate/Routing/Router.php(805): Illuminate/Routing/Router->prepareResponse(Object(Illuminate/Http/Request), Object(Illuminate/View/View))
#10 D:/laravel/office/cioas/vendor/laravel/framework/src/Illuminate/Pipeline/Pipeline.php(144): Illuminate/Routing/Router->Illuminate/Routing/{closure}(Object(Illuminate/Http/Request))
#11 D:/laravel/office/cioas/vendor/laravel/framework/src/Illuminate/Routing/Middleware/SubstituteBindings.php(50): Illuminate/Pipeline/Pipeline->Illuminate/Pipeline/{closure}(Object(Illuminate/Http/Request))
#12 D:/laravel/office/cioas/vendor/laravel/framework/src/Illuminate/Pipeline/Pipeline.php(183): Illuminate/Routing/Middleware/SubstituteBindings->handle(Object(Illuminate/Http/Request), Object(Closure))
#13 D:/laravel/office/cioas/vendor/laravel/framework/src/Illuminate/Auth/Middleware/Authenticate.php(57): Illuminate/Pipeline/Pipeline->Illuminate/Pipeline/{closure}(Object(Illuminate/Http/Request))
#14 D:/laravel/office/cioas/vendor/laravel/framework/src/Illuminate/Pipeline/Pipeline.php(183): Illuminate/Auth/Middleware/Authenticate->handle(Object(Illuminate/Http/Request), Object(Closure))
#15 D:/laravel/office/cioas/vendor/laravel/framework/src/Illuminate/Foundation/Http/Middleware/VerifyCsrfToken.php(78): Illuminate/Pipeline/Pipeline->Illuminate/Pipeline/{closure}(Object(Illuminate/Http/Request))
#16 D:/laravel/office/cioas/vendor/laravel/framework/src/Illuminate/Pipeline/Pipeline.php(183): Illuminate/Foundation/Http/Middleware/VerifyCsrfToken->handle(Object(Illuminate/Http/Request), Object(Closure))
#17 D:/laravel/office/cioas/vendor/laravel/framework/src/Illuminate/View/Middleware/ShareErrorsFromSession.php(49): Illuminate/Pipeline/Pipeline->Illuminate/Pipeline/{closure}(Object(Illuminate/Http/Request))
#18 D:/laravel/office/cioas/vendor/laravel/framework/src/Illuminate/Pipeline/Pipeline.php(183): Illuminate/View/Middleware/ShareErrorsFromSession->handle(Object(Illuminate/Http/Request), Object(Closure))
#19 D:/laravel/office/cioas/vendor/laravel/framework/src/Illuminate/Session/Middleware/StartSession.php(121): Illuminate/Pipeline/Pipeline->Illuminate/Pipeline/{closure}(Object(Illuminate/Http/Request))
#20 D:/laravel/office/cioas/vendor/laravel/framework/src/Illuminate/Session/Middleware/StartSession.php(64): Illuminate/Session/Middleware/StartSession->handleStatefulRequest(Object(Illuminate/Http/Request), Object(Illuminate/Session/Store), Object(Closure))
#21 D:/laravel/office/cioas/vendor/laravel/framework/src/Illuminate/Pipeline/Pipeline.php(183): Illuminate/Session/Middleware/StartSession->handle(Object(Illuminate/Http/Request), Object(Closure))
#22 D:/laravel/office/cioas/vendor/laravel/framework/src/Illuminate/Cookie/Middleware/AddQueuedCookiesToResponse.php(37): Illuminate/Pipeline/Pipeline->Illuminate/Pipeline/{closure}(Object(Illuminate/Http/Request))
#23 D:/laravel/office/cioas/vendor/laravel/framework/src/Illuminate/Pipeline/Pipeline.php(183): Illuminate/Cookie/Middleware/AddQueuedCookiesToResponse->handle(Object(Illuminate/Http/Request), Object(Closure))
#24 D:/laravel/office/cioas/vendor/laravel/framework/src/Illuminate/Cookie/Middleware/EncryptCookies.php(67): Illuminate/Pipeline/Pipeline->Illuminate/Pipeline/{closure}(Object(Illuminate/Http/Request))
#25 D:/laravel/office/cioas/vendor/laravel/framework/src/Illuminate/Pipeline/Pipeline.php(183): Illuminate/Cookie/Middleware/EncryptCookies->handle(Object(Illuminate/Http/Request), Object(Closure))
#26 D:/laravel/office/cioas/vendor/laravel/framework/src/Illuminate/Pipeline/Pipeline.php(119): Illuminate/Pipeline/Pipeline->Illuminate/Pipeline/{closure}(Object(Illuminate/Http/Request))
#27 D:/laravel/office/cioas/vendor/laravel/framework/src/Illuminate/Routing/Router.php(805): Illuminate/Pipeline/Pipeline->then(Object(Closure))
#28 D:/laravel/office/cioas/vendor/laravel/framework/src/Illuminate/Routing/Router.php(784): Illuminate/Routing/Router->runRouteWithinStack(Object(Illuminate/Routing/Route), Object(Illuminate/Http/Request))
#29 D:/laravel/office/cioas/vendor/laravel/framework/src/Illuminate/Routing/Router.php(748): Illuminate/Routing/Router->runRoute(Object(Illuminate/Http/Request), Object(Illuminate/Routing/Route))
#30 D:/laravel/office/cioas/vendor/laravel/framework/src/Illuminate/Routing/Router.php(737): Illuminate/Routing/Router->dispatchToRoute(Object(Illuminate/Http/Request))
#31 D:/laravel/office/cioas/vendor/laravel/framework/src/Illuminate/Foundation/Http/Kernel.php(200): Illuminate/Routing/Router->dispatch(Object(Illuminate/Http/Request))
#32 D:/laravel/office/cioas/vendor/laravel/framework/src/Illuminate/Pipeline/Pipeline.php(144): Illuminate/Foundation/Http/Kernel->Illuminate/Foundation/Http/{closure}(Object(Illuminate/Http/Request))
#33 D:/laravel/office/cioas/vendor/laravel/framework/src/Illuminate/Foundation/Http/Middleware/TransformsRequest.php(21): Illuminate/Pipeline/Pipeline->Illuminate/Pipeline/{closure}(Object(Illuminate/Http/Request))
#34 D:/laravel/office/cioas/vendor/laravel/framework/src/Illuminate/Foundation/Http/Middleware/ConvertEmptyStringsToNull.php(31): Illuminate/Foundation/Http/Middleware/TransformsRequest->handle(Object(Illuminate/Http/Request), Object(Closure))
#35 D:/laravel/office/cioas/vendor/laravel/framework/src/Illuminate/Pipeline/Pipeline.php(183): Illuminate/Foundation/Http/Middleware/ConvertEmptyStringsToNull->handle(Object(Illuminate/Http/Request), Object(Closure))
#36 D:/laravel/office/cioas/vendor/laravel/framework/src/Illuminate/Foundation/Http/Middleware/TransformsRequest.php(21): Illuminate/Pipeline/Pipeline->Illuminate/Pipeline/{closure}(Object(Illuminate/Http/Request))
#37 D:/laravel/office/cioas/vendor/laravel/framework/src/Illuminate/Foundation/Http/Middleware/TrimStrings.php(40): Illuminate/Foundation/Http/Middleware/TransformsRequest->handle(Object(Illuminate/Http/Request), Object(Closure))
#38 D:/laravel/office/cioas/vendor/laravel/framework/src/Illuminate/Pipeline/Pipeline.php(183): Illuminate/Foundation/Http/Middleware/TrimStrings->handle(Object(Illuminate/Http/Request), Object(Closure))
#39 D:/laravel/office/cioas/vendor/laravel/framework/src/Illuminate/Foundation/Http/Middleware/ValidatePostSize.php(27): Illuminate/Pipeline/Pipeline->Illuminate/Pipeline/{closure}(Object(Illuminate/Http/Request))
#40 D:/laravel/office/cioas/vendor/laravel/framework/src/Illuminate/Pipeline/Pipeline.php(183): Illuminate/Foundation/Http/Middleware/ValidatePostSize->handle(Object(Illuminate/Http/Request), Object(Closure))
#41 D:/laravel/office/cioas/vendor/laravel/framework/src/Illuminate/Foundation/Http/Middleware/PreventRequestsDuringMaintenance.php(99): Illuminate/Pipeline/Pipeline->Illuminate/Pipeline/{closure}(Object(Illuminate/Http/Request))
#42 D:/laravel/office/cioas/vendor/laravel/framework/src/Illuminate/Pipeline/Pipeline.php(183): Illuminate/Foundation/Http/Middleware/PreventRequestsDuringMaintenance->handle(Object(Illuminate/Http/Request), Object(Closure))
#43 D:/laravel/office/cioas/vendor/laravel/framework/src/Illuminate/Http/Middleware/TrustProxies.php(39): Illuminate/Pipeline/Pipeline->Illuminate/Pipeline/{closure}(Object(Illuminate/Http/Request))
#44 D:/laravel/office/cioas/vendor/laravel/framework/src/Illuminate/Pipeline/Pipeline.php(183): Illuminate/Http/Middleware/TrustProxies->handle(Object(Illuminate/Http/Request), Object(Closure))
#45 D:/laravel/office/cioas/vendor/laravel/framework/src/Illuminate/Pipeline/Pipeline.php(119): Illuminate/Pipeline/Pipeline->Illuminate/Pipeline/{closure}(Object(Illuminate/Http/Request))
#46 D:/laravel/office/cioas/vendor/laravel/framework/src/Illuminate/Foundation/Http/Kernel.php(175): Illuminate/Pipeline/Pipeline->then(Object(Closure))
#47 D:/laravel/office/cioas/vendor/laravel/framework/src/Illuminate/Foundation/Http/Kernel.php(144): Illuminate/Foundation/Http/Kernel->sendRequestThroughRouter(Object(Illuminate/Http/Request))
#48 D:/laravel/office/cioas/public/index.php(51): Illuminate/Foundation/Http/Kernel->handle(Object(Illuminate/Http/Request))
#49 D:/laravel/office/cioas/server.php(21): require_once('D://laravel//offi...')
#50 {main}

[previous exception] [object] (Illuminate\\View\\ViewException(code: 0): Attempt to read property \"mother_name\" on array (View: D:\\laravel\\office\\cioas\\resources\\views\\backend\\pages\\hotel-restaurant\\forms\\ownership.blade.php) at D:/laravel/office/cioas/storage/framework/views/286d2f91dc3a0890649958bf3891e1c6.php:148)
[stacktrace]
#0 D:/laravel/office/cioas/vendor/laravel/framework/src/Illuminate/View/Engines/PhpEngine.php(60): Illuminate/View/Engines/CompilerEngine->handleViewException(Object(ErrorException), 3)
#1 D:/laravel/office/cioas/vendor/laravel/framework/src/Illuminate/View/Engines/CompilerEngine.php(72): Illuminate/View/Engines/PhpEngine->evaluatePath('D://laravel//offi...', Array)
#2 D:/laravel/office/cioas/vendor/laravel/framework/src/Illuminate/View/View.php(207): Illuminate/View/Engines/CompilerEngine->get('D://laravel//offi...', Array)
#3 D:/laravel/office/cioas/vendor/laravel/framework/src/Illuminate/View/View.php(190): Illuminate/View/View->getContents()
#4 D:/laravel/office/cioas/vendor/laravel/framework/src/Illuminate/View/View.php(159): Illuminate/View/View->renderContents()
#5 D:/laravel/office/cioas/storage/framework/views/539cc100aa3120664a2ccbace1b73a54.php(60): Illuminate/View/View->render()
#6 D:/laravel/office/cioas/vendor/laravel/framework/src/Illuminate/Filesystem/Filesystem.php(123): require('D://laravel//offi...')
#7 D:/laravel/office/cioas/vendor/laravel/framework/src/Illuminate/Filesystem/Filesystem.php(124): Illuminate/Filesystem/Filesystem::Illuminate/Filesystem/{closure}()
#8 D:/laravel/office/cioas/vendor/laravel/framework/src/Illuminate/View/Engines/PhpEngine.php(58): Illuminate/Filesystem/Filesystem->getRequire('D://laravel//offi...', Array)
#9 D:/laravel/office/cioas/vendor/laravel/framework/src/Illuminate/View/Engines/CompilerEngine.php(72): Illuminate/View/Engines/PhpEngine->evaluatePath('D://laravel//offi...', Array)
#10 D:/laravel/office/cioas/vendor/laravel/framework/src/Illuminate/View/View.php(207): Illuminate/View/Engines/CompilerEngine->get('D://laravel//offi...', Array)
#11 D:/laravel/office/cioas/vendor/laravel/framework/src/Illuminate/View/View.php(190): Illuminate/View/View->getContents()
#12 D:/laravel/office/cioas/vendor/laravel/framework/src/Illuminate/View/View.php(159): Illuminate/View/View->renderContents()
#13 D:/laravel/office/cioas/vendor/laravel/framework/src/Illuminate/Http/Response.php(69): Illuminate/View/View->render()
#14 D:/laravel/office/cioas/vendor/laravel/framework/src/Illuminate/Http/Response.php(35): Illuminate/Http/Response->setContent(Object(Illuminate/View/View))
#15 D:/laravel/office/cioas/vendor/laravel/framework/src/Illuminate/Routing/Router.php(918): Illuminate/Http/Response->__construct(Object(Illuminate/View/View), 200, Array)
#16 D:/laravel/office/cioas/vendor/laravel/framework/src/Illuminate/Routing/Router.php(885): Illuminate/Routing/Router::toResponse(Object(Illuminate/Http/Request), Object(Illuminate/View/View))
#17 D:/laravel/office/cioas/vendor/laravel/framework/src/Illuminate/Routing/Router.php(805): Illuminate/Routing/Router->prepareResponse(Object(Illuminate/Http/Request), Object(Illuminate/View/View))
#18 D:/laravel/office/cioas/vendor/laravel/framework/src/Illuminate/Pipeline/Pipeline.php(144): Illuminate/Routing/Router->Illuminate/Routing/{closure}(Object(Illuminate/Http/Request))
#19 D:/laravel/office/cioas/vendor/laravel/framework/src/Illuminate/Routing/Middleware/SubstituteBindings.php(50): Illuminate/Pipeline/Pipeline->Illuminate/Pipeline/{closure}(Object(Illuminate/Http/Request))
#20 D:/laravel/office/cioas/vendor/laravel/framework/src/Illuminate/Pipeline/Pipeline.php(183): Illuminate/Routing/Middleware/SubstituteBindings->handle(Object(Illuminate/Http/Request), Object(Closure))
#21 D:/laravel/office/cioas/vendor/laravel/framework/src/Illuminate/Auth/Middleware/Authenticate.php(57): Illuminate/Pipeline/Pipeline->Illuminate/Pipeline/{closure}(Object(Illuminate/Http/Request))
#22 D:/laravel/office/cioas/vendor/laravel/framework/src/Illuminate/Pipeline/Pipeline.php(183): Illuminate/Auth/Middleware/Authenticate->handle(Object(Illuminate/Http/Request), Object(Closure))
#23 D:/laravel/office/cioas/vendor/laravel/framework/src/Illuminate/Foundation/Http/Middleware/VerifyCsrfToken.php(78): Illuminate/Pipeline/Pipeline->Illuminate/Pipeline/{closure}(Object(Illuminate/Http/Request))
#24 D:/laravel/office/cioas/vendor/laravel/framework/src/Illuminate/Pipeline/Pipeline.php(183): Illuminate/Foundation/Http/Middleware/VerifyCsrfToken->handle(Object(Illuminate/Http/Request), Object(Closure))
#25 D:/laravel/office/cioas/vendor/laravel/framework/src/Illuminate/View/Middleware/ShareErrorsFromSession.php(49): Illuminate/Pipeline/Pipeline->Illuminate/Pipeline/{closure}(Object(Illuminate/Http/Request))
#26 D:/laravel/office/cioas/vendor/laravel/framework/src/Illuminate/Pipeline/Pipeline.php(183): Illuminate/View/Middleware/ShareErrorsFromSession->handle(Object(Illuminate/Http/Request), Object(Closure))
#27 D:/laravel/office/cioas/vendor/laravel/framework/src/Illuminate/Session/Middleware/StartSession.php(121): Illuminate/Pipeline/Pipeline->Illuminate/Pipeline/{closure}(Object(Illuminate/Http/Request))
#28 D:/laravel/office/cioas/vendor/laravel/framework/src/Illuminate/Session/Middleware/StartSession.php(64): Illuminate/Session/Middleware/StartSession->handleStatefulRequest(Object(Illuminate/Http/Request), Object(Illuminate/Session/Store), Object(Closure))
#29 D:/laravel/office/cioas/vendor/laravel/framework/src/Illuminate/Pipeline/Pipeline.php(183): Illuminate/Session/Middleware/StartSession->handle(Object(Illuminate/Http/Request), Object(Closure))
#30 D:/laravel/office/cioas/vendor/laravel/framework/src/Illuminate/Cookie/Middleware/AddQueuedCookiesToResponse.php(37): Illuminate/Pipeline/Pipeline->Illuminate/Pipeline/{closure}(Object(Illuminate/Http/Request))
#31 D:/laravel/office/cioas/vendor/laravel/framework/src/Illuminate/Pipeline/Pipeline.php(183): Illuminate/Cookie/Middleware/AddQueuedCookiesToResponse->handle(Object(Illuminate/Http/Request), Object(Closure))
#32 D:/laravel/office/cioas/vendor/laravel/framework/src/Illuminate/Cookie/Middleware/EncryptCookies.php(67): Illuminate/Pipeline/Pipeline->Illuminate/Pipeline/{closure}(Object(Illuminate/Http/Request))
#33 D:/laravel/office/cioas/vendor/laravel/framework/src/Illuminate/Pipeline/Pipeline.php(183): Illuminate/Cookie/Middleware/EncryptCookies->handle(Object(Illuminate/Http/Request), Object(Closure))
#34 D:/laravel/office/cioas/vendor/laravel/framework/src/Illuminate/Pipeline/Pipeline.php(119): Illuminate/Pipeline/Pipeline->Illuminate/Pipeline/{closure}(Object(Illuminate/Http/Request))
#35 D:/laravel/office/cioas/vendor/laravel/framework/src/Illuminate/Routing/Router.php(805): Illuminate/Pipeline/Pipeline->then(Object(Closure))
#36 D:/laravel/office/cioas/vendor/laravel/framework/src/Illuminate/Routing/Router.php(784): Illuminate/Routing/Router->runRouteWithinStack(Object(Illuminate/Routing/Route), Object(Illuminate/Http/Request))
#37 D:/laravel/office/cioas/vendor/laravel/framework/src/Illuminate/Routing/Router.php(748): Illuminate/Routing/Router->runRoute(Object(Illuminate/Http/Request), Object(Illuminate/Routing/Route))
#38 D:/laravel/office/cioas/vendor/laravel/framework/src/Illuminate/Routing/Router.php(737): Illuminate/Routing/Router->dispatchToRoute(Object(Illuminate/Http/Request))
#39 D:/laravel/office/cioas/vendor/laravel/framework/src/Illuminate/Foundation/Http/Kernel.php(200): Illuminate/Routing/Router->dispatch(Object(Illuminate/Http/Request))
#40 D:/laravel/office/cioas/vendor/laravel/framework/src/Illuminate/Pipeline/Pipeline.php(144): Illuminate/Foundation/Http/Kernel->Illuminate/Foundation/Http/{closure}(Object(Illuminate/Http/Request))
#41 D:/laravel/office/cioas/vendor/laravel/framework/src/Illuminate/Foundation/Http/Middleware/TransformsRequest.php(21): Illuminate/Pipeline/Pipeline->Illuminate/Pipeline/{closure}(Object(Illuminate/Http/Request))
#42 D:/laravel/office/cioas/vendor/laravel/framework/src/Illuminate/Foundation/Http/Middleware/ConvertEmptyStringsToNull.php(31): Illuminate/Foundation/Http/Middleware/TransformsRequest->handle(Object(Illuminate/Http/Request), Object(Closure))
#43 D:/laravel/office/cioas/vendor/laravel/framework/src/Illuminate/Pipeline/Pipeline.php(183): Illuminate/Foundation/Http/Middleware/ConvertEmptyStringsToNull->handle(Object(Illuminate/Http/Request), Object(Closure))
#44 D:/laravel/office/cioas/vendor/laravel/framework/src/Illuminate/Foundation/Http/Middleware/TransformsRequest.php(21): Illuminate/Pipeline/Pipeline->Illuminate/Pipeline/{closure}(Object(Illuminate/Http/Request))
#45 D:/laravel/office/cioas/vendor/laravel/framework/src/Illuminate/Foundation/Http/Middleware/TrimStrings.php(40): Illuminate/Foundation/Http/Middleware/TransformsRequest->handle(Object(Illuminate/Http/Request), Object(Closure))
#46 D:/laravel/office/cioas/vendor/laravel/framework/src/Illuminate/Pipeline/Pipeline.php(183): Illuminate/Foundation/Http/Middleware/TrimStrings->handle(Object(Illuminate/Http/Request), Object(Closure))
#47 D:/laravel/office/cioas/vendor/laravel/framework/src/Illuminate/Foundation/Http/Middleware/ValidatePostSize.php(27): Illuminate/Pipeline/Pipeline->Illuminate/Pipeline/{closure}(Object(Illuminate/Http/Request))
#48 D:/laravel/office/cioas/vendor/laravel/framework/src/Illuminate/Pipeline/Pipeline.php(183): Illuminate/Foundation/Http/Middleware/ValidatePostSize->handle(Object(Illuminate/Http/Request), Object(Closure))
#49 D:/laravel/office/cioas/vendor/laravel/framework/src/Illuminate/Foundation/Http/Middleware/PreventRequestsDuringMaintenance.php(99): Illuminate/Pipeline/Pipeline->Illuminate/Pipeline/{closure}(Object(Illuminate/Http/Request))
#50 D:/laravel/office/cioas/vendor/laravel/framework/src/Illuminate/Pipeline/Pipeline.php(183): Illuminate/Foundation/Http/Middleware/PreventRequestsDuringMaintenance->handle(Object(Illuminate/Http/Request), Object(Closure))
#51 D:/laravel/office/cioas/vendor/laravel/framework/src/Illuminate/Http/Middleware/TrustProxies.php(39): Illuminate/Pipeline/Pipeline->Illuminate/Pipeline/{closure}(Object(Illuminate/Http/Request))
#52 D:/laravel/office/cioas/vendor/laravel/framework/src/Illuminate/Pipeline/Pipeline.php(183): Illuminate/Http/Middleware/TrustProxies->handle(Object(Illuminate/Http/Request), Object(Closure))
#53 D:/laravel/office/cioas/vendor/laravel/framework/src/Illuminate/Pipeline/Pipeline.php(119): Illuminate/Pipeline/Pipeline->Illuminate/Pipeline/{closure}(Object(Illuminate/Http/Request))
#54 D:/laravel/office/cioas/vendor/laravel/framework/src/Illuminate/Foundation/Http/Kernel.php(175): Illuminate/Pipeline/Pipeline->then(Object(Closure))
#55 D:/laravel/office/cioas/vendor/laravel/framework/src/Illuminate/Foundation/Http/Kernel.php(144): Illuminate/Foundation/Http/Kernel->sendRequestThroughRouter(Object(Illuminate/Http/Request))
#56 D:/laravel/office/cioas/public/index.php(51): Illuminate/Foundation/Http/Kernel->handle(Object(Illuminate/Http/Request))
#57 D:/laravel/office/cioas/server.php(21): require_once('D://laravel//offi...')
#58 {main}

[previous exception] [object] (ErrorException(code: 0): Attempt to read property \"mother_name\" on array at D:/laravel/office/cioas/storage/framework/views/286d2f91dc3a0890649958bf3891e1c6.php:148)
[stacktrace]
#0 D:/laravel/office/cioas/vendor/laravel/framework/src/Illuminate/Foundation/Bootstrap/HandleExceptions.php(255): Illuminate/Foundation/Bootstrap/HandleExceptions->handleError(2, 'Attempt to read...', 'D://laravel//offi...', 148)
#1 D:/laravel/office/cioas/storage/framework/views/286d2f91dc3a0890649958bf3891e1c6.php(148): Illuminate/Foundation/Bootstrap/HandleExceptions->Illuminate/Foundation/Bootstrap/{closure}(2, 'Attempt to read...', 'D://laravel//offi...', 148)
#2 D:/laravel/office/cioas/vendor/laravel/framework/src/Illuminate/Filesystem/Filesystem.php(123): require('D://laravel//offi...')
#3 D:/laravel/office/cioas/vendor/laravel/framework/src/Illuminate/Filesystem/Filesystem.php(124): Illuminate/Filesystem/Filesystem::Illuminate/Filesystem/{closure}()
#4 D:/laravel/office/cioas/vendor/laravel/framework/src/Illuminate/View/Engines/PhpEngine.php(58): Illuminate/Filesystem/Filesystem->getRequire('D://laravel//offi...', Array)
#5 D:/laravel/office/cioas/vendor/laravel/framework/src/Illuminate/View/Engines/CompilerEngine.php(72): Illuminate/View/Engines/PhpEngine->evaluatePath('D://laravel//offi...', Array)
#6 D:/laravel/office/cioas/vendor/laravel/framework/src/Illuminate/View/View.php(207): Illuminate/View/Engines/CompilerEngine->get('D://laravel//offi...', Array)
#7 D:/laravel/office/cioas/vendor/laravel/framework/src/Illuminate/View/View.php(190): Illuminate/View/View->getContents()
#8 D:/laravel/office/cioas/vendor/laravel/framework/src/Illuminate/View/View.php(159): Illuminate/View/View->renderContents()
#9 D:/laravel/office/cioas/storage/framework/views/539cc100aa3120664a2ccbace1b73a54.php(60): Illuminate/View/View->render()
#10 D:/laravel/office/cioas/vendor/laravel/framework/src/Illuminate/Filesystem/Filesystem.php(123): require('D://laravel//offi...')
#11 D:/laravel/office/cioas/vendor/laravel/framework/src/Illuminate/Filesystem/Filesystem.php(124): Illuminate/Filesystem/Filesystem::Illuminate/Filesystem/{closure}()
#12 D:/laravel/office/cioas/vendor/laravel/framework/src/Illuminate/View/Engines/PhpEngine.php(58): Illuminate/Filesystem/Filesystem->getRequire('D://laravel//offi...', Array)
#13 D:/laravel/office/cioas/vendor/laravel/framework/src/Illuminate/View/Engines/CompilerEngine.php(72): Illuminate/View/Engines/PhpEngine->evaluatePath('D://laravel//offi...', Array)
#14 D:/laravel/office/cioas/vendor/laravel/framework/src/Illuminate/View/View.php(207): Illuminate/View/Engines/CompilerEngine->get('D://laravel//offi...', Array)
#15 D:/laravel/office/cioas/vendor/laravel/framework/src/Illuminate/View/View.php(190): Illuminate/View/View->getContents()
#16 D:/laravel/office/cioas/vendor/laravel/framework/src/Illuminate/View/View.php(159): Illuminate/View/View->renderContents()
#17 D:/laravel/office/cioas/vendor/laravel/framework/src/Illuminate/Http/Response.php(69): Illuminate/View/View->render()
#18 D:/laravel/office/cioas/vendor/laravel/framework/src/Illuminate/Http/Response.php(35): Illuminate/Http/Response->setContent(Object(Illuminate/View/View))
#19 D:/laravel/office/cioas/vendor/laravel/framework/src/Illuminate/Routing/Router.php(918): Illuminate/Http/Response->__construct(Object(Illuminate/View/View), 200, Array)
#20 D:/laravel/office/cioas/vendor/laravel/framework/src/Illuminate/Routing/Router.php(885): Illuminate/Routing/Router::toResponse(Object(Illuminate/Http/Request), Object(Illuminate/View/View))
#21 D:/laravel/office/cioas/vendor/laravel/framework/src/Illuminate/Routing/Router.php(805): Illuminate/Routing/Router->prepareResponse(Object(Illuminate/Http/Request), Object(Illuminate/View/View))
#22 D:/laravel/office/cioas/vendor/laravel/framework/src/Illuminate/Pipeline/Pipeline.php(144): Illuminate/Routing/Router->Illuminate/Routing/{closure}(Object(Illuminate/Http/Request))
#23 D:/laravel/office/cioas/vendor/laravel/framework/src/Illuminate/Routing/Middleware/SubstituteBindings.php(50): Illuminate/Pipeline/Pipeline->Illuminate/Pipeline/{closure}(Object(Illuminate/Http/Request))
#24 D:/laravel/office/cioas/vendor/laravel/framework/src/Illuminate/Pipeline/Pipeline.php(183): Illuminate/Routing/Middleware/SubstituteBindings->handle(Object(Illuminate/Http/Request), Object(Closure))
#25 D:/laravel/office/cioas/vendor/laravel/framework/src/Illuminate/Auth/Middleware/Authenticate.php(57): Illuminate/Pipeline/Pipeline->Illuminate/Pipeline/{closure}(Object(Illuminate/Http/Request))
#26 D:/laravel/office/cioas/vendor/laravel/framework/src/Illuminate/Pipeline/Pipeline.php(183): Illuminate/Auth/Middleware/Authenticate->handle(Object(Illuminate/Http/Request), Object(Closure))
#27 D:/laravel/office/cioas/vendor/laravel/framework/src/Illuminate/Foundation/Http/Middleware/VerifyCsrfToken.php(78): Illuminate/Pipeline/Pipeline->Illuminate/Pipeline/{closure}(Object(Illuminate/Http/Request))
#28 D:/laravel/office/cioas/vendor/laravel/framework/src/Illuminate/Pipeline/Pipeline.php(183): Illuminate/Foundation/Http/Middleware/VerifyCsrfToken->handle(Object(Illuminate/Http/Request), Object(Closure))
#29 D:/laravel/office/cioas/vendor/laravel/framework/src/Illuminate/View/Middleware/ShareErrorsFromSession.php(49): Illuminate/Pipeline/Pipeline->Illuminate/Pipeline/{closure}(Object(Illuminate/Http/Request))
#30 D:/laravel/office/cioas/vendor/laravel/framework/src/Illuminate/Pipeline/Pipeline.php(183): Illuminate/View/Middleware/ShareErrorsFromSession->handle(Object(Illuminate/Http/Request), Object(Closure))
#31 D:/laravel/office/cioas/vendor/laravel/framework/src/Illuminate/Session/Middleware/StartSession.php(121): Illuminate/Pipeline/Pipeline->Illuminate/Pipeline/{closure}(Object(Illuminate/Http/Request))
#32 D:/laravel/office/cioas/vendor/laravel/framework/src/Illuminate/Session/Middleware/StartSession.php(64): Illuminate/Session/Middleware/StartSession->handleStatefulRequest(Object(Illuminate/Http/Request), Object(Illuminate/Session/Store), Object(Closure))
#33 D:/laravel/office/cioas/vendor/laravel/framework/src/Illuminate/Pipeline/Pipeline.php(183): Illuminate/Session/Middleware/StartSession->handle(Object(Illuminate/Http/Request), Object(Closure))
#34 D:/laravel/office/cioas/vendor/laravel/framework/src/Illuminate/Cookie/Middleware/AddQueuedCookiesToResponse.php(37): Illuminate/Pipeline/Pipeline->Illuminate/Pipeline/{closure}(Object(Illuminate/Http/Request))
#35 D:/laravel/office/cioas/vendor/laravel/framework/src/Illuminate/Pipeline/Pipeline.php(183): Illuminate/Cookie/Middleware/AddQueuedCookiesToResponse->handle(Object(Illuminate/Http/Request), Object(Closure))
#36 D:/laravel/office/cioas/vendor/laravel/framework/src/Illuminate/Cookie/Middleware/EncryptCookies.php(67): Illuminate/Pipeline/Pipeline->Illuminate/Pipeline/{closure}(Object(Illuminate/Http/Request))
#37 D:/laravel/office/cioas/vendor/laravel/framework/src/Illuminate/Pipeline/Pipeline.php(183): Illuminate/Cookie/Middleware/EncryptCookies->handle(Object(Illuminate/Http/Request), Object(Closure))
#38 D:/laravel/office/cioas/vendor/laravel/framework/src/Illuminate/Pipeline/Pipeline.php(119): Illuminate/Pipeline/Pipeline->Illuminate/Pipeline/{closure}(Object(Illuminate/Http/Request))
#39 D:/laravel/office/cioas/vendor/laravel/framework/src/Illuminate/Routing/Router.php(805): Illuminate/Pipeline/Pipeline->then(Object(Closure))
#40 D:/laravel/office/cioas/vendor/laravel/framework/src/Illuminate/Routing/Router.php(784): Illuminate/Routing/Router->runRouteWithinStack(Object(Illuminate/Routing/Route), Object(Illuminate/Http/Request))
#41 D:/laravel/office/cioas/vendor/laravel/framework/src/Illuminate/Routing/Router.php(748): Illuminate/Routing/Router->runRoute(Object(Illuminate/Http/Request), Object(Illuminate/Routing/Route))
#42 D:/laravel/office/cioas/vendor/laravel/framework/src/Illuminate/Routing/Router.php(737): Illuminate/Routing/Router->dispatchToRoute(Object(Illuminate/Http/Request))
#43 D:/laravel/office/cioas/vendor/laravel/framework/src/Illuminate/Foundation/Http/Kernel.php(200): Illuminate/Routing/Router->dispatch(Object(Illuminate/Http/Request))
#44 D:/laravel/office/cioas/vendor/laravel/framework/src/Illuminate/Pipeline/Pipeline.php(144): Illuminate/Foundation/Http/Kernel->Illuminate/Foundation/Http/{closure}(Object(Illuminate/Http/Request))
#45 D:/laravel/office/cioas/vendor/laravel/framework/src/Illuminate/Foundation/Http/Middleware/TransformsRequest.php(21): Illuminate/Pipeline/Pipeline->Illuminate/Pipeline/{closure}(Object(Illuminate/Http/Request))
#46 D:/laravel/office/cioas/vendor/laravel/framework/src/Illuminate/Foundation/Http/Middleware/ConvertEmptyStringsToNull.php(31): Illuminate/Foundation/Http/Middleware/TransformsRequest->handle(Object(Illuminate/Http/Request), Object(Closure))
#47 D:/laravel/office/cioas/vendor/laravel/framework/src/Illuminate/Pipeline/Pipeline.php(183): Illuminate/Foundation/Http/Middleware/ConvertEmptyStringsToNull->handle(Object(Illuminate/Http/Request), Object(Closure))
#48 D:/laravel/office/cioas/vendor/laravel/framework/src/Illuminate/Foundation/Http/Middleware/TransformsRequest.php(21): Illuminate/Pipeline/Pipeline->Illuminate/Pipeline/{closure}(Object(Illuminate/Http/Request))
#49 D:/laravel/office/cioas/vendor/laravel/framework/src/Illuminate/Foundation/Http/Middleware/TrimStrings.php(40): Illuminate/Foundation/Http/Middleware/TransformsRequest->handle(Object(Illuminate/Http/Request), Object(Closure))
#50 D:/laravel/office/cioas/vendor/laravel/framework/src/Illuminate/Pipeline/Pipeline.php(183): Illuminate/Foundation/Http/Middleware/TrimStrings->handle(Object(Illuminate/Http/Request), Object(Closure))
#51 D:/laravel/office/cioas/vendor/laravel/framework/src/Illuminate/Foundation/Http/Middleware/ValidatePostSize.php(27): Illuminate/Pipeline/Pipeline->Illuminate/Pipeline/{closure}(Object(Illuminate/Http/Request))
#52 D:/laravel/office/cioas/vendor/laravel/framework/src/Illuminate/Pipeline/Pipeline.php(183): Illuminate/Foundation/Http/Middleware/ValidatePostSize->handle(Object(Illuminate/Http/Request), Object(Closure))
#53 D:/laravel/office/cioas/vendor/laravel/framework/src/Illuminate/Foundation/Http/Middleware/PreventRequestsDuringMaintenance.php(99): Illuminate/Pipeline/Pipeline->Illuminate/Pipeline/{closure}(Object(Illuminate/Http/Request))
#54 D:/laravel/office/cioas/vendor/laravel/framework/src/Illuminate/Pipeline/Pipeline.php(183): Illuminate/Foundation/Http/Middleware/PreventRequestsDuringMaintenance->handle(Object(Illuminate/Http/Request), Object(Closure))
#55 D:/laravel/office/cioas/vendor/laravel/framework/src/Illuminate/Http/Middleware/TrustProxies.php(39): Illuminate/Pipeline/Pipeline->Illuminate/Pipeline/{closure}(Object(Illuminate/Http/Request))
#56 D:/laravel/office/cioas/vendor/laravel/framework/src/Illuminate/Pipeline/Pipeline.php(183): Illuminate/Http/Middleware/TrustProxies->handle(Object(Illuminate/Http/Request), Object(Closure))
#57 D:/laravel/office/cioas/vendor/laravel/framework/src/Illuminate/Pipeline/Pipeline.php(119): Illuminate/Pipeline/Pipeline->Illuminate/Pipeline/{closure}(Object(Illuminate/Http/Request))
#58 D:/laravel/office/cioas/vendor/laravel/framework/src/Illuminate/Foundation/Http/Kernel.php(175): Illuminate/Pipeline/Pipeline->then(Object(Closure))
#59 D:/laravel/office/cioas/vendor/laravel/framework/src/Illuminate/Foundation/Http/Kernel.php(144): Illuminate/Foundation/Http/Kernel->sendRequestThroughRouter(Object(Illuminate/Http/Request))
#60 D:/laravel/office/cioas/public/index.php(51): Illuminate/Foundation/Http/Kernel->handle(Object(Illuminate/Http/Request))
#61 D:/laravel/office/cioas/server.php(21): require_once('D://laravel//offi...')
#62 {main}
"} 
[2026-05-09 17:56:20] local.ERROR: Attempt to read property "permanent_division" on array (View: D:\laravel\office\cioas\resources\views\backend\pages\hotel-restaurant\forms\ownership.blade.php) (View: D:\laravel\office\cioas\resources\views\backend\pages\hotel-restaurant\forms\ownership.blade.php) {"userId":1,"exception":"[object] (Illuminate\\View\\ViewException(code: 0): Attempt to read property \"permanent_division\" on array (View: D:\\laravel\\office\\cioas\\resources\\views\\backend\\pages\\hotel-restaurant\\forms\\ownership.blade.php) (View: D:\\laravel\\office\\cioas\\resources\\views\\backend\\pages\\hotel-restaurant\\forms\\ownership.blade.php) at D:/laravel/office/cioas/storage/framework/views/286d2f91dc3a0890649958bf3891e1c6.php:178)
[stacktrace]
#0 D:/laravel/office/cioas/vendor/laravel/framework/src/Illuminate/View/Engines/PhpEngine.php(60): Illuminate/View/Engines/CompilerEngine->handleViewException(Object(Illuminate/View/ViewException), 1)
#1 D:/laravel/office/cioas/vendor/laravel/framework/src/Illuminate/View/Engines/CompilerEngine.php(72): Illuminate/View/Engines/PhpEngine->evaluatePath('D://laravel//offi...', Array)
#2 D:/laravel/office/cioas/vendor/laravel/framework/src/Illuminate/View/View.php(207): Illuminate/View/Engines/CompilerEngine->get('D://laravel//offi...', Array)
#3 D:/laravel/office/cioas/vendor/laravel/framework/src/Illuminate/View/View.php(190): Illuminate/View/View->getContents()
#4 D:/laravel/office/cioas/vendor/laravel/framework/src/Illuminate/View/View.php(159): Illuminate/View/View->renderContents()
#5 D:/laravel/office/cioas/vendor/laravel/framework/src/Illuminate/Http/Response.php(69): Illuminate/View/View->render()
#6 D:/laravel/office/cioas/vendor/laravel/framework/src/Illuminate/Http/Response.php(35): Illuminate/Http/Response->setContent(Object(Illuminate/View/View))
#7 D:/laravel/office/cioas/vendor/laravel/framework/src/Illuminate/Routing/Router.php(918): Illuminate/Http/Response->__construct(Object(Illuminate/View/View), 200, Array)
#8 D:/laravel/office/cioas/vendor/laravel/framework/src/Illuminate/Routing/Router.php(885): Illuminate/Routing/Router::toResponse(Object(Illuminate/Http/Request), Object(Illuminate/View/View))
#9 D:/laravel/office/cioas/vendor/laravel/framework/src/Illuminate/Routing/Router.php(805): Illuminate/Routing/Router->prepareResponse(Object(Illuminate/Http/Request), Object(Illuminate/View/View))
#10 D:/laravel/office/cioas/vendor/laravel/framework/src/Illuminate/Pipeline/Pipeline.php(144): Illuminate/Routing/Router->Illuminate/Routing/{closure}(Object(Illuminate/Http/Request))
#11 D:/laravel/office/cioas/vendor/laravel/framework/src/Illuminate/Routing/Middleware/SubstituteBindings.php(50): Illuminate/Pipeline/Pipeline->Illuminate/Pipeline/{closure}(Object(Illuminate/Http/Request))
#12 D:/laravel/office/cioas/vendor/laravel/framework/src/Illuminate/Pipeline/Pipeline.php(183): Illuminate/Routing/Middleware/SubstituteBindings->handle(Object(Illuminate/Http/Request), Object(Closure))
#13 D:/laravel/office/cioas/vendor/laravel/framework/src/Illuminate/Auth/Middleware/Authenticate.php(57): Illuminate/Pipeline/Pipeline->Illuminate/Pipeline/{closure}(Object(Illuminate/Http/Request))
#14 D:/laravel/office/cioas/vendor/laravel/framework/src/Illuminate/Pipeline/Pipeline.php(183): Illuminate/Auth/Middleware/Authenticate->handle(Object(Illuminate/Http/Request), Object(Closure))
#15 D:/laravel/office/cioas/vendor/laravel/framework/src/Illuminate/Foundation/Http/Middleware/VerifyCsrfToken.php(78): Illuminate/Pipeline/Pipeline->Illuminate/Pipeline/{closure}(Object(Illuminate/Http/Request))
#16 D:/laravel/office/cioas/vendor/laravel/framework/src/Illuminate/Pipeline/Pipeline.php(183): Illuminate/Foundation/Http/Middleware/VerifyCsrfToken->handle(Object(Illuminate/Http/Request), Object(Closure))
#17 D:/laravel/office/cioas/vendor/laravel/framework/src/Illuminate/View/Middleware/ShareErrorsFromSession.php(49): Illuminate/Pipeline/Pipeline->Illuminate/Pipeline/{closure}(Object(Illuminate/Http/Request))
#18 D:/laravel/office/cioas/vendor/laravel/framework/src/Illuminate/Pipeline/Pipeline.php(183): Illuminate/View/Middleware/ShareErrorsFromSession->handle(Object(Illuminate/Http/Request), Object(Closure))
#19 D:/laravel/office/cioas/vendor/laravel/framework/src/Illuminate/Session/Middleware/StartSession.php(121): Illuminate/Pipeline/Pipeline->Illuminate/Pipeline/{closure}(Object(Illuminate/Http/Request))
#20 D:/laravel/office/cioas/vendor/laravel/framework/src/Illuminate/Session/Middleware/StartSession.php(64): Illuminate/Session/Middleware/StartSession->handleStatefulRequest(Object(Illuminate/Http/Request), Object(Illuminate/Session/Store), Object(Closure))
#21 D:/laravel/office/cioas/vendor/laravel/framework/src/Illuminate/Pipeline/Pipeline.php(183): Illuminate/Session/Middleware/StartSession->handle(Object(Illuminate/Http/Request), Object(Closure))
#22 D:/laravel/office/cioas/vendor/laravel/framework/src/Illuminate/Cookie/Middleware/AddQueuedCookiesToResponse.php(37): Illuminate/Pipeline/Pipeline->Illuminate/Pipeline/{closure}(Object(Illuminate/Http/Request))
#23 D:/laravel/office/cioas/vendor/laravel/framework/src/Illuminate/Pipeline/Pipeline.php(183): Illuminate/Cookie/Middleware/AddQueuedCookiesToResponse->handle(Object(Illuminate/Http/Request), Object(Closure))
#24 D:/laravel/office/cioas/vendor/laravel/framework/src/Illuminate/Cookie/Middleware/EncryptCookies.php(67): Illuminate/Pipeline/Pipeline->Illuminate/Pipeline/{closure}(Object(Illuminate/Http/Request))
#25 D:/laravel/office/cioas/vendor/laravel/framework/src/Illuminate/Pipeline/Pipeline.php(183): Illuminate/Cookie/Middleware/EncryptCookies->handle(Object(Illuminate/Http/Request), Object(Closure))
#26 D:/laravel/office/cioas/vendor/laravel/framework/src/Illuminate/Pipeline/Pipeline.php(119): Illuminate/Pipeline/Pipeline->Illuminate/Pipeline/{closure}(Object(Illuminate/Http/Request))
#27 D:/laravel/office/cioas/vendor/laravel/framework/src/Illuminate/Routing/Router.php(805): Illuminate/Pipeline/Pipeline->then(Object(Closure))
#28 D:/laravel/office/cioas/vendor/laravel/framework/src/Illuminate/Routing/Router.php(784): Illuminate/Routing/Router->runRouteWithinStack(Object(Illuminate/Routing/Route), Object(Illuminate/Http/Request))
#29 D:/laravel/office/cioas/vendor/laravel/framework/src/Illuminate/Routing/Router.php(748): Illuminate/Routing/Router->runRoute(Object(Illuminate/Http/Request), Object(Illuminate/Routing/Route))
#30 D:/laravel/office/cioas/vendor/laravel/framework/src/Illuminate/Routing/Router.php(737): Illuminate/Routing/Router->dispatchToRoute(Object(Illuminate/Http/Request))
#31 D:/laravel/office/cioas/vendor/laravel/framework/src/Illuminate/Foundation/Http/Kernel.php(200): Illuminate/Routing/Router->dispatch(Object(Illuminate/Http/Request))
#32 D:/laravel/office/cioas/vendor/laravel/framework/src/Illuminate/Pipeline/Pipeline.php(144): Illuminate/Foundation/Http/Kernel->Illuminate/Foundation/Http/{closure}(Object(Illuminate/Http/Request))
#33 D:/laravel/office/cioas/vendor/laravel/framework/src/Illuminate/Foundation/Http/Middleware/TransformsRequest.php(21): Illuminate/Pipeline/Pipeline->Illuminate/Pipeline/{closure}(Object(Illuminate/Http/Request))
#34 D:/laravel/office/cioas/vendor/laravel/framework/src/Illuminate/Foundation/Http/Middleware/ConvertEmptyStringsToNull.php(31): Illuminate/Foundation/Http/Middleware/TransformsRequest->handle(Object(Illuminate/Http/Request), Object(Closure))
#35 D:/laravel/office/cioas/vendor/laravel/framework/src/Illuminate/Pipeline/Pipeline.php(183): Illuminate/Foundation/Http/Middleware/ConvertEmptyStringsToNull->handle(Object(Illuminate/Http/Request), Object(Closure))
#36 D:/laravel/office/cioas/vendor/laravel/framework/src/Illuminate/Foundation/Http/Middleware/TransformsRequest.php(21): Illuminate/Pipeline/Pipeline->Illuminate/Pipeline/{closure}(Object(Illuminate/Http/Request))
#37 D:/laravel/office/cioas/vendor/laravel/framework/src/Illuminate/Foundation/Http/Middleware/TrimStrings.php(40): Illuminate/Foundation/Http/Middleware/TransformsRequest->handle(Object(Illuminate/Http/Request), Object(Closure))
#38 D:/laravel/office/cioas/vendor/laravel/framework/src/Illuminate/Pipeline/Pipeline.php(183): Illuminate/Foundation/Http/Middleware/TrimStrings->handle(Object(Illuminate/Http/Request), Object(Closure))
#39 D:/laravel/office/cioas/vendor/laravel/framework/src/Illuminate/Foundation/Http/Middleware/ValidatePostSize.php(27): Illuminate/Pipeline/Pipeline->Illuminate/Pipeline/{closure}(Object(Illuminate/Http/Request))
#40 D:/laravel/office/cioas/vendor/laravel/framework/src/Illuminate/Pipeline/Pipeline.php(183): Illuminate/Foundation/Http/Middleware/ValidatePostSize->handle(Object(Illuminate/Http/Request), Object(Closure))
#41 D:/laravel/office/cioas/vendor/laravel/framework/src/Illuminate/Foundation/Http/Middleware/PreventRequestsDuringMaintenance.php(99): Illuminate/Pipeline/Pipeline->Illuminate/Pipeline/{closure}(Object(Illuminate/Http/Request))
#42 D:/laravel/office/cioas/vendor/laravel/framework/src/Illuminate/Pipeline/Pipeline.php(183): Illuminate/Foundation/Http/Middleware/PreventRequestsDuringMaintenance->handle(Object(Illuminate/Http/Request), Object(Closure))
#43 D:/laravel/office/cioas/vendor/laravel/framework/src/Illuminate/Http/Middleware/TrustProxies.php(39): Illuminate/Pipeline/Pipeline->Illuminate/Pipeline/{closure}(Object(Illuminate/Http/Request))
#44 D:/laravel/office/cioas/vendor/laravel/framework/src/Illuminate/Pipeline/Pipeline.php(183): Illuminate/Http/Middleware/TrustProxies->handle(Object(Illuminate/Http/Request), Object(Closure))
#45 D:/laravel/office/cioas/vendor/laravel/framework/src/Illuminate/Pipeline/Pipeline.php(119): Illuminate/Pipeline/Pipeline->Illuminate/Pipeline/{closure}(Object(Illuminate/Http/Request))
#46 D:/laravel/office/cioas/vendor/laravel/framework/src/Illuminate/Foundation/Http/Kernel.php(175): Illuminate/Pipeline/Pipeline->then(Object(Closure))
#47 D:/laravel/office/cioas/vendor/laravel/framework/src/Illuminate/Foundation/Http/Kernel.php(144): Illuminate/Foundation/Http/Kernel->sendRequestThroughRouter(Object(Illuminate/Http/Request))
#48 D:/laravel/office/cioas/public/index.php(51): Illuminate/Foundation/Http/Kernel->handle(Object(Illuminate/Http/Request))
#49 D:/laravel/office/cioas/server.php(21): require_once('D://laravel//offi...')
#50 {main}

[previous exception] [object] (Illuminate\\View\\ViewException(code: 0): Attempt to read property \"permanent_division\" on array (View: D:\\laravel\\office\\cioas\\resources\\views\\backend\\pages\\hotel-restaurant\\forms\\ownership.blade.php) at D:/laravel/office/cioas/storage/framework/views/286d2f91dc3a0890649958bf3891e1c6.php:178)
[stacktrace]
#0 D:/laravel/office/cioas/vendor/laravel/framework/src/Illuminate/View/Engines/PhpEngine.php(60): Illuminate/View/Engines/CompilerEngine->handleViewException(Object(ErrorException), 3)
#1 D:/laravel/office/cioas/vendor/laravel/framework/src/Illuminate/View/Engines/CompilerEngine.php(72): Illuminate/View/Engines/PhpEngine->evaluatePath('D://laravel//offi...', Array)
#2 D:/laravel/office/cioas/vendor/laravel/framework/src/Illuminate/View/View.php(207): Illuminate/View/Engines/CompilerEngine->get('D://laravel//offi...', Array)
#3 D:/laravel/office/cioas/vendor/laravel/framework/src/Illuminate/View/View.php(190): Illuminate/View/View->getContents()
#4 D:/laravel/office/cioas/vendor/laravel/framework/src/Illuminate/View/View.php(159): Illuminate/View/View->renderContents()
#5 D:/laravel/office/cioas/storage/framework/views/539cc100aa3120664a2ccbace1b73a54.php(60): Illuminate/View/View->render()
#6 D:/laravel/office/cioas/vendor/laravel/framework/src/Illuminate/Filesystem/Filesystem.php(123): require('D://laravel//offi...')
#7 D:/laravel/office/cioas/vendor/laravel/framework/src/Illuminate/Filesystem/Filesystem.php(124): Illuminate/Filesystem/Filesystem::Illuminate/Filesystem/{closure}()
#8 D:/laravel/office/cioas/vendor/laravel/framework/src/Illuminate/View/Engines/PhpEngine.php(58): Illuminate/Filesystem/Filesystem->getRequire('D://laravel//offi...', Array)
#9 D:/laravel/office/cioas/vendor/laravel/framework/src/Illuminate/View/Engines/CompilerEngine.php(72): Illuminate/View/Engines/PhpEngine->evaluatePath('D://laravel//offi...', Array)
#10 D:/laravel/office/cioas/vendor/laravel/framework/src/Illuminate/View/View.php(207): Illuminate/View/Engines/CompilerEngine->get('D://laravel//offi...', Array)
#11 D:/laravel/office/cioas/vendor/laravel/framework/src/Illuminate/View/View.php(190): Illuminate/View/View->getContents()
#12 D:/laravel/office/cioas/vendor/laravel/framework/src/Illuminate/View/View.php(159): Illuminate/View/View->renderContents()
#13 D:/laravel/office/cioas/vendor/laravel/framework/src/Illuminate/Http/Response.php(69): Illuminate/View/View->render()
#14 D:/laravel/office/cioas/vendor/laravel/framework/src/Illuminate/Http/Response.php(35): Illuminate/Http/Response->setContent(Object(Illuminate/View/View))
#15 D:/laravel/office/cioas/vendor/laravel/framework/src/Illuminate/Routing/Router.php(918): Illuminate/Http/Response->__construct(Object(Illuminate/View/View), 200, Array)
#16 D:/laravel/office/cioas/vendor/laravel/framework/src/Illuminate/Routing/Router.php(885): Illuminate/Routing/Router::toResponse(Object(Illuminate/Http/Request), Object(Illuminate/View/View))
#17 D:/laravel/office/cioas/vendor/laravel/framework/src/Illuminate/Routing/Router.php(805): Illuminate/Routing/Router->prepareResponse(Object(Illuminate/Http/Request), Object(Illuminate/View/View))
#18 D:/laravel/office/cioas/vendor/laravel/framework/src/Illuminate/Pipeline/Pipeline.php(144): Illuminate/Routing/Router->Illuminate/Routing/{closure}(Object(Illuminate/Http/Request))
#19 D:/laravel/office/cioas/vendor/laravel/framework/src/Illuminate/Routing/Middleware/SubstituteBindings.php(50): Illuminate/Pipeline/Pipeline->Illuminate/Pipeline/{closure}(Object(Illuminate/Http/Request))
#20 D:/laravel/office/cioas/vendor/laravel/framework/src/Illuminate/Pipeline/Pipeline.php(183): Illuminate/Routing/Middleware/SubstituteBindings->handle(Object(Illuminate/Http/Request), Object(Closure))
#21 D:/laravel/office/cioas/vendor/laravel/framework/src/Illuminate/Auth/Middleware/Authenticate.php(57): Illuminate/Pipeline/Pipeline->Illuminate/Pipeline/{closure}(Object(Illuminate/Http/Request))
#22 D:/laravel/office/cioas/vendor/laravel/framework/src/Illuminate/Pipeline/Pipeline.php(183): Illuminate/Auth/Middleware/Authenticate->handle(Object(Illuminate/Http/Request), Object(Closure))
#23 D:/laravel/office/cioas/vendor/laravel/framework/src/Illuminate/Foundation/Http/Middleware/VerifyCsrfToken.php(78): Illuminate/Pipeline/Pipeline->Illuminate/Pipeline/{closure}(Object(Illuminate/Http/Request))
#24 D:/laravel/office/cioas/vendor/laravel/framework/src/Illuminate/Pipeline/Pipeline.php(183): Illuminate/Foundation/Http/Middleware/VerifyCsrfToken->handle(Object(Illuminate/Http/Request), Object(Closure))
#25 D:/laravel/office/cioas/vendor/laravel/framework/src/Illuminate/View/Middleware/ShareErrorsFromSession.php(49): Illuminate/Pipeline/Pipeline->Illuminate/Pipeline/{closure}(Object(Illuminate/Http/Request))
#26 D:/laravel/office/cioas/vendor/laravel/framework/src/Illuminate/Pipeline/Pipeline.php(183): Illuminate/View/Middleware/ShareErrorsFromSession->handle(Object(Illuminate/Http/Request), Object(Closure))
#27 D:/laravel/office/cioas/vendor/laravel/framework/src/Illuminate/Session/Middleware/StartSession.php(121): Illuminate/Pipeline/Pipeline->Illuminate/Pipeline/{closure}(Object(Illuminate/Http/Request))
#28 D:/laravel/office/cioas/vendor/laravel/framework/src/Illuminate/Session/Middleware/StartSession.php(64): Illuminate/Session/Middleware/StartSession->handleStatefulRequest(Object(Illuminate/Http/Request), Object(Illuminate/Session/Store), Object(Closure))
#29 D:/laravel/office/cioas/vendor/laravel/framework/src/Illuminate/Pipeline/Pipeline.php(183): Illuminate/Session/Middleware/StartSession->handle(Object(Illuminate/Http/Request), Object(Closure))
#30 D:/laravel/office/cioas/vendor/laravel/framework/src/Illuminate/Cookie/Middleware/AddQueuedCookiesToResponse.php(37): Illuminate/Pipeline/Pipeline->Illuminate/Pipeline/{closure}(Object(Illuminate/Http/Request))
#31 D:/laravel/office/cioas/vendor/laravel/framework/src/Illuminate/Pipeline/Pipeline.php(183): Illuminate/Cookie/Middleware/AddQueuedCookiesToResponse->handle(Object(Illuminate/Http/Request), Object(Closure))
#32 D:/laravel/office/cioas/vendor/laravel/framework/src/Illuminate/Cookie/Middleware/EncryptCookies.php(67): Illuminate/Pipeline/Pipeline->Illuminate/Pipeline/{closure}(Object(Illuminate/Http/Request))
#33 D:/laravel/office/cioas/vendor/laravel/framework/src/Illuminate/Pipeline/Pipeline.php(183): Illuminate/Cookie/Middleware/EncryptCookies->handle(Object(Illuminate/Http/Request), Object(Closure))
#34 D:/laravel/office/cioas/vendor/laravel/framework/src/Illuminate/Pipeline/Pipeline.php(119): Illuminate/Pipeline/Pipeline->Illuminate/Pipeline/{closure}(Object(Illuminate/Http/Request))
#35 D:/laravel/office/cioas/vendor/laravel/framework/src/Illuminate/Routing/Router.php(805): Illuminate/Pipeline/Pipeline->then(Object(Closure))
#36 D:/laravel/office/cioas/vendor/laravel/framework/src/Illuminate/Routing/Router.php(784): Illuminate/Routing/Router->runRouteWithinStack(Object(Illuminate/Routing/Route), Object(Illuminate/Http/Request))
#37 D:/laravel/office/cioas/vendor/laravel/framework/src/Illuminate/Routing/Router.php(748): Illuminate/Routing/Router->runRoute(Object(Illuminate/Http/Request), Object(Illuminate/Routing/Route))
#38 D:/laravel/office/cioas/vendor/laravel/framework/src/Illuminate/Routing/Router.php(737): Illuminate/Routing/Router->dispatchToRoute(Object(Illuminate/Http/Request))
#39 D:/laravel/office/cioas/vendor/laravel/framework/src/Illuminate/Foundation/Http/Kernel.php(200): Illuminate/Routing/Router->dispatch(Object(Illuminate/Http/Request))
#40 D:/laravel/office/cioas/vendor/laravel/framework/src/Illuminate/Pipeline/Pipeline.php(144): Illuminate/Foundation/Http/Kernel->Illuminate/Foundation/Http/{closure}(Object(Illuminate/Http/Request))
#41 D:/laravel/office/cioas/vendor/laravel/framework/src/Illuminate/Foundation/Http/Middleware/TransformsRequest.php(21): Illuminate/Pipeline/Pipeline->Illuminate/Pipeline/{closure}(Object(Illuminate/Http/Request))
#42 D:/laravel/office/cioas/vendor/laravel/framework/src/Illuminate/Foundation/Http/Middleware/ConvertEmptyStringsToNull.php(31): Illuminate/Foundation/Http/Middleware/TransformsRequest->handle(Object(Illuminate/Http/Request), Object(Closure))
#43 D:/laravel/office/cioas/vendor/laravel/framework/src/Illuminate/Pipeline/Pipeline.php(183): Illuminate/Foundation/Http/Middleware/ConvertEmptyStringsToNull->handle(Object(Illuminate/Http/Request), Object(Closure))
#44 D:/laravel/office/cioas/vendor/laravel/framework/src/Illuminate/Foundation/Http/Middleware/TransformsRequest.php(21): Illuminate/Pipeline/Pipeline->Illuminate/Pipeline/{closure}(Object(Illuminate/Http/Request))
#45 D:/laravel/office/cioas/vendor/laravel/framework/src/Illuminate/Foundation/Http/Middleware/TrimStrings.php(40): Illuminate/Foundation/Http/Middleware/TransformsRequest->handle(Object(Illuminate/Http/Request), Object(Closure))
#46 D:/laravel/office/cioas/vendor/laravel/framework/src/Illuminate/Pipeline/Pipeline.php(183): Illuminate/Foundation/Http/Middleware/TrimStrings->handle(Object(Illuminate/Http/Request), Object(Closure))
#47 D:/laravel/office/cioas/vendor/laravel/framework/src/Illuminate/Foundation/Http/Middleware/ValidatePostSize.php(27): Illuminate/Pipeline/Pipeline->Illuminate/Pipeline/{closure}(Object(Illuminate/Http/Request))
#48 D:/laravel/office/cioas/vendor/laravel/framework/src/Illuminate/Pipeline/Pipeline.php(183): Illuminate/Foundation/Http/Middleware/ValidatePostSize->handle(Object(Illuminate/Http/Request), Object(Closure))
#49 D:/laravel/office/cioas/vendor/laravel/framework/src/Illuminate/Foundation/Http/Middleware/PreventRequestsDuringMaintenance.php(99): Illuminate/Pipeline/Pipeline->Illuminate/Pipeline/{closure}(Object(Illuminate/Http/Request))
#50 D:/laravel/office/cioas/vendor/laravel/framework/src/Illuminate/Pipeline/Pipeline.php(183): Illuminate/Foundation/Http/Middleware/PreventRequestsDuringMaintenance->handle(Object(Illuminate/Http/Request), Object(Closure))
#51 D:/laravel/office/cioas/vendor/laravel/framework/src/Illuminate/Http/Middleware/TrustProxies.php(39): Illuminate/Pipeline/Pipeline->Illuminate/Pipeline/{closure}(Object(Illuminate/Http/Request))
#52 D:/laravel/office/cioas/vendor/laravel/framework/src/Illuminate/Pipeline/Pipeline.php(183): Illuminate/Http/Middleware/TrustProxies->handle(Object(Illuminate/Http/Request), Object(Closure))
#53 D:/laravel/office/cioas/vendor/laravel/framework/src/Illuminate/Pipeline/Pipeline.php(119): Illuminate/Pipeline/Pipeline->Illuminate/Pipeline/{closure}(Object(Illuminate/Http/Request))
#54 D:/laravel/office/cioas/vendor/laravel/framework/src/Illuminate/Foundation/Http/Kernel.php(175): Illuminate/Pipeline/Pipeline->then(Object(Closure))
#55 D:/laravel/office/cioas/vendor/laravel/framework/src/Illuminate/Foundation/Http/Kernel.php(144): Illuminate/Foundation/Http/Kernel->sendRequestThroughRouter(Object(Illuminate/Http/Request))
#56 D:/laravel/office/cioas/public/index.php(51): Illuminate/Foundation/Http/Kernel->handle(Object(Illuminate/Http/Request))
#57 D:/laravel/office/cioas/server.php(21): require_once('D://laravel//offi...')
#58 {main}

[previous exception] [object] (ErrorException(code: 0): Attempt to read property \"permanent_division\" on array at D:/laravel/office/cioas/storage/framework/views/286d2f91dc3a0890649958bf3891e1c6.php:178)
[stacktrace]
#0 D:/laravel/office/cioas/vendor/laravel/framework/src/Illuminate/Foundation/Bootstrap/HandleExceptions.php(255): Illuminate/Foundation/Bootstrap/HandleExceptions->handleError(2, 'Attempt to read...', 'D://laravel//offi...', 178)
#1 D:/laravel/office/cioas/storage/framework/views/286d2f91dc3a0890649958bf3891e1c6.php(178): Illuminate/Foundation/Bootstrap/HandleExceptions->Illuminate/Foundation/Bootstrap/{closure}(2, 'Attempt to read...', 'D://laravel//offi...', 178)
#2 D:/laravel/office/cioas/vendor/laravel/framework/src/Illuminate/Filesystem/Filesystem.php(123): require('D://laravel//offi...')
#3 D:/laravel/office/cioas/vendor/laravel/framework/src/Illuminate/Filesystem/Filesystem.php(124): Illuminate/Filesystem/Filesystem::Illuminate/Filesystem/{closure}()
#4 D:/laravel/office/cioas/vendor/laravel/framework/src/Illuminate/View/Engines/PhpEngine.php(58): Illuminate/Filesystem/Filesystem->getRequire('D://laravel//offi...', Array)
#5 D:/laravel/office/cioas/vendor/laravel/framework/src/Illuminate/View/Engines/CompilerEngine.php(72): Illuminate/View/Engines/PhpEngine->evaluatePath('D://laravel//offi...', Array)
#6 D:/laravel/office/cioas/vendor/laravel/framework/src/Illuminate/View/View.php(207): Illuminate/View/Engines/CompilerEngine->get('D://laravel//offi...', Array)
#7 D:/laravel/office/cioas/vendor/laravel/framework/src/Illuminate/View/View.php(190): Illuminate/View/View->getContents()
#8 D:/laravel/office/cioas/vendor/laravel/framework/src/Illuminate/View/View.php(159): Illuminate/View/View->renderContents()
#9 D:/laravel/office/cioas/storage/framework/views/539cc100aa3120664a2ccbace1b73a54.php(60): Illuminate/View/View->render()
#10 D:/laravel/office/cioas/vendor/laravel/framework/src/Illuminate/Filesystem/Filesystem.php(123): require('D://laravel//offi...')
#11 D:/laravel/office/cioas/vendor/laravel/framework/src/Illuminate/Filesystem/Filesystem.php(124): Illuminate/Filesystem/Filesystem::Illuminate/Filesystem/{closure}()
#12 D:/laravel/office/cioas/vendor/laravel/framework/src/Illuminate/View/Engines/PhpEngine.php(58): Illuminate/Filesystem/Filesystem->getRequire('D://laravel//offi...', Array)
#13 D:/laravel/office/cioas/vendor/laravel/framework/src/Illuminate/View/Engines/CompilerEngine.php(72): Illuminate/View/Engines/PhpEngine->evaluatePath('D://laravel//offi...', Array)
#14 D:/laravel/office/cioas/vendor/laravel/framework/src/Illuminate/View/View.php(207): Illuminate/View/Engines/CompilerEngine->get('D://laravel//offi...', Array)
#15 D:/laravel/office/cioas/vendor/laravel/framework/src/Illuminate/View/View.php(190): Illuminate/View/View->getContents()
#16 D:/laravel/office/cioas/vendor/laravel/framework/src/Illuminate/View/View.php(159): Illuminate/View/View->renderContents()
#17 D:/laravel/office/cioas/vendor/laravel/framework/src/Illuminate/Http/Response.php(69): Illuminate/View/View->render()
#18 D:/laravel/office/cioas/vendor/laravel/framework/src/Illuminate/Http/Response.php(35): Illuminate/Http/Response->setContent(Object(Illuminate/View/View))
#19 D:/laravel/office/cioas/vendor/laravel/framework/src/Illuminate/Routing/Router.php(918): Illuminate/Http/Response->__construct(Object(Illuminate/View/View), 200, Array)
#20 D:/laravel/office/cioas/vendor/laravel/framework/src/Illuminate/Routing/Router.php(885): Illuminate/Routing/Router::toResponse(Object(Illuminate/Http/Request), Object(Illuminate/View/View))
#21 D:/laravel/office/cioas/vendor/laravel/framework/src/Illuminate/Routing/Router.php(805): Illuminate/Routing/Router->prepareResponse(Object(Illuminate/Http/Request), Object(Illuminate/View/View))
#22 D:/laravel/office/cioas/vendor/laravel/framework/src/Illuminate/Pipeline/Pipeline.php(144): Illuminate/Routing/Router->Illuminate/Routing/{closure}(Object(Illuminate/Http/Request))
#23 D:/laravel/office/cioas/vendor/laravel/framework/src/Illuminate/Routing/Middleware/SubstituteBindings.php(50): Illuminate/Pipeline/Pipeline->Illuminate/Pipeline/{closure}(Object(Illuminate/Http/Request))
#24 D:/laravel/office/cioas/vendor/laravel/framework/src/Illuminate/Pipeline/Pipeline.php(183): Illuminate/Routing/Middleware/SubstituteBindings->handle(Object(Illuminate/Http/Request), Object(Closure))
#25 D:/laravel/office/cioas/vendor/laravel/framework/src/Illuminate/Auth/Middleware/Authenticate.php(57): Illuminate/Pipeline/Pipeline->Illuminate/Pipeline/{closure}(Object(Illuminate/Http/Request))
#26 D:/laravel/office/cioas/vendor/laravel/framework/src/Illuminate/Pipeline/Pipeline.php(183): Illuminate/Auth/Middleware/Authenticate->handle(Object(Illuminate/Http/Request), Object(Closure))
#27 D:/laravel/office/cioas/vendor/laravel/framework/src/Illuminate/Foundation/Http/Middleware/VerifyCsrfToken.php(78): Illuminate/Pipeline/Pipeline->Illuminate/Pipeline/{closure}(Object(Illuminate/Http/Request))
#28 D:/laravel/office/cioas/vendor/laravel/framework/src/Illuminate/Pipeline/Pipeline.php(183): Illuminate/Foundation/Http/Middleware/VerifyCsrfToken->handle(Object(Illuminate/Http/Request), Object(Closure))
#29 D:/laravel/office/cioas/vendor/laravel/framework/src/Illuminate/View/Middleware/ShareErrorsFromSession.php(49): Illuminate/Pipeline/Pipeline->Illuminate/Pipeline/{closure}(Object(Illuminate/Http/Request))
#30 D:/laravel/office/cioas/vendor/laravel/framework/src/Illuminate/Pipeline/Pipeline.php(183): Illuminate/View/Middleware/ShareErrorsFromSession->handle(Object(Illuminate/Http/Request), Object(Closure))
#31 D:/laravel/office/cioas/vendor/laravel/framework/src/Illuminate/Session/Middleware/StartSession.php(121): Illuminate/Pipeline/Pipeline->Illuminate/Pipeline/{closure}(Object(Illuminate/Http/Request))
#32 D:/laravel/office/cioas/vendor/laravel/framework/src/Illuminate/Session/Middleware/StartSession.php(64): Illuminate/Session/Middleware/StartSession->handleStatefulRequest(Object(Illuminate/Http/Request), Object(Illuminate/Session/Store), Object(Closure))
#33 D:/laravel/office/cioas/vendor/laravel/framework/src/Illuminate/Pipeline/Pipeline.php(183): Illuminate/Session/Middleware/StartSession->handle(Object(Illuminate/Http/Request), Object(Closure))
#34 D:/laravel/office/cioas/vendor/laravel/framework/src/Illuminate/Cookie/Middleware/AddQueuedCookiesToResponse.php(37): Illuminate/Pipeline/Pipeline->Illuminate/Pipeline/{closure}(Object(Illuminate/Http/Request))
#35 D:/laravel/office/cioas/vendor/laravel/framework/src/Illuminate/Pipeline/Pipeline.php(183): Illuminate/Cookie/Middleware/AddQueuedCookiesToResponse->handle(Object(Illuminate/Http/Request), Object(Closure))
#36 D:/laravel/office/cioas/vendor/laravel/framework/src/Illuminate/Cookie/Middleware/EncryptCookies.php(67): Illuminate/Pipeline/Pipeline->Illuminate/Pipeline/{closure}(Object(Illuminate/Http/Request))
#37 D:/laravel/office/cioas/vendor/laravel/framework/src/Illuminate/Pipeline/Pipeline.php(183): Illuminate/Cookie/Middleware/EncryptCookies->handle(Object(Illuminate/Http/Request), Object(Closure))
#38 D:/laravel/office/cioas/vendor/laravel/framework/src/Illuminate/Pipeline/Pipeline.php(119): Illuminate/Pipeline/Pipeline->Illuminate/Pipeline/{closure}(Object(Illuminate/Http/Request))
#39 D:/laravel/office/cioas/vendor/laravel/framework/src/Illuminate/Routing/Router.php(805): Illuminate/Pipeline/Pipeline->then(Object(Closure))
#40 D:/laravel/office/cioas/vendor/laravel/framework/src/Illuminate/Routing/Router.php(784): Illuminate/Routing/Router->runRouteWithinStack(Object(Illuminate/Routing/Route), Object(Illuminate/Http/Request))
#41 D:/laravel/office/cioas/vendor/laravel/framework/src/Illuminate/Routing/Router.php(748): Illuminate/Routing/Router->runRoute(Object(Illuminate/Http/Request), Object(Illuminate/Routing/Route))
#42 D:/laravel/office/cioas/vendor/laravel/framework/src/Illuminate/Routing/Router.php(737): Illuminate/Routing/Router->dispatchToRoute(Object(Illuminate/Http/Request))
#43 D:/laravel/office/cioas/vendor/laravel/framework/src/Illuminate/Foundation/Http/Kernel.php(200): Illuminate/Routing/Router->dispatch(Object(Illuminate/Http/Request))
#44 D:/laravel/office/cioas/vendor/laravel/framework/src/Illuminate/Pipeline/Pipeline.php(144): Illuminate/Foundation/Http/Kernel->Illuminate/Foundation/Http/{closure}(Object(Illuminate/Http/Request))
#45 D:/laravel/office/cioas/vendor/laravel/framework/src/Illuminate/Foundation/Http/Middleware/TransformsRequest.php(21): Illuminate/Pipeline/Pipeline->Illuminate/Pipeline/{closure}(Object(Illuminate/Http/Request))
#46 D:/laravel/office/cioas/vendor/laravel/framework/src/Illuminate/Foundation/Http/Middleware/ConvertEmptyStringsToNull.php(31): Illuminate/Foundation/Http/Middleware/TransformsRequest->handle(Object(Illuminate/Http/Request), Object(Closure))
#47 D:/laravel/office/cioas/vendor/laravel/framework/src/Illuminate/Pipeline/Pipeline.php(183): Illuminate/Foundation/Http/Middleware/ConvertEmptyStringsToNull->handle(Object(Illuminate/Http/Request), Object(Closure))
#48 D:/laravel/office/cioas/vendor/laravel/framework/src/Illuminate/Foundation/Http/Middleware/TransformsRequest.php(21): Illuminate/Pipeline/Pipeline->Illuminate/Pipeline/{closure}(Object(Illuminate/Http/Request))
#49 D:/laravel/office/cioas/vendor/laravel/framework/src/Illuminate/Foundation/Http/Middleware/TrimStrings.php(40): Illuminate/Foundation/Http/Middleware/TransformsRequest->handle(Object(Illuminate/Http/Request), Object(Closure))
#50 D:/laravel/office/cioas/vendor/laravel/framework/src/Illuminate/Pipeline/Pipeline.php(183): Illuminate/Foundation/Http/Middleware/TrimStrings->handle(Object(Illuminate/Http/Request), Object(Closure))
#51 D:/laravel/office/cioas/vendor/laravel/framework/src/Illuminate/Foundation/Http/Middleware/ValidatePostSize.php(27): Illuminate/Pipeline/Pipeline->Illuminate/Pipeline/{closure}(Object(Illuminate/Http/Request))
#52 D:/laravel/office/cioas/vendor/laravel/framework/src/Illuminate/Pipeline/Pipeline.php(183): Illuminate/Foundation/Http/Middleware/ValidatePostSize->handle(Object(Illuminate/Http/Request), Object(Closure))
#53 D:/laravel/office/cioas/vendor/laravel/framework/src/Illuminate/Foundation/Http/Middleware/PreventRequestsDuringMaintenance.php(99): Illuminate/Pipeline/Pipeline->Illuminate/Pipeline/{closure}(Object(Illuminate/Http/Request))
#54 D:/laravel/office/cioas/vendor/laravel/framework/src/Illuminate/Pipeline/Pipeline.php(183): Illuminate/Foundation/Http/Middleware/PreventRequestsDuringMaintenance->handle(Object(Illuminate/Http/Request), Object(Closure))
#55 D:/laravel/office/cioas/vendor/laravel/framework/src/Illuminate/Http/Middleware/TrustProxies.php(39): Illuminate/Pipeline/Pipeline->Illuminate/Pipeline/{closure}(Object(Illuminate/Http/Request))
#56 D:/laravel/office/cioas/vendor/laravel/framework/src/Illuminate/Pipeline/Pipeline.php(183): Illuminate/Http/Middleware/TrustProxies->handle(Object(Illuminate/Http/Request), Object(Closure))
#57 D:/laravel/office/cioas/vendor/laravel/framework/src/Illuminate/Pipeline/Pipeline.php(119): Illuminate/Pipeline/Pipeline->Illuminate/Pipeline/{closure}(Object(Illuminate/Http/Request))
#58 D:/laravel/office/cioas/vendor/laravel/framework/src/Illuminate/Foundation/Http/Kernel.php(175): Illuminate/Pipeline/Pipeline->then(Object(Closure))
#59 D:/laravel/office/cioas/vendor/laravel/framework/src/Illuminate/Foundation/Http/Kernel.php(144): Illuminate/Foundation/Http/Kernel->sendRequestThroughRouter(Object(Illuminate/Http/Request))
#60 D:/laravel/office/cioas/public/index.php(51): Illuminate/Foundation/Http/Kernel->handle(Object(Illuminate/Http/Request))
#61 D:/laravel/office/cioas/server.php(21): require_once('D://laravel//offi...')
#62 {main}
"} 
[2026-05-09 18:02:31] local.ERROR: Attempt to read property "rjsc_reg_no" on null (View: D:\laravel\office\cioas\resources\views\backend\pages\hotel-restaurant\forms\hotel-restaurant.blade.php) (View: D:\laravel\office\cioas\resources\views\backend\pages\hotel-restaurant\forms\hotel-restaurant.blade.php) {"userId":1,"exception":"[object] (Illuminate\\View\\ViewException(code: 0): Attempt to read property \"rjsc_reg_no\" on null (View: D:\\laravel\\office\\cioas\\resources\\views\\backend\\pages\\hotel-restaurant\\forms\\hotel-restaurant.blade.php) (View: D:\\laravel\\office\\cioas\\resources\\views\\backend\\pages\\hotel-restaurant\\forms\\hotel-restaurant.blade.php) at D:/laravel/office/cioas/storage/framework/views/12b4fe568ca09331914b5f804e25c8cb.php:57)
[stacktrace]
#0 D:/laravel/office/cioas/vendor/laravel/framework/src/Illuminate/View/Engines/PhpEngine.php(60): Illuminate/View/Engines/CompilerEngine->handleViewException(Object(Illuminate/View/ViewException), 1)
#1 D:/laravel/office/cioas/vendor/laravel/framework/src/Illuminate/View/Engines/CompilerEngine.php(72): Illuminate/View/Engines/PhpEngine->evaluatePath('D://laravel//offi...', Array)
#2 D:/laravel/office/cioas/vendor/laravel/framework/src/Illuminate/View/View.php(207): Illuminate/View/Engines/CompilerEngine->get('D://laravel//offi...', Array)
#3 D:/laravel/office/cioas/vendor/laravel/framework/src/Illuminate/View/View.php(190): Illuminate/View/View->getContents()
#4 D:/laravel/office/cioas/vendor/laravel/framework/src/Illuminate/View/View.php(159): Illuminate/View/View->renderContents()
#5 D:/laravel/office/cioas/vendor/laravel/framework/src/Illuminate/Http/Response.php(69): Illuminate/View/View->render()
#6 D:/laravel/office/cioas/vendor/laravel/framework/src/Illuminate/Http/Response.php(35): Illuminate/Http/Response->setContent(Object(Illuminate/View/View))
#7 D:/laravel/office/cioas/vendor/laravel/framework/src/Illuminate/Routing/Router.php(918): Illuminate/Http/Response->__construct(Object(Illuminate/View/View), 200, Array)
#8 D:/laravel/office/cioas/vendor/laravel/framework/src/Illuminate/Routing/Router.php(885): Illuminate/Routing/Router::toResponse(Object(Illuminate/Http/Request), Object(Illuminate/View/View))
#9 D:/laravel/office/cioas/vendor/laravel/framework/src/Illuminate/Routing/Router.php(805): Illuminate/Routing/Router->prepareResponse(Object(Illuminate/Http/Request), Object(Illuminate/View/View))
#10 D:/laravel/office/cioas/vendor/laravel/framework/src/Illuminate/Pipeline/Pipeline.php(144): Illuminate/Routing/Router->Illuminate/Routing/{closure}(Object(Illuminate/Http/Request))
#11 D:/laravel/office/cioas/vendor/laravel/framework/src/Illuminate/Routing/Middleware/SubstituteBindings.php(50): Illuminate/Pipeline/Pipeline->Illuminate/Pipeline/{closure}(Object(Illuminate/Http/Request))
#12 D:/laravel/office/cioas/vendor/laravel/framework/src/Illuminate/Pipeline/Pipeline.php(183): Illuminate/Routing/Middleware/SubstituteBindings->handle(Object(Illuminate/Http/Request), Object(Closure))
#13 D:/laravel/office/cioas/vendor/laravel/framework/src/Illuminate/Auth/Middleware/Authenticate.php(57): Illuminate/Pipeline/Pipeline->Illuminate/Pipeline/{closure}(Object(Illuminate/Http/Request))
#14 D:/laravel/office/cioas/vendor/laravel/framework/src/Illuminate/Pipeline/Pipeline.php(183): Illuminate/Auth/Middleware/Authenticate->handle(Object(Illuminate/Http/Request), Object(Closure))
#15 D:/laravel/office/cioas/vendor/laravel/framework/src/Illuminate/Foundation/Http/Middleware/VerifyCsrfToken.php(78): Illuminate/Pipeline/Pipeline->Illuminate/Pipeline/{closure}(Object(Illuminate/Http/Request))
#16 D:/laravel/office/cioas/vendor/laravel/framework/src/Illuminate/Pipeline/Pipeline.php(183): Illuminate/Foundation/Http/Middleware/VerifyCsrfToken->handle(Object(Illuminate/Http/Request), Object(Closure))
#17 D:/laravel/office/cioas/vendor/laravel/framework/src/Illuminate/View/Middleware/ShareErrorsFromSession.php(49): Illuminate/Pipeline/Pipeline->Illuminate/Pipeline/{closure}(Object(Illuminate/Http/Request))
#18 D:/laravel/office/cioas/vendor/laravel/framework/src/Illuminate/Pipeline/Pipeline.php(183): Illuminate/View/Middleware/ShareErrorsFromSession->handle(Object(Illuminate/Http/Request), Object(Closure))
#19 D:/laravel/office/cioas/vendor/laravel/framework/src/Illuminate/Session/Middleware/StartSession.php(121): Illuminate/Pipeline/Pipeline->Illuminate/Pipeline/{closure}(Object(Illuminate/Http/Request))
#20 D:/laravel/office/cioas/vendor/laravel/framework/src/Illuminate/Session/Middleware/StartSession.php(64): Illuminate/Session/Middleware/StartSession->handleStatefulRequest(Object(Illuminate/Http/Request), Object(Illuminate/Session/Store), Object(Closure))
#21 D:/laravel/office/cioas/vendor/laravel/framework/src/Illuminate/Pipeline/Pipeline.php(183): Illuminate/Session/Middleware/StartSession->handle(Object(Illuminate/Http/Request), Object(Closure))
#22 D:/laravel/office/cioas/vendor/laravel/framework/src/Illuminate/Cookie/Middleware/AddQueuedCookiesToResponse.php(37): Illuminate/Pipeline/Pipeline->Illuminate/Pipeline/{closure}(Object(Illuminate/Http/Request))
#23 D:/laravel/office/cioas/vendor/laravel/framework/src/Illuminate/Pipeline/Pipeline.php(183): Illuminate/Cookie/Middleware/AddQueuedCookiesToResponse->handle(Object(Illuminate/Http/Request), Object(Closure))
#24 D:/laravel/office/cioas/vendor/laravel/framework/src/Illuminate/Cookie/Middleware/EncryptCookies.php(67): Illuminate/Pipeline/Pipeline->Illuminate/Pipeline/{closure}(Object(Illuminate/Http/Request))
#25 D:/laravel/office/cioas/vendor/laravel/framework/src/Illuminate/Pipeline/Pipeline.php(183): Illuminate/Cookie/Middleware/EncryptCookies->handle(Object(Illuminate/Http/Request), Object(Closure))
#26 D:/laravel/office/cioas/vendor/laravel/framework/src/Illuminate/Pipeline/Pipeline.php(119): Illuminate/Pipeline/Pipeline->Illuminate/Pipeline/{closure}(Object(Illuminate/Http/Request))
#27 D:/laravel/office/cioas/vendor/laravel/framework/src/Illuminate/Routing/Router.php(805): Illuminate/Pipeline/Pipeline->then(Object(Closure))
#28 D:/laravel/office/cioas/vendor/laravel/framework/src/Illuminate/Routing/Router.php(784): Illuminate/Routing/Router->runRouteWithinStack(Object(Illuminate/Routing/Route), Object(Illuminate/Http/Request))
#29 D:/laravel/office/cioas/vendor/laravel/framework/src/Illuminate/Routing/Router.php(748): Illuminate/Routing/Router->runRoute(Object(Illuminate/Http/Request), Object(Illuminate/Routing/Route))
#30 D:/laravel/office/cioas/vendor/laravel/framework/src/Illuminate/Routing/Router.php(737): Illuminate/Routing/Router->dispatchToRoute(Object(Illuminate/Http/Request))
#31 D:/laravel/office/cioas/vendor/laravel/framework/src/Illuminate/Foundation/Http/Kernel.php(200): Illuminate/Routing/Router->dispatch(Object(Illuminate/Http/Request))
#32 D:/laravel/office/cioas/vendor/laravel/framework/src/Illuminate/Pipeline/Pipeline.php(144): Illuminate/Foundation/Http/Kernel->Illuminate/Foundation/Http/{closure}(Object(Illuminate/Http/Request))
#33 D:/laravel/office/cioas/vendor/laravel/framework/src/Illuminate/Foundation/Http/Middleware/TransformsRequest.php(21): Illuminate/Pipeline/Pipeline->Illuminate/Pipeline/{closure}(Object(Illuminate/Http/Request))
#34 D:/laravel/office/cioas/vendor/laravel/framework/src/Illuminate/Foundation/Http/Middleware/ConvertEmptyStringsToNull.php(31): Illuminate/Foundation/Http/Middleware/TransformsRequest->handle(Object(Illuminate/Http/Request), Object(Closure))
#35 D:/laravel/office/cioas/vendor/laravel/framework/src/Illuminate/Pipeline/Pipeline.php(183): Illuminate/Foundation/Http/Middleware/ConvertEmptyStringsToNull->handle(Object(Illuminate/Http/Request), Object(Closure))
#36 D:/laravel/office/cioas/vendor/laravel/framework/src/Illuminate/Foundation/Http/Middleware/TransformsRequest.php(21): Illuminate/Pipeline/Pipeline->Illuminate/Pipeline/{closure}(Object(Illuminate/Http/Request))
#37 D:/laravel/office/cioas/vendor/laravel/framework/src/Illuminate/Foundation/Http/Middleware/TrimStrings.php(40): Illuminate/Foundation/Http/Middleware/TransformsRequest->handle(Object(Illuminate/Http/Request), Object(Closure))
#38 D:/laravel/office/cioas/vendor/laravel/framework/src/Illuminate/Pipeline/Pipeline.php(183): Illuminate/Foundation/Http/Middleware/TrimStrings->handle(Object(Illuminate/Http/Request), Object(Closure))
#39 D:/laravel/office/cioas/vendor/laravel/framework/src/Illuminate/Foundation/Http/Middleware/ValidatePostSize.php(27): Illuminate/Pipeline/Pipeline->Illuminate/Pipeline/{closure}(Object(Illuminate/Http/Request))
#40 D:/laravel/office/cioas/vendor/laravel/framework/src/Illuminate/Pipeline/Pipeline.php(183): Illuminate/Foundation/Http/Middleware/ValidatePostSize->handle(Object(Illuminate/Http/Request), Object(Closure))
#41 D:/laravel/office/cioas/vendor/laravel/framework/src/Illuminate/Foundation/Http/Middleware/PreventRequestsDuringMaintenance.php(99): Illuminate/Pipeline/Pipeline->Illuminate/Pipeline/{closure}(Object(Illuminate/Http/Request))
#42 D:/laravel/office/cioas/vendor/laravel/framework/src/Illuminate/Pipeline/Pipeline.php(183): Illuminate/Foundation/Http/Middleware/PreventRequestsDuringMaintenance->handle(Object(Illuminate/Http/Request), Object(Closure))
#43 D:/laravel/office/cioas/vendor/laravel/framework/src/Illuminate/Http/Middleware/TrustProxies.php(39): Illuminate/Pipeline/Pipeline->Illuminate/Pipeline/{closure}(Object(Illuminate/Http/Request))
#44 D:/laravel/office/cioas/vendor/laravel/framework/src/Illuminate/Pipeline/Pipeline.php(183): Illuminate/Http/Middleware/TrustProxies->handle(Object(Illuminate/Http/Request), Object(Closure))
#45 D:/laravel/office/cioas/vendor/laravel/framework/src/Illuminate/Pipeline/Pipeline.php(119): Illuminate/Pipeline/Pipeline->Illuminate/Pipeline/{closure}(Object(Illuminate/Http/Request))
#46 D:/laravel/office/cioas/vendor/laravel/framework/src/Illuminate/Foundation/Http/Kernel.php(175): Illuminate/Pipeline/Pipeline->then(Object(Closure))
#47 D:/laravel/office/cioas/vendor/laravel/framework/src/Illuminate/Foundation/Http/Kernel.php(144): Illuminate/Foundation/Http/Kernel->sendRequestThroughRouter(Object(Illuminate/Http/Request))
#48 D:/laravel/office/cioas/public/index.php(51): Illuminate/Foundation/Http/Kernel->handle(Object(Illuminate/Http/Request))
#49 D:/laravel/office/cioas/server.php(21): require_once('D://laravel//offi...')
#50 {main}

[previous exception] [object] (Illuminate\\View\\ViewException(code: 0): Attempt to read property \"rjsc_reg_no\" on null (View: D:\\laravel\\office\\cioas\\resources\\views\\backend\\pages\\hotel-restaurant\\forms\\hotel-restaurant.blade.php) at D:/laravel/office/cioas/storage/framework/views/12b4fe568ca09331914b5f804e25c8cb.php:57)
[stacktrace]
#0 D:/laravel/office/cioas/vendor/laravel/framework/src/Illuminate/View/Engines/PhpEngine.php(60): Illuminate/View/Engines/CompilerEngine->handleViewException(Object(ErrorException), 3)
#1 D:/laravel/office/cioas/vendor/laravel/framework/src/Illuminate/View/Engines/CompilerEngine.php(72): Illuminate/View/Engines/PhpEngine->evaluatePath('D://laravel//offi...', Array)
#2 D:/laravel/office/cioas/vendor/laravel/framework/src/Illuminate/View/View.php(207): Illuminate/View/Engines/CompilerEngine->get('D://laravel//offi...', Array)
#3 D:/laravel/office/cioas/vendor/laravel/framework/src/Illuminate/View/View.php(190): Illuminate/View/View->getContents()
#4 D:/laravel/office/cioas/vendor/laravel/framework/src/Illuminate/View/View.php(159): Illuminate/View/View->renderContents()
#5 D:/laravel/office/cioas/storage/framework/views/a2dd4851b9dc6213640bdefe428525b8.php(43): Illuminate/View/View->render()
#6 D:/laravel/office/cioas/vendor/laravel/framework/src/Illuminate/Filesystem/Filesystem.php(123): require('D://laravel//offi...')
#7 D:/laravel/office/cioas/vendor/laravel/framework/src/Illuminate/Filesystem/Filesystem.php(124): Illuminate/Filesystem/Filesystem::Illuminate/Filesystem/{closure}()
#8 D:/laravel/office/cioas/vendor/laravel/framework/src/Illuminate/View/Engines/PhpEngine.php(58): Illuminate/Filesystem/Filesystem->getRequire('D://laravel//offi...', Array)
#9 D:/laravel/office/cioas/vendor/laravel/framework/src/Illuminate/View/Engines/CompilerEngine.php(72): Illuminate/View/Engines/PhpEngine->evaluatePath('D://laravel//offi...', Array)
#10 D:/laravel/office/cioas/vendor/laravel/framework/src/Illuminate/View/View.php(207): Illuminate/View/Engines/CompilerEngine->get('D://laravel//offi...', Array)
#11 D:/laravel/office/cioas/vendor/laravel/framework/src/Illuminate/View/View.php(190): Illuminate/View/View->getContents()
#12 D:/laravel/office/cioas/vendor/laravel/framework/src/Illuminate/View/View.php(159): Illuminate/View/View->renderContents()
#13 D:/laravel/office/cioas/vendor/laravel/framework/src/Illuminate/Http/Response.php(69): Illuminate/View/View->render()
#14 D:/laravel/office/cioas/vendor/laravel/framework/src/Illuminate/Http/Response.php(35): Illuminate/Http/Response->setContent(Object(Illuminate/View/View))
#15 D:/laravel/office/cioas/vendor/laravel/framework/src/Illuminate/Routing/Router.php(918): Illuminate/Http/Response->__construct(Object(Illuminate/View/View), 200, Array)
#16 D:/laravel/office/cioas/vendor/laravel/framework/src/Illuminate/Routing/Router.php(885): Illuminate/Routing/Router::toResponse(Object(Illuminate/Http/Request), Object(Illuminate/View/View))
#17 D:/laravel/office/cioas/vendor/laravel/framework/src/Illuminate/Routing/Router.php(805): Illuminate/Routing/Router->prepareResponse(Object(Illuminate/Http/Request), Object(Illuminate/View/View))
#18 D:/laravel/office/cioas/vendor/laravel/framework/src/Illuminate/Pipeline/Pipeline.php(144): Illuminate/Routing/Router->Illuminate/Routing/{closure}(Object(Illuminate/Http/Request))
#19 D:/laravel/office/cioas/vendor/laravel/framework/src/Illuminate/Routing/Middleware/SubstituteBindings.php(50): Illuminate/Pipeline/Pipeline->Illuminate/Pipeline/{closure}(Object(Illuminate/Http/Request))
#20 D:/laravel/office/cioas/vendor/laravel/framework/src/Illuminate/Pipeline/Pipeline.php(183): Illuminate/Routing/Middleware/SubstituteBindings->handle(Object(Illuminate/Http/Request), Object(Closure))
#21 D:/laravel/office/cioas/vendor/laravel/framework/src/Illuminate/Auth/Middleware/Authenticate.php(57): Illuminate/Pipeline/Pipeline->Illuminate/Pipeline/{closure}(Object(Illuminate/Http/Request))
#22 D:/laravel/office/cioas/vendor/laravel/framework/src/Illuminate/Pipeline/Pipeline.php(183): Illuminate/Auth/Middleware/Authenticate->handle(Object(Illuminate/Http/Request), Object(Closure))
#23 D:/laravel/office/cioas/vendor/laravel/framework/src/Illuminate/Foundation/Http/Middleware/VerifyCsrfToken.php(78): Illuminate/Pipeline/Pipeline->Illuminate/Pipeline/{closure}(Object(Illuminate/Http/Request))
#24 D:/laravel/office/cioas/vendor/laravel/framework/src/Illuminate/Pipeline/Pipeline.php(183): Illuminate/Foundation/Http/Middleware/VerifyCsrfToken->handle(Object(Illuminate/Http/Request), Object(Closure))
#25 D:/laravel/office/cioas/vendor/laravel/framework/src/Illuminate/View/Middleware/ShareErrorsFromSession.php(49): Illuminate/Pipeline/Pipeline->Illuminate/Pipeline/{closure}(Object(Illuminate/Http/Request))
#26 D:/laravel/office/cioas/vendor/laravel/framework/src/Illuminate/Pipeline/Pipeline.php(183): Illuminate/View/Middleware/ShareErrorsFromSession->handle(Object(Illuminate/Http/Request), Object(Closure))
#27 D:/laravel/office/cioas/vendor/laravel/framework/src/Illuminate/Session/Middleware/StartSession.php(121): Illuminate/Pipeline/Pipeline->Illuminate/Pipeline/{closure}(Object(Illuminate/Http/Request))
#28 D:/laravel/office/cioas/vendor/laravel/framework/src/Illuminate/Session/Middleware/StartSession.php(64): Illuminate/Session/Middleware/StartSession->handleStatefulRequest(Object(Illuminate/Http/Request), Object(Illuminate/Session/Store), Object(Closure))
#29 D:/laravel/office/cioas/vendor/laravel/framework/src/Illuminate/Pipeline/Pipeline.php(183): Illuminate/Session/Middleware/StartSession->handle(Object(Illuminate/Http/Request), Object(Closure))
#30 D:/laravel/office/cioas/vendor/laravel/framework/src/Illuminate/Cookie/Middleware/AddQueuedCookiesToResponse.php(37): Illuminate/Pipeline/Pipeline->Illuminate/Pipeline/{closure}(Object(Illuminate/Http/Request))
#31 D:/laravel/office/cioas/vendor/laravel/framework/src/Illuminate/Pipeline/Pipeline.php(183): Illuminate/Cookie/Middleware/AddQueuedCookiesToResponse->handle(Object(Illuminate/Http/Request), Object(Closure))
#32 D:/laravel/office/cioas/vendor/laravel/framework/src/Illuminate/Cookie/Middleware/EncryptCookies.php(67): Illuminate/Pipeline/Pipeline->Illuminate/Pipeline/{closure}(Object(Illuminate/Http/Request))
#33 D:/laravel/office/cioas/vendor/laravel/framework/src/Illuminate/Pipeline/Pipeline.php(183): Illuminate/Cookie/Middleware/EncryptCookies->handle(Object(Illuminate/Http/Request), Object(Closure))
#34 D:/laravel/office/cioas/vendor/laravel/framework/src/Illuminate/Pipeline/Pipeline.php(119): Illuminate/Pipeline/Pipeline->Illuminate/Pipeline/{closure}(Object(Illuminate/Http/Request))
#35 D:/laravel/office/cioas/vendor/laravel/framework/src/Illuminate/Routing/Router.php(805): Illuminate/Pipeline/Pipeline->then(Object(Closure))
#36 D:/laravel/office/cioas/vendor/laravel/framework/src/Illuminate/Routing/Router.php(784): Illuminate/Routing/Router->runRouteWithinStack(Object(Illuminate/Routing/Route), Object(Illuminate/Http/Request))
#37 D:/laravel/office/cioas/vendor/laravel/framework/src/Illuminate/Routing/Router.php(748): Illuminate/Routing/Router->runRoute(Object(Illuminate/Http/Request), Object(Illuminate/Routing/Route))
#38 D:/laravel/office/cioas/vendor/laravel/framework/src/Illuminate/Routing/Router.php(737): Illuminate/Routing/Router->dispatchToRoute(Object(Illuminate/Http/Request))
#39 D:/laravel/office/cioas/vendor/laravel/framework/src/Illuminate/Foundation/Http/Kernel.php(200): Illuminate/Routing/Router->dispatch(Object(Illuminate/Http/Request))
#40 D:/laravel/office/cioas/vendor/laravel/framework/src/Illuminate/Pipeline/Pipeline.php(144): Illuminate/Foundation/Http/Kernel->Illuminate/Foundation/Http/{closure}(Object(Illuminate/Http/Request))
#41 D:/laravel/office/cioas/vendor/laravel/framework/src/Illuminate/Foundation/Http/Middleware/TransformsRequest.php(21): Illuminate/Pipeline/Pipeline->Illuminate/Pipeline/{closure}(Object(Illuminate/Http/Request))
#42 D:/laravel/office/cioas/vendor/laravel/framework/src/Illuminate/Foundation/Http/Middleware/ConvertEmptyStringsToNull.php(31): Illuminate/Foundation/Http/Middleware/TransformsRequest->handle(Object(Illuminate/Http/Request), Object(Closure))
#43 D:/laravel/office/cioas/vendor/laravel/framework/src/Illuminate/Pipeline/Pipeline.php(183): Illuminate/Foundation/Http/Middleware/ConvertEmptyStringsToNull->handle(Object(Illuminate/Http/Request), Object(Closure))
#44 D:/laravel/office/cioas/vendor/laravel/framework/src/Illuminate/Foundation/Http/Middleware/TransformsRequest.php(21): Illuminate/Pipeline/Pipeline->Illuminate/Pipeline/{closure}(Object(Illuminate/Http/Request))
#45 D:/laravel/office/cioas/vendor/laravel/framework/src/Illuminate/Foundation/Http/Middleware/TrimStrings.php(40): Illuminate/Foundation/Http/Middleware/TransformsRequest->handle(Object(Illuminate/Http/Request), Object(Closure))
#46 D:/laravel/office/cioas/vendor/laravel/framework/src/Illuminate/Pipeline/Pipeline.php(183): Illuminate/Foundation/Http/Middleware/TrimStrings->handle(Object(Illuminate/Http/Request), Object(Closure))
#47 D:/laravel/office/cioas/vendor/laravel/framework/src/Illuminate/Foundation/Http/Middleware/ValidatePostSize.php(27): Illuminate/Pipeline/Pipeline->Illuminate/Pipeline/{closure}(Object(Illuminate/Http/Request))
#48 D:/laravel/office/cioas/vendor/laravel/framework/src/Illuminate/Pipeline/Pipeline.php(183): Illuminate/Foundation/Http/Middleware/ValidatePostSize->handle(Object(Illuminate/Http/Request), Object(Closure))
#49 D:/laravel/office/cioas/vendor/laravel/framework/src/Illuminate/Foundation/Http/Middleware/PreventRequestsDuringMaintenance.php(99): Illuminate/Pipeline/Pipeline->Illuminate/Pipeline/{closure}(Object(Illuminate/Http/Request))
#50 D:/laravel/office/cioas/vendor/laravel/framework/src/Illuminate/Pipeline/Pipeline.php(183): Illuminate/Foundation/Http/Middleware/PreventRequestsDuringMaintenance->handle(Object(Illuminate/Http/Request), Object(Closure))
#51 D:/laravel/office/cioas/vendor/laravel/framework/src/Illuminate/Http/Middleware/TrustProxies.php(39): Illuminate/Pipeline/Pipeline->Illuminate/Pipeline/{closure}(Object(Illuminate/Http/Request))
#52 D:/laravel/office/cioas/vendor/laravel/framework/src/Illuminate/Pipeline/Pipeline.php(183): Illuminate/Http/Middleware/TrustProxies->handle(Object(Illuminate/Http/Request), Object(Closure))
#53 D:/laravel/office/cioas/vendor/laravel/framework/src/Illuminate/Pipeline/Pipeline.php(119): Illuminate/Pipeline/Pipeline->Illuminate/Pipeline/{closure}(Object(Illuminate/Http/Request))
#54 D:/laravel/office/cioas/vendor/laravel/framework/src/Illuminate/Foundation/Http/Kernel.php(175): Illuminate/Pipeline/Pipeline->then(Object(Closure))
#55 D:/laravel/office/cioas/vendor/laravel/framework/src/Illuminate/Foundation/Http/Kernel.php(144): Illuminate/Foundation/Http/Kernel->sendRequestThroughRouter(Object(Illuminate/Http/Request))
#56 D:/laravel/office/cioas/public/index.php(51): Illuminate/Foundation/Http/Kernel->handle(Object(Illuminate/Http/Request))
#57 D:/laravel/office/cioas/server.php(21): require_once('D://laravel//offi...')
#58 {main}

[previous exception] [object] (ErrorException(code: 0): Attempt to read property \"rjsc_reg_no\" on null at D:/laravel/office/cioas/storage/framework/views/12b4fe568ca09331914b5f804e25c8cb.php:57)
[stacktrace]
#0 D:/laravel/office/cioas/vendor/laravel/framework/src/Illuminate/Foundation/Bootstrap/HandleExceptions.php(255): Illuminate/Foundation/Bootstrap/HandleExceptions->handleError(2, 'Attempt to read...', 'D://laravel//offi...', 57)
#1 D:/laravel/office/cioas/storage/framework/views/12b4fe568ca09331914b5f804e25c8cb.php(57): Illuminate/Foundation/Bootstrap/HandleExceptions->Illuminate/Foundation/Bootstrap/{closure}(2, 'Attempt to read...', 'D://laravel//offi...', 57)
#2 D:/laravel/office/cioas/vendor/laravel/framework/src/Illuminate/Filesystem/Filesystem.php(123): require('D://laravel//offi...')
#3 D:/laravel/office/cioas/vendor/laravel/framework/src/Illuminate/Filesystem/Filesystem.php(124): Illuminate/Filesystem/Filesystem::Illuminate/Filesystem/{closure}()
#4 D:/laravel/office/cioas/vendor/laravel/framework/src/Illuminate/View/Engines/PhpEngine.php(58): Illuminate/Filesystem/Filesystem->getRequire('D://laravel//offi...', Array)
#5 D:/laravel/office/cioas/vendor/laravel/framework/src/Illuminate/View/Engines/CompilerEngine.php(72): Illuminate/View/Engines/PhpEngine->evaluatePath('D://laravel//offi...', Array)
#6 D:/laravel/office/cioas/vendor/laravel/framework/src/Illuminate/View/View.php(207): Illuminate/View/Engines/CompilerEngine->get('D://laravel//offi...', Array)
#7 D:/laravel/office/cioas/vendor/laravel/framework/src/Illuminate/View/View.php(190): Illuminate/View/View->getContents()
#8 D:/laravel/office/cioas/vendor/laravel/framework/src/Illuminate/View/View.php(159): Illuminate/View/View->renderContents()
#9 D:/laravel/office/cioas/storage/framework/views/a2dd4851b9dc6213640bdefe428525b8.php(43): Illuminate/View/View->render()
#10 D:/laravel/office/cioas/vendor/laravel/framework/src/Illuminate/Filesystem/Filesystem.php(123): require('D://laravel//offi...')
#11 D:/laravel/office/cioas/vendor/laravel/framework/src/Illuminate/Filesystem/Filesystem.php(124): Illuminate/Filesystem/Filesystem::Illuminate/Filesystem/{closure}()
#12 D:/laravel/office/cioas/vendor/laravel/framework/src/Illuminate/View/Engines/PhpEngine.php(58): Illuminate/Filesystem/Filesystem->getRequire('D://laravel//offi...', Array)
#13 D:/laravel/office/cioas/vendor/laravel/framework/src/Illuminate/View/Engines/CompilerEngine.php(72): Illuminate/View/Engines/PhpEngine->evaluatePath('D://laravel//offi...', Array)
#14 D:/laravel/office/cioas/vendor/laravel/framework/src/Illuminate/View/View.php(207): Illuminate/View/Engines/CompilerEngine->get('D://laravel//offi...', Array)
#15 D:/laravel/office/cioas/vendor/laravel/framework/src/Illuminate/View/View.php(190): Illuminate/View/View->getContents()
#16 D:/laravel/office/cioas/vendor/laravel/framework/src/Illuminate/View/View.php(159): Illuminate/View/View->renderContents()
#17 D:/laravel/office/cioas/vendor/laravel/framework/src/Illuminate/Http/Response.php(69): Illuminate/View/View->render()
#18 D:/laravel/office/cioas/vendor/laravel/framework/src/Illuminate/Http/Response.php(35): Illuminate/Http/Response->setContent(Object(Illuminate/View/View))
#19 D:/laravel/office/cioas/vendor/laravel/framework/src/Illuminate/Routing/Router.php(918): Illuminate/Http/Response->__construct(Object(Illuminate/View/View), 200, Array)
#20 D:/laravel/office/cioas/vendor/laravel/framework/src/Illuminate/Routing/Router.php(885): Illuminate/Routing/Router::toResponse(Object(Illuminate/Http/Request), Object(Illuminate/View/View))
#21 D:/laravel/office/cioas/vendor/laravel/framework/src/Illuminate/Routing/Router.php(805): Illuminate/Routing/Router->prepareResponse(Object(Illuminate/Http/Request), Object(Illuminate/View/View))
#22 D:/laravel/office/cioas/vendor/laravel/framework/src/Illuminate/Pipeline/Pipeline.php(144): Illuminate/Routing/Router->Illuminate/Routing/{closure}(Object(Illuminate/Http/Request))
#23 D:/laravel/office/cioas/vendor/laravel/framework/src/Illuminate/Routing/Middleware/SubstituteBindings.php(50): Illuminate/Pipeline/Pipeline->Illuminate/Pipeline/{closure}(Object(Illuminate/Http/Request))
#24 D:/laravel/office/cioas/vendor/laravel/framework/src/Illuminate/Pipeline/Pipeline.php(183): Illuminate/Routing/Middleware/SubstituteBindings->handle(Object(Illuminate/Http/Request), Object(Closure))
#25 D:/laravel/office/cioas/vendor/laravel/framework/src/Illuminate/Auth/Middleware/Authenticate.php(57): Illuminate/Pipeline/Pipeline->Illuminate/Pipeline/{closure}(Object(Illuminate/Http/Request))
#26 D:/laravel/office/cioas/vendor/laravel/framework/src/Illuminate/Pipeline/Pipeline.php(183): Illuminate/Auth/Middleware/Authenticate->handle(Object(Illuminate/Http/Request), Object(Closure))
#27 D:/laravel/office/cioas/vendor/laravel/framework/src/Illuminate/Foundation/Http/Middleware/VerifyCsrfToken.php(78): Illuminate/Pipeline/Pipeline->Illuminate/Pipeline/{closure}(Object(Illuminate/Http/Request))
#28 D:/laravel/office/cioas/vendor/laravel/framework/src/Illuminate/Pipeline/Pipeline.php(183): Illuminate/Foundation/Http/Middleware/VerifyCsrfToken->handle(Object(Illuminate/Http/Request), Object(Closure))
#29 D:/laravel/office/cioas/vendor/laravel/framework/src/Illuminate/View/Middleware/ShareErrorsFromSession.php(49): Illuminate/Pipeline/Pipeline->Illuminate/Pipeline/{closure}(Object(Illuminate/Http/Request))
#30 D:/laravel/office/cioas/vendor/laravel/framework/src/Illuminate/Pipeline/Pipeline.php(183): Illuminate/View/Middleware/ShareErrorsFromSession->handle(Object(Illuminate/Http/Request), Object(Closure))
#31 D:/laravel/office/cioas/vendor/laravel/framework/src/Illuminate/Session/Middleware/StartSession.php(121): Illuminate/Pipeline/Pipeline->Illuminate/Pipeline/{closure}(Object(Illuminate/Http/Request))
#32 D:/laravel/office/cioas/vendor/laravel/framework/src/Illuminate/Session/Middleware/StartSession.php(64): Illuminate/Session/Middleware/StartSession->handleStatefulRequest(Object(Illuminate/Http/Request), Object(Illuminate/Session/Store), Object(Closure))
#33 D:/laravel/office/cioas/vendor/laravel/framework/src/Illuminate/Pipeline/Pipeline.php(183): Illuminate/Session/Middleware/StartSession->handle(Object(Illuminate/Http/Request), Object(Closure))
#34 D:/laravel/office/cioas/vendor/laravel/framework/src/Illuminate/Cookie/Middleware/AddQueuedCookiesToResponse.php(37): Illuminate/Pipeline/Pipeline->Illuminate/Pipeline/{closure}(Object(Illuminate/Http/Request))
#35 D:/laravel/office/cioas/vendor/laravel/framework/src/Illuminate/Pipeline/Pipeline.php(183): Illuminate/Cookie/Middleware/AddQueuedCookiesToResponse->handle(Object(Illuminate/Http/Request), Object(Closure))
#36 D:/laravel/office/cioas/vendor/laravel/framework/src/Illuminate/Cookie/Middleware/EncryptCookies.php(67): Illuminate/Pipeline/Pipeline->Illuminate/Pipeline/{closure}(Object(Illuminate/Http/Request))
#37 D:/laravel/office/cioas/vendor/laravel/framework/src/Illuminate/Pipeline/Pipeline.php(183): Illuminate/Cookie/Middleware/EncryptCookies->handle(Object(Illuminate/Http/Request), Object(Closure))
#38 D:/laravel/office/cioas/vendor/laravel/framework/src/Illuminate/Pipeline/Pipeline.php(119): Illuminate/Pipeline/Pipeline->Illuminate/Pipeline/{closure}(Object(Illuminate/Http/Request))
#39 D:/laravel/office/cioas/vendor/laravel/framework/src/Illuminate/Routing/Router.php(805): Illuminate/Pipeline/Pipeline->then(Object(Closure))
#40 D:/laravel/office/cioas/vendor/laravel/framework/src/Illuminate/Routing/Router.php(784): Illuminate/Routing/Router->runRouteWithinStack(Object(Illuminate/Routing/Route), Object(Illuminate/Http/Request))
#41 D:/laravel/office/cioas/vendor/laravel/framework/src/Illuminate/Routing/Router.php(748): Illuminate/Routing/Router->runRoute(Object(Illuminate/Http/Request), Object(Illuminate/Routing/Route))
#42 D:/laravel/office/cioas/vendor/laravel/framework/src/Illuminate/Routing/Router.php(737): Illuminate/Routing/Router->dispatchToRoute(Object(Illuminate/Http/Request))
#43 D:/laravel/office/cioas/vendor/laravel/framework/src/Illuminate/Foundation/Http/Kernel.php(200): Illuminate/Routing/Router->dispatch(Object(Illuminate/Http/Request))
#44 D:/laravel/office/cioas/vendor/laravel/framework/src/Illuminate/Pipeline/Pipeline.php(144): Illuminate/Foundation/Http/Kernel->Illuminate/Foundation/Http/{closure}(Object(Illuminate/Http/Request))
#45 D:/laravel/office/cioas/vendor/laravel/framework/src/Illuminate/Foundation/Http/Middleware/TransformsRequest.php(21): Illuminate/Pipeline/Pipeline->Illuminate/Pipeline/{closure}(Object(Illuminate/Http/Request))
#46 D:/laravel/office/cioas/vendor/laravel/framework/src/Illuminate/Foundation/Http/Middleware/ConvertEmptyStringsToNull.php(31): Illuminate/Foundation/Http/Middleware/TransformsRequest->handle(Object(Illuminate/Http/Request), Object(Closure))
#47 D:/laravel/office/cioas/vendor/laravel/framework/src/Illuminate/Pipeline/Pipeline.php(183): Illuminate/Foundation/Http/Middleware/ConvertEmptyStringsToNull->handle(Object(Illuminate/Http/Request), Object(Closure))
#48 D:/laravel/office/cioas/vendor/laravel/framework/src/Illuminate/Foundation/Http/Middleware/TransformsRequest.php(21): Illuminate/Pipeline/Pipeline->Illuminate/Pipeline/{closure}(Object(Illuminate/Http/Request))
#49 D:/laravel/office/cioas/vendor/laravel/framework/src/Illuminate/Foundation/Http/Middleware/TrimStrings.php(40): Illuminate/Foundation/Http/Middleware/TransformsRequest->handle(Object(Illuminate/Http/Request), Object(Closure))
#50 D:/laravel/office/cioas/vendor/laravel/framework/src/Illuminate/Pipeline/Pipeline.php(183): Illuminate/Foundation/Http/Middleware/TrimStrings->handle(Object(Illuminate/Http/Request), Object(Closure))
#51 D:/laravel/office/cioas/vendor/laravel/framework/src/Illuminate/Foundation/Http/Middleware/ValidatePostSize.php(27): Illuminate/Pipeline/Pipeline->Illuminate/Pipeline/{closure}(Object(Illuminate/Http/Request))
#52 D:/laravel/office/cioas/vendor/laravel/framework/src/Illuminate/Pipeline/Pipeline.php(183): Illuminate/Foundation/Http/Middleware/ValidatePostSize->handle(Object(Illuminate/Http/Request), Object(Closure))
#53 D:/laravel/office/cioas/vendor/laravel/framework/src/Illuminate/Foundation/Http/Middleware/PreventRequestsDuringMaintenance.php(99): Illuminate/Pipeline/Pipeline->Illuminate/Pipeline/{closure}(Object(Illuminate/Http/Request))
#54 D:/laravel/office/cioas/vendor/laravel/framework/src/Illuminate/Pipeline/Pipeline.php(183): Illuminate/Foundation/Http/Middleware/PreventRequestsDuringMaintenance->handle(Object(Illuminate/Http/Request), Object(Closure))
#55 D:/laravel/office/cioas/vendor/laravel/framework/src/Illuminate/Http/Middleware/TrustProxies.php(39): Illuminate/Pipeline/Pipeline->Illuminate/Pipeline/{closure}(Object(Illuminate/Http/Request))
#56 D:/laravel/office/cioas/vendor/laravel/framework/src/Illuminate/Pipeline/Pipeline.php(183): Illuminate/Http/Middleware/TrustProxies->handle(Object(Illuminate/Http/Request), Object(Closure))
#57 D:/laravel/office/cioas/vendor/laravel/framework/src/Illuminate/Pipeline/Pipeline.php(119): Illuminate/Pipeline/Pipeline->Illuminate/Pipeline/{closure}(Object(Illuminate/Http/Request))
#58 D:/laravel/office/cioas/vendor/laravel/framework/src/Illuminate/Foundation/Http/Kernel.php(175): Illuminate/Pipeline/Pipeline->then(Object(Closure))
#59 D:/laravel/office/cioas/vendor/laravel/framework/src/Illuminate/Foundation/Http/Kernel.php(144): Illuminate/Foundation/Http/Kernel->sendRequestThroughRouter(Object(Illuminate/Http/Request))
#60 D:/laravel/office/cioas/public/index.php(51): Illuminate/Foundation/Http/Kernel->handle(Object(Illuminate/Http/Request))
#61 D:/laravel/office/cioas/server.php(21): require_once('D://laravel//offi...')
#62 {main}
"} 
[2026-05-09 18:02:38] local.ERROR: Attempt to read property "rjsc_reg_no" on null (View: D:\laravel\office\cioas\resources\views\backend\pages\hotel-restaurant\forms\hotel-restaurant.blade.php) (View: D:\laravel\office\cioas\resources\views\backend\pages\hotel-restaurant\forms\hotel-restaurant.blade.php) {"userId":1,"exception":"[object] (Illuminate\\View\\ViewException(code: 0): Attempt to read property \"rjsc_reg_no\" on null (View: D:\\laravel\\office\\cioas\\resources\\views\\backend\\pages\\hotel-restaurant\\forms\\hotel-restaurant.blade.php) (View: D:\\laravel\\office\\cioas\\resources\\views\\backend\\pages\\hotel-restaurant\\forms\\hotel-restaurant.blade.php) at D:/laravel/office/cioas/storage/framework/views/12b4fe568ca09331914b5f804e25c8cb.php:57)
[stacktrace]
#0 D:/laravel/office/cioas/vendor/laravel/framework/src/Illuminate/View/Engines/PhpEngine.php(60): Illuminate/View/Engines/CompilerEngine->handleViewException(Object(Illuminate/View/ViewException), 1)
#1 D:/laravel/office/cioas/vendor/laravel/framework/src/Illuminate/View/Engines/CompilerEngine.php(72): Illuminate/View/Engines/PhpEngine->evaluatePath('D://laravel//offi...', Array)
#2 D:/laravel/office/cioas/vendor/laravel/framework/src/Illuminate/View/View.php(207): Illuminate/View/Engines/CompilerEngine->get('D://laravel//offi...', Array)
#3 D:/laravel/office/cioas/vendor/laravel/framework/src/Illuminate/View/View.php(190): Illuminate/View/View->getContents()
#4 D:/laravel/office/cioas/vendor/laravel/framework/src/Illuminate/View/View.php(159): Illuminate/View/View->renderContents()
#5 D:/laravel/office/cioas/vendor/laravel/framework/src/Illuminate/Http/Response.php(69): Illuminate/View/View->render()
#6 D:/laravel/office/cioas/vendor/laravel/framework/src/Illuminate/Http/Response.php(35): Illuminate/Http/Response->setContent(Object(Illuminate/View/View))
#7 D:/laravel/office/cioas/vendor/laravel/framework/src/Illuminate/Routing/Router.php(918): Illuminate/Http/Response->__construct(Object(Illuminate/View/View), 200, Array)
#8 D:/laravel/office/cioas/vendor/laravel/framework/src/Illuminate/Routing/Router.php(885): Illuminate/Routing/Router::toResponse(Object(Illuminate/Http/Request), Object(Illuminate/View/View))
#9 D:/laravel/office/cioas/vendor/laravel/framework/src/Illuminate/Routing/Router.php(805): Illuminate/Routing/Router->prepareResponse(Object(Illuminate/Http/Request), Object(Illuminate/View/View))
#10 D:/laravel/office/cioas/vendor/laravel/framework/src/Illuminate/Pipeline/Pipeline.php(144): Illuminate/Routing/Router->Illuminate/Routing/{closure}(Object(Illuminate/Http/Request))
#11 D:/laravel/office/cioas/vendor/laravel/framework/src/Illuminate/Routing/Middleware/SubstituteBindings.php(50): Illuminate/Pipeline/Pipeline->Illuminate/Pipeline/{closure}(Object(Illuminate/Http/Request))
#12 D:/laravel/office/cioas/vendor/laravel/framework/src/Illuminate/Pipeline/Pipeline.php(183): Illuminate/Routing/Middleware/SubstituteBindings->handle(Object(Illuminate/Http/Request), Object(Closure))
#13 D:/laravel/office/cioas/vendor/laravel/framework/src/Illuminate/Auth/Middleware/Authenticate.php(57): Illuminate/Pipeline/Pipeline->Illuminate/Pipeline/{closure}(Object(Illuminate/Http/Request))
#14 D:/laravel/office/cioas/vendor/laravel/framework/src/Illuminate/Pipeline/Pipeline.php(183): Illuminate/Auth/Middleware/Authenticate->handle(Object(Illuminate/Http/Request), Object(Closure))
#15 D:/laravel/office/cioas/vendor/laravel/framework/src/Illuminate/Foundation/Http/Middleware/VerifyCsrfToken.php(78): Illuminate/Pipeline/Pipeline->Illuminate/Pipeline/{closure}(Object(Illuminate/Http/Request))
#16 D:/laravel/office/cioas/vendor/laravel/framework/src/Illuminate/Pipeline/Pipeline.php(183): Illuminate/Foundation/Http/Middleware/VerifyCsrfToken->handle(Object(Illuminate/Http/Request), Object(Closure))
#17 D:/laravel/office/cioas/vendor/laravel/framework/src/Illuminate/View/Middleware/ShareErrorsFromSession.php(49): Illuminate/Pipeline/Pipeline->Illuminate/Pipeline/{closure}(Object(Illuminate/Http/Request))
#18 D:/laravel/office/cioas/vendor/laravel/framework/src/Illuminate/Pipeline/Pipeline.php(183): Illuminate/View/Middleware/ShareErrorsFromSession->handle(Object(Illuminate/Http/Request), Object(Closure))
#19 D:/laravel/office/cioas/vendor/laravel/framework/src/Illuminate/Session/Middleware/StartSession.php(121): Illuminate/Pipeline/Pipeline->Illuminate/Pipeline/{closure}(Object(Illuminate/Http/Request))
#20 D:/laravel/office/cioas/vendor/laravel/framework/src/Illuminate/Session/Middleware/StartSession.php(64): Illuminate/Session/Middleware/StartSession->handleStatefulRequest(Object(Illuminate/Http/Request), Object(Illuminate/Session/Store), Object(Closure))
#21 D:/laravel/office/cioas/vendor/laravel/framework/src/Illuminate/Pipeline/Pipeline.php(183): Illuminate/Session/Middleware/StartSession->handle(Object(Illuminate/Http/Request), Object(Closure))
#22 D:/laravel/office/cioas/vendor/laravel/framework/src/Illuminate/Cookie/Middleware/AddQueuedCookiesToResponse.php(37): Illuminate/Pipeline/Pipeline->Illuminate/Pipeline/{closure}(Object(Illuminate/Http/Request))
#23 D:/laravel/office/cioas/vendor/laravel/framework/src/Illuminate/Pipeline/Pipeline.php(183): Illuminate/Cookie/Middleware/AddQueuedCookiesToResponse->handle(Object(Illuminate/Http/Request), Object(Closure))
#24 D:/laravel/office/cioas/vendor/laravel/framework/src/Illuminate/Cookie/Middleware/EncryptCookies.php(67): Illuminate/Pipeline/Pipeline->Illuminate/Pipeline/{closure}(Object(Illuminate/Http/Request))
#25 D:/laravel/office/cioas/vendor/laravel/framework/src/Illuminate/Pipeline/Pipeline.php(183): Illuminate/Cookie/Middleware/EncryptCookies->handle(Object(Illuminate/Http/Request), Object(Closure))
#26 D:/laravel/office/cioas/vendor/laravel/framework/src/Illuminate/Pipeline/Pipeline.php(119): Illuminate/Pipeline/Pipeline->Illuminate/Pipeline/{closure}(Object(Illuminate/Http/Request))
#27 D:/laravel/office/cioas/vendor/laravel/framework/src/Illuminate/Routing/Router.php(805): Illuminate/Pipeline/Pipeline->then(Object(Closure))
#28 D:/laravel/office/cioas/vendor/laravel/framework/src/Illuminate/Routing/Router.php(784): Illuminate/Routing/Router->runRouteWithinStack(Object(Illuminate/Routing/Route), Object(Illuminate/Http/Request))
#29 D:/laravel/office/cioas/vendor/laravel/framework/src/Illuminate/Routing/Router.php(748): Illuminate/Routing/Router->runRoute(Object(Illuminate/Http/Request), Object(Illuminate/Routing/Route))
#30 D:/laravel/office/cioas/vendor/laravel/framework/src/Illuminate/Routing/Router.php(737): Illuminate/Routing/Router->dispatchToRoute(Object(Illuminate/Http/Request))
#31 D:/laravel/office/cioas/vendor/laravel/framework/src/Illuminate/Foundation/Http/Kernel.php(200): Illuminate/Routing/Router->dispatch(Object(Illuminate/Http/Request))
#32 D:/laravel/office/cioas/vendor/laravel/framework/src/Illuminate/Pipeline/Pipeline.php(144): Illuminate/Foundation/Http/Kernel->Illuminate/Foundation/Http/{closure}(Object(Illuminate/Http/Request))
#33 D:/laravel/office/cioas/vendor/laravel/framework/src/Illuminate/Foundation/Http/Middleware/TransformsRequest.php(21): Illuminate/Pipeline/Pipeline->Illuminate/Pipeline/{closure}(Object(Illuminate/Http/Request))
#34 D:/laravel/office/cioas/vendor/laravel/framework/src/Illuminate/Foundation/Http/Middleware/ConvertEmptyStringsToNull.php(31): Illuminate/Foundation/Http/Middleware/TransformsRequest->handle(Object(Illuminate/Http/Request), Object(Closure))
#35 D:/laravel/office/cioas/vendor/laravel/framework/src/Illuminate/Pipeline/Pipeline.php(183): Illuminate/Foundation/Http/Middleware/ConvertEmptyStringsToNull->handle(Object(Illuminate/Http/Request), Object(Closure))
#36 D:/laravel/office/cioas/vendor/laravel/framework/src/Illuminate/Foundation/Http/Middleware/TransformsRequest.php(21): Illuminate/Pipeline/Pipeline->Illuminate/Pipeline/{closure}(Object(Illuminate/Http/Request))
#37 D:/laravel/office/cioas/vendor/laravel/framework/src/Illuminate/Foundation/Http/Middleware/TrimStrings.php(40): Illuminate/Foundation/Http/Middleware/TransformsRequest->handle(Object(Illuminate/Http/Request), Object(Closure))
#38 D:/laravel/office/cioas/vendor/laravel/framework/src/Illuminate/Pipeline/Pipeline.php(183): Illuminate/Foundation/Http/Middleware/TrimStrings->handle(Object(Illuminate/Http/Request), Object(Closure))
#39 D:/laravel/office/cioas/vendor/laravel/framework/src/Illuminate/Foundation/Http/Middleware/ValidatePostSize.php(27): Illuminate/Pipeline/Pipeline->Illuminate/Pipeline/{closure}(Object(Illuminate/Http/Request))
#40 D:/laravel/office/cioas/vendor/laravel/framework/src/Illuminate/Pipeline/Pipeline.php(183): Illuminate/Foundation/Http/Middleware/ValidatePostSize->handle(Object(Illuminate/Http/Request), Object(Closure))
#41 D:/laravel/office/cioas/vendor/laravel/framework/src/Illuminate/Foundation/Http/Middleware/PreventRequestsDuringMaintenance.php(99): Illuminate/Pipeline/Pipeline->Illuminate/Pipeline/{closure}(Object(Illuminate/Http/Request))
#42 D:/laravel/office/cioas/vendor/laravel/framework/src/Illuminate/Pipeline/Pipeline.php(183): Illuminate/Foundation/Http/Middleware/PreventRequestsDuringMaintenance->handle(Object(Illuminate/Http/Request), Object(Closure))
#43 D:/laravel/office/cioas/vendor/laravel/framework/src/Illuminate/Http/Middleware/TrustProxies.php(39): Illuminate/Pipeline/Pipeline->Illuminate/Pipeline/{closure}(Object(Illuminate/Http/Request))
#44 D:/laravel/office/cioas/vendor/laravel/framework/src/Illuminate/Pipeline/Pipeline.php(183): Illuminate/Http/Middleware/TrustProxies->handle(Object(Illuminate/Http/Request), Object(Closure))
#45 D:/laravel/office/cioas/vendor/laravel/framework/src/Illuminate/Pipeline/Pipeline.php(119): Illuminate/Pipeline/Pipeline->Illuminate/Pipeline/{closure}(Object(Illuminate/Http/Request))
#46 D:/laravel/office/cioas/vendor/laravel/framework/src/Illuminate/Foundation/Http/Kernel.php(175): Illuminate/Pipeline/Pipeline->then(Object(Closure))
#47 D:/laravel/office/cioas/vendor/laravel/framework/src/Illuminate/Foundation/Http/Kernel.php(144): Illuminate/Foundation/Http/Kernel->sendRequestThroughRouter(Object(Illuminate/Http/Request))
#48 D:/laravel/office/cioas/public/index.php(51): Illuminate/Foundation/Http/Kernel->handle(Object(Illuminate/Http/Request))
#49 D:/laravel/office/cioas/server.php(21): require_once('D://laravel//offi...')
#50 {main}

[previous exception] [object] (Illuminate\\View\\ViewException(code: 0): Attempt to read property \"rjsc_reg_no\" on null (View: D:\\laravel\\office\\cioas\\resources\\views\\backend\\pages\\hotel-restaurant\\forms\\hotel-restaurant.blade.php) at D:/laravel/office/cioas/storage/framework/views/12b4fe568ca09331914b5f804e25c8cb.php:57)
[stacktrace]
#0 D:/laravel/office/cioas/vendor/laravel/framework/src/Illuminate/View/Engines/PhpEngine.php(60): Illuminate/View/Engines/CompilerEngine->handleViewException(Object(ErrorException), 3)
#1 D:/laravel/office/cioas/vendor/laravel/framework/src/Illuminate/View/Engines/CompilerEngine.php(72): Illuminate/View/Engines/PhpEngine->evaluatePath('D://laravel//offi...', Array)
#2 D:/laravel/office/cioas/vendor/laravel/framework/src/Illuminate/View/View.php(207): Illuminate/View/Engines/CompilerEngine->get('D://laravel//offi...', Array)
#3 D:/laravel/office/cioas/vendor/laravel/framework/src/Illuminate/View/View.php(190): Illuminate/View/View->getContents()
#4 D:/laravel/office/cioas/vendor/laravel/framework/src/Illuminate/View/View.php(159): Illuminate/View/View->renderContents()
#5 D:/laravel/office/cioas/storage/framework/views/a2dd4851b9dc6213640bdefe428525b8.php(43): Illuminate/View/View->render()
#6 D:/laravel/office/cioas/vendor/laravel/framework/src/Illuminate/Filesystem/Filesystem.php(123): require('D://laravel//offi...')
#7 D:/laravel/office/cioas/vendor/laravel/framework/src/Illuminate/Filesystem/Filesystem.php(124): Illuminate/Filesystem/Filesystem::Illuminate/Filesystem/{closure}()
#8 D:/laravel/office/cioas/vendor/laravel/framework/src/Illuminate/View/Engines/PhpEngine.php(58): Illuminate/Filesystem/Filesystem->getRequire('D://laravel//offi...', Array)
#9 D:/laravel/office/cioas/vendor/laravel/framework/src/Illuminate/View/Engines/CompilerEngine.php(72): Illuminate/View/Engines/PhpEngine->evaluatePath('D://laravel//offi...', Array)
#10 D:/laravel/office/cioas/vendor/laravel/framework/src/Illuminate/View/View.php(207): Illuminate/View/Engines/CompilerEngine->get('D://laravel//offi...', Array)
#11 D:/laravel/office/cioas/vendor/laravel/framework/src/Illuminate/View/View.php(190): Illuminate/View/View->getContents()
#12 D:/laravel/office/cioas/vendor/laravel/framework/src/Illuminate/View/View.php(159): Illuminate/View/View->renderContents()
#13 D:/laravel/office/cioas/vendor/laravel/framework/src/Illuminate/Http/Response.php(69): Illuminate/View/View->render()
#14 D:/laravel/office/cioas/vendor/laravel/framework/src/Illuminate/Http/Response.php(35): Illuminate/Http/Response->setContent(Object(Illuminate/View/View))
#15 D:/laravel/office/cioas/vendor/laravel/framework/src/Illuminate/Routing/Router.php(918): Illuminate/Http/Response->__construct(Object(Illuminate/View/View), 200, Array)
#16 D:/laravel/office/cioas/vendor/laravel/framework/src/Illuminate/Routing/Router.php(885): Illuminate/Routing/Router::toResponse(Object(Illuminate/Http/Request), Object(Illuminate/View/View))
#17 D:/laravel/office/cioas/vendor/laravel/framework/src/Illuminate/Routing/Router.php(805): Illuminate/Routing/Router->prepareResponse(Object(Illuminate/Http/Request), Object(Illuminate/View/View))
#18 D:/laravel/office/cioas/vendor/laravel/framework/src/Illuminate/Pipeline/Pipeline.php(144): Illuminate/Routing/Router->Illuminate/Routing/{closure}(Object(Illuminate/Http/Request))
#19 D:/laravel/office/cioas/vendor/laravel/framework/src/Illuminate/Routing/Middleware/SubstituteBindings.php(50): Illuminate/Pipeline/Pipeline->Illuminate/Pipeline/{closure}(Object(Illuminate/Http/Request))
#20 D:/laravel/office/cioas/vendor/laravel/framework/src/Illuminate/Pipeline/Pipeline.php(183): Illuminate/Routing/Middleware/SubstituteBindings->handle(Object(Illuminate/Http/Request), Object(Closure))
#21 D:/laravel/office/cioas/vendor/laravel/framework/src/Illuminate/Auth/Middleware/Authenticate.php(57): Illuminate/Pipeline/Pipeline->Illuminate/Pipeline/{closure}(Object(Illuminate/Http/Request))
#22 D:/laravel/office/cioas/vendor/laravel/framework/src/Illuminate/Pipeline/Pipeline.php(183): Illuminate/Auth/Middleware/Authenticate->handle(Object(Illuminate/Http/Request), Object(Closure))
#23 D:/laravel/office/cioas/vendor/laravel/framework/src/Illuminate/Foundation/Http/Middleware/VerifyCsrfToken.php(78): Illuminate/Pipeline/Pipeline->Illuminate/Pipeline/{closure}(Object(Illuminate/Http/Request))
#24 D:/laravel/office/cioas/vendor/laravel/framework/src/Illuminate/Pipeline/Pipeline.php(183): Illuminate/Foundation/Http/Middleware/VerifyCsrfToken->handle(Object(Illuminate/Http/Request), Object(Closure))
#25 D:/laravel/office/cioas/vendor/laravel/framework/src/Illuminate/View/Middleware/ShareErrorsFromSession.php(49): Illuminate/Pipeline/Pipeline->Illuminate/Pipeline/{closure}(Object(Illuminate/Http/Request))
#26 D:/laravel/office/cioas/vendor/laravel/framework/src/Illuminate/Pipeline/Pipeline.php(183): Illuminate/View/Middleware/ShareErrorsFromSession->handle(Object(Illuminate/Http/Request), Object(Closure))
#27 D:/laravel/office/cioas/vendor/laravel/framework/src/Illuminate/Session/Middleware/StartSession.php(121): Illuminate/Pipeline/Pipeline->Illuminate/Pipeline/{closure}(Object(Illuminate/Http/Request))
#28 D:/laravel/office/cioas/vendor/laravel/framework/src/Illuminate/Session/Middleware/StartSession.php(64): Illuminate/Session/Middleware/StartSession->handleStatefulRequest(Object(Illuminate/Http/Request), Object(Illuminate/Session/Store), Object(Closure))
#29 D:/laravel/office/cioas/vendor/laravel/framework/src/Illuminate/Pipeline/Pipeline.php(183): Illuminate/Session/Middleware/StartSession->handle(Object(Illuminate/Http/Request), Object(Closure))
#30 D:/laravel/office/cioas/vendor/laravel/framework/src/Illuminate/Cookie/Middleware/AddQueuedCookiesToResponse.php(37): Illuminate/Pipeline/Pipeline->Illuminate/Pipeline/{closure}(Object(Illuminate/Http/Request))
#31 D:/laravel/office/cioas/vendor/laravel/framework/src/Illuminate/Pipeline/Pipeline.php(183): Illuminate/Cookie/Middleware/AddQueuedCookiesToResponse->handle(Object(Illuminate/Http/Request), Object(Closure))
#32 D:/laravel/office/cioas/vendor/laravel/framework/src/Illuminate/Cookie/Middleware/EncryptCookies.php(67): Illuminate/Pipeline/Pipeline->Illuminate/Pipeline/{closure}(Object(Illuminate/Http/Request))
#33 D:/laravel/office/cioas/vendor/laravel/framework/src/Illuminate/Pipeline/Pipeline.php(183): Illuminate/Cookie/Middleware/EncryptCookies->handle(Object(Illuminate/Http/Request), Object(Closure))
#34 D:/laravel/office/cioas/vendor/laravel/framework/src/Illuminate/Pipeline/Pipeline.php(119): Illuminate/Pipeline/Pipeline->Illuminate/Pipeline/{closure}(Object(Illuminate/Http/Request))
#35 D:/laravel/office/cioas/vendor/laravel/framework/src/Illuminate/Routing/Router.php(805): Illuminate/Pipeline/Pipeline->then(Object(Closure))
#36 D:/laravel/office/cioas/vendor/laravel/framework/src/Illuminate/Routing/Router.php(784): Illuminate/Routing/Router->runRouteWithinStack(Object(Illuminate/Routing/Route), Object(Illuminate/Http/Request))
#37 D:/laravel/office/cioas/vendor/laravel/framework/src/Illuminate/Routing/Router.php(748): Illuminate/Routing/Router->runRoute(Object(Illuminate/Http/Request), Object(Illuminate/Routing/Route))
#38 D:/laravel/office/cioas/vendor/laravel/framework/src/Illuminate/Routing/Router.php(737): Illuminate/Routing/Router->dispatchToRoute(Object(Illuminate/Http/Request))
#39 D:/laravel/office/cioas/vendor/laravel/framework/src/Illuminate/Foundation/Http/Kernel.php(200): Illuminate/Routing/Router->dispatch(Object(Illuminate/Http/Request))
#40 D:/laravel/office/cioas/vendor/laravel/framework/src/Illuminate/Pipeline/Pipeline.php(144): Illuminate/Foundation/Http/Kernel->Illuminate/Foundation/Http/{closure}(Object(Illuminate/Http/Request))
#41 D:/laravel/office/cioas/vendor/laravel/framework/src/Illuminate/Foundation/Http/Middleware/TransformsRequest.php(21): Illuminate/Pipeline/Pipeline->Illuminate/Pipeline/{closure}(Object(Illuminate/Http/Request))
#42 D:/laravel/office/cioas/vendor/laravel/framework/src/Illuminate/Foundation/Http/Middleware/ConvertEmptyStringsToNull.php(31): Illuminate/Foundation/Http/Middleware/TransformsRequest->handle(Object(Illuminate/Http/Request), Object(Closure))
#43 D:/laravel/office/cioas/vendor/laravel/framework/src/Illuminate/Pipeline/Pipeline.php(183): Illuminate/Foundation/Http/Middleware/ConvertEmptyStringsToNull->handle(Object(Illuminate/Http/Request), Object(Closure))
#44 D:/laravel/office/cioas/vendor/laravel/framework/src/Illuminate/Foundation/Http/Middleware/TransformsRequest.php(21): Illuminate/Pipeline/Pipeline->Illuminate/Pipeline/{closure}(Object(Illuminate/Http/Request))
#45 D:/laravel/office/cioas/vendor/laravel/framework/src/Illuminate/Foundation/Http/Middleware/TrimStrings.php(40): Illuminate/Foundation/Http/Middleware/TransformsRequest->handle(Object(Illuminate/Http/Request), Object(Closure))
#46 D:/laravel/office/cioas/vendor/laravel/framework/src/Illuminate/Pipeline/Pipeline.php(183): Illuminate/Foundation/Http/Middleware/TrimStrings->handle(Object(Illuminate/Http/Request), Object(Closure))
#47 D:/laravel/office/cioas/vendor/laravel/framework/src/Illuminate/Foundation/Http/Middleware/ValidatePostSize.php(27): Illuminate/Pipeline/Pipeline->Illuminate/Pipeline/{closure}(Object(Illuminate/Http/Request))
#48 D:/laravel/office/cioas/vendor/laravel/framework/src/Illuminate/Pipeline/Pipeline.php(183): Illuminate/Foundation/Http/Middleware/ValidatePostSize->handle(Object(Illuminate/Http/Request), Object(Closure))
#49 D:/laravel/office/cioas/vendor/laravel/framework/src/Illuminate/Foundation/Http/Middleware/PreventRequestsDuringMaintenance.php(99): Illuminate/Pipeline/Pipeline->Illuminate/Pipeline/{closure}(Object(Illuminate/Http/Request))
#50 D:/laravel/office/cioas/vendor/laravel/framework/src/Illuminate/Pipeline/Pipeline.php(183): Illuminate/Foundation/Http/Middleware/PreventRequestsDuringMaintenance->handle(Object(Illuminate/Http/Request), Object(Closure))
#51 D:/laravel/office/cioas/vendor/laravel/framework/src/Illuminate/Http/Middleware/TrustProxies.php(39): Illuminate/Pipeline/Pipeline->Illuminate/Pipeline/{closure}(Object(Illuminate/Http/Request))
#52 D:/laravel/office/cioas/vendor/laravel/framework/src/Illuminate/Pipeline/Pipeline.php(183): Illuminate/Http/Middleware/TrustProxies->handle(Object(Illuminate/Http/Request), Object(Closure))
#53 D:/laravel/office/cioas/vendor/laravel/framework/src/Illuminate/Pipeline/Pipeline.php(119): Illuminate/Pipeline/Pipeline->Illuminate/Pipeline/{closure}(Object(Illuminate/Http/Request))
#54 D:/laravel/office/cioas/vendor/laravel/framework/src/Illuminate/Foundation/Http/Kernel.php(175): Illuminate/Pipeline/Pipeline->then(Object(Closure))
#55 D:/laravel/office/cioas/vendor/laravel/framework/src/Illuminate/Foundation/Http/Kernel.php(144): Illuminate/Foundation/Http/Kernel->sendRequestThroughRouter(Object(Illuminate/Http/Request))
#56 D:/laravel/office/cioas/public/index.php(51): Illuminate/Foundation/Http/Kernel->handle(Object(Illuminate/Http/Request))
#57 D:/laravel/office/cioas/server.php(21): require_once('D://laravel//offi...')
#58 {main}

[previous exception] [object] (ErrorException(code: 0): Attempt to read property \"rjsc_reg_no\" on null at D:/laravel/office/cioas/storage/framework/views/12b4fe568ca09331914b5f804e25c8cb.php:57)
[stacktrace]
#0 D:/laravel/office/cioas/vendor/laravel/framework/src/Illuminate/Foundation/Bootstrap/HandleExceptions.php(255): Illuminate/Foundation/Bootstrap/HandleExceptions->handleError(2, 'Attempt to read...', 'D://laravel//offi...', 57)
#1 D:/laravel/office/cioas/storage/framework/views/12b4fe568ca09331914b5f804e25c8cb.php(57): Illuminate/Foundation/Bootstrap/HandleExceptions->Illuminate/Foundation/Bootstrap/{closure}(2, 'Attempt to read...', 'D://laravel//offi...', 57)
#2 D:/laravel/office/cioas/vendor/laravel/framework/src/Illuminate/Filesystem/Filesystem.php(123): require('D://laravel//offi...')
#3 D:/laravel/office/cioas/vendor/laravel/framework/src/Illuminate/Filesystem/Filesystem.php(124): Illuminate/Filesystem/Filesystem::Illuminate/Filesystem/{closure}()
#4 D:/laravel/office/cioas/vendor/laravel/framework/src/Illuminate/View/Engines/PhpEngine.php(58): Illuminate/Filesystem/Filesystem->getRequire('D://laravel//offi...', Array)
#5 D:/laravel/office/cioas/vendor/laravel/framework/src/Illuminate/View/Engines/CompilerEngine.php(72): Illuminate/View/Engines/PhpEngine->evaluatePath('D://laravel//offi...', Array)
#6 D:/laravel/office/cioas/vendor/laravel/framework/src/Illuminate/View/View.php(207): Illuminate/View/Engines/CompilerEngine->get('D://laravel//offi...', Array)
#7 D:/laravel/office/cioas/vendor/laravel/framework/src/Illuminate/View/View.php(190): Illuminate/View/View->getContents()
#8 D:/laravel/office/cioas/vendor/laravel/framework/src/Illuminate/View/View.php(159): Illuminate/View/View->renderContents()
#9 D:/laravel/office/cioas/storage/framework/views/a2dd4851b9dc6213640bdefe428525b8.php(43): Illuminate/View/View->render()
#10 D:/laravel/office/cioas/vendor/laravel/framework/src/Illuminate/Filesystem/Filesystem.php(123): require('D://laravel//offi...')
#11 D:/laravel/office/cioas/vendor/laravel/framework/src/Illuminate/Filesystem/Filesystem.php(124): Illuminate/Filesystem/Filesystem::Illuminate/Filesystem/{closure}()
#12 D:/laravel/office/cioas/vendor/laravel/framework/src/Illuminate/View/Engines/PhpEngine.php(58): Illuminate/Filesystem/Filesystem->getRequire('D://laravel//offi...', Array)
#13 D:/laravel/office/cioas/vendor/laravel/framework/src/Illuminate/View/Engines/CompilerEngine.php(72): Illuminate/View/Engines/PhpEngine->evaluatePath('D://laravel//offi...', Array)
#14 D:/laravel/office/cioas/vendor/laravel/framework/src/Illuminate/View/View.php(207): Illuminate/View/Engines/CompilerEngine->get('D://laravel//offi...', Array)
#15 D:/laravel/office/cioas/vendor/laravel/framework/src/Illuminate/View/View.php(190): Illuminate/View/View->getContents()
#16 D:/laravel/office/cioas/vendor/laravel/framework/src/Illuminate/View/View.php(159): Illuminate/View/View->renderContents()
#17 D:/laravel/office/cioas/vendor/laravel/framework/src/Illuminate/Http/Response.php(69): Illuminate/View/View->render()
#18 D:/laravel/office/cioas/vendor/laravel/framework/src/Illuminate/Http/Response.php(35): Illuminate/Http/Response->setContent(Object(Illuminate/View/View))
#19 D:/laravel/office/cioas/vendor/laravel/framework/src/Illuminate/Routing/Router.php(918): Illuminate/Http/Response->__construct(Object(Illuminate/View/View), 200, Array)
#20 D:/laravel/office/cioas/vendor/laravel/framework/src/Illuminate/Routing/Router.php(885): Illuminate/Routing/Router::toResponse(Object(Illuminate/Http/Request), Object(Illuminate/View/View))
#21 D:/laravel/office/cioas/vendor/laravel/framework/src/Illuminate/Routing/Router.php(805): Illuminate/Routing/Router->prepareResponse(Object(Illuminate/Http/Request), Object(Illuminate/View/View))
#22 D:/laravel/office/cioas/vendor/laravel/framework/src/Illuminate/Pipeline/Pipeline.php(144): Illuminate/Routing/Router->Illuminate/Routing/{closure}(Object(Illuminate/Http/Request))
#23 D:/laravel/office/cioas/vendor/laravel/framework/src/Illuminate/Routing/Middleware/SubstituteBindings.php(50): Illuminate/Pipeline/Pipeline->Illuminate/Pipeline/{closure}(Object(Illuminate/Http/Request))
#24 D:/laravel/office/cioas/vendor/laravel/framework/src/Illuminate/Pipeline/Pipeline.php(183): Illuminate/Routing/Middleware/SubstituteBindings->handle(Object(Illuminate/Http/Request), Object(Closure))
#25 D:/laravel/office/cioas/vendor/laravel/framework/src/Illuminate/Auth/Middleware/Authenticate.php(57): Illuminate/Pipeline/Pipeline->Illuminate/Pipeline/{closure}(Object(Illuminate/Http/Request))
#26 D:/laravel/office/cioas/vendor/laravel/framework/src/Illuminate/Pipeline/Pipeline.php(183): Illuminate/Auth/Middleware/Authenticate->handle(Object(Illuminate/Http/Request), Object(Closure))
#27 D:/laravel/office/cioas/vendor/laravel/framework/src/Illuminate/Foundation/Http/Middleware/VerifyCsrfToken.php(78): Illuminate/Pipeline/Pipeline->Illuminate/Pipeline/{closure}(Object(Illuminate/Http/Request))
#28 D:/laravel/office/cioas/vendor/laravel/framework/src/Illuminate/Pipeline/Pipeline.php(183): Illuminate/Foundation/Http/Middleware/VerifyCsrfToken->handle(Object(Illuminate/Http/Request), Object(Closure))
#29 D:/laravel/office/cioas/vendor/laravel/framework/src/Illuminate/View/Middleware/ShareErrorsFromSession.php(49): Illuminate/Pipeline/Pipeline->Illuminate/Pipeline/{closure}(Object(Illuminate/Http/Request))
#30 D:/laravel/office/cioas/vendor/laravel/framework/src/Illuminate/Pipeline/Pipeline.php(183): Illuminate/View/Middleware/ShareErrorsFromSession->handle(Object(Illuminate/Http/Request), Object(Closure))
#31 D:/laravel/office/cioas/vendor/laravel/framework/src/Illuminate/Session/Middleware/StartSession.php(121): Illuminate/Pipeline/Pipeline->Illuminate/Pipeline/{closure}(Object(Illuminate/Http/Request))
#32 D:/laravel/office/cioas/vendor/laravel/framework/src/Illuminate/Session/Middleware/StartSession.php(64): Illuminate/Session/Middleware/StartSession->handleStatefulRequest(Object(Illuminate/Http/Request), Object(Illuminate/Session/Store), Object(Closure))
#33 D:/laravel/office/cioas/vendor/laravel/framework/src/Illuminate/Pipeline/Pipeline.php(183): Illuminate/Session/Middleware/StartSession->handle(Object(Illuminate/Http/Request), Object(Closure))
#34 D:/laravel/office/cioas/vendor/laravel/framework/src/Illuminate/Cookie/Middleware/AddQueuedCookiesToResponse.php(37): Illuminate/Pipeline/Pipeline->Illuminate/Pipeline/{closure}(Object(Illuminate/Http/Request))
#35 D:/laravel/office/cioas/vendor/laravel/framework/src/Illuminate/Pipeline/Pipeline.php(183): Illuminate/Cookie/Middleware/AddQueuedCookiesToResponse->handle(Object(Illuminate/Http/Request), Object(Closure))
#36 D:/laravel/office/cioas/vendor/laravel/framework/src/Illuminate/Cookie/Middleware/EncryptCookies.php(67): Illuminate/Pipeline/Pipeline->Illuminate/Pipeline/{closure}(Object(Illuminate/Http/Request))
#37 D:/laravel/office/cioas/vendor/laravel/framework/src/Illuminate/Pipeline/Pipeline.php(183): Illuminate/Cookie/Middleware/EncryptCookies->handle(Object(Illuminate/Http/Request), Object(Closure))
#38 D:/laravel/office/cioas/vendor/laravel/framework/src/Illuminate/Pipeline/Pipeline.php(119): Illuminate/Pipeline/Pipeline->Illuminate/Pipeline/{closure}(Object(Illuminate/Http/Request))
#39 D:/laravel/office/cioas/vendor/laravel/framework/src/Illuminate/Routing/Router.php(805): Illuminate/Pipeline/Pipeline->then(Object(Closure))
#40 D:/laravel/office/cioas/vendor/laravel/framework/src/Illuminate/Routing/Router.php(784): Illuminate/Routing/Router->runRouteWithinStack(Object(Illuminate/Routing/Route), Object(Illuminate/Http/Request))
#41 D:/laravel/office/cioas/vendor/laravel/framework/src/Illuminate/Routing/Router.php(748): Illuminate/Routing/Router->runRoute(Object(Illuminate/Http/Request), Object(Illuminate/Routing/Route))
#42 D:/laravel/office/cioas/vendor/laravel/framework/src/Illuminate/Routing/Router.php(737): Illuminate/Routing/Router->dispatchToRoute(Object(Illuminate/Http/Request))
#43 D:/laravel/office/cioas/vendor/laravel/framework/src/Illuminate/Foundation/Http/Kernel.php(200): Illuminate/Routing/Router->dispatch(Object(Illuminate/Http/Request))
#44 D:/laravel/office/cioas/vendor/laravel/framework/src/Illuminate/Pipeline/Pipeline.php(144): Illuminate/Foundation/Http/Kernel->Illuminate/Foundation/Http/{closure}(Object(Illuminate/Http/Request))
#45 D:/laravel/office/cioas/vendor/laravel/framework/src/Illuminate/Foundation/Http/Middleware/TransformsRequest.php(21): Illuminate/Pipeline/Pipeline->Illuminate/Pipeline/{closure}(Object(Illuminate/Http/Request))
#46 D:/laravel/office/cioas/vendor/laravel/framework/src/Illuminate/Foundation/Http/Middleware/ConvertEmptyStringsToNull.php(31): Illuminate/Foundation/Http/Middleware/TransformsRequest->handle(Object(Illuminate/Http/Request), Object(Closure))
#47 D:/laravel/office/cioas/vendor/laravel/framework/src/Illuminate/Pipeline/Pipeline.php(183): Illuminate/Foundation/Http/Middleware/ConvertEmptyStringsToNull->handle(Object(Illuminate/Http/Request), Object(Closure))
#48 D:/laravel/office/cioas/vendor/laravel/framework/src/Illuminate/Foundation/Http/Middleware/TransformsRequest.php(21): Illuminate/Pipeline/Pipeline->Illuminate/Pipeline/{closure}(Object(Illuminate/Http/Request))
#49 D:/laravel/office/cioas/vendor/laravel/framework/src/Illuminate/Foundation/Http/Middleware/TrimStrings.php(40): Illuminate/Foundation/Http/Middleware/TransformsRequest->handle(Object(Illuminate/Http/Request), Object(Closure))
#50 D:/laravel/office/cioas/vendor/laravel/framework/src/Illuminate/Pipeline/Pipeline.php(183): Illuminate/Foundation/Http/Middleware/TrimStrings->handle(Object(Illuminate/Http/Request), Object(Closure))
#51 D:/laravel/office/cioas/vendor/laravel/framework/src/Illuminate/Foundation/Http/Middleware/ValidatePostSize.php(27): Illuminate/Pipeline/Pipeline->Illuminate/Pipeline/{closure}(Object(Illuminate/Http/Request))
#52 D:/laravel/office/cioas/vendor/laravel/framework/src/Illuminate/Pipeline/Pipeline.php(183): Illuminate/Foundation/Http/Middleware/ValidatePostSize->handle(Object(Illuminate/Http/Request), Object(Closure))
#53 D:/laravel/office/cioas/vendor/laravel/framework/src/Illuminate/Foundation/Http/Middleware/PreventRequestsDuringMaintenance.php(99): Illuminate/Pipeline/Pipeline->Illuminate/Pipeline/{closure}(Object(Illuminate/Http/Request))
#54 D:/laravel/office/cioas/vendor/laravel/framework/src/Illuminate/Pipeline/Pipeline.php(183): Illuminate/Foundation/Http/Middleware/PreventRequestsDuringMaintenance->handle(Object(Illuminate/Http/Request), Object(Closure))
#55 D:/laravel/office/cioas/vendor/laravel/framework/src/Illuminate/Http/Middleware/TrustProxies.php(39): Illuminate/Pipeline/Pipeline->Illuminate/Pipeline/{closure}(Object(Illuminate/Http/Request))
#56 D:/laravel/office/cioas/vendor/laravel/framework/src/Illuminate/Pipeline/Pipeline.php(183): Illuminate/Http/Middleware/TrustProxies->handle(Object(Illuminate/Http/Request), Object(Closure))
#57 D:/laravel/office/cioas/vendor/laravel/framework/src/Illuminate/Pipeline/Pipeline.php(119): Illuminate/Pipeline/Pipeline->Illuminate/Pipeline/{closure}(Object(Illuminate/Http/Request))
#58 D:/laravel/office/cioas/vendor/laravel/framework/src/Illuminate/Foundation/Http/Kernel.php(175): Illuminate/Pipeline/Pipeline->then(Object(Closure))
#59 D:/laravel/office/cioas/vendor/laravel/framework/src/Illuminate/Foundation/Http/Kernel.php(144): Illuminate/Foundation/Http/Kernel->sendRequestThroughRouter(Object(Illuminate/Http/Request))
#60 D:/laravel/office/cioas/public/index.php(51): Illuminate/Foundation/Http/Kernel->handle(Object(Illuminate/Http/Request))
#61 D:/laravel/office/cioas/server.php(21): require_once('D://laravel//offi...')
#62 {main}
"} 
[2026-05-09 18:03:27] local.ERROR: Attempt to read property "rjsc_reg_no" on null (View: D:\laravel\office\cioas\resources\views\backend\pages\hotel-restaurant\forms\hotel-restaurant.blade.php) (View: D:\laravel\office\cioas\resources\views\backend\pages\hotel-restaurant\forms\hotel-restaurant.blade.php) {"userId":1,"exception":"[object] (Illuminate\\View\\ViewException(code: 0): Attempt to read property \"rjsc_reg_no\" on null (View: D:\\laravel\\office\\cioas\\resources\\views\\backend\\pages\\hotel-restaurant\\forms\\hotel-restaurant.blade.php) (View: D:\\laravel\\office\\cioas\\resources\\views\\backend\\pages\\hotel-restaurant\\forms\\hotel-restaurant.blade.php) at D:/laravel/office/cioas/storage/framework/views/12b4fe568ca09331914b5f804e25c8cb.php:57)
[stacktrace]
#0 D:/laravel/office/cioas/vendor/laravel/framework/src/Illuminate/View/Engines/PhpEngine.php(60): Illuminate/View/Engines/CompilerEngine->handleViewException(Object(Illuminate/View/ViewException), 1)
#1 D:/laravel/office/cioas/vendor/laravel/framework/src/Illuminate/View/Engines/CompilerEngine.php(72): Illuminate/View/Engines/PhpEngine->evaluatePath('D://laravel//offi...', Array)
#2 D:/laravel/office/cioas/vendor/laravel/framework/src/Illuminate/View/View.php(207): Illuminate/View/Engines/CompilerEngine->get('D://laravel//offi...', Array)
#3 D:/laravel/office/cioas/vendor/laravel/framework/src/Illuminate/View/View.php(190): Illuminate/View/View->getContents()
#4 D:/laravel/office/cioas/vendor/laravel/framework/src/Illuminate/View/View.php(159): Illuminate/View/View->renderContents()
#5 D:/laravel/office/cioas/vendor/laravel/framework/src/Illuminate/Http/Response.php(69): Illuminate/View/View->render()
#6 D:/laravel/office/cioas/vendor/laravel/framework/src/Illuminate/Http/Response.php(35): Illuminate/Http/Response->setContent(Object(Illuminate/View/View))
#7 D:/laravel/office/cioas/vendor/laravel/framework/src/Illuminate/Routing/Router.php(918): Illuminate/Http/Response->__construct(Object(Illuminate/View/View), 200, Array)
#8 D:/laravel/office/cioas/vendor/laravel/framework/src/Illuminate/Routing/Router.php(885): Illuminate/Routing/Router::toResponse(Object(Illuminate/Http/Request), Object(Illuminate/View/View))
#9 D:/laravel/office/cioas/vendor/laravel/framework/src/Illuminate/Routing/Router.php(805): Illuminate/Routing/Router->prepareResponse(Object(Illuminate/Http/Request), Object(Illuminate/View/View))
#10 D:/laravel/office/cioas/vendor/laravel/framework/src/Illuminate/Pipeline/Pipeline.php(144): Illuminate/Routing/Router->Illuminate/Routing/{closure}(Object(Illuminate/Http/Request))
#11 D:/laravel/office/cioas/vendor/laravel/framework/src/Illuminate/Routing/Middleware/SubstituteBindings.php(50): Illuminate/Pipeline/Pipeline->Illuminate/Pipeline/{closure}(Object(Illuminate/Http/Request))
#12 D:/laravel/office/cioas/vendor/laravel/framework/src/Illuminate/Pipeline/Pipeline.php(183): Illuminate/Routing/Middleware/SubstituteBindings->handle(Object(Illuminate/Http/Request), Object(Closure))
#13 D:/laravel/office/cioas/vendor/laravel/framework/src/Illuminate/Auth/Middleware/Authenticate.php(57): Illuminate/Pipeline/Pipeline->Illuminate/Pipeline/{closure}(Object(Illuminate/Http/Request))
#14 D:/laravel/office/cioas/vendor/laravel/framework/src/Illuminate/Pipeline/Pipeline.php(183): Illuminate/Auth/Middleware/Authenticate->handle(Object(Illuminate/Http/Request), Object(Closure))
#15 D:/laravel/office/cioas/vendor/laravel/framework/src/Illuminate/Foundation/Http/Middleware/VerifyCsrfToken.php(78): Illuminate/Pipeline/Pipeline->Illuminate/Pipeline/{closure}(Object(Illuminate/Http/Request))
#16 D:/laravel/office/cioas/vendor/laravel/framework/src/Illuminate/Pipeline/Pipeline.php(183): Illuminate/Foundation/Http/Middleware/VerifyCsrfToken->handle(Object(Illuminate/Http/Request), Object(Closure))
#17 D:/laravel/office/cioas/vendor/laravel/framework/src/Illuminate/View/Middleware/ShareErrorsFromSession.php(49): Illuminate/Pipeline/Pipeline->Illuminate/Pipeline/{closure}(Object(Illuminate/Http/Request))
#18 D:/laravel/office/cioas/vendor/laravel/framework/src/Illuminate/Pipeline/Pipeline.php(183): Illuminate/View/Middleware/ShareErrorsFromSession->handle(Object(Illuminate/Http/Request), Object(Closure))
#19 D:/laravel/office/cioas/vendor/laravel/framework/src/Illuminate/Session/Middleware/StartSession.php(121): Illuminate/Pipeline/Pipeline->Illuminate/Pipeline/{closure}(Object(Illuminate/Http/Request))
#20 D:/laravel/office/cioas/vendor/laravel/framework/src/Illuminate/Session/Middleware/StartSession.php(64): Illuminate/Session/Middleware/StartSession->handleStatefulRequest(Object(Illuminate/Http/Request), Object(Illuminate/Session/Store), Object(Closure))
#21 D:/laravel/office/cioas/vendor/laravel/framework/src/Illuminate/Pipeline/Pipeline.php(183): Illuminate/Session/Middleware/StartSession->handle(Object(Illuminate/Http/Request), Object(Closure))
#22 D:/laravel/office/cioas/vendor/laravel/framework/src/Illuminate/Cookie/Middleware/AddQueuedCookiesToResponse.php(37): Illuminate/Pipeline/Pipeline->Illuminate/Pipeline/{closure}(Object(Illuminate/Http/Request))
#23 D:/laravel/office/cioas/vendor/laravel/framework/src/Illuminate/Pipeline/Pipeline.php(183): Illuminate/Cookie/Middleware/AddQueuedCookiesToResponse->handle(Object(Illuminate/Http/Request), Object(Closure))
#24 D:/laravel/office/cioas/vendor/laravel/framework/src/Illuminate/Cookie/Middleware/EncryptCookies.php(67): Illuminate/Pipeline/Pipeline->Illuminate/Pipeline/{closure}(Object(Illuminate/Http/Request))
#25 D:/laravel/office/cioas/vendor/laravel/framework/src/Illuminate/Pipeline/Pipeline.php(183): Illuminate/Cookie/Middleware/EncryptCookies->handle(Object(Illuminate/Http/Request), Object(Closure))
#26 D:/laravel/office/cioas/vendor/laravel/framework/src/Illuminate/Pipeline/Pipeline.php(119): Illuminate/Pipeline/Pipeline->Illuminate/Pipeline/{closure}(Object(Illuminate/Http/Request))
#27 D:/laravel/office/cioas/vendor/laravel/framework/src/Illuminate/Routing/Router.php(805): Illuminate/Pipeline/Pipeline->then(Object(Closure))
#28 D:/laravel/office/cioas/vendor/laravel/framework/src/Illuminate/Routing/Router.php(784): Illuminate/Routing/Router->runRouteWithinStack(Object(Illuminate/Routing/Route), Object(Illuminate/Http/Request))
#29 D:/laravel/office/cioas/vendor/laravel/framework/src/Illuminate/Routing/Router.php(748): Illuminate/Routing/Router->runRoute(Object(Illuminate/Http/Request), Object(Illuminate/Routing/Route))
#30 D:/laravel/office/cioas/vendor/laravel/framework/src/Illuminate/Routing/Router.php(737): Illuminate/Routing/Router->dispatchToRoute(Object(Illuminate/Http/Request))
#31 D:/laravel/office/cioas/vendor/laravel/framework/src/Illuminate/Foundation/Http/Kernel.php(200): Illuminate/Routing/Router->dispatch(Object(Illuminate/Http/Request))
#32 D:/laravel/office/cioas/vendor/laravel/framework/src/Illuminate/Pipeline/Pipeline.php(144): Illuminate/Foundation/Http/Kernel->Illuminate/Foundation/Http/{closure}(Object(Illuminate/Http/Request))
#33 D:/laravel/office/cioas/vendor/laravel/framework/src/Illuminate/Foundation/Http/Middleware/TransformsRequest.php(21): Illuminate/Pipeline/Pipeline->Illuminate/Pipeline/{closure}(Object(Illuminate/Http/Request))
#34 D:/laravel/office/cioas/vendor/laravel/framework/src/Illuminate/Foundation/Http/Middleware/ConvertEmptyStringsToNull.php(31): Illuminate/Foundation/Http/Middleware/TransformsRequest->handle(Object(Illuminate/Http/Request), Object(Closure))
#35 D:/laravel/office/cioas/vendor/laravel/framework/src/Illuminate/Pipeline/Pipeline.php(183): Illuminate/Foundation/Http/Middleware/ConvertEmptyStringsToNull->handle(Object(Illuminate/Http/Request), Object(Closure))
#36 D:/laravel/office/cioas/vendor/laravel/framework/src/Illuminate/Foundation/Http/Middleware/TransformsRequest.php(21): Illuminate/Pipeline/Pipeline->Illuminate/Pipeline/{closure}(Object(Illuminate/Http/Request))
#37 D:/laravel/office/cioas/vendor/laravel/framework/src/Illuminate/Foundation/Http/Middleware/TrimStrings.php(40): Illuminate/Foundation/Http/Middleware/TransformsRequest->handle(Object(Illuminate/Http/Request), Object(Closure))
#38 D:/laravel/office/cioas/vendor/laravel/framework/src/Illuminate/Pipeline/Pipeline.php(183): Illuminate/Foundation/Http/Middleware/TrimStrings->handle(Object(Illuminate/Http/Request), Object(Closure))
#39 D:/laravel/office/cioas/vendor/laravel/framework/src/Illuminate/Foundation/Http/Middleware/ValidatePostSize.php(27): Illuminate/Pipeline/Pipeline->Illuminate/Pipeline/{closure}(Object(Illuminate/Http/Request))
#40 D:/laravel/office/cioas/vendor/laravel/framework/src/Illuminate/Pipeline/Pipeline.php(183): Illuminate/Foundation/Http/Middleware/ValidatePostSize->handle(Object(Illuminate/Http/Request), Object(Closure))
#41 D:/laravel/office/cioas/vendor/laravel/framework/src/Illuminate/Foundation/Http/Middleware/PreventRequestsDuringMaintenance.php(99): Illuminate/Pipeline/Pipeline->Illuminate/Pipeline/{closure}(Object(Illuminate/Http/Request))
#42 D:/laravel/office/cioas/vendor/laravel/framework/src/Illuminate/Pipeline/Pipeline.php(183): Illuminate/Foundation/Http/Middleware/PreventRequestsDuringMaintenance->handle(Object(Illuminate/Http/Request), Object(Closure))
#43 D:/laravel/office/cioas/vendor/laravel/framework/src/Illuminate/Http/Middleware/TrustProxies.php(39): Illuminate/Pipeline/Pipeline->Illuminate/Pipeline/{closure}(Object(Illuminate/Http/Request))
#44 D:/laravel/office/cioas/vendor/laravel/framework/src/Illuminate/Pipeline/Pipeline.php(183): Illuminate/Http/Middleware/TrustProxies->handle(Object(Illuminate/Http/Request), Object(Closure))
#45 D:/laravel/office/cioas/vendor/laravel/framework/src/Illuminate/Pipeline/Pipeline.php(119): Illuminate/Pipeline/Pipeline->Illuminate/Pipeline/{closure}(Object(Illuminate/Http/Request))
#46 D:/laravel/office/cioas/vendor/laravel/framework/src/Illuminate/Foundation/Http/Kernel.php(175): Illuminate/Pipeline/Pipeline->then(Object(Closure))
#47 D:/laravel/office/cioas/vendor/laravel/framework/src/Illuminate/Foundation/Http/Kernel.php(144): Illuminate/Foundation/Http/Kernel->sendRequestThroughRouter(Object(Illuminate/Http/Request))
#48 D:/laravel/office/cioas/public/index.php(51): Illuminate/Foundation/Http/Kernel->handle(Object(Illuminate/Http/Request))
#49 D:/laravel/office/cioas/server.php(21): require_once('D://laravel//offi...')
#50 {main}

[previous exception] [object] (Illuminate\\View\\ViewException(code: 0): Attempt to read property \"rjsc_reg_no\" on null (View: D:\\laravel\\office\\cioas\\resources\\views\\backend\\pages\\hotel-restaurant\\forms\\hotel-restaurant.blade.php) at D:/laravel/office/cioas/storage/framework/views/12b4fe568ca09331914b5f804e25c8cb.php:57)
[stacktrace]
#0 D:/laravel/office/cioas/vendor/laravel/framework/src/Illuminate/View/Engines/PhpEngine.php(60): Illuminate/View/Engines/CompilerEngine->handleViewException(Object(ErrorException), 3)
#1 D:/laravel/office/cioas/vendor/laravel/framework/src/Illuminate/View/Engines/CompilerEngine.php(72): Illuminate/View/Engines/PhpEngine->evaluatePath('D://laravel//offi...', Array)
#2 D:/laravel/office/cioas/vendor/laravel/framework/src/Illuminate/View/View.php(207): Illuminate/View/Engines/CompilerEngine->get('D://laravel//offi...', Array)
#3 D:/laravel/office/cioas/vendor/laravel/framework/src/Illuminate/View/View.php(190): Illuminate/View/View->getContents()
#4 D:/laravel/office/cioas/vendor/laravel/framework/src/Illuminate/View/View.php(159): Illuminate/View/View->renderContents()
#5 D:/laravel/office/cioas/storage/framework/views/a2dd4851b9dc6213640bdefe428525b8.php(43): Illuminate/View/View->render()
#6 D:/laravel/office/cioas/vendor/laravel/framework/src/Illuminate/Filesystem/Filesystem.php(123): require('D://laravel//offi...')
#7 D:/laravel/office/cioas/vendor/laravel/framework/src/Illuminate/Filesystem/Filesystem.php(124): Illuminate/Filesystem/Filesystem::Illuminate/Filesystem/{closure}()
#8 D:/laravel/office/cioas/vendor/laravel/framework/src/Illuminate/View/Engines/PhpEngine.php(58): Illuminate/Filesystem/Filesystem->getRequire('D://laravel//offi...', Array)
#9 D:/laravel/office/cioas/vendor/laravel/framework/src/Illuminate/View/Engines/CompilerEngine.php(72): Illuminate/View/Engines/PhpEngine->evaluatePath('D://laravel//offi...', Array)
#10 D:/laravel/office/cioas/vendor/laravel/framework/src/Illuminate/View/View.php(207): Illuminate/View/Engines/CompilerEngine->get('D://laravel//offi...', Array)
#11 D:/laravel/office/cioas/vendor/laravel/framework/src/Illuminate/View/View.php(190): Illuminate/View/View->getContents()
#12 D:/laravel/office/cioas/vendor/laravel/framework/src/Illuminate/View/View.php(159): Illuminate/View/View->renderContents()
#13 D:/laravel/office/cioas/vendor/laravel/framework/src/Illuminate/Http/Response.php(69): Illuminate/View/View->render()
#14 D:/laravel/office/cioas/vendor/laravel/framework/src/Illuminate/Http/Response.php(35): Illuminate/Http/Response->setContent(Object(Illuminate/View/View))
#15 D:/laravel/office/cioas/vendor/laravel/framework/src/Illuminate/Routing/Router.php(918): Illuminate/Http/Response->__construct(Object(Illuminate/View/View), 200, Array)
#16 D:/laravel/office/cioas/vendor/laravel/framework/src/Illuminate/Routing/Router.php(885): Illuminate/Routing/Router::toResponse(Object(Illuminate/Http/Request), Object(Illuminate/View/View))
#17 D:/laravel/office/cioas/vendor/laravel/framework/src/Illuminate/Routing/Router.php(805): Illuminate/Routing/Router->prepareResponse(Object(Illuminate/Http/Request), Object(Illuminate/View/View))
#18 D:/laravel/office/cioas/vendor/laravel/framework/src/Illuminate/Pipeline/Pipeline.php(144): Illuminate/Routing/Router->Illuminate/Routing/{closure}(Object(Illuminate/Http/Request))
#19 D:/laravel/office/cioas/vendor/laravel/framework/src/Illuminate/Routing/Middleware/SubstituteBindings.php(50): Illuminate/Pipeline/Pipeline->Illuminate/Pipeline/{closure}(Object(Illuminate/Http/Request))
#20 D:/laravel/office/cioas/vendor/laravel/framework/src/Illuminate/Pipeline/Pipeline.php(183): Illuminate/Routing/Middleware/SubstituteBindings->handle(Object(Illuminate/Http/Request), Object(Closure))
#21 D:/laravel/office/cioas/vendor/laravel/framework/src/Illuminate/Auth/Middleware/Authenticate.php(57): Illuminate/Pipeline/Pipeline->Illuminate/Pipeline/{closure}(Object(Illuminate/Http/Request))
#22 D:/laravel/office/cioas/vendor/laravel/framework/src/Illuminate/Pipeline/Pipeline.php(183): Illuminate/Auth/Middleware/Authenticate->handle(Object(Illuminate/Http/Request), Object(Closure))
#23 D:/laravel/office/cioas/vendor/laravel/framework/src/Illuminate/Foundation/Http/Middleware/VerifyCsrfToken.php(78): Illuminate/Pipeline/Pipeline->Illuminate/Pipeline/{closure}(Object(Illuminate/Http/Request))
#24 D:/laravel/office/cioas/vendor/laravel/framework/src/Illuminate/Pipeline/Pipeline.php(183): Illuminate/Foundation/Http/Middleware/VerifyCsrfToken->handle(Object(Illuminate/Http/Request), Object(Closure))
#25 D:/laravel/office/cioas/vendor/laravel/framework/src/Illuminate/View/Middleware/ShareErrorsFromSession.php(49): Illuminate/Pipeline/Pipeline->Illuminate/Pipeline/{closure}(Object(Illuminate/Http/Request))
#26 D:/laravel/office/cioas/vendor/laravel/framework/src/Illuminate/Pipeline/Pipeline.php(183): Illuminate/View/Middleware/ShareErrorsFromSession->handle(Object(Illuminate/Http/Request), Object(Closure))
#27 D:/laravel/office/cioas/vendor/laravel/framework/src/Illuminate/Session/Middleware/StartSession.php(121): Illuminate/Pipeline/Pipeline->Illuminate/Pipeline/{closure}(Object(Illuminate/Http/Request))
#28 D:/laravel/office/cioas/vendor/laravel/framework/src/Illuminate/Session/Middleware/StartSession.php(64): Illuminate/Session/Middleware/StartSession->handleStatefulRequest(Object(Illuminate/Http/Request), Object(Illuminate/Session/Store), Object(Closure))
#29 D:/laravel/office/cioas/vendor/laravel/framework/src/Illuminate/Pipeline/Pipeline.php(183): Illuminate/Session/Middleware/StartSession->handle(Object(Illuminate/Http/Request), Object(Closure))
#30 D:/laravel/office/cioas/vendor/laravel/framework/src/Illuminate/Cookie/Middleware/AddQueuedCookiesToResponse.php(37): Illuminate/Pipeline/Pipeline->Illuminate/Pipeline/{closure}(Object(Illuminate/Http/Request))
#31 D:/laravel/office/cioas/vendor/laravel/framework/src/Illuminate/Pipeline/Pipeline.php(183): Illuminate/Cookie/Middleware/AddQueuedCookiesToResponse->handle(Object(Illuminate/Http/Request), Object(Closure))
#32 D:/laravel/office/cioas/vendor/laravel/framework/src/Illuminate/Cookie/Middleware/EncryptCookies.php(67): Illuminate/Pipeline/Pipeline->Illuminate/Pipeline/{closure}(Object(Illuminate/Http/Request))
#33 D:/laravel/office/cioas/vendor/laravel/framework/src/Illuminate/Pipeline/Pipeline.php(183): Illuminate/Cookie/Middleware/EncryptCookies->handle(Object(Illuminate/Http/Request), Object(Closure))
#34 D:/laravel/office/cioas/vendor/laravel/framework/src/Illuminate/Pipeline/Pipeline.php(119): Illuminate/Pipeline/Pipeline->Illuminate/Pipeline/{closure}(Object(Illuminate/Http/Request))
#35 D:/laravel/office/cioas/vendor/laravel/framework/src/Illuminate/Routing/Router.php(805): Illuminate/Pipeline/Pipeline->then(Object(Closure))
#36 D:/laravel/office/cioas/vendor/laravel/framework/src/Illuminate/Routing/Router.php(784): Illuminate/Routing/Router->runRouteWithinStack(Object(Illuminate/Routing/Route), Object(Illuminate/Http/Request))
#37 D:/laravel/office/cioas/vendor/laravel/framework/src/Illuminate/Routing/Router.php(748): Illuminate/Routing/Router->runRoute(Object(Illuminate/Http/Request), Object(Illuminate/Routing/Route))
#38 D:/laravel/office/cioas/vendor/laravel/framework/src/Illuminate/Routing/Router.php(737): Illuminate/Routing/Router->dispatchToRoute(Object(Illuminate/Http/Request))
#39 D:/laravel/office/cioas/vendor/laravel/framework/src/Illuminate/Foundation/Http/Kernel.php(200): Illuminate/Routing/Router->dispatch(Object(Illuminate/Http/Request))
#40 D:/laravel/office/cioas/vendor/laravel/framework/src/Illuminate/Pipeline/Pipeline.php(144): Illuminate/Foundation/Http/Kernel->Illuminate/Foundation/Http/{closure}(Object(Illuminate/Http/Request))
#41 D:/laravel/office/cioas/vendor/laravel/framework/src/Illuminate/Foundation/Http/Middleware/TransformsRequest.php(21): Illuminate/Pipeline/Pipeline->Illuminate/Pipeline/{closure}(Object(Illuminate/Http/Request))
#42 D:/laravel/office/cioas/vendor/laravel/framework/src/Illuminate/Foundation/Http/Middleware/ConvertEmptyStringsToNull.php(31): Illuminate/Foundation/Http/Middleware/TransformsRequest->handle(Object(Illuminate/Http/Request), Object(Closure))
#43 D:/laravel/office/cioas/vendor/laravel/framework/src/Illuminate/Pipeline/Pipeline.php(183): Illuminate/Foundation/Http/Middleware/ConvertEmptyStringsToNull->handle(Object(Illuminate/Http/Request), Object(Closure))
#44 D:/laravel/office/cioas/vendor/laravel/framework/src/Illuminate/Foundation/Http/Middleware/TransformsRequest.php(21): Illuminate/Pipeline/Pipeline->Illuminate/Pipeline/{closure}(Object(Illuminate/Http/Request))
#45 D:/laravel/office/cioas/vendor/laravel/framework/src/Illuminate/Foundation/Http/Middleware/TrimStrings.php(40): Illuminate/Foundation/Http/Middleware/TransformsRequest->handle(Object(Illuminate/Http/Request), Object(Closure))
#46 D:/laravel/office/cioas/vendor/laravel/framework/src/Illuminate/Pipeline/Pipeline.php(183): Illuminate/Foundation/Http/Middleware/TrimStrings->handle(Object(Illuminate/Http/Request), Object(Closure))
#47 D:/laravel/office/cioas/vendor/laravel/framework/src/Illuminate/Foundation/Http/Middleware/ValidatePostSize.php(27): Illuminate/Pipeline/Pipeline->Illuminate/Pipeline/{closure}(Object(Illuminate/Http/Request))
#48 D:/laravel/office/cioas/vendor/laravel/framework/src/Illuminate/Pipeline/Pipeline.php(183): Illuminate/Foundation/Http/Middleware/ValidatePostSize->handle(Object(Illuminate/Http/Request), Object(Closure))
#49 D:/laravel/office/cioas/vendor/laravel/framework/src/Illuminate/Foundation/Http/Middleware/PreventRequestsDuringMaintenance.php(99): Illuminate/Pipeline/Pipeline->Illuminate/Pipeline/{closure}(Object(Illuminate/Http/Request))
#50 D:/laravel/office/cioas/vendor/laravel/framework/src/Illuminate/Pipeline/Pipeline.php(183): Illuminate/Foundation/Http/Middleware/PreventRequestsDuringMaintenance->handle(Object(Illuminate/Http/Request), Object(Closure))
#51 D:/laravel/office/cioas/vendor/laravel/framework/src/Illuminate/Http/Middleware/TrustProxies.php(39): Illuminate/Pipeline/Pipeline->Illuminate/Pipeline/{closure}(Object(Illuminate/Http/Request))
#52 D:/laravel/office/cioas/vendor/laravel/framework/src/Illuminate/Pipeline/Pipeline.php(183): Illuminate/Http/Middleware/TrustProxies->handle(Object(Illuminate/Http/Request), Object(Closure))
#53 D:/laravel/office/cioas/vendor/laravel/framework/src/Illuminate/Pipeline/Pipeline.php(119): Illuminate/Pipeline/Pipeline->Illuminate/Pipeline/{closure}(Object(Illuminate/Http/Request))
#54 D:/laravel/office/cioas/vendor/laravel/framework/src/Illuminate/Foundation/Http/Kernel.php(175): Illuminate/Pipeline/Pipeline->then(Object(Closure))
#55 D:/laravel/office/cioas/vendor/laravel/framework/src/Illuminate/Foundation/Http/Kernel.php(144): Illuminate/Foundation/Http/Kernel->sendRequestThroughRouter(Object(Illuminate/Http/Request))
#56 D:/laravel/office/cioas/public/index.php(51): Illuminate/Foundation/Http/Kernel->handle(Object(Illuminate/Http/Request))
#57 D:/laravel/office/cioas/server.php(21): require_once('D://laravel//offi...')
#58 {main}

[previous exception] [object] (ErrorException(code: 0): Attempt to read property \"rjsc_reg_no\" on null at D:/laravel/office/cioas/storage/framework/views/12b4fe568ca09331914b5f804e25c8cb.php:57)
[stacktrace]
#0 D:/laravel/office/cioas/vendor/laravel/framework/src/Illuminate/Foundation/Bootstrap/HandleExceptions.php(255): Illuminate/Foundation/Bootstrap/HandleExceptions->handleError(2, 'Attempt to read...', 'D://laravel//offi...', 57)
#1 D:/laravel/office/cioas/storage/framework/views/12b4fe568ca09331914b5f804e25c8cb.php(57): Illuminate/Foundation/Bootstrap/HandleExceptions->Illuminate/Foundation/Bootstrap/{closure}(2, 'Attempt to read...', 'D://laravel//offi...', 57)
#2 D:/laravel/office/cioas/vendor/laravel/framework/src/Illuminate/Filesystem/Filesystem.php(123): require('D://laravel//offi...')
#3 D:/laravel/office/cioas/vendor/laravel/framework/src/Illuminate/Filesystem/Filesystem.php(124): Illuminate/Filesystem/Filesystem::Illuminate/Filesystem/{closure}()
#4 D:/laravel/office/cioas/vendor/laravel/framework/src/Illuminate/View/Engines/PhpEngine.php(58): Illuminate/Filesystem/Filesystem->getRequire('D://laravel//offi...', Array)
#5 D:/laravel/office/cioas/vendor/laravel/framework/src/Illuminate/View/Engines/CompilerEngine.php(72): Illuminate/View/Engines/PhpEngine->evaluatePath('D://laravel//offi...', Array)
#6 D:/laravel/office/cioas/vendor/laravel/framework/src/Illuminate/View/View.php(207): Illuminate/View/Engines/CompilerEngine->get('D://laravel//offi...', Array)
#7 D:/laravel/office/cioas/vendor/laravel/framework/src/Illuminate/View/View.php(190): Illuminate/View/View->getContents()
#8 D:/laravel/office/cioas/vendor/laravel/framework/src/Illuminate/View/View.php(159): Illuminate/View/View->renderContents()
#9 D:/laravel/office/cioas/storage/framework/views/a2dd4851b9dc6213640bdefe428525b8.php(43): Illuminate/View/View->render()
#10 D:/laravel/office/cioas/vendor/laravel/framework/src/Illuminate/Filesystem/Filesystem.php(123): require('D://laravel//offi...')
#11 D:/laravel/office/cioas/vendor/laravel/framework/src/Illuminate/Filesystem/Filesystem.php(124): Illuminate/Filesystem/Filesystem::Illuminate/Filesystem/{closure}()
#12 D:/laravel/office/cioas/vendor/laravel/framework/src/Illuminate/View/Engines/PhpEngine.php(58): Illuminate/Filesystem/Filesystem->getRequire('D://laravel//offi...', Array)
#13 D:/laravel/office/cioas/vendor/laravel/framework/src/Illuminate/View/Engines/CompilerEngine.php(72): Illuminate/View/Engines/PhpEngine->evaluatePath('D://laravel//offi...', Array)
#14 D:/laravel/office/cioas/vendor/laravel/framework/src/Illuminate/View/View.php(207): Illuminate/View/Engines/CompilerEngine->get('D://laravel//offi...', Array)
#15 D:/laravel/office/cioas/vendor/laravel/framework/src/Illuminate/View/View.php(190): Illuminate/View/View->getContents()
#16 D:/laravel/office/cioas/vendor/laravel/framework/src/Illuminate/View/View.php(159): Illuminate/View/View->renderContents()
#17 D:/laravel/office/cioas/vendor/laravel/framework/src/Illuminate/Http/Response.php(69): Illuminate/View/View->render()
#18 D:/laravel/office/cioas/vendor/laravel/framework/src/Illuminate/Http/Response.php(35): Illuminate/Http/Response->setContent(Object(Illuminate/View/View))
#19 D:/laravel/office/cioas/vendor/laravel/framework/src/Illuminate/Routing/Router.php(918): Illuminate/Http/Response->__construct(Object(Illuminate/View/View), 200, Array)
#20 D:/laravel/office/cioas/vendor/laravel/framework/src/Illuminate/Routing/Router.php(885): Illuminate/Routing/Router::toResponse(Object(Illuminate/Http/Request), Object(Illuminate/View/View))
#21 D:/laravel/office/cioas/vendor/laravel/framework/src/Illuminate/Routing/Router.php(805): Illuminate/Routing/Router->prepareResponse(Object(Illuminate/Http/Request), Object(Illuminate/View/View))
#22 D:/laravel/office/cioas/vendor/laravel/framework/src/Illuminate/Pipeline/Pipeline.php(144): Illuminate/Routing/Router->Illuminate/Routing/{closure}(Object(Illuminate/Http/Request))
#23 D:/laravel/office/cioas/vendor/laravel/framework/src/Illuminate/Routing/Middleware/SubstituteBindings.php(50): Illuminate/Pipeline/Pipeline->Illuminate/Pipeline/{closure}(Object(Illuminate/Http/Request))
#24 D:/laravel/office/cioas/vendor/laravel/framework/src/Illuminate/Pipeline/Pipeline.php(183): Illuminate/Routing/Middleware/SubstituteBindings->handle(Object(Illuminate/Http/Request), Object(Closure))
#25 D:/laravel/office/cioas/vendor/laravel/framework/src/Illuminate/Auth/Middleware/Authenticate.php(57): Illuminate/Pipeline/Pipeline->Illuminate/Pipeline/{closure}(Object(Illuminate/Http/Request))
#26 D:/laravel/office/cioas/vendor/laravel/framework/src/Illuminate/Pipeline/Pipeline.php(183): Illuminate/Auth/Middleware/Authenticate->handle(Object(Illuminate/Http/Request), Object(Closure))
#27 D:/laravel/office/cioas/vendor/laravel/framework/src/Illuminate/Foundation/Http/Middleware/VerifyCsrfToken.php(78): Illuminate/Pipeline/Pipeline->Illuminate/Pipeline/{closure}(Object(Illuminate/Http/Request))
#28 D:/laravel/office/cioas/vendor/laravel/framework/src/Illuminate/Pipeline/Pipeline.php(183): Illuminate/Foundation/Http/Middleware/VerifyCsrfToken->handle(Object(Illuminate/Http/Request), Object(Closure))
#29 D:/laravel/office/cioas/vendor/laravel/framework/src/Illuminate/View/Middleware/ShareErrorsFromSession.php(49): Illuminate/Pipeline/Pipeline->Illuminate/Pipeline/{closure}(Object(Illuminate/Http/Request))
#30 D:/laravel/office/cioas/vendor/laravel/framework/src/Illuminate/Pipeline/Pipeline.php(183): Illuminate/View/Middleware/ShareErrorsFromSession->handle(Object(Illuminate/Http/Request), Object(Closure))
#31 D:/laravel/office/cioas/vendor/laravel/framework/src/Illuminate/Session/Middleware/StartSession.php(121): Illuminate/Pipeline/Pipeline->Illuminate/Pipeline/{closure}(Object(Illuminate/Http/Request))
#32 D:/laravel/office/cioas/vendor/laravel/framework/src/Illuminate/Session/Middleware/StartSession.php(64): Illuminate/Session/Middleware/StartSession->handleStatefulRequest(Object(Illuminate/Http/Request), Object(Illuminate/Session/Store), Object(Closure))
#33 D:/laravel/office/cioas/vendor/laravel/framework/src/Illuminate/Pipeline/Pipeline.php(183): Illuminate/Session/Middleware/StartSession->handle(Object(Illuminate/Http/Request), Object(Closure))
#34 D:/laravel/office/cioas/vendor/laravel/framework/src/Illuminate/Cookie/Middleware/AddQueuedCookiesToResponse.php(37): Illuminate/Pipeline/Pipeline->Illuminate/Pipeline/{closure}(Object(Illuminate/Http/Request))
#35 D:/laravel/office/cioas/vendor/laravel/framework/src/Illuminate/Pipeline/Pipeline.php(183): Illuminate/Cookie/Middleware/AddQueuedCookiesToResponse->handle(Object(Illuminate/Http/Request), Object(Closure))
#36 D:/laravel/office/cioas/vendor/laravel/framework/src/Illuminate/Cookie/Middleware/EncryptCookies.php(67): Illuminate/Pipeline/Pipeline->Illuminate/Pipeline/{closure}(Object(Illuminate/Http/Request))
#37 D:/laravel/office/cioas/vendor/laravel/framework/src/Illuminate/Pipeline/Pipeline.php(183): Illuminate/Cookie/Middleware/EncryptCookies->handle(Object(Illuminate/Http/Request), Object(Closure))
#38 D:/laravel/office/cioas/vendor/laravel/framework/src/Illuminate/Pipeline/Pipeline.php(119): Illuminate/Pipeline/Pipeline->Illuminate/Pipeline/{closure}(Object(Illuminate/Http/Request))
#39 D:/laravel/office/cioas/vendor/laravel/framework/src/Illuminate/Routing/Router.php(805): Illuminate/Pipeline/Pipeline->then(Object(Closure))
#40 D:/laravel/office/cioas/vendor/laravel/framework/src/Illuminate/Routing/Router.php(784): Illuminate/Routing/Router->runRouteWithinStack(Object(Illuminate/Routing/Route), Object(Illuminate/Http/Request))
#41 D:/laravel/office/cioas/vendor/laravel/framework/src/Illuminate/Routing/Router.php(748): Illuminate/Routing/Router->runRoute(Object(Illuminate/Http/Request), Object(Illuminate/Routing/Route))
#42 D:/laravel/office/cioas/vendor/laravel/framework/src/Illuminate/Routing/Router.php(737): Illuminate/Routing/Router->dispatchToRoute(Object(Illuminate/Http/Request))
#43 D:/laravel/office/cioas/vendor/laravel/framework/src/Illuminate/Foundation/Http/Kernel.php(200): Illuminate/Routing/Router->dispatch(Object(Illuminate/Http/Request))
#44 D:/laravel/office/cioas/vendor/laravel/framework/src/Illuminate/Pipeline/Pipeline.php(144): Illuminate/Foundation/Http/Kernel->Illuminate/Foundation/Http/{closure}(Object(Illuminate/Http/Request))
#45 D:/laravel/office/cioas/vendor/laravel/framework/src/Illuminate/Foundation/Http/Middleware/TransformsRequest.php(21): Illuminate/Pipeline/Pipeline->Illuminate/Pipeline/{closure}(Object(Illuminate/Http/Request))
#46 D:/laravel/office/cioas/vendor/laravel/framework/src/Illuminate/Foundation/Http/Middleware/ConvertEmptyStringsToNull.php(31): Illuminate/Foundation/Http/Middleware/TransformsRequest->handle(Object(Illuminate/Http/Request), Object(Closure))
#47 D:/laravel/office/cioas/vendor/laravel/framework/src/Illuminate/Pipeline/Pipeline.php(183): Illuminate/Foundation/Http/Middleware/ConvertEmptyStringsToNull->handle(Object(Illuminate/Http/Request), Object(Closure))
#48 D:/laravel/office/cioas/vendor/laravel/framework/src/Illuminate/Foundation/Http/Middleware/TransformsRequest.php(21): Illuminate/Pipeline/Pipeline->Illuminate/Pipeline/{closure}(Object(Illuminate/Http/Request))
#49 D:/laravel/office/cioas/vendor/laravel/framework/src/Illuminate/Foundation/Http/Middleware/TrimStrings.php(40): Illuminate/Foundation/Http/Middleware/TransformsRequest->handle(Object(Illuminate/Http/Request), Object(Closure))
#50 D:/laravel/office/cioas/vendor/laravel/framework/src/Illuminate/Pipeline/Pipeline.php(183): Illuminate/Foundation/Http/Middleware/TrimStrings->handle(Object(Illuminate/Http/Request), Object(Closure))
#51 D:/laravel/office/cioas/vendor/laravel/framework/src/Illuminate/Foundation/Http/Middleware/ValidatePostSize.php(27): Illuminate/Pipeline/Pipeline->Illuminate/Pipeline/{closure}(Object(Illuminate/Http/Request))
#52 D:/laravel/office/cioas/vendor/laravel/framework/src/Illuminate/Pipeline/Pipeline.php(183): Illuminate/Foundation/Http/Middleware/ValidatePostSize->handle(Object(Illuminate/Http/Request), Object(Closure))
#53 D:/laravel/office/cioas/vendor/laravel/framework/src/Illuminate/Foundation/Http/Middleware/PreventRequestsDuringMaintenance.php(99): Illuminate/Pipeline/Pipeline->Illuminate/Pipeline/{closure}(Object(Illuminate/Http/Request))
#54 D:/laravel/office/cioas/vendor/laravel/framework/src/Illuminate/Pipeline/Pipeline.php(183): Illuminate/Foundation/Http/Middleware/PreventRequestsDuringMaintenance->handle(Object(Illuminate/Http/Request), Object(Closure))
#55 D:/laravel/office/cioas/vendor/laravel/framework/src/Illuminate/Http/Middleware/TrustProxies.php(39): Illuminate/Pipeline/Pipeline->Illuminate/Pipeline/{closure}(Object(Illuminate/Http/Request))
#56 D:/laravel/office/cioas/vendor/laravel/framework/src/Illuminate/Pipeline/Pipeline.php(183): Illuminate/Http/Middleware/TrustProxies->handle(Object(Illuminate/Http/Request), Object(Closure))
#57 D:/laravel/office/cioas/vendor/laravel/framework/src/Illuminate/Pipeline/Pipeline.php(119): Illuminate/Pipeline/Pipeline->Illuminate/Pipeline/{closure}(Object(Illuminate/Http/Request))
#58 D:/laravel/office/cioas/vendor/laravel/framework/src/Illuminate/Foundation/Http/Kernel.php(175): Illuminate/Pipeline/Pipeline->then(Object(Closure))
#59 D:/laravel/office/cioas/vendor/laravel/framework/src/Illuminate/Foundation/Http/Kernel.php(144): Illuminate/Foundation/Http/Kernel->sendRequestThroughRouter(Object(Illuminate/Http/Request))
#60 D:/laravel/office/cioas/public/index.php(51): Illuminate/Foundation/Http/Kernel->handle(Object(Illuminate/Http/Request))
#61 D:/laravel/office/cioas/server.php(21): require_once('D://laravel//offi...')
#62 {main}
"} 
